{
 "analysis":{
   "authors":"Sergei L Kosakovsky Pond, Ben Murrell, Steven Weaver and Temple iGEM / UCSD viral evolution group",
   "citation":"Less Is More: An Adaptive Branch-Site Random Effects Model for Efficient Detection of Episodic Diversifying Selection (2015). Mol Biol Evol 32 (5): 1342-1353. v2.2 adds support for multiple-hit models",
   "contact":"spond@temple.edu",
   "info":"aBSREL (Adaptive branch-site random effects likelihood)\n                            uses an adaptive random effects branch-site model framework\n                            to test whether each branch has evolved under positive selection,\n                            using a procedure which infers an optimal number of rate categories per branch.",
   "requirements":"in-frame codon alignment and a phylogenetic tree",
   "version":"2.2"
  },
 "branch attributes":{
   "0":{
     "ENSGACP00000015009":{
       "Baseline MG94xREV":0.104266651576841,
       "Baseline MG94xREV omega ratio":0.1336146235839295,
       "Corrected P-value":1,
       "Full adaptive model":0.1071909629574593,
       "Full adaptive model (non-synonymous subs/site)":0.03337080030229757,
       "Full adaptive model (synonymous subs/site)":0.07382016265516181,
       "LRT":0.2496527268012869,
       "Nucleotide GTR":0.08843442094003423,
       "Rate Distributions":        [
[0.09579170786917113, 0.9766967892592474],
        [2.332444730340832, 0.02330321074075259] 
        ],
       "Rate classes":2,
       "Uncorrected P-value":0.3882589867739875,
       "original name":"ENSGACP00000015009"
      },
     "ENSGMOP00000003740":{
       "Baseline MG94xREV":0.2090349498556817,
       "Baseline MG94xREV omega ratio":0.1721381672745009,
       "Corrected P-value":1,
       "Full adaptive model":0.2211852596950191,
       "Full adaptive model (non-synonymous subs/site)":0.105214268260067,
       "Full adaptive model (synonymous subs/site)":0.1159709914349521,
       "LRT":0.701365282307961,
       "Nucleotide GTR":0.149667499752495,
       "Rate Distributions":        [
[0.04747862094493843, 0.8571271146786155],
        [1.792898647253746, 0.1428728853213845] 
        ],
       "Rate classes":2,
       "Uncorrected P-value":0.2917272253508537,
       "original name":"ENSGMOP00000003740"
      },
     "ENSLACP00000018463":{
       "Baseline MG94xREV":0.4586748302871665,
       "Baseline MG94xREV omega ratio":0.1333538017123538,
       "Corrected P-value":1,
       "Full adaptive model":0.4915621910508519,
       "Full adaptive model (non-synonymous subs/site)":0.2089998535600207,
       "Full adaptive model (synonymous subs/site)":0.2825623374908313,
       "LRT":0,
       "Nucleotide GTR":0.2812222256704598,
       "Rate Distributions":        [
[0, 0.7033869768998816],
        [0.8159356957546412, 0.2966130231001184] 
        ],
       "Rate classes":2,
       "Uncorrected P-value":1,
       "original name":"ENSLACP00000018463"
      },
     "ENSONIP00000020835":{
       "Baseline MG94xREV":0.1093384090079678,
       "Baseline MG94xREV omega ratio":0.1119378737789699,
       "Corrected P-value":1,
       "Full adaptive model":0.1135862026406283,
       "Full adaptive model (non-synonymous subs/site)":0.0327926908355066,
       "Full adaptive model (synonymous subs/site)":0.08079351180512168,
       "LRT":0.08619121692026965,
       "Nucleotide GTR":0.09933012295267561,
       "Rate Distributions":        [
[0.002648171948047176, 0.8865480681568852],
        [1.149891806109923, 0.1134519318431148] 
        ],
       "Rate classes":2,
       "Uncorrected P-value":0.4411611943148795,
       "original name":"ENSONIP00000020835"
      },
     "ENSORLP00000020290":{
       "Baseline MG94xREV":0.1449268165773379,
       "Baseline MG94xREV omega ratio":0.1450882685119007,
       "Corrected P-value":0.7982137574889945,
       "Full adaptive model":0.1699329561258697,
       "Full adaptive model (non-synonymous subs/site)":0.06885535351642987,
       "Full adaptive model (synonymous subs/site)":0.1010776026094398,
       "LRT":3.270854978371062,
       "Nucleotide GTR":0.1191614328536716,
       "Rate Distributions":        [
[0.08327519092135111, 0.9672999847927682],
        [4.352943395963738, 0.03270001520723176] 
        ],
       "Rate classes":2,
       "Uncorrected P-value":0.07256488704445405,
       "original name":"ENSORLP00000020290"
      },
     "ENSTRUP00000013071":{
       "Baseline MG94xREV":0.1442426832276958,
       "Baseline MG94xREV omega ratio":0.1947609760364354,
       "Corrected P-value":1,
       "Full adaptive model":0.1577799988885246,
       "Full adaptive model (non-synonymous subs/site)":0.06521804832713309,
       "Full adaptive model (synonymous subs/site)":0.09256195056139145,
       "LRT":0.3847046239752672,
       "Nucleotide GTR":0.1230539883169498,
       "Rate Distributions":        [
[0.08921549265543388, 0.9194115350929598],
        [1.842895009163293, 0.08058846490704019] 
        ],
       "Rate classes":2,
       "Uncorrected P-value":0.3545240649971651,
       "original name":"ENSTRUP00000013071"
      },
     "MICAL1_DANRE":{
       "Baseline MG94xREV":0.2653445778445405,
       "Baseline MG94xREV omega ratio":0.1385489828043143,
       "Corrected P-value":1,
       "Full adaptive model":0.3090898889549056,
       "Full adaptive model (non-synonymous subs/site)":0.1204504870085355,
       "Full adaptive model (synonymous subs/site)":0.1886394019463701,
       "LRT":0.01115955282512004,
       "Nucleotide GTR":0.191999531306941,
       "Rate Distributions":        [
[0.01385772180408448, 0.8101640277408826],
        [1.04141515657012, 0.1898359722591174] 
        ],
       "Rate classes":2,
       "Uncorrected P-value":0.4815045187282122,
       "original name":"MICAL1_DANRE"
      },
     "NODE_3":{
       "Baseline MG94xREV":0.003502240917601701,
       "Baseline MG94xREV omega ratio":10000000000,
       "Corrected P-value":1,
       "Full adaptive model":0.004022736972769276,
       "Full adaptive model (non-synonymous subs/site)":0.004022736972769276,
       "Full adaptive model (synonymous subs/site)":1e-10,
       "LRT":0.6284235200801049,
       "Nucleotide GTR":0.006000086257744412,
       "Rate Distributions":        [
[10000000000, 1] 
        ],
       "Rate classes":1,
       "Uncorrected P-value":0.3046961384148523
      },
     "NODE_5":{
       "Baseline MG94xREV":0.03642627214850633,
       "Baseline MG94xREV omega ratio":0.0545269536050997,
       "Corrected P-value":1,
       "Full adaptive model":0.03421001801674461,
       "Full adaptive model (non-synonymous subs/site)":0.004376935721305745,
       "Full adaptive model (synonymous subs/site)":0.02983308229543888,
       "LRT":0,
       "Nucleotide GTR":0.0314624463741887,
       "Rate Distributions":        [
[0.04800500107903428, 1] 
        ],
       "Rate classes":1,
       "Uncorrected P-value":1
      },
     "NODE_7":{
       "Baseline MG94xREV":0.07542190250562432,
       "Baseline MG94xREV omega ratio":0.08488061453380988,
       "Corrected P-value":1,
       "Full adaptive model":0.08474930253831313,
       "Full adaptive model (non-synonymous subs/site)":0.01281542405230166,
       "Full adaptive model (synonymous subs/site)":0.07193387848601145,
       "LRT":0,
       "Nucleotide GTR":0.0526771401505844,
       "Rate Distributions":        [
[0.05829266967290127, 1] 
        ],
       "Rate classes":1,
       "Uncorrected P-value":1
      },
     "NODE_9":{
       "Baseline MG94xREV":0.07313395642860919,
       "Baseline MG94xREV omega ratio":0.1585020144069919,
       "Corrected P-value":1,
       "Full adaptive model":0.05743065538850048,
       "Full adaptive model (non-synonymous subs/site)":0.02236029849174865,
       "Full adaptive model (synonymous subs/site)":0.03507035689675195,
       "LRT":0,
       "Nucleotide GTR":0.05530330342292553,
       "Rate Distributions":        [
[0.2086180359563995, 1] 
        ],
       "Rate classes":1,