{
 "analysis":{
   "authors":"Sergei L Kosakovsky Pond, Ben Murrell, Steven Weaver and Temple iGEM / UCSD viral evolution group",
   "citation":"Less Is More: An Adaptive Branch-Site Random Effects Model for Efficient Detection of Episodic Diversifying Selection (2015). Mol Biol Evol 32 (5): 1342-1353. v2.2 adds support for multiple-hit models",
   "contact":"spond@temple.edu",
   "info":"aBSREL (Adaptive branch-site random effects likelihood)\n                            uses an adaptive random effects branch-site model framework\n                            to test whether each branch has evolved under positive selection,\n                            using a procedure which infers an optimal number of rate categories per branch.",
   "requirements":"in-frame codon alignment and a phylogenetic tree",
   "version":"2.2"
  },
 "branch attributes":{
   "0":{
     "ENSDARP00000093465":{
       "Baseline MG94xREV":0.03922161045754953,
       "Baseline MG94xREV omega ratio":2.048193839077538,
       "Corrected P-value":0.005897101685229555,
       "Full adaptive model":0.08316506463318871,
       "Full adaptive model (non-synonymous subs/site)":0.06914254117831055,
       "Full adaptive model (synonymous subs/site)":0.01402252345487816,
       "LRT":13.2453010378631,
       "Nucleotide GTR":0.06026728902492042,
       "Rate Distributions":        [
[0.3289577400496885, 0.9616020054736943],
        [33.04236629701239, 0.03839799452630566] 
        ],
       "Rate classes":2,
       "Uncorrected P-value":0.0004536232065561197,
       "original name":"ENSDARP00000093465"
      },
     "ENSGACP00000012465":{
       "Baseline MG94xREV":0.1519249927119982,
       "Baseline MG94xREV omega ratio":0.08509030129122636,
       "Corrected P-value":0.6071482551608067,
       "Full adaptive model":0.1656498425962764,
       "Full adaptive model (non-synonymous subs/site)":0.05366830359868797,
       "Full adaptive model (synonymous subs/site)":0.1119815389975885,
       "LRT":3.797403713844687,
       "Nucleotide GTR":0.1102285052862265,
       "Rate Distributions":        [
[0, 0.9258309301067668],
        [2.077220268998542, 0.07416906989323324] 
        ],
       "Rate classes":2,
       "Uncorrected P-value":0.0551952959237097,
       "original name":"ENSGACP00000012465"
      },
     "ENSGMOP00000019244":{
       "Baseline MG94xREV":0.2065971375852934,
       "Baseline MG94xREV omega ratio":0.1247960151664312,
       "Corrected P-value":1,
       "Full adaptive model":0.2069395114676071,
       "Full adaptive model (non-synonymous subs/site)":0.07175787037664411,
       "Full adaptive model (synonymous subs/site)":0.135181641090963,
       "LRT":0,
       "Nucleotide GTR":0.1417488067654838,
       "Rate Distributions":        [
[0, 0.8130284833423896],
        [0.9126627480735059, 0.1869715166576104] 
        ],
       "Rate classes":2,
       "Uncorrected P-value":1,
       "original name":"ENSGMOP00000019244"
      },
     "ENSONIP00000001079":{
       "Baseline MG94xREV":0.1180333847702727,
       "Baseline MG94xREV omega ratio":0.1025186384986949,
       "Corrected P-value":1,
       "Full adaptive model":0.1108315581279303,
       "Full adaptive model (non-synonymous subs/site)":0.02517901195218163,
       "Full adaptive model (synonymous subs/site)":0.08565254617574862,
       "LRT":0,
       "Nucleotide GTR":0.1001240341639826,
       "Rate Distributions":        [
[0.094500118866418, 1] 
        ],
       "Rate classes":1,
       "Uncorrected P-value":1,
       "original name":"ENSONIP00000001079"
      },
     "ENSORLP00000003556":{
       "Baseline MG94xREV":0.1589359440191046,
       "Baseline MG94xREV omega ratio":0.2513028539313434,
       "Corrected P-value":1,
       "Full adaptive model":0.1711413783033751,
       "Full adaptive model (non-synonymous subs/site)":0.0831908742100837,
       "Full adaptive model (synonymous subs/site)":0.08795050409329137,
       "LRT":0.2986260275138193,
       "Nucleotide GTR":0.1382126418954259,
       "Rate Distributions":        [
[0, 0.7445584087019813],
        [1.190363749129292, 0.2554415912980187] 
        ],
       "Rate classes":2,
       "Uncorrected P-value":0.3753388548171387,
       "original name":"ENSORLP00000003556"
      },
     "ENSTNIP00000017998":{
       "Baseline MG94xREV":0.06306679971658345,
       "Baseline MG94xREV omega ratio":0.1648090155979452,
       "Corrected P-value":1,
       "Full adaptive model":1.187866066012136,
       "Full adaptive model (non-synonymous subs/site)":1.146312226058912,
       "Full adaptive model (synonymous subs/site)":0.04155383995322353,
       "LRT":2.065878978182809,
       "Nucleotide GTR":0.0536363224392526,
       "Rate Distributions":        [
[0.1246136945679333, 0.9943844267909316],
        [1557.113812311518, 0.005615573209068359] 
        ],
       "Rate classes":2,
       "Uncorrected P-value":0.1369133364510899,
       "original name":"ENSTNIP00000017998"
      },
     "ENSTRUP00000042402":{
       "Baseline MG94xREV":0.05243453201674386,
       "Baseline MG94xREV omega ratio":0.1355568431247565,
       "Corrected P-value":1,
       "Full adaptive model":0.05287789337955309,
       "Full adaptive model (non-synonymous subs/site)":0.01437729223696599,
       "Full adaptive model (synonymous subs/site)":0.03850060114258714,
       "LRT":0,
       "Nucleotide GTR":0.04900189597627686,
       "Rate Distributions":        [
[0.1200448513936163, 1] 
        ],
       "Rate classes":1,
       "Uncorrected P-value":1,
       "original name":"ENSTRUP00000042402"
      },
     "NODE_10":{
       "Baseline MG94xREV":0.04803671398566469,
       "Baseline MG94xREV omega ratio":0.06532085263299596,
       "Corrected P-value":1,
       "Full adaptive model":0.0693638335080811,
       "Full adaptive model (non-synonymous subs/site)":0.00795454703180129,
       "Full adaptive model (synonymous subs/site)":0.06140928647627988,
       "LRT":0,
       "Nucleotide GTR":0.03667994134462665,
       "Rate Distributions":        [
[0.04164044395715864, 1] 
        ],
       "Rate classes":1,
       "Uncorrected P-value":1
      },
     "NODE_14":{
       "Baseline MG94xREV":0.4374854493697138,
       "Baseline MG94xREV omega ratio":0.06117790805387223,
       "Corrected P-value":1,
       "Full adaptive model":0.3878737710226995,
       "Full adaptive model (non-synonymous subs/site)":0.08595359119106701,
       "Full adaptive model (synonymous subs/site)":0.3019201798316325,
       "LRT":0,
       "Nucleotide GTR":0.2255191281819988,
       "Rate Distributions":        [
[0.01941894560299555, 0.8582853964634791],
        [0.5281802714486117, 0.1417146035365209] 
        ],
       "Rate classes":2,
       "Uncorrected P-value":1
      },
     "NODE_3":{
       "Baseline MG94xREV":0.0227484365618658,
       "Baseline MG94xREV omega ratio":0.1360411713452415,
       "Corrected P-value":0.3773187234844393,
       "Full adaptive model":0.008121927097732354,
       "Full adaptive model (non-synonymous subs/site)":0.006565886402673826,
       "Full adaptive model (synonymous subs/site)":0.001556040695058528,
       "LRT":4.888584666694442,
       "Nucleotide GTR":0.02192407854924397,
       "Rate Distributions":        [
[0, 0.968710899704052],
        [43.35241414910465, 0.031289100295948] 
        ],
       "Rate classes":2,
       "Uncorrected P-value":0.03144322695703661
      },
     "NODE_6":{
       "Baseline MG94xREV":0.06319117680699704,
       "Baseline MG94xREV omega ratio":0.1255320574818564,
       "Corrected P-value":1,
       "Full adaptive model":0.06128020012438688,
       "Full adaptive model (non-synonymous subs/site)":0.01692781571952576,
       "Full adaptive model (synonymous subs/site)":0.04435238440486111,
       "LRT":0,
       "Nucleotide GTR":0.04967854918936387,
       "Rate Distributions":        [
[0.122692466818645, 1] 
        ],
       "Rate classes":1,
       "Uncorrected P-value":1
      },