{
 "analysis":{
   "authors":"Sergei L Kosakovsky Pond, Ben Murrell, Steven Weaver and Temple iGEM / UCSD viral evolution group",
   "citation":"Less Is More: An Adaptive Branch-Site Random Effects Model for Efficient Detection of Episodic Diversifying Selection (2015). Mol Biol Evol 32 (5): 1342-1353. v2.2 adds support for multiple-hit models",
   "contact":"spond@temple.edu",
   "info":"aBSREL (Adaptive branch-site random effects likelihood)\n                            uses an adaptive random effects branch-site model framework\n                            to test whether each branch has evolved under positive selection,\n                            using a procedure which infers an optimal number of rate categories per branch.",
   "requirements":"in-frame codon alignment and a phylogenetic tree",
   "version":"2.2"
  },
 "branch attributes":{
   "0":{
     "NODE_13":{
       "Baseline MG94xREV":0.002543802766791673,
       "Baseline MG94xREV omega ratio":0.3590411971999329,
       "Corrected P-value":0.01936913636184784,
       "Full adaptive model":0.04638458624869579,
       "Full adaptive model (non-synonymous subs/site)":0.04634217438474882,
       "Full adaptive model (synonymous subs/site)":4.241186394697297e-05,
       "LRT":10.55777496552128,
       "Nucleotide GTR":0.002563312340914095,
       "Rate Distributions":        [
[0, 0.9960944950656526],
        [100000, 0.003905504934347381] 
        ],
       "Rate classes":2,
       "Uncorrected P-value":0.001760830578349803
      },
     "NODE_14":{
       "Baseline MG94xREV":0.005045728157098531,
       "Baseline MG94xREV omega ratio":1.105126659702828,
       "Corrected P-value":1,
       "Full adaptive model":0.00504480885868198,
       "Full adaptive model (non-synonymous subs/site)":0.003798694451868379,
       "Full adaptive model (synonymous subs/site)":0.001246114406813597,
       "LRT":0.005276349628729804,
       "Nucleotide GTR":0.005109618602955251,
       "Rate Distributions":        [
[1.089593712944231, 1] 
        ],
       "Rate classes":1,
       "Uncorrected P-value":0.4876283506952964
      },
     "NODE_6":{
       "Baseline MG94xREV":0.001275266979111714,
       "Baseline MG94xREV omega ratio":0,
       "Corrected P-value":1,
       "Full adaptive model":0.001274425734001646,
       "Full adaptive model (non-synonymous subs/site)":1e-10,
       "Full adaptive model (synonymous subs/site)":0.001274425734001646,
       "LRT":0,
       "Nucleotide GTR":0.001279639325990757,
       "Rate Distributions":        [
[0, 1] 
        ],
       "Rate classes":1,
       "Uncorrected P-value":1
      },
     "SI_CH211_14A11_1_DANRE":{
       "Baseline MG94xREV":0.01421925930508408,
       "Baseline MG94xREV omega ratio":0.4261783119784523,
       "Corrected P-value":1,
       "Full adaptive model":0.01421939696587307,
       "Full adaptive model (non-synonymous subs/site)":0.007679154962105154,
       "Full adaptive model (synonymous subs/site)":0.006540242003767893,
       "LRT":0,
       "Nucleotide GTR":0.01427701203759082,
       "Rate Distributions":        [
[0.4196698371239863, 1] 
        ],
       "Rate classes":1,
       "Uncorrected P-value":1,
       "original name":"SI@CH211-14A11.1_DANRE"
      },
     "SI_CH211_14A11_2_DANRE":{
       "Baseline MG94xREV":0.006493267169359055,
       "Baseline MG94xREV omega ratio":0.5244481678494344,
       "Corrected P-value":1,
       "Full adaptive model":0.006493201753844397,
       "Full adaptive model (non-synonymous subs/site)":0.003837112823905641,
       "Full adaptive model (synonymous subs/site)":0.002656088929938761,
       "LRT":0,
       "Nucleotide GTR":0.006509422253586599,
       "Rate Distributions":        [
[0.5163570376617287, 1] 
        ],
       "Rate classes":1,
       "Uncorrected P-value":1,
       "original name":"SI@CH211-14A11.2_DANRE"
      },
     "SI_CH211_221N20_1_DANRE":{
       "Baseline MG94xREV":0.005076796737805102,
       "Baseline MG94xREV omega ratio":1.08114316034704,
       "Corrected P-value":1,
       "Full adaptive model":0.005076644416014426,
       "Full adaptive model (non-synonymous subs/site)":0.003801577072307726,
       "Full adaptive model (synonymous subs/site)":0.001275067343706701,
       "LRT":0.002991698677305976,
       "Nucleotide GTR":0.005128843688702702,
       "Rate Distributions":        [
[1.065660381173951, 1] 
        ],
       "Rate classes":1,
       "Uncorrected P-value":0.4908276445098369,
       "original name":"SI@CH211-221N20.1_DANRE"
      },
     "SI_CH211_221N20_2_DANRE":{
       "Baseline MG94xREV":0.003857359473970504,
       "Baseline MG94xREV omega ratio":0,
       "Corrected P-value":1,
       "Full adaptive model":0.003852124342835844,
       "Full adaptive model (non-synonymous subs/site)":1e-10,
       "Full adaptive model (synonymous subs/site)":0.003852124342835844,
       "LRT":0,
       "Nucleotide GTR":0.003837566333973579,
       "Rate Distributions":        [
[0, 1] 
        ],
       "Rate classes":1,
       "Uncorrected P-value":1,
       "original name":"SI@CH211-221N20.2_DANRE"
      },
     "SI_CH211_221N20_4_DANRE":{
       "Baseline MG94xREV":0,
       "Baseline MG94xREV omega ratio":1,
       "Corrected P-value":1,
       "Full adaptive model":0,
       "Full adaptive model (non-synonymous subs/site)":1e-10,
       "Full adaptive model (synonymous subs/site)":1e-10,
       "LRT":0,
       "Nucleotide GTR":0,
       "Rate Distributions":        [
[1, 1] 
        ],
       "Rate classes":1,
       "Uncorrected P-value":1,
       "original name":"SI@CH211-221N20.4_DANRE"
      },
     "SI_CH211_221N20_7_DANRE":{
       "Baseline MG94xREV":0.002538794244040906,
       "Baseline MG94xREV omega ratio":0.3598600200262652,
       "Corrected P-value":1,
       "Full adaptive model":0.002538032036663684,
       "Full adaptive model (non-synonymous subs/site)":0.001263690095815681,
       "Full adaptive model (synonymous subs/site)":0.001274341940848004,
       "LRT":0,
       "Nucleotide GTR":0.00255883198742225,
       "Rate Distributions":        [
[0.3544400166292361, 1] 
        ],
       "Rate classes":1,
       "Uncorrected P-value":1,
       "original name":"SI@CH211-221N20.7_DANRE"
      },
     "SI_DKEY_235D18_6_DANRE":{
       "Baseline MG94xREV":0.001282433787488051,
       "Baseline MG94xREV omega ratio":0,
       "Corrected P-value":1,
       "Full adaptive model":0.00127725086330746,
       "Full adaptive model (non-synonymous subs/site)":1e-10,
       "Full adaptive model (synonymous subs/site)":0.00127725086330746,
       "LRT":0,
       "Nucleotide GTR":0.001280884606633791,
       "Rate Distributions":        [
[0, 1] 
        ],
       "Rate classes":1,
       "Uncorrected P-value":1,
       "original name":"SI@DKEY-235D18.6_DANRE"
      },
     "SI_DKEY_235D18_7_DANRE":{
       "Baseline MG94xREV":0.005099682718511603,
       "Baseline MG94xREV omega ratio":0.3589803118040312,
       "Corrected P-value":1,
       "Full adaptive model":0.005093554730068391,
       "Full adaptive model (non-synonymous subs/site)":0.002535374637999053,
       "Full adaptive model (synonymous subs/site)":0.002558180092069337,
       "LRT":0,
       "Nucleotide GTR":0.005132808113564079,
       "Rate Distributions":        [
[0.3542412812852238, 1] 
        ],
       "Rate classes":1,
       "Uncorrected P-value":1,
       "original name":"SI@DKEY-235D18.7_DANRE"
      }
    },
   "attributes":{
     "Baseline MG94xREV":{
       "attribute type":"branch length",
       "display order":1
      },
     "Baseline MG94xREV omega ratio":{
       "attribute type":"branch label",
       "display order":1
      },
     "Corrected P-value":{
       "attribute type":"branch label",
       "display order":6
      },
     "Full adaptive model":{
       "attribute type":"branch length",
       "display order":2
      },
     "Full adaptive model (non-synonymous subs/site)":{
       "attribute type":"branch label",
       "display order":10
      },