{
 "analysis":{
   "authors":"Sergei L Kosakovsky Pond, Ben Murrell, Steven Weaver and Temple iGEM / UCSD viral evolution group",
   "citation":"Less Is More: An Adaptive Branch-Site Random Effects Model for Efficient Detection of Episodic Diversifying Selection (2015). Mol Biol Evol 32 (5): 1342-1353. v2.2 adds support for multiple-hit models",
   "contact":"spond@temple.edu",
   "info":"aBSREL (Adaptive branch-site random effects likelihood)\n                            uses an adaptive random effects branch-site model framework\n                            to test whether each branch has evolved under positive selection,\n                            using a procedure which infers an optimal number of rate categories per branch.",
   "requirements":"in-frame codon alignment and a phylogenetic tree",
   "version":"2.2"
  },
 "branch attributes":{
   "0":{
     "LARP4_ANOCA":{
       "Baseline MG94xREV":0.1237859787180587,
       "Baseline MG94xREV omega ratio":0.1925890530347558,
       "Corrected P-value":0.2202799297222916,
       "Full adaptive model":0.4107468162024688,
       "Full adaptive model (non-synonymous subs/site)":0.3391426673911669,
       "Full adaptive model (synonymous subs/site)":0.07160414881130184,
       "LRT":5.377007211880482,
       "Nucleotide GTR":0.1003198883189792,
       "Rate Distributions":        [
[0.1590074201767902, 0.9733503395979031],
        [60.89097684797648, 0.02664966040209693] 
        ],
       "Rate classes":2,
       "Uncorrected P-value":0.02447554774692129,
       "original name":"LARP4_ANOCA"
      },
     "LARP4_CHICK":{
       "Baseline MG94xREV":0.02249161250940101,
       "Baseline MG94xREV omega ratio":0.3102032055385311,
       "Corrected P-value":0.7806885692632104,
       "Full adaptive model":0.02356924280303476,
       "Full adaptive model (non-synonymous subs/site)":0.01173165030658943,
       "Full adaptive model (synonymous subs/site)":0.01183759249644533,
       "LRT":2.704973430691098,
       "Nucleotide GTR":0.02390515422839522,
       "Rate Distributions":        [
[0, 0.9278425109109532],
        [5.154400447802045, 0.07215748908904684] 
        ],
       "Rate classes":2,
       "Uncorrected P-value":0.0975860711579013,
       "original name":"LARP4_CHICK"
      },
     "LARP4_MELGA":{
       "Baseline MG94xREV":0.01696552105047011,
       "Baseline MG94xREV omega ratio":0.08082956499884521,
       "Corrected P-value":1,
       "Full adaptive model":0.01722882837673481,
       "Full adaptive model (non-synonymous subs/site)":0.002593075393469975,
       "Full adaptive model (synonymous subs/site)":0.01463575298326483,
       "LRT":0,
       "Nucleotide GTR":0.01457752766961323,
       "Rate Distributions":        [
[0.06649116123855082, 1] 
        ],
       "Rate classes":1,
       "Uncorrected P-value":1,
       "original name":"LARP4_MELGA"
      },
     "LARP4_PELSI":{
       "Baseline MG94xREV":0.07941561691300698,
       "Baseline MG94xREV omega ratio":0.2626230563136374,
       "Corrected P-value":1,
       "Full adaptive model":0.08078302936884693,
       "Full adaptive model (non-synonymous subs/site)":0.03158110373334352,
       "Full adaptive model (synonymous subs/site)":0.0492019256355034,
       "LRT":0,
       "Nucleotide GTR":0.07357094951364442,
       "Rate Distributions":        [
[0.2408846070337603, 1] 
        ],
       "Rate classes":1,
       "Uncorrected P-value":1,
       "original name":"LARP4_PELSI"
      },
     "LARP4_TAEGU":{
       "Baseline MG94xREV":0.131922556640726,
       "Baseline MG94xREV omega ratio":0.08282377109102526,
       "Corrected P-value":1,
       "Full adaptive model":0.1286583308096208,
       "Full adaptive model (non-synonymous subs/site)":0.02249970199102317,
       "Full adaptive model (synonymous subs/site)":0.1061586288185976,
       "LRT":0,
       "Nucleotide GTR":0.1054329948661497,
       "Rate Distributions":        [
[0.07953994938321594, 1] 
        ],
       "Rate classes":1,
       "Uncorrected P-value":1,
       "original name":"LARP4_TAEGU"
      },
     "LARP4_XENTR":{
       "Baseline MG94xREV":0.3124361903319523,
       "Baseline MG94xREV omega ratio":0.1749552021607348,
       "Corrected P-value":0.917467516624489,
       "Full adaptive model":1.133439840270655,
       "Full adaptive model (non-synonymous subs/site)":0.9517443773031231,
       "Full adaptive model (synonymous subs/site)":0.1816954629675323,
       "LRT":2.147658244339254,
       "Nucleotide GTR":0.2347450247667832,
       "Rate Distributions":        [
[0.1009424385453526, 0.9106951100439568],
        [20.98290042987966, 0.08930488995604324] 
        ],
       "Rate classes":2,
       "Uncorrected P-value":0.1310667880892127,
       "original name":"LARP4_XENTR"
      },
     "NODE_3":{
       "Baseline MG94xREV":0.04056973727181395,
       "Baseline MG94xREV omega ratio":0.2736860037379928,
       "Corrected P-value":1,
       "Full adaptive model":0.03968478072628307,
       "Full adaptive model (non-synonymous subs/site)":0.01675812290207431,
       "Full adaptive model (synonymous subs/site)":0.02292665782420876,
       "LRT":0,
       "Nucleotide GTR":0.04284713156366302,
       "Rate Distributions":        [
[0.2743143118106784, 1] 
        ],
       "Rate classes":1,
       "Uncorrected P-value":1
      },
     "NODE_5":{
       "Baseline MG94xREV":0.07224913572560515,
       "Baseline MG94xREV omega ratio":0.0918943923812011,
       "Corrected P-value":1,
       "Full adaptive model":0.0717250598618715,
       "Full adaptive model (non-synonymous subs/site)":0.01299920708421564,
       "Full adaptive model (synonymous subs/site)":0.05872585277765591,
       "LRT":0,
       "Nucleotide GTR":0.05656342474837389,
       "Rate Distributions":        [
[0.08307137042867786, 1] 
        ],
       "Rate classes":1,
       "Uncorrected P-value":1
      },
     "NODE_7":{
       "Baseline MG94xREV":0.04661702200600708,
       "Baseline MG94xREV omega ratio":0.1911351611340079,
       "Corrected P-value":1,
       "Full adaptive model":0.04526684201170778,
       "Full adaptive model (non-synonymous subs/site)":0.01238909401606521,
       "Full adaptive model (synonymous subs/site)":0.03287774799564264,
       "LRT":0,
       "Nucleotide GTR":0.0433439633802128,
       "Rate Distributions":        [
[0.1414169059438436, 1] 
        ],
       "Rate classes":1,
       "Uncorrected P-value":1
      }
    },
   "attributes":{
     "Baseline MG94xREV":{
       "attribute type":"branch length",
       "display order":1
      },
     "Baseline MG94xREV omega ratio":{
       "attribute type":"branch label",
       "display order":1
      },
     "Corrected P-value":{
       "attribute type":"branch label",
       "display order":6
      },
     "Full adaptive model":{
       "attribute type":"branch length",
       "display order":2
      },
     "Full adaptive model (non-synonymous subs/site)":{
       "attribute type":"branch label",
       "display order":10
      },
     "Full adaptive model (synonymous subs/site)":{
       "attribute type":"branch label",
       "display order":9
      },
     "LRT":{
       "attribute type":"branch label",
       "display order":4
      },
     "Nucleotide GTR":{
       "attribute type":"branch length",
       "display order":0
      },
     "Rate Distributions":{
       "attribute type":"branch label",
       "display order":3
      },
     "Rate classes":{
       "attribute type":"branch label",
       "display order":2
      },
     "Uncorrected P-value":{
       "attribute type":"branch label",
       "display order":5
      },
     "original name":{
       "attribute type":"node label",
       "display order":-1
      }
    }
  },