{
 "analysis":{
   "authors":"Sergei L Kosakovsky Pond, Ben Murrell, Steven Weaver and Temple iGEM / UCSD viral evolution group",
   "citation":"Less Is More: An Adaptive Branch-Site Random Effects Model for Efficient Detection of Episodic Diversifying Selection (2015). Mol Biol Evol 32 (5): 1342-1353. v2.2 adds support for multiple-hit models",
   "contact":"spond@temple.edu",
   "info":"aBSREL (Adaptive branch-site random effects likelihood)\n                            uses an adaptive random effects branch-site model framework\n                            to test whether each branch has evolved under positive selection,\n                            using a procedure which infers an optimal number of rate categories per branch.",
   "requirements":"in-frame codon alignment and a phylogenetic tree",
   "version":"2.2"
  },
 "branch attributes":{
   "0":{
     "CEP120_DANRE":{
       "Baseline MG94xREV":0.4447603434897765,
       "Baseline MG94xREV omega ratio":0.1160028120380329,
       "Corrected P-value":0.1598835739450581,
       "Full adaptive model":0.7174284745765612,
       "Full adaptive model (non-synonymous subs/site)":0.4358710192294575,
       "Full adaptive model (synonymous subs/site)":0.2815574553471038,
       "LRT":6.003573732974473,
       "Nucleotide GTR":0.27691224701866,
       "Rate Distributions":        [
[0.06440188953380394, 0.8977456460206726],
        [4.568198821977917, 0.1022543539793274] 
        ],
       "Rate classes":2,
       "Uncorrected P-value":0.0177648415494509,
       "original name":"CEP120_DANRE"
      },
     "CEP120_GASAC":{
       "Baseline MG94xREV":0.1551336644347863,
       "Baseline MG94xREV omega ratio":0.2263242299242591,
       "Corrected P-value":1,
       "Full adaptive model":0.1698180142000401,
       "Full adaptive model (non-synonymous subs/site)":0.08065977187700481,
       "Full adaptive model (synonymous subs/site)":0.08915824232303532,
       "LRT":0.7932027729330002,
       "Nucleotide GTR":0.1313875604017786,
       "Rate Distributions":        [
[0.1208610404566309, 0.9171796881581905],
        [2.365561689360892, 0.08282031184180949] 
        ],
       "Rate classes":2,
       "Uncorrected P-value":0.2764073103431614,
       "original name":"CEP120_GASAC"
      },
     "CEP120_ORENI":{
       "Baseline MG94xREV":0.06880678260076036,
       "Baseline MG94xREV omega ratio":0.1170357803937482,
       "Corrected P-value":1,
       "Full adaptive model":0.06981464332360468,
       "Full adaptive model (non-synonymous subs/site)":0.02093328889618586,
       "Full adaptive model (synonymous subs/site)":0.04888135442741884,
       "LRT":0.515835944632272,
       "Nucleotide GTR":0.06957390706046344,
       "Rate Distributions":        [
[0, 0.9023589083918538],
        [1.487222539484458, 0.09764109160814616] 
        ],
       "Rate classes":2,
       "Uncorrected P-value":0.3263222576715266,
       "original name":"CEP120_ORENI"
      },
     "CEP120_ORYLA":{
       "Baseline MG94xREV":0.1372594966566441,
       "Baseline MG94xREV omega ratio":0.1313124149738959,
       "Corrected P-value":1,
       "Full adaptive model":0.1387709725637296,
       "Full adaptive model (non-synonymous subs/site)":0.03795382749844411,
       "Full adaptive model (synonymous subs/site)":0.1008171450652853,
       "LRT":0,
       "Nucleotide GTR":0.1077448760924096,
       "Rate Distributions":        [
[0.1276543249020495, 1] 
        ],
       "Rate classes":1,
       "Uncorrected P-value":1,
       "original name":"CEP120_ORYLA"
      },
     "CEP120_TAKRU":{
       "Baseline MG94xREV":0.061110117276758,
       "Baseline MG94xREV omega ratio":0.1770859967074933,
       "Corrected P-value":1,
       "Full adaptive model":0.06345007707984861,
       "Full adaptive model (non-synonymous subs/site)":0.02312013084188751,
       "Full adaptive model (synonymous subs/site)":0.04032994623796109,
       "LRT":0.1829814664997684,
       "Nucleotide GTR":0.05859112621330596,
       "Rate Distributions":        [
[0, 0.8453588326646424],
        [1.257048035986472, 0.1546411673353576] 
        ],
       "Rate classes":2,
       "Uncorrected P-value":0.4075356192208333,
       "original name":"CEP120_TAKRU"
      },
     "CEP120_TETNG":{
       "Baseline MG94xREV":0.05066476036275792,
       "Baseline MG94xREV omega ratio":0.2054114286681516,
       "Corrected P-value":1,
       "Full adaptive model":0.05107500816716876,
       "Full adaptive model (non-synonymous subs/site)":0.02034593481653567,
       "Full adaptive model (synonymous subs/site)":0.03072907335063309,
       "LRT":0.02739533281055628,
       "Nucleotide GTR":0.04980220665409953,
       "Rate Distributions":        [
[0, 0.8036598540768803],
        [1.143492772618658, 0.1963401459231197] 
        ],
       "Rate classes":2,
       "Uncorrected P-value":0.4696263888883364,
       "original name":"CEP120_TETNG"
      },
     "NODE_3":{
       "Baseline MG94xREV":0.04256330782588053,
       "Baseline MG94xREV omega ratio":0.0636403238060653,
       "Corrected P-value":1,
       "Full adaptive model":0.04532844975922135,
       "Full adaptive model (non-synonymous subs/site)":0.006281252172937794,
       "Full adaptive model (synonymous subs/site)":0.03904719758628355,
       "LRT":0,
       "Nucleotide GTR":0.0302196823997342,
       "Rate Distributions":        [
[0.0545469796513179, 1] 
        ],
       "Rate classes":1,
       "Uncorrected P-value":1
      },
     "NODE_5":{
       "Baseline MG94xREV":0.04630770288159944,
       "Baseline MG94xREV omega ratio":0.1034647495659999,
       "Corrected P-value":1,
       "Full adaptive model":0.04612358171549411,
       "Full adaptive model (non-synonymous subs/site)":0.0101776593456142,
       "Full adaptive model (synonymous subs/site)":0.03594592236987986,
       "LRT":0,
       "Nucleotide GTR":0.03259011599588384,
       "Rate Distributions":        [
[0.0960091505628563, 1] 
        ],
       "Rate classes":1,
       "Uncorrected P-value":1
      },
     "NODE_8":{
       "Baseline MG94xREV":0.1030239710487975,
       "Baseline MG94xREV omega ratio":0.1708030393687997,
       "Corrected P-value":1,
       "Full adaptive model":0.1049246224023368,
       "Full adaptive model (non-synonymous subs/site)":0.03692660984613986,
       "Full adaptive model (synonymous subs/site)":0.06799801255619692,
       "LRT":0,
       "Nucleotide GTR":0.0901766112972015,
       "Rate Distributions":        [
[0.004035174061918136, 0.7141780364994653],
        [0.6341785731572638, 0.2858219635005347] 
        ],
       "Rate classes":2,
       "Uncorrected P-value":1
      }
    },
   "attributes":{
     "Baseline MG94xREV":{
       "attribute type":"branch length",
       "display order":1
      },
     "Baseline MG94xREV omega ratio":{
       "attribute type":"branch label",
       "display order":1
      },
     "Corrected P-value":{
       "attribute type":"branch label",
       "display order":6
      },
     "Full adaptive model":{
       "attribute type":"branch length",
       "display order":2
      },
     "Full adaptive model (non-synonymous subs/site)":{
       "attribute type":"branch label",
       "display order":10
      },
     "Full adaptive model (synonymous subs/site)":{
       "attribute type":"branch label",
       "display order":9
      },
     "LRT":{
       "attribute type":"branch label",
       "display order":4
      },
     "Nucleotide GTR":{
       "attribute type":"branch length",
       "display order":0
      },
     "Rate Distributions":{
       "attribute type":"branch label",
       "display order":3
      },
     "Rate classes":{
       "attribute type":"branch label",
       "display order":2
      },
     "Uncorrected P-value":{
       "attribute type":"branch label",
       "display order":5
      },
     "original name":{
       "attribute type":"node label",
       "display order":-1
      }
    }
  },