{
 "analysis":{
   "authors":"Sergei L Kosakovsky Pond, Ben Murrell, Steven Weaver and Temple iGEM / UCSD viral evolution group",
   "citation":"Less Is More: An Adaptive Branch-Site Random Effects Model for Efficient Detection of Episodic Diversifying Selection (2015). Mol Biol Evol 32 (5): 1342-1353. v2.2 adds support for multiple-hit models",
   "contact":"spond@temple.edu",
   "info":"aBSREL (Adaptive branch-site random effects likelihood)\n                            uses an adaptive random effects branch-site model framework\n                            to test whether each branch has evolved under positive selection,\n                            using a procedure which infers an optimal number of rate categories per branch.",
   "requirements":"in-frame codon alignment and a phylogenetic tree",
   "version":"2.2"
  },
 "branch attributes":{
   "0":{
     "B3GALT4_DANRE":{
       "Baseline MG94xREV":0.9630450661806863,
       "Baseline MG94xREV omega ratio":0.05209757309393682,
       "Corrected P-value":1,
       "Full adaptive model":2.254764217463286,
       "Full adaptive model (non-synonymous subs/site)":1.467527663736184,
       "Full adaptive model (synonymous subs/site)":0.7872365537271016,
       "LRT":0.9308315634316386,
       "Nucleotide GTR":0.3495004389445404,
       "Rate Distributions":        [
[0.03231573365787059, 0.005049895334361984],
        [0.03250154198721061, 0.9101830074369666],
        [7.590625727674211, 0.08476709722867146] 
        ],
       "Rate classes":3,
       "Uncorrected P-value":0.255291585127045,
       "original name":"B3GALT4_DANRE"
      },
     "B3GALT4_GADMO":{
       "Baseline MG94xREV":0.1231433444845454,
       "Baseline MG94xREV omega ratio":0.0774567856238858,
       "Corrected P-value":1,
       "Full adaptive model":0.1243726647850854,
       "Full adaptive model (non-synonymous subs/site)":0.04733359020012241,
       "Full adaptive model (synonymous subs/site)":0.07703907458496294,
       "LRT":1.490052708542862,
       "Nucleotide GTR":0.1037568482874788,
       "Rate Distributions":        [
[0, 0.9354737300336055],
        [3.438527778091094, 0.06452626996639454] 
        ],
       "Rate classes":2,
       "Uncorrected P-value":0.186858193052334,
       "original name":"B3GALT4_GADMO"
      },
     "B3GALT4_GASAC":{
       "Baseline MG94xREV":0.1829237714583546,
       "Baseline MG94xREV omega ratio":0.06510541715529494,
       "Corrected P-value":1,
       "Full adaptive model":0.2022976355438088,
       "Full adaptive model (non-synonymous subs/site)":0.03297742175116129,
       "Full adaptive model (synonymous subs/site)":0.1693202137926474,
       "LRT":0,
       "Nucleotide GTR":0.108609693469645,
       "Rate Distributions":        [
[0.001005189194758146, 0.8176738272688776],
        [0.3812452929500012, 0.1823261727311224] 
        ],
       "Rate classes":2,
       "Uncorrected P-value":1,
       "original name":"B3GALT4_GASAC"
      },
     "B3GALT4_ORENI":{
       "Baseline MG94xREV":0.08764642267372069,
       "Baseline MG94xREV omega ratio":0.05174208393433719,
       "Corrected P-value":1,
       "Full adaptive model":0.08302490414984195,
       "Full adaptive model (non-synonymous subs/site)":0.01044794966471262,
       "Full adaptive model (synonymous subs/site)":0.07257695448512931,
       "LRT":0,
       "Nucleotide GTR":0.07879964403853246,
       "Rate Distributions":        [
[0.05198559753822381, 1] 
        ],
       "Rate classes":1,
       "Uncorrected P-value":1,
       "original name":"B3GALT4_ORENI"
      },
     "B3GALT4_ORYLA":{
       "Baseline MG94xREV":0.1811273599264871,
       "Baseline MG94xREV omega ratio":0.09637370297631855,
       "Corrected P-value":1,
       "Full adaptive model":0.1799555830185536,
       "Full adaptive model (non-synonymous subs/site)":0.03671950108299079,
       "Full adaptive model (synonymous subs/site)":0.1432360819355629,
       "LRT":0,
       "Nucleotide GTR":0.1360137525720017,
       "Rate Distributions":        [
[0.09257528284126532, 1] 
        ],
       "Rate classes":1,
       "Uncorrected P-value":1,
       "original name":"B3GALT4_ORYLA"
      },
     "B3GALT4_TAKRU":{
       "Baseline MG94xREV":0.09022642973230401,
       "Baseline MG94xREV omega ratio":0.08560016332092982,
       "Corrected P-value":1,
       "Full adaptive model":0.08538748318615623,
       "Full adaptive model (non-synonymous subs/site)":0.01686163092440862,
       "Full adaptive model (synonymous subs/site)":0.06852585226174764,
       "LRT":0,
       "Nucleotide GTR":0.08314061670934896,
       "Rate Distributions":        [
[0.0888578584529456, 1] 
        ],
       "Rate classes":1,
       "Uncorrected P-value":1,
       "original name":"B3GALT4_TAKRU"
      },
     "B3GALT4_TETNG":{
       "Baseline MG94xREV":0.06269171872398351,
       "Baseline MG94xREV omega ratio":0.09162029484991638,
       "Corrected P-value":1,
       "Full adaptive model":0.06798844673830247,
       "Full adaptive model (non-synonymous subs/site)":0.01201117639445216,
       "Full adaptive model (synonymous subs/site)":0.05597727034385031,
       "LRT":0,
       "Nucleotide GTR":0.04754332153471926,
       "Rate Distributions":        [
[0.07748623099491082, 1] 
        ],
       "Rate classes":1,
       "Uncorrected P-value":1,
       "original name":"B3GALT4_TETNG"
      },
     "NODE_3":{
       "Baseline MG94xREV":0.0194510785994964,
       "Baseline MG94xREV omega ratio":0.09612273619551101,
       "Corrected P-value":1,
       "Full adaptive model":0.02492728685199666,
       "Full adaptive model (non-synonymous subs/site)":0.003640161954816998,
       "Full adaptive model (synonymous subs/site)":0.02128712489717966,
       "LRT":0,
       "Nucleotide GTR":0.02557623229697542,
       "Rate Distributions":        [
[0.06175248044097822, 1] 
        ],
       "Rate classes":1,
       "Uncorrected P-value":1
      },
     "NODE_5":{
       "Baseline MG94xREV":0.003876658487082771,
       "Baseline MG94xREV omega ratio":10000000000,
       "Corrected P-value":1,
       "Full adaptive model":0.003092598420444499,
       "Full adaptive model (non-synonymous subs/site)":0.003092598420444499,
       "Full adaptive model (synonymous subs/site)":1e-10,
       "LRT":0.1298624064220348,
       "Nucleotide GTR":0.01762288927081647,
       "Rate Distributions":        [
[10000000000, 1] 
        ],
       "Rate classes":1,
       "Uncorrected P-value":0.4248545285106743
      },
     "NODE_8":{
       "Baseline MG94xREV":0.1443865668452001,
       "Baseline MG94xREV omega ratio":0.06640055620251265,
       "Corrected P-value":1,
       "Full adaptive model":0.1550185822508844,
       "Full adaptive model (non-synonymous subs/site)":0.02215970239776449,
       "Full adaptive model (synonymous subs/site)":0.1328588798531201,
       "LRT":0,
       "Nucleotide GTR":0.08786415892843984,
       "Rate Distributions":        [
[0.06023155087843739, 1] 
        ],
       "Rate classes":1,
       "Uncorrected P-value":1
      },
     "NODE_9":{
       "Baseline MG94xREV":0.2035625332664852,
       "Baseline MG94xREV omega ratio":0.04122827064396432,
       "Corrected P-value":1,
       "Full adaptive model":0.2423847108109553,
       "Full adaptive model (non-synonymous subs/site)":0.01704692984837099,
       "Full adaptive model (synonymous subs/site)":0.2253377809625843,
       "LRT":0,
       "Nucleotide GTR":0.08111038757218535,
       "Rate Distributions":        [
[0.02731887867815069, 1],
        [0.1380874850111796, 0] 
        ],
       "Rate classes":2,
       "Uncorrected P-value":1
      }
    },
   "attributes":{
     "Baseline MG94xREV":{
       "attribute type":"branch length",
       "display order":1
      },
     "Baseline MG94xREV omega ratio":{
       "attribute type":"branch label",
       "display order":1
      },
     "Corrected P-value":{
       "attribute type":"branch label",
       "display order":6
      },