{
 "analysis":{
   "authors":"Sergei L Kosakovsky Pond, Ben Murrell, Steven Weaver and Temple iGEM / UCSD viral evolution group",
   "citation":"Less Is More: An Adaptive Branch-Site Random Effects Model for Efficient Detection of Episodic Diversifying Selection (2015). Mol Biol Evol 32 (5): 1342-1353. v2.2 adds support for multiple-hit models",
   "contact":"spond@temple.edu",
   "info":"aBSREL (Adaptive branch-site random effects likelihood)\n                            uses an adaptive random effects branch-site model framework\n                            to test whether each branch has evolved under positive selection,\n                            using a procedure which infers an optimal number of rate categories per branch.",
   "requirements":"in-frame codon alignment and a phylogenetic tree",
   "version":"2.2"
  },
 "branch attributes":{
   "0":{
     "ENSLACP00000007144":{
       "Baseline MG94xREV":0.205118083371495,
       "Baseline MG94xREV omega ratio":0.6760874095052503,
       "Corrected P-value":1,
       "Full adaptive model":0.3099687977893649,
       "Full adaptive model (non-synonymous subs/site)":0.2225430283246839,
       "Full adaptive model (synonymous subs/site)":0.08742576946468091,
       "LRT":0.001775180915501551,
       "Nucleotide GTR":0.2911173109295445,
       "Rate Distributions":        [
[0, 0.6509150601118161],
        [2.599576276374548, 0.3490849398881839] 
        ],
       "Rate classes":2,
       "Uncorrected P-value":0.4930123922654204,
       "original name":"ENSLACP00000007144"
      },
     "ENSLACP00000007633":{
       "Baseline MG94xREV":0.105309000833364,
       "Baseline MG94xREV omega ratio":1.00627146139102,
       "Corrected P-value":1,
       "Full adaptive model":0.1062169887073116,
       "Full adaptive model (non-synonymous subs/site)":0.07717675043470133,
       "Full adaptive model (synonymous subs/site)":0.0290402382726103,
       "LRT":0,
       "Nucleotide GTR":0.1057738855077655,
       "Rate Distributions":        [
[0.9474263535161527, 1] 
        ],
       "Rate classes":1,
       "Uncorrected P-value":1,
       "original name":"ENSLACP00000007633"
      },
     "ENSLACP00000010700":{
       "Baseline MG94xREV":0.06790561425262356,
       "Baseline MG94xREV omega ratio":0.5206763455546491,
       "Corrected P-value":0.2441111106186539,
       "Full adaptive model":0.3779718854621703,
       "Full adaptive model (non-synonymous subs/site)":0.3608275253124471,
       "Full adaptive model (synonymous subs/site)":0.01714436014972325,
       "LRT":6.17524554945112,
       "Nucleotide GTR":0.06716603362486412,
       "Rate Distributions":        [
[0.3962331663459699, 0.9578854525735566],
        [169.1457944963242, 0.04211454742644338] 
        ],
       "Rate classes":2,
       "Uncorrected P-value":0.01627407404124359,
       "original name":"ENSLACP00000010700"
      },
     "ENSLACP00000011355":{
       "Baseline MG94xREV":0.04229836243778401,
       "Baseline MG94xREV omega ratio":0.1437163443424881,
       "Corrected P-value":1,
       "Full adaptive model":0.04174661164920052,
       "Full adaptive model (non-synonymous subs/site)":0.01199874997510215,
       "Full adaptive model (synonymous subs/site)":0.02974786167409836,
       "LRT":0,
       "Nucleotide GTR":0.04200771458662728,
       "Rate Distributions":        [
[0.1437935474942332, 1] 
        ],
       "Rate classes":1,
       "Uncorrected P-value":1,
       "original name":"ENSLACP00000011355"
      },
     "ENSLACP00000011809":{
       "Baseline MG94xREV":0.04236583143884537,
       "Baseline MG94xREV omega ratio":0.4067737020640006,
       "Corrected P-value":1,
       "Full adaptive model":0.04300612194472022,
       "Full adaptive model (non-synonymous subs/site)":0.02247025579513086,
       "Full adaptive model (synonymous subs/site)":0.02053586614958934,
       "LRT":0,
       "Nucleotide GTR":0.04107176884704171,
       "Rate Distributions":        [
[0.390080408867705, 1] 
        ],
       "Rate classes":1,
       "Uncorrected P-value":1,
       "original name":"ENSLACP00000011809"
      },
     "ENSLACP00000013782":{
       "Baseline MG94xREV":0.02594036468585926,
       "Baseline MG94xREV omega ratio":10000000000,
       "Corrected P-value":1,
       "Full adaptive model":0.02968112792062215,
       "Full adaptive model (non-synonymous subs/site)":0.02968112792062215,
       "Full adaptive model (synonymous subs/site)":1e-10,
       "LRT":0.091060578368797,
       "Nucleotide GTR":0.0701109437297165,
       "Rate Distributions":        [
[10000000000, 1] 
        ],
       "Rate classes":1,
       "Uncorrected P-value":0.4392138293426598,
       "original name":"ENSLACP00000013782"
      },
     "ENSLACP00000014964":{
       "Baseline MG94xREV":0.08113179755695303,
       "Baseline MG94xREV omega ratio":1.040881071841647,
       "Corrected P-value":1,
       "Full adaptive model":0.08081621565398915,
       "Full adaptive model (non-synonymous subs/site)":0.06021053081180713,
       "Full adaptive model (synonymous subs/site)":0.02060568484218204,
       "LRT":0.004512336111474724,
       "Nucleotide GTR":0.08120679232473879,
       "Rate Distributions":        [
[1.041704524836946, 1] 
        ],
       "Rate classes":1,
       "Uncorrected P-value":0.4886125612714926,
       "original name":"ENSLACP00000014964"
      },
     "ENSONIP00000011284":{
       "Baseline MG94xREV":0.5590561863866369,
       "Baseline MG94xREV omega ratio":0.2109114916413538,
       "Corrected P-value":1,
       "Full adaptive model":0.636298672395269,
       "Full adaptive model (non-synonymous subs/site)":0.316300203595361,
       "Full adaptive model (synonymous subs/site)":0.3199984687999081,
       "LRT":0,
       "Nucleotide GTR":0.4702745701076534,
       "Rate Distributions":        [
[0, 0.5308988202599164],
        [0.7511803069800485, 0.4691011797400836] 
        ],
       "Rate classes":2,
       "Uncorrected P-value":1,
       "original name":"ENSONIP00000011284"
      },
     "ENSXETP00000030524":{
       "Baseline MG94xREV":0.3962240086536635,
       "Baseline MG94xREV omega ratio":0.1567816318064065,
       "Corrected P-value":1,
       "Full adaptive model":0.4261606890714624,
       "Full adaptive model (non-synonymous subs/site)":0.127004244983478,
       "Full adaptive model (synonymous subs/site)":0.299156444087984,
       "LRT":0,
       "Nucleotide GTR":0.2475613993447411,
       "Rate Distributions":        [
[0.1513488141389336, 1] 
        ],
       "Rate classes":1,
       "Uncorrected P-value":1,
       "original name":"ENSXETP00000030524"
      },
     "NODE_11":{
       "Baseline MG94xREV":1003.564200924413,
       "Baseline MG94xREV omega ratio":6.962151515257268e-05,
       "Corrected P-value":1,
       "Full adaptive model":924.7242838581318,
       "Full adaptive model (non-synonymous subs/site)":0.1821626671443785,
       "Full adaptive model (synonymous subs/site)":924.5421211909874,
       "LRT":0,
       "Nucleotide GTR":0.3801458708955265,
       "Rate Distributions":        [
[7.024118379471113e-05, 1] 
        ],
       "Rate classes":1,
       "Uncorrected P-value":1
      },
     "NODE_13":{
       "Baseline MG94xREV":0.4597201573010621,
       "Baseline MG94xREV omega ratio":0.03842235979585574,
       "Corrected P-value":1,
       "Full adaptive model":0.3863966451886893,
       "Full adaptive model (non-synonymous subs/site)":0.03551965946104784,
       "Full adaptive model (synonymous subs/site)":0.3508769857276416,
       "LRT":0,
       "Nucleotide GTR":0.07548564312855964,
       "Rate Distributions":        [
[0.03608885121334207, 1] 
        ],
       "Rate classes":1,
       "Uncorrected P-value":1
      },
     "NODE_3":{
       "Baseline MG94xREV":0.02152531629929431,
       "Baseline MG94xREV omega ratio":0.6017948186610335,
       "Corrected P-value":1,
       "Full adaptive model":0.02196689904524568,