{
 "analysis":{
   "authors":"Sergei L Kosakovsky Pond, Ben Murrell, Steven Weaver and Temple iGEM / UCSD viral evolution group",
   "citation":"Less Is More: An Adaptive Branch-Site Random Effects Model for Efficient Detection of Episodic Diversifying Selection (2015). Mol Biol Evol 32 (5): 1342-1353. v2.2 adds support for multiple-hit models",
   "contact":"spond@temple.edu",
   "info":"aBSREL (Adaptive branch-site random effects likelihood)\n                            uses an adaptive random effects branch-site model framework\n                            to test whether each branch has evolved under positive selection,\n                            using a procedure which infers an optimal number of rate categories per branch.",
   "requirements":"in-frame codon alignment and a phylogenetic tree",
   "version":"2.2"
  },
 "branch attributes":{
   "0":{
     "ENSCPOP00000019564":{
       "Baseline MG94xREV":0.2121138857463601,
       "Baseline MG94xREV omega ratio":0.329931282608344,
       "Corrected P-value":0.9815071103992051,
       "Full adaptive model":0.2060613982711887,
       "Full adaptive model (non-synonymous subs/site)":0.2056420130079953,
       "Full adaptive model (synonymous subs/site)":0.000419385263193427,
       "LRT":1.400174895295095,
       "Nucleotide GTR":0.2717864732580686,
       "Rate Distributions":        [
[0, 0.6666599221734287],
        [351.2116603068906, 0.3333400778265713] 
        ],
       "Rate classes":2,
       "Uncorrected P-value":0.196301422079841,
       "original name":"ENSCPOP00000019564"
      },
     "ENSMLUP00000007050":{
       "Baseline MG94xREV":0.1748769383011168,
       "Baseline MG94xREV omega ratio":0.5133842163722321,
       "Corrected P-value":0.01719819894633723,
       "Full adaptive model":1.468089252648672,
       "Full adaptive model (non-synonymous subs/site)":1.433190587731878,
       "Full adaptive model (synonymous subs/site)":0.0348986649167938,
       "LRT":10.16297747528233,
       "Nucleotide GTR":0.1687626524803111,
       "Rate Distributions":        [
[0.2808235359868907, 0.8700585586381027],
        [73.57765897511466, 0.1299414413618973] 
        ],
       "Rate classes":2,
       "Uncorrected P-value":0.002149774868292154,
       "original name":"ENSMLUP00000007050"
      },
     "ENSMLUP00000017197":{
       "Baseline MG94xREV":0.06363124880158502,
       "Baseline MG94xREV omega ratio":0.5018388015899221,
       "Corrected P-value":1,
       "Full adaptive model":0.06446747685160061,
       "Full adaptive model (non-synonymous subs/site)":0.04180617001080425,
       "Full adaptive model (synonymous subs/site)":0.02266130684079637,
       "LRT":0,
       "Nucleotide GTR":0.06709518388142986,
       "Rate Distributions":        [
[0.4404668300882044, 1] 
        ],
       "Rate classes":1,
       "Uncorrected P-value":1,
       "original name":"ENSMLUP00000017197"
      },
     "ENSMLUP00000017480":{
       "Baseline MG94xREV":0.02730188044163601,
       "Baseline MG94xREV omega ratio":0.4668009330897414,
       "Corrected P-value":0.1284752587472723,
       "Full adaptive model":0.0559934884764271,
       "Full adaptive model (non-synonymous subs/site)":0.04973737223900966,
       "Full adaptive model (synonymous subs/site)":0.00625611623741744,
       "LRT":5.9397427857607,
       "Nucleotide GTR":0.03008095146159431,
       "Rate Distributions":        [
[0, 0.9396075017385749],
        [31.43060999283047, 0.06039249826142512] 
        ],
       "Rate classes":2,
       "Uncorrected P-value":0.01835360839246747,
       "original name":"ENSMLUP00000017480"
      },
     "ENSMLUP00000018251":{
       "Baseline MG94xREV":0.0318721223128165,
       "Baseline MG94xREV omega ratio":10000000000,
       "Corrected P-value":0.4688966567828482,
       "Full adaptive model":0.03189718003889032,
       "Full adaptive model (non-synonymous subs/site)":0.03189718003889032,
       "Full adaptive model (synonymous subs/site)":1e-10,
       "LRT":3.128767575704842,
       "Nucleotide GTR":0.02523433560538331,
       "Rate Distributions":        [
[10000000000, 1] 
        ],
       "Rate classes":1,
       "Uncorrected P-value":0.07814944279714137,
       "original name":"ENSMLUP00000018251"
      },
     "ENSPSIP00000019862":{
       "Baseline MG94xREV":0.4324456836071393,
       "Baseline MG94xREV omega ratio":0.07742153779915487,
       "Corrected P-value":1,
       "Full adaptive model":0.688876075025057,
       "Full adaptive model (non-synonymous subs/site)":0.1848829614777078,
       "Full adaptive model (synonymous subs/site)":0.5039931135473492,
       "LRT":0.001079042287983611,
       "Nucleotide GTR":0.205603160131717,
       "Rate Distributions":        [
[0.02306526053211001, 0.9369202623732223],
        [1.045894595287049, 0.06307973762677765] 
        ],
       "Rate classes":2,
       "Uncorrected P-value":0.4945972231296653,
       "original name":"ENSPSIP00000019862"
      },
     "NODE_5":{
       "Baseline MG94xREV":0.01547283744167507,
       "Baseline MG94xREV omega ratio":0.1371621438481663,
       "Corrected P-value":1,
       "Full adaptive model":0.01240914331857741,
       "Full adaptive model (non-synonymous subs/site)":0.003088563249231481,
       "Full adaptive model (synonymous subs/site)":0.009320580069345923,
       "LRT":0,
       "Nucleotide GTR":0.01326303345648498,
       "Rate Distributions":        [
[0.0791172777374672, 1] 
        ],
       "Rate classes":1,
       "Uncorrected P-value":1
      },
     "NODE_7":{
       "Baseline MG94xREV":850.8442156398755,
       "Baseline MG94xREV omega ratio":3.159502013109897e-05,
       "Corrected P-value":1,
       "Full adaptive model":3.788415728068689,
       "Full adaptive model (non-synonymous subs/site)":0.1413307879548949,
       "Full adaptive model (synonymous subs/site)":3.647084940113793,
       "LRT":0,
       "Nucleotide GTR":0.2407098983674209,
       "Rate Distributions":        [
[0, 0.6087721864370766],
        [0.02364933632138612, 0.3912278135629234] 
        ],
       "Rate classes":2,
       "Uncorrected P-value":1
      }
    },
   "attributes":{
     "Baseline MG94xREV":{
       "attribute type":"branch length",
       "display order":1
      },
     "Baseline MG94xREV omega ratio":{
       "attribute type":"branch label",
       "display order":1
      },
     "Corrected P-value":{
       "attribute type":"branch label",
       "display order":6
      },
     "Full adaptive model":{
       "attribute type":"branch length",
       "display order":2
      },
     "Full adaptive model (non-synonymous subs/site)":{
       "attribute type":"branch label",
       "display order":10
      },
     "Full adaptive model (synonymous subs/site)":{
       "attribute type":"branch label",
       "display order":9
      },
     "LRT":{
       "attribute type":"branch label",
       "display order":4
      },
     "Nucleotide GTR":{
       "attribute type":"branch length",
       "display order":0
      },
     "Rate Distributions":{
       "attribute type":"branch label",
       "display order":3
      },
     "Rate classes":{
       "attribute type":"branch label",
       "display order":2
      },
     "Uncorrected P-value":{
       "attribute type":"branch label",
       "display order":5
      },
     "original name":{
       "attribute type":"node label",
       "display order":-1
      }
    }
  },