{
 "analysis":{
   "authors":"Sergei L Kosakovsky Pond, Ben Murrell, Steven Weaver and Temple iGEM / UCSD viral evolution group",
   "citation":"Less Is More: An Adaptive Branch-Site Random Effects Model for Efficient Detection of Episodic Diversifying Selection (2015). Mol Biol Evol 32 (5): 1342-1353. v2.2 adds support for multiple-hit models",
   "contact":"spond@temple.edu",
   "info":"aBSREL (Adaptive branch-site random effects likelihood)\n                            uses an adaptive random effects branch-site model framework\n                            to test whether each branch has evolved under positive selection,\n                            using a procedure which infers an optimal number of rate categories per branch.",
   "requirements":"in-frame codon alignment and a phylogenetic tree",
   "version":"2.2"
  },
 "branch attributes":{
   "0":{
     "CDHR3_CAVPO":{
       "Baseline MG94xREV":0.09378378041485101,
       "Baseline MG94xREV omega ratio":0.2179263288718915,
       "Corrected P-value":1,
       "Full adaptive model":0.1134712196277339,
       "Full adaptive model (non-synonymous subs/site)":0.05526437336481323,
       "Full adaptive model (synonymous subs/site)":0.05820684626292064,
       "LRT":0.7082115833545686,
       "Nucleotide GTR":0.08801032187643246,
       "Rate Distributions":        [
[0.1642007455937101, 0.9832597452545035],
        [11.51954206263574, 0.01674025474549645] 
        ],
       "Rate classes":2,
       "Uncorrected P-value":0.2905478482183964,
       "original name":"CDHR3_CAVPO"
      },
     "CDHR3_LATCH":{
       "Baseline MG94xREV":0.5983034693127419,
       "Baseline MG94xREV omega ratio":0.1448536954549223,
       "Corrected P-value":1,
       "Full adaptive model":0.582161264588307,
       "Full adaptive model (non-synonymous subs/site)":0.2179762040486753,
       "Full adaptive model (synonymous subs/site)":0.3641850605396317,
       "LRT":0,
       "Nucleotide GTR":0.3466825047822103,
       "Rate Distributions":        [
[0, 0.5450854294892505],
        [0.4909613909212607, 0.4549145705107495] 
        ],
       "Rate classes":2,
       "Uncorrected P-value":1,
       "original name":"CDHR3_LATCH"
      },
     "ENSMLUP00000021537":{
       "Baseline MG94xREV":0.1021939885897168,
       "Baseline MG94xREV omega ratio":0.2155861355733923,
       "Corrected P-value":1,
       "Full adaptive model":0.09951324547389008,
       "Full adaptive model (non-synonymous subs/site)":0.03405475459479861,
       "Full adaptive model (synonymous subs/site)":0.06545849087909143,
       "LRT":0,
       "Nucleotide GTR":0.09525760825470082,
       "Rate Distributions":        [
[0.1941341753658559, 1] 
        ],
       "Rate classes":1,
       "Uncorrected P-value":1,
       "original name":"ENSMLUP00000021537"
      },
     "ENSMMUP00000039562":{
       "Baseline MG94xREV":0.07189682478066314,
       "Baseline MG94xREV omega ratio":0.3922238254392449,
       "Corrected P-value":1,
       "Full adaptive model":0.07836970618993563,
       "Full adaptive model (non-synonymous subs/site)":0.04276590144832354,
       "Full adaptive model (synonymous subs/site)":0.03560380474161211,
       "LRT":3.129999408498406,
       "Nucleotide GTR":0.07013655284944709,
       "Rate Distributions":        [
[0.1846269384607646, 0.9397520902807512],
        [4.559771031379388, 0.06024790971924876] 
        ],
       "Rate classes":2,
       "Uncorrected P-value":0.07809917614780412,
       "original name":"ENSMMUP00000039562"
      },
     "ENSMODP00000003625":{
       "Baseline MG94xREV":0.05858799139927968,
       "Baseline MG94xREV omega ratio":0.2860244882806586,
       "Corrected P-value":1,
       "Full adaptive model":0.06000084142448148,
       "Full adaptive model (non-synonymous subs/site)":0.02875071968254371,
       "Full adaptive model (synonymous subs/site)":0.03125012174193776,
       "LRT":1.970453159559838,
       "Nucleotide GTR":0.05163828095862794,
       "Rate Distributions":        [
[0, 0.8592898581845867],
        [2.439842740423491, 0.1407101418154133] 
        ],
       "Rate classes":2,
       "Uncorrected P-value":0.1440863407973993,
       "original name":"ENSMODP00000003625"
      },
     "ENSOGAP00000019265":{
       "Baseline MG94xREV":0.07974123766426436,
       "Baseline MG94xREV omega ratio":0.3097850194753021,
       "Corrected P-value":1,
       "Full adaptive model":0.08469564879161112,
       "Full adaptive model (non-synonymous subs/site)":0.04311715856544533,
       "Full adaptive model (synonymous subs/site)":0.04157849022616579,
       "LRT":1.420523509696068,
       "Nucleotide GTR":0.07419740142472638,
       "Rate Distributions":        [
[0.1067276889489657, 0.8943345352339945],
        [2.758845638936105, 0.1056654647660055] 
        ],
       "Rate classes":2,
       "Uncorrected P-value":0.1941181082549216,
       "original name":"ENSOGAP00000019265"
      },
     "ENSSHAP00000012219":{
       "Baseline MG94xREV":0.06749879596655579,
       "Baseline MG94xREV omega ratio":0.2992362256409609,
       "Corrected P-value":1,
       "Full adaptive model":0.07035353734716511,
       "Full adaptive model (non-synonymous subs/site)":0.02867042202367649,
       "Full adaptive model (synonymous subs/site)":0.04168311532348865,
       "LRT":0,
       "Nucleotide GTR":0.0677499212275865,
       "Rate Distributions":        [
[0.2566635191678188, 1] 
        ],
       "Rate classes":1,
       "Uncorrected P-value":1,
       "original name":"ENSSHAP00000012219"
      },
     "F1LYV5_RAT":{
       "Baseline MG94xREV":0.03317610221975736,
       "Baseline MG94xREV omega ratio":0.2038808169030596,
       "Corrected P-value":1,
       "Full adaptive model":0.03331462930203308,
       "Full adaptive model (non-synonymous subs/site)":0.01135063914669838,
       "Full adaptive model (synonymous subs/site)":0.02196399015533469,
       "LRT":0,
       "Nucleotide GTR":0.03111580294544753,
       "Rate Distributions":        [
[0.1928409691928869, 1] 
        ],
       "Rate classes":1,
       "Uncorrected P-value":1,
       "original name":"F1LYV5_RAT"
      },
     "GM281_MOUSE":{
       "Baseline MG94xREV":0.03886037474075777,
       "Baseline MG94xREV omega ratio":0.4700400712933789,
       "Corrected P-value":1,
       "Full adaptive model":0.03849596511396362,
       "Full adaptive model (non-synonymous subs/site)":0.02014361005047339,
       "Full adaptive model (synonymous subs/site)":0.01835235506349016,
       "LRT":0,
       "Nucleotide GTR":0.0389226720138453,
       "Rate Distributions":        [
[0.4095771611274471, 1] 
        ],
       "Rate classes":1,
       "Uncorrected P-value":1,
       "original name":"GM281_MOUSE"
      },
     "NODE_10":{
       "Baseline MG94xREV":0.00728380037694041,
       "Baseline MG94xREV omega ratio":5.498566538119421,
       "Corrected P-value":1,
       "Full adaptive model":0.009238275167565153,
       "Full adaptive model (non-synonymous subs/site)":0.00695446984149311,
       "Full adaptive model (synonymous subs/site)":0.002283805326072036,
       "LRT":0.002666471111297142,
       "Nucleotide GTR":0.01393429243031469,
       "Rate Distributions":        [
[1.136305674675605, 1] 
        ],
       "Rate classes":1,
       "Uncorrected P-value":0.4913637422753326
      },
     "NODE_11":{
       "Baseline MG94xREV":0.1623274843857192,
       "Baseline MG94xREV omega ratio":0.178364595439108,
       "Corrected P-value":0.46592009795898,
       "Full adaptive model":31.96590364171605,
       "Full adaptive model (non-synonymous subs/site)":31.87643162976533,
       "Full adaptive model (synonymous subs/site)":0.0894720119507289,
       "LRT":4.912377425582235,
       "Nucleotide GTR":0.1138353034347837,
       "Rate Distributions":        [
[0.125709092585314, 0.9654731754933642],
        [3846.975570608123, 0.0345268245066358] 
        ],
       "Rate classes":2,
       "Uncorrected P-value":0.031061339863932
      },