{
 "analysis":{
   "authors":"Sergei L Kosakovsky Pond, Ben Murrell, Steven Weaver and Temple iGEM / UCSD viral evolution group",
   "citation":"Less Is More: An Adaptive Branch-Site Random Effects Model for Efficient Detection of Episodic Diversifying Selection (2015). Mol Biol Evol 32 (5): 1342-1353. v2.2 adds support for multiple-hit models",
   "contact":"spond@temple.edu",
   "info":"aBSREL (Adaptive branch-site random effects likelihood)\n                            uses an adaptive random effects branch-site model framework\n                            to test whether each branch has evolved under positive selection,\n                            using a procedure which infers an optimal number of rate categories per branch.",
   "requirements":"in-frame codon alignment and a phylogenetic tree",
   "version":"2.2"
  },
 "branch attributes":{
   "0":{
     "ENSTGUP00000014968":{
       "Baseline MG94xREV":0.01749131315593038,
       "Baseline MG94xREV omega ratio":1.639944592659484,
       "Corrected P-value":0.1242452031028667,
       "Full adaptive model":0.01960085847522225,
       "Full adaptive model (non-synonymous subs/site)":0.01850128159009533,
       "Full adaptive model (synonymous subs/site)":0.001099576885126918,
       "LRT":6.266875068746231,
       "Nucleotide GTR":0.01613767863496814,
       "Rate Distributions":        [
[0, 0.9144177162274671],
        [60.27540417110427, 0.08558228377253285] 
        ],
       "Rate classes":2,
       "Uncorrected P-value":0.01553065038785834,
       "original name":"ENSTGUP00000014968"
      },
     "ENSTGUP00000015123":{
       "Baseline MG94xREV":0.005879119339716994,
       "Baseline MG94xREV omega ratio":0.6911937651884723,
       "Corrected P-value":1,
       "Full adaptive model":0.006802545219921719,
       "Full adaptive model (non-synonymous subs/site)":0.00419330778495457,
       "Full adaptive model (synonymous subs/site)":0.002609237434967159,
       "LRT":0,
       "Nucleotide GTR":0.007622851728406287,
       "Rate Distributions":        [
[0.4927094940910209, 1] 
        ],
       "Rate classes":1,
       "Uncorrected P-value":1,
       "original name":"ENSTGUP00000015123"
      },
     "ENSTGUP00000015136":{
       "Baseline MG94xREV":0.007711833776766986,
       "Baseline MG94xREV omega ratio":1.033341622025105,
       "Corrected P-value":0.1345577826119231,
       "Full adaptive model":0.01021130857126124,
       "Full adaptive model (non-synonymous subs/site)":0.008266664117466,
       "Full adaptive model (synonymous subs/site)":0.001944644453795236,
       "LRT":5.849213749909268,
       "Nucleotide GTR":0.008265497615579069,
       "Rate Distributions":        [
[0, 0.9836748488566653],
        [79.83267161549399, 0.01632515114333466] 
        ],
       "Rate classes":2,
       "Uncorrected P-value":0.01922254037313187,
       "original name":"ENSTGUP00000015136"
      },
     "ENSTGUP00000017067":{
       "Baseline MG94xREV":0.006194026221891992,
       "Baseline MG94xREV omega ratio":10000000000,
       "Corrected P-value":0.9772652225949109,
       "Full adaptive model":0.005272271143941553,
       "Full adaptive model (non-synonymous subs/site)":0.005272271143941553,
       "Full adaptive model (synonymous subs/site)":1e-10,
       "LRT":1.408051859949865,
       "Nucleotide GTR":0.004030995019004334,
       "Rate Distributions":        [
[10000000000, 1] 
        ],
       "Rate classes":1,
       "Uncorrected P-value":0.1954530445189822,
       "original name":"ENSTGUP00000017067"
      },
     "ENSTGUP00000017134":{
       "Baseline MG94xREV":0.005072431839963922,
       "Baseline MG94xREV omega ratio":10000000000,
       "Corrected P-value":0.9808810227727287,
       "Full adaptive model":0.005353483935323659,
       "Full adaptive model (non-synonymous subs/site)":0.005353483935323659,
       "Full adaptive model (synonymous subs/site)":1e-10,
       "LRT":1.735843962540002,
       "Nucleotide GTR":0.004655341546946526,
       "Rate Distributions":        [
[10000000000, 1] 
        ],
       "Rate classes":1,
       "Uncorrected P-value":0.1634801704621215,
       "original name":"ENSTGUP00000017134"
      },
     "ENSTGUP00000017877":{
       "Baseline MG94xREV":0.03148065031454867,
       "Baseline MG94xREV omega ratio":1.328510974127817,
       "Corrected P-value":1,
       "Full adaptive model":0.03250474347593763,
       "Full adaptive model (non-synonymous subs/site)":0.02579940618829988,
       "Full adaptive model (synonymous subs/site)":0.006705337287637763,
       "LRT":0.05583743609577141,
       "Nucleotide GTR":0.03172709770187027,
       "Rate Distributions":        [
[1.179605728676562, 1] 
        ],
       "Rate classes":1,
       "Uncorrected P-value":0.4543802830538752,
       "original name":"ENSTGUP00000017877"
      },
     "ENSTGUP00000018281":{
       "Baseline MG94xREV":0.02912091319156487,
       "Baseline MG94xREV omega ratio":0.4572986684914054,
       "Corrected P-value":1,
       "Full adaptive model":0.02972808836825401,
       "Full adaptive model (non-synonymous subs/site)":0.0175112597026414,
       "Full adaptive model (synonymous subs/site)":0.01221682866561261,
       "LRT":0,
       "Nucleotide GTR":0.02692028167578809,
       "Rate Distributions":        [
[0.4394471952553992, 1] 
        ],
       "Rate classes":1,
       "Uncorrected P-value":1,
       "original name":"ENSTGUP00000018281"
      },
     "NODE_10":{
       "Baseline MG94xREV":0.04906884587995225,
       "Baseline MG94xREV omega ratio":0.5375926054981292,
       "Corrected P-value":0.05995469956825983,
       "Full adaptive model":0.0603235942190177,
       "Full adaptive model (non-synonymous subs/site)":0.04559024248615731,
       "Full adaptive model (synonymous subs/site)":0.01473335173286038,
       "LRT":8.137938781866524,
       "Nucleotide GTR":0.04708698816460521,
       "Rate Distributions":        [
[0, 0.8959252108261775],
        [9.115334210855778, 0.1040747891738225] 
        ],
       "Rate classes":2,
       "Uncorrected P-value":0.005995469956825983
      },
     "NODE_12":{
       "Baseline MG94xREV":0.02410266048664425,
       "Baseline MG94xREV omega ratio":0.2193323408502511,
       "Corrected P-value":0.07024805066970441,
       "Full adaptive model":0.238025275241456,
       "Full adaptive model (non-synonymous subs/site)":0.2311901947506046,
       "Full adaptive model (synonymous subs/site)":0.00683508049085142,
       "LRT":7.618386615677537,
       "Nucleotide GTR":0.02496384779950521,
       "Rate Distributions":        [
[0.2118404023128198, 0.9757070803071121],
        [418.3598381787259, 0.02429291969288794] 
        ],
       "Rate classes":2,
       "Uncorrected P-value":0.00780533896330049
      },
     "NODE_3":{
       "Baseline MG94xREV":0.01956365093658991,
       "Baseline MG94xREV omega ratio":0.3681589253012501,
       "Corrected P-value":0.002407428700133052,
       "Full adaptive model":0.0995876633823813,
       "Full adaptive model (non-synonymous subs/site)":0.09354429947763282,
       "Full adaptive model (synonymous subs/site)":0.006043363904748495,
       "LRT":14.69208809781367,
       "Nucleotide GTR":0.02100485728002047,
       "Rate Distributions":        [
[0.3228701272768495, 0.9873556125489117],
        [350.0968631322271, 0.01264438745108831] 
        ],
       "Rate classes":2,
       "Uncorrected P-value":0.0002188571545575502
      },
     "NODE_5":{
       "Baseline MG94xREV":0.008995708940990393,
       "Baseline MG94xREV omega ratio":0.402473568093116,
       "Corrected P-value":1,
       "Full adaptive model":0.006972486569429478,
       "Full adaptive model (non-synonymous subs/site)":0.003012641069680803,
       "Full adaptive model (synonymous subs/site)":0.003959845499748669,
       "LRT":0,
       "Nucleotide GTR":0.009221897584533957,
       "Rate Distributions":        [
[0.2332474701515708, 1] 
        ],
       "Rate classes":1,
       "Uncorrected P-value":1
      }
    },