{
 "analysis":{
   "authors":"Sergei L Kosakovsky Pond, Ben Murrell, Steven Weaver and Temple iGEM / UCSD viral evolution group",
   "citation":"Less Is More: An Adaptive Branch-Site Random Effects Model for Efficient Detection of Episodic Diversifying Selection (2015). Mol Biol Evol 32 (5): 1342-1353. v2.2 adds support for multiple-hit models",
   "contact":"spond@temple.edu",
   "info":"aBSREL (Adaptive branch-site random effects likelihood)\n                            uses an adaptive random effects branch-site model framework\n                            to test whether each branch has evolved under positive selection,\n                            using a procedure which infers an optimal number of rate categories per branch.",
   "requirements":"in-frame codon alignment and a phylogenetic tree",
   "version":"2.2"
  },
 "branch attributes":{
   "0":{
     "ENSDNOP00000016848":{
       "Baseline MG94xREV":0.04801339426152337,
       "Baseline MG94xREV omega ratio":0.3853558940794348,
       "Corrected P-value":1,
       "Full adaptive model":0.04653939581911523,
       "Full adaptive model (non-synonymous subs/site)":0.02093039477189998,
       "Full adaptive model (synonymous subs/site)":0.02560900104721526,
       "LRT":0,
       "Nucleotide GTR":0.04737815427888474,
       "Rate Distributions":        [
[0.3697232898115053, 1] 
        ],
       "Rate classes":1,
       "Uncorrected P-value":1,
       "original name":"ENSDNOP00000016848"
      },
     "ENSMMUP00000015605":{
       "Baseline MG94xREV":0.0194174241217777,
       "Baseline MG94xREV omega ratio":1.891821314116041,
       "Corrected P-value":0.00194858023365807,
       "Full adaptive model":4.070498776497338,
       "Full adaptive model (non-synonymous subs/site)":4.069188306916468,
       "Full adaptive model (synonymous subs/site)":0.001310469580869366,
       "LRT":14.4796095879833,
       "Nucleotide GTR":0.01848058233883847,
       "Rate Distributions":        [
[1, 0.9859632061022273],
        [100000, 0.01403679389777268] 
        ],
       "Rate classes":2,
       "Uncorrected P-value":0.0002435725292072588,
       "original name":"ENSMMUP00000015605"
      },
     "ENSOPRP00000016040":{
       "Baseline MG94xREV":0.1201583870989048,
       "Baseline MG94xREV omega ratio":0.6521186384221337,
       "Corrected P-value":1,
       "Full adaptive model":0.1215760501536536,
       "Full adaptive model (non-synonymous subs/site)":0.07168173248195613,
       "Full adaptive model (synonymous subs/site)":0.04989431767169748,
       "LRT":0,
       "Nucleotide GTR":0.1193296981153137,
       "Rate Distributions":        [
[0.6499043328584999, 1] 
        ],
       "Rate classes":1,
       "Uncorrected P-value":1,
       "original name":"ENSOPRP00000016040"
      },
     "ENSPVAP00000009753":{
       "Baseline MG94xREV":0.08866007653277948,
       "Baseline MG94xREV omega ratio":0.4531155823858121,
       "Corrected P-value":1,
       "Full adaptive model":0.08929506626888357,
       "Full adaptive model (non-synonymous subs/site)":0.04528909173126159,
       "Full adaptive model (synonymous subs/site)":0.044005974537622,
       "LRT":0,
       "Nucleotide GTR":0.08827183473619521,
       "Rate Distributions":        [
[0.4655582154612913, 1] 
        ],
       "Rate classes":1,
       "Uncorrected P-value":1,
       "original name":"ENSPVAP00000009753"
      },
     "ENSTTRP00000011464":{
       "Baseline MG94xREV":0.05029876111878493,
       "Baseline MG94xREV omega ratio":0.9548821544963841,
       "Corrected P-value":0.166201940185881,
       "Full adaptive model":0.06656462136378193,
       "Full adaptive model (non-synonymous subs/site)":0.05050698646078598,
       "Full adaptive model (synonymous subs/site)":0.01605763490299595,
       "LRT":5.436330216136184,
       "Nucleotide GTR":0.04913558840011671,
       "Rate Distributions":        [
[0.00540246917246233, 0.895039838712549],
        [13.51011360595674, 0.104960161287451] 
        ],
       "Rate classes":2,
       "Uncorrected P-value":0.02374313431226871,
       "original name":"ENSTTRP00000011464"
      },
     "LOC100433314_PONAB":{
       "Baseline MG94xREV":0.008037962313895378,
       "Baseline MG94xREV omega ratio":0.4319670935131746,
       "Corrected P-value":1,
       "Full adaptive model":0.008300347071781584,
       "Full adaptive model (non-synonymous subs/site)":0.004358127306888266,
       "Full adaptive model (synonymous subs/site)":0.003942219764893304,
       "LRT":0,
       "Nucleotide GTR":0.007988281038816407,
       "Rate Distributions":        [
[0.5000933831623602, 1] 
        ],
       "Rate classes":1,
       "Uncorrected P-value":1,
       "original name":"LOC100433314_PONAB"
      },
     "NODE_3":{
       "Baseline MG94xREV":0.04541058525976927,
       "Baseline MG94xREV omega ratio":0.4062040139857591,
       "Corrected P-value":1,
       "Full adaptive model":0.04769836753599157,
       "Full adaptive model (non-synonymous subs/site)":0.02379611033014187,
       "Full adaptive model (synonymous subs/site)":0.02390225720584978,
       "LRT":0,
       "Nucleotide GTR":0.04567965946353044,
       "Rate Distributions":        [
[0.4503592480777396, 1] 
        ],
       "Rate classes":1,
       "Uncorrected P-value":1
      },
     "NODE_8":{
       "Baseline MG94xREV":0.01317383893019986,
       "Baseline MG94xREV omega ratio":0.3699301962383323,
       "Corrected P-value":1,
       "Full adaptive model":0.0136545364747867,
       "Full adaptive model (non-synonymous subs/site)":0.006211532008667859,
       "Full adaptive model (synonymous subs/site)":0.007443004466118842,
       "LRT":0,
       "Nucleotide GTR":0.01528775807601204,
       "Rate Distributions":        [
[0.3775221823375662, 1] 
        ],
       "Rate classes":1,
       "Uncorrected P-value":1
      }
    },
   "attributes":{
     "Baseline MG94xREV":{
       "attribute type":"branch length",
       "display order":1
      },
     "Baseline MG94xREV omega ratio":{
       "attribute type":"branch label",
       "display order":1
      },
     "Corrected P-value":{
       "attribute type":"branch label",
       "display order":6
      },
     "Full adaptive model":{
       "attribute type":"branch length",
       "display order":2
      },
     "Full adaptive model (non-synonymous subs/site)":{
       "attribute type":"branch label",
       "display order":10
      },
     "Full adaptive model (synonymous subs/site)":{
       "attribute type":"branch label",
       "display order":9
      },
     "LRT":{
       "attribute type":"branch label",
       "display order":4
      },
     "Nucleotide GTR":{
       "attribute type":"branch length",
       "display order":0
      },
     "Rate Distributions":{
       "attribute type":"branch label",
       "display order":3
      },
     "Rate classes":{
       "attribute type":"branch label",
       "display order":2
      },
     "Uncorrected P-value":{
       "attribute type":"branch label",
       "display order":5
      },
     "original name":{
       "attribute type":"node label",
       "display order":-1
      }
    }
  },
 "data partitions":{
   "0":{
     "coverage":      [
[0, 1, 2, 3, 4, 5, 6, 7, 8, 9, 10, 11, 12, 13, 14, 15, 16, 17, 18, 19, 20, 21, 22, 23, 24, 25, 26, 27, 28, 29, 30, 31, 32, 33, 34, 35, 36, 37, 38, 39, 40, 41, 42, 43, 44, 45, 46, 47, 48, 49, 50, 51, 52, 53, 54, 55, 56, 57, 58, 59, 60, 61, 62, 63, 64, 65, 66, 67, 68, 69, 70, 71, 72, 73, 74, 75, 76, 77, 78, 79, 80, 81, 82, 83, 84, 85] 
      ],
     "name":"absrel.filter.default"
    }
  },
 "fits":{
   "Baseline MG94xREV":{
     "AIC-c":1543.074582779232,