{
 "analysis":{
   "authors":"Sergei L Kosakovsky Pond, Ben Murrell, Steven Weaver and Temple iGEM / UCSD viral evolution group",
   "citation":"Less Is More: An Adaptive Branch-Site Random Effects Model for Efficient Detection of Episodic Diversifying Selection (2015). Mol Biol Evol 32 (5): 1342-1353. v2.2 adds support for multiple-hit models",
   "contact":"spond@temple.edu",
   "info":"aBSREL (Adaptive branch-site random effects likelihood)\n                            uses an adaptive random effects branch-site model framework\n                            to test whether each branch has evolved under positive selection,\n                            using a procedure which infers an optimal number of rate categories per branch.",
   "requirements":"in-frame codon alignment and a phylogenetic tree",
   "version":"2.2"
  },
 "branch attributes":{
   "0":{
     "NODE_3":{
       "Baseline MG94xREV":0.05074642211221688,
       "Baseline MG94xREV omega ratio":0.01197771343501762,
       "Corrected P-value":1,
       "Full adaptive model":0.05483218589271219,
       "Full adaptive model (non-synonymous subs/site)":0.001753218269583397,
       "Full adaptive model (synonymous subs/site)":0.05307896762312878,
       "LRT":0,
       "Nucleotide GTR":0.03658496389379619,
       "Rate Distributions":        [
[0.009275667264453709, 1] 
        ],
       "Rate classes":1,
       "Uncorrected P-value":1
      },
     "NODE_6":{
       "Baseline MG94xREV":0.04874338814936279,
       "Baseline MG94xREV omega ratio":0.05807943538269311,
       "Corrected P-value":1,
       "Full adaptive model":0.03978588294130354,
       "Full adaptive model (non-synonymous subs/site)":0.008696826050298473,
       "Full adaptive model (synonymous subs/site)":0.03108905689100506,
       "LRT":0.8945334362488211,
       "Nucleotide GTR":0.03853223240425149,
       "Rate Distributions":        [
[0.003507882960414216, 0.9762384749868807],
        [3.161937935997817, 0.02376152501311934] 
        ],
       "Rate classes":2,
       "Uncorrected P-value":0.2606623537856317
      },
     "NODE_7":{
       "Baseline MG94xREV":0.08804463662326571,
       "Baseline MG94xREV omega ratio":0.03317251248145973,
       "Corrected P-value":1,
       "Full adaptive model":0.09781200655334384,
       "Full adaptive model (non-synonymous subs/site)":0.005629253075904914,
       "Full adaptive model (synonymous subs/site)":0.09218275347743889,
       "LRT":0,
       "Nucleotide GTR":0.0514725489138735,
       "Rate Distributions":        [
[0.01714876063876386, 1] 
        ],
       "Rate classes":1,
       "Uncorrected P-value":1
      },
     "PRDM5_DANRE":{
       "Baseline MG94xREV":0.3966349811454872,
       "Baseline MG94xREV omega ratio":0.03609983640448255,
       "Corrected P-value":0.7876180728094462,
       "Full adaptive model":0.4026524576237113,
       "Full adaptive model (non-synonymous subs/site)":0.2306196905492698,
       "Full adaptive model (synonymous subs/site)":0.1720327670744415,
       "LRT":2.688177261999044,
       "Nucleotide GTR":0.1426014670963117,
       "Rate Distributions":        [
[0.02400038632706272, 0.9599935999537115],
        [8.834038058953718, 0.04000640004628853] 
        ],
       "Rate classes":2,
       "Uncorrected P-value":0.09845225910118077,
       "original name":"PRDM5_DANRE"
      },
     "PRDM5_GADMO":{
       "Baseline MG94xREV":0.3649507138977364,
       "Baseline MG94xREV omega ratio":0.04792084063598965,
       "Corrected P-value":0.1813930185191084,
       "Full adaptive model":0.6179042123793368,
       "Full adaptive model (non-synonymous subs/site)":0.4791692801185197,
       "Full adaptive model (synonymous subs/site)":0.1387349322608171,
       "LRT":5.756567772874405,
       "Nucleotide GTR":0.1222159714210896,
       "Rate Distributions":        [
[0.03443246358450005, 0.9482441955770181],
        [18.10941008106318, 0.05175580442298189] 
        ],
       "Rate classes":2,
       "Uncorrected P-value":0.02015477983545649,
       "original name":"PRDM5_GADMO"
      },
     "PRDM5_ORENI":{
       "Baseline MG94xREV":0.06451192204230151,
       "Baseline MG94xREV omega ratio":0.01502456213986094,
       "Corrected P-value":1,
       "Full adaptive model":0.06162915291019774,
       "Full adaptive model (non-synonymous subs/site)":0.002441861424873718,
       "Full adaptive model (synonymous subs/site)":0.05918729148532397,
       "LRT":0,
       "Nucleotide GTR":0.05591458655349929,
       "Rate Distributions":        [
[0.01158575095717537, 1] 
        ],
       "Rate classes":1,
       "Uncorrected P-value":1,
       "original name":"PRDM5_ORENI"
      },
     "PRDM5_ORYLA":{
       "Baseline MG94xREV":0.08545896285955022,
       "Baseline MG94xREV omega ratio":0.02645289977236237,
       "Corrected P-value":1,
       "Full adaptive model":0.07689866841797707,
       "Full adaptive model (non-synonymous subs/site)":0.00530249675546923,
       "Full adaptive model (synonymous subs/site)":0.07159617166250785,
       "LRT":0,
       "Nucleotide GTR":0.05988472135429621,
       "Rate Distributions":        [
[0.02079803246504847, 1] 
        ],
       "Rate classes":1,
       "Uncorrected P-value":1,
       "original name":"PRDM5_ORYLA"
      },
     "PRDM5_TAKRU":{
       "Baseline MG94xREV":0.02703501957705393,
       "Baseline MG94xREV omega ratio":0.01160113217772404,
       "Corrected P-value":1,
       "Full adaptive model":0.02784893278684054,
       "Full adaptive model (non-synonymous subs/site)":0.0008092679280482604,
       "Full adaptive model (synonymous subs/site)":0.02703966485879225,
       "LRT":0,
       "Nucleotide GTR":0.02193541442016442,
       "Rate Distributions":        [
[0.008404708700985312, 1] 
        ],
       "Rate classes":1,
       "Uncorrected P-value":1,
       "original name":"PRDM5_TAKRU"
      },
     "PRDM5_TETNG":{
       "Baseline MG94xREV":0.05432983378495718,
       "Baseline MG94xREV omega ratio":0.06943445381671078,
       "Corrected P-value":1,
       "Full adaptive model":0.05154158055651717,
       "Full adaptive model (non-synonymous subs/site)":0.009254479528170798,
       "Full adaptive model (synonymous subs/site)":0.04228710102834636,
       "LRT":-0.003221178636522382,
       "Nucleotide GTR":0.04903299123072681,
       "Rate Distributions":        [
[0.00461267776985902, 0.9465359840092298],
        [1.067850064805667, 0.05346401599077022] 
        ],
       "Rate classes":2,
       "Uncorrected P-value":0.5,
       "original name":"PRDM5_TETNG"
      }
    },
   "attributes":{
     "Baseline MG94xREV":{
       "attribute type":"branch length",
       "display order":1
      },
     "Baseline MG94xREV omega ratio":{
       "attribute type":"branch label",
       "display order":1
      },
     "Corrected P-value":{
       "attribute type":"branch label",
       "display order":6
      },
     "Full adaptive model":{
       "attribute type":"branch length",
       "display order":2
      },
     "Full adaptive model (non-synonymous subs/site)":{
       "attribute type":"branch label",
       "display order":10
      },
     "Full adaptive model (synonymous subs/site)":{
       "attribute type":"branch label",
       "display order":9
      },
     "LRT":{
       "attribute type":"branch label",
       "display order":4
      },
     "Nucleotide GTR":{
       "attribute type":"branch length",
       "display order":0
      },
     "Rate Distributions":{
       "attribute type":"branch label",
       "display order":3
      },
     "Rate classes":{
       "attribute type":"branch label",
       "display order":2
      },
     "Uncorrected P-value":{
       "attribute type":"branch label",
       "display order":5
      },
     "original name":{
       "attribute type":"node label",
       "display order":-1
      }
    }
  },