{
 "analysis":{
   "authors":"Sergei L Kosakovsky Pond, Ben Murrell, Steven Weaver and Temple iGEM / UCSD viral evolution group",
   "citation":"Less Is More: An Adaptive Branch-Site Random Effects Model for Efficient Detection of Episodic Diversifying Selection (2015). Mol Biol Evol 32 (5): 1342-1353. v2.2 adds support for multiple-hit models",
   "contact":"spond@temple.edu",
   "info":"aBSREL (Adaptive branch-site random effects likelihood)\n                            uses an adaptive random effects branch-site model framework\n                            to test whether each branch has evolved under positive selection,\n                            using a procedure which infers an optimal number of rate categories per branch.",
   "requirements":"in-frame codon alignment and a phylogenetic tree",
   "version":"2.2"
  },
 "branch attributes":{
   "0":{
     "ENSBTAP00000048921":{
       "Baseline MG94xREV":0.1090488716858911,
       "Baseline MG94xREV omega ratio":0.449072368676579,
       "Corrected P-value":1,
       "Full adaptive model":0.1295734131932905,
       "Full adaptive model (non-synonymous subs/site)":0.07952547979613879,
       "Full adaptive model (synonymous subs/site)":0.05004793339715167,
       "LRT":1.521532402531193,
       "Nucleotide GTR":0.1062659952443528,
       "Rate Distributions":        [
[0.2207990413734596, 0.9087410759653233],
        [4.491348089758135, 0.09125892403467672] 
        ],
       "Rate classes":2,
       "Uncorrected P-value":0.1836700197529929,
       "original name":"ENSBTAP00000048921"
      },
     "ENSLAFP00000023328":{
       "Baseline MG94xREV":0.1152488001257821,
       "Baseline MG94xREV omega ratio":0.4072998669524467,
       "Corrected P-value":1,
       "Full adaptive model":0.113000827308948,
       "Full adaptive model (non-synonymous subs/site)":0.05632560999066729,
       "Full adaptive model (synonymous subs/site)":0.05667521731828064,
       "LRT":0,
       "Nucleotide GTR":0.1080885094625366,
       "Rate Distributions":        [
[0.3818526747301979, 1] 
        ],
       "Rate classes":1,
       "Uncorrected P-value":1,
       "original name":"ENSLAFP00000023328"
      },
     "ENSMMUP00000040507":{
       "Baseline MG94xREV":0.08196066129056036,
       "Baseline MG94xREV omega ratio":0.9703156274885485,
       "Corrected P-value":1,
       "Full adaptive model":0.08197661536458654,
       "Full adaptive model (non-synonymous subs/site)":0.05755438436141059,
       "Full adaptive model (synonymous subs/site)":0.02442223100317596,
       "LRT":0,
       "Nucleotide GTR":0.08164423633482143,
       "Rate Distributions":        [
[0.9054744607354893, 1] 
        ],
       "Rate classes":1,
       "Uncorrected P-value":1,
       "original name":"ENSMMUP00000040507"
      },
     "ENSOGAP00000018755":{
       "Baseline MG94xREV":0.07829378424158866,
       "Baseline MG94xREV omega ratio":0.2028928556857182,
       "Corrected P-value":1,
       "Full adaptive model":0.07791791251061692,
       "Full adaptive model (non-synonymous subs/site)":0.0259342100288596,
       "Full adaptive model (synonymous subs/site)":0.05198370248175733,
       "LRT":0,
       "Nucleotide GTR":0.07311357795147627,
       "Rate Distributions":        [
[0.1916853590331971, 1] 
        ],
       "Rate classes":1,
       "Uncorrected P-value":1,
       "original name":"ENSOGAP00000018755"
      },
     "ENSSHAP00000011467":{
       "Baseline MG94xREV":0.4336608021658617,
       "Baseline MG94xREV omega ratio":0.3412899581832768,
       "Corrected P-value":1,
       "Full adaptive model":0.4715569424515627,
       "Full adaptive model (non-synonymous subs/site)":0.2550170020922759,
       "Full adaptive model (synonymous subs/site)":0.2165399403592867,
       "LRT":0,
       "Nucleotide GTR":0.3722029034441967,
       "Rate Distributions":        [
[0, 0.4495014696082452],
        [0.8219740115900925, 0.5504985303917548] 
        ],
       "Rate classes":2,
       "Uncorrected P-value":1,
       "original name":"ENSSHAP00000011467"
      },
     "ENSSSCP00000027714":{
       "Baseline MG94xREV":0.05569552197462974,
       "Baseline MG94xREV omega ratio":0.5512681120796981,
       "Corrected P-value":0.412254295747829,
       "Full adaptive model":0.06641683176257007,
       "Full adaptive model (non-synonymous subs/site)":0.0435036131090545,
       "Full adaptive model (synonymous subs/site)":0.02291321865351557,
       "LRT":4.716276639028365,
       "Nucleotide GTR":0.05386338126432773,
       "Rate Distributions":        [
[0, 0.8586321107642407],
        [5.160259977995401, 0.1413678892357593] 
        ],
       "Rate classes":2,
       "Uncorrected P-value":0.03435452464565242,
       "original name":"ENSSSCP00000027714"
      },
     "GM7534_MOUSE":{
       "Baseline MG94xREV":0.07083032089188505,
       "Baseline MG94xREV omega ratio":0.4838711739101386,
       "Corrected P-value":1,
       "Full adaptive model":0.06930002880170176,
       "Full adaptive model (non-synonymous subs/site)":0.03739579538602741,
       "Full adaptive model (synonymous subs/site)":0.03190423341567433,
       "LRT":0,
       "Nucleotide GTR":0.06614528552205463,
       "Rate Distributions":        [
[0.4503576955657506, 1] 
        ],
       "Rate classes":1,
       "Uncorrected P-value":1,
       "original name":"GM7534_MOUSE"
      },
     "LOC683598_RAT":{
       "Baseline MG94xREV":0.04396370849473186,
       "Baseline MG94xREV omega ratio":1.893091776990381,
       "Corrected P-value":1,
       "Full adaptive model":0.04524046910217474,
       "Full adaptive model (non-synonymous subs/site)":0.03707467458505045,
       "Full adaptive model (synonymous subs/site)":0.008165794517124245,
       "LRT":0.5503560955203284,
       "Nucleotide GTR":0.04891281377835419,
       "Rate Distributions":        [
[1.744464066317852, 1] 
        ],
       "Rate classes":1,
       "Uncorrected P-value":0.3194655145907062,
       "original name":"LOC683598_RAT"
      },
     "NODE_12":{
       "Baseline MG94xREV":0.1926031110604571,
       "Baseline MG94xREV omega ratio":0.2975710454424177,
       "Corrected P-value":1,
       "Full adaptive model":0.1918712152774137,
       "Full adaptive model (non-synonymous subs/site)":0.08156139276945239,
       "Full adaptive model (synonymous subs/site)":0.1103098225079614,
       "LRT":0,
       "Nucleotide GTR":0.1657084622483111,
       "Rate Distributions":        [
[0.2840884484726095, 1] 
        ],
       "Rate classes":1,
       "Uncorrected P-value":1
      },
     "NODE_6":{
       "Baseline MG94xREV":0.05105968389030156,
       "Baseline MG94xREV omega ratio":0.2611912164194942,
       "Corrected P-value":1,
       "Full adaptive model":0.04969681664971259,
       "Full adaptive model (non-synonymous subs/site)":0.01825994432670968,
       "Full adaptive model (synonymous subs/site)":0.03143687232300291,
       "LRT":0,
       "Nucleotide GTR":0.04739037389469358,
       "Rate Distributions":        [
[0.2231738189852422, 1] 
        ],
       "Rate classes":1,
       "Uncorrected P-value":1
      },
     "NODE_7":{
       "Baseline MG94xREV":0.007810622532874242,
       "Baseline MG94xREV omega ratio":0.3666905842834158,
       "Corrected P-value":1,
       "Full adaptive model":0.00966586209273511,
       "Full adaptive model (non-synonymous subs/site)":0.005161995404723635,
       "Full adaptive model (synonymous subs/site)":0.004503866688011475,
       "LRT":0,
       "Nucleotide GTR":0.008318046501455591,
       "Rate Distributions":        [
[0.4403674535008344, 1] 
        ],
       "Rate classes":1,
       "Uncorrected P-value":1
      },
     "NODE_9":{
       "Baseline MG94xREV":0.005872821638467214,
       "Baseline MG94xREV omega ratio":10000000000,
       "Corrected P-value":1,
       "Full adaptive model":0.005314348352313658,
       "Full adaptive model (non-synonymous subs/site)":0.005314348352313658,
       "Full adaptive model (synonymous subs/site)":1e-10,