{
 "analysis":{
   "authors":"Sergei L Kosakovsky Pond, Ben Murrell, Steven Weaver and Temple iGEM / UCSD viral evolution group",
   "citation":"Less Is More: An Adaptive Branch-Site Random Effects Model for Efficient Detection of Episodic Diversifying Selection (2015). Mol Biol Evol 32 (5): 1342-1353. v2.2 adds support for multiple-hit models",
   "contact":"spond@temple.edu",
   "info":"aBSREL (Adaptive branch-site random effects likelihood)\n                            uses an adaptive random effects branch-site model framework\n                            to test whether each branch has evolved under positive selection,\n                            using a procedure which infers an optimal number of rate categories per branch.",
   "requirements":"in-frame codon alignment and a phylogenetic tree",
   "version":"2.2"
  },
 "branch attributes":{
   "0":{
     "ENSGACP00000019323":{
       "Baseline MG94xREV":0.9527398448933989,
       "Baseline MG94xREV omega ratio":0.06853095820398078,
       "Corrected P-value":1,
       "Full adaptive model":14.97890256057218,
       "Full adaptive model (non-synonymous subs/site)":14.16587774862444,
       "Full adaptive model (synonymous subs/site)":0.8130248119477416,
       "LRT":0.291564366169041,
       "Nucleotide GTR":0.4225808137056094,
       "Rate Distributions":        [
[0.01913711998193507, 0.8426407040973173],
        [32.43150437016141, 0.1573592959026827] 
        ],
       "Rate classes":2,
       "Uncorrected P-value":0.3771477430355541,
       "original name":"ENSGACP00000019323"
      },
     "ENSGACP00000025694":{
       "Baseline MG94xREV":0.01285252755770169,
       "Baseline MG94xREV omega ratio":10000000000,
       "Corrected P-value":1,
       "Full adaptive model":0.02357593942474731,
       "Full adaptive model (non-synonymous subs/site)":0.02357593942474731,
       "Full adaptive model (synonymous subs/site)":1e-10,
       "LRT":0.1224958976470134,
       "Nucleotide GTR":0.07614249234107816,
       "Rate Distributions":        [
[10000000000, 1] 
        ],
       "Rate classes":1,
       "Uncorrected P-value":0.4274456169841466,
       "original name":"ENSGACP00000025694"
      },
     "ENSGMOP00000005469":{
       "Baseline MG94xREV":0.2235613341943173,
       "Baseline MG94xREV omega ratio":0.01535772972643403,
       "Corrected P-value":1,
       "Full adaptive model":0.2552869763591122,
       "Full adaptive model (non-synonymous subs/site)":1e-10,
       "Full adaptive model (synonymous subs/site)":0.2552869763591122,
       "LRT":0,
       "Nucleotide GTR":0.0948405504168446,
       "Rate Distributions":        [
[0, 1] 
        ],
       "Rate classes":1,
       "Uncorrected P-value":1,
       "original name":"ENSGMOP00000005469"
      },
     "NODE_10":{
       "Baseline MG94xREV":0.006740573654675601,
       "Baseline MG94xREV omega ratio":10000000000,
       "Corrected P-value":1,
       "Full adaptive model":0.006654991157133442,
       "Full adaptive model (non-synonymous subs/site)":0.006654991157133442,
       "Full adaptive model (synonymous subs/site)":1e-10,
       "LRT":0.5436877498943886,
       "Nucleotide GTR":0.00682807431023328,
       "Rate Distributions":        [
[10000000000, 1] 
        ],
       "Rate classes":1,
       "Uncorrected P-value":0.3207736462547469
      },
     "NODE_14":{
       "Baseline MG94xREV":1725.121761912586,
       "Baseline MG94xREV omega ratio":4.079364052923923e-05,
       "Corrected P-value":1,
       "Full adaptive model":6.635484760329939,
       "Full adaptive model (non-synonymous subs/site)":0.5589325022983261,
       "Full adaptive model (synonymous subs/site)":6.076552258031613,
       "LRT":0,
       "Nucleotide GTR":0.4989394027469299,
       "Rate Distributions":        [
[0, 0.6220935314399157],
        [0.07151674338956505, 0.3779064685600843] 
        ],
       "Rate classes":2,
       "Uncorrected P-value":1
      },
     "NODE_3":{
       "Baseline MG94xREV":0.5377416347065694,
       "Baseline MG94xREV omega ratio":0.1177765532397569,
       "Corrected P-value":1,
       "Full adaptive model":0.5700704194924247,
       "Full adaptive model (non-synonymous subs/site)":0.5694074564924204,
       "Full adaptive model (synonymous subs/site)":0.0006629630000042021,
       "LRT":0.5040185850862144,
       "Nucleotide GTR":0.2283864500373129,
       "Rate Distributions":        [
[0, 0.6711854934451007],
        [767.4901627135822, 0.3288145065548993] 
        ],
       "Rate classes":2,
       "Uncorrected P-value":0.3287191931834904
      },
     "SI_DKEY_26M3_2_DANRE":{
       "Baseline MG94xREV":3.13995233218322e-19,
       "Baseline MG94xREV omega ratio":0.9980029960050436,
       "Corrected P-value":1,
       "Full adaptive model":5.281115335927344e-20,
       "Full adaptive model (non-synonymous subs/site)":1e-10,
       "Full adaptive model (synonymous subs/site)":1e-10,
       "LRT":0,
       "Nucleotide GTR":1.699042508673962e-19,
       "Rate Distributions":        [
[0, 1] 
        ],
       "Rate classes":1,
       "Uncorrected P-value":1,
       "original name":"SI@DKEY-26M3.2_DANRE"
      },
     "SI_DKEY_38N4_2_DANRE":{
       "Baseline MG94xREV":5.972475441219493e-19,
       "Baseline MG94xREV omega ratio":0,
       "Corrected P-value":1,
       "Full adaptive model":4.20802644817408e-19,
       "Full adaptive model (non-synonymous subs/site)":1e-10,
       "Full adaptive model (synonymous subs/site)":1e-10,
       "LRT":0,
       "Nucleotide GTR":1.522349699482288e-18,
       "Rate Distributions":        [
[0, 1] 
        ],
       "Rate classes":1,
       "Uncorrected P-value":1,
       "original name":"SI@DKEY-38N4.2_DANRE"
      },
     "SI_DKEY_3K20_1_DANRE":{
       "Baseline MG94xREV":0,
       "Baseline MG94xREV omega ratio":1,
       "Corrected P-value":1,
       "Full adaptive model":0,
       "Full adaptive model (non-synonymous subs/site)":1e-10,
       "Full adaptive model (synonymous subs/site)":1e-10,
       "LRT":0,
       "Nucleotide GTR":0,
       "Rate Distributions":        [
[1, 1] 
        ],
       "Rate classes":1,
       "Uncorrected P-value":1,
       "original name":"SI@DKEY-3K20.1_DANRE"
      },
     "SI_DKEY_49N23_2_DANRE":{
       "Baseline MG94xREV":0,
       "Baseline MG94xREV omega ratio":1,
       "Corrected P-value":1,
       "Full adaptive model":0,
       "Full adaptive model (non-synonymous subs/site)":1e-10,
       "Full adaptive model (synonymous subs/site)":1e-10,
       "LRT":0,
       "Nucleotide GTR":0,
       "Rate Distributions":        [
[1, 1] 
        ],
       "Rate classes":1,
       "Uncorrected P-value":1,
       "original name":"SI@DKEY-49N23.2_DANRE"
      },
     "SI_DKEY_79C1_1_DANRE":{
       "Baseline MG94xREV":0,
       "Baseline MG94xREV omega ratio":1,
       "Corrected P-value":1,
       "Full adaptive model":0,
       "Full adaptive model (non-synonymous subs/site)":1e-10,
       "Full adaptive model (synonymous subs/site)":1e-10,
       "LRT":0,
       "Nucleotide GTR":0,
       "Rate Distributions":        [
[1, 1] 
        ],
       "Rate classes":1,
       "Uncorrected P-value":1,
       "original name":"SI@DKEY-79C1.1_DANRE"
      }
    },
   "attributes":{
     "Baseline MG94xREV":{
       "attribute type":"branch length",
       "display order":1
      },
     "Baseline MG94xREV omega ratio":{
       "attribute type":"branch label",
       "display order":1
      },
     "Corrected P-value":{
       "attribute type":"branch label",
       "display order":6
      },
     "Full adaptive model":{
       "attribute type":"branch length",
       "display order":2
      },
     "Full adaptive model (non-synonymous subs/site)":{
       "attribute type":"branch label",
       "display order":10
      },
     "Full adaptive model (synonymous subs/site)":{
       "attribute type":"branch label",
       "display order":9
      },
     "LRT":{
       "attribute type":"branch label",
       "display order":4
      },