{
 "analysis":{
   "authors":"Sergei L Kosakovsky Pond, Ben Murrell, Steven Weaver and Temple iGEM / UCSD viral evolution group",
   "citation":"Less Is More: An Adaptive Branch-Site Random Effects Model for Efficient Detection of Episodic Diversifying Selection (2015). Mol Biol Evol 32 (5): 1342-1353. v2.2 adds support for multiple-hit models",
   "contact":"spond@temple.edu",
   "info":"aBSREL (Adaptive branch-site random effects likelihood)\n                            uses an adaptive random effects branch-site model framework\n                            to test whether each branch has evolved under positive selection,\n                            using a procedure which infers an optimal number of rate categories per branch.",
   "requirements":"in-frame codon alignment and a phylogenetic tree",
   "version":"2.2"
  },
 "branch attributes":{
   "0":{
     "NODE_3":{
       "Baseline MG94xREV":0.01530062613842145,
       "Baseline MG94xREV omega ratio":0.2288604570252986,
       "Corrected P-value":1,
       "Full adaptive model":0.01657998370434324,
       "Full adaptive model (non-synonymous subs/site)":0.006966571828656066,
       "Full adaptive model (synonymous subs/site)":0.009613411875687173,
       "LRT":2.201206561971048,
       "Nucleotide GTR":0.02080925728661083,
       "Rate Distributions":        [
[0, 0.9717708844546805],
        [8.814731917630953, 0.02822911554531948] 
        ],
       "Rate classes":2,
       "Uncorrected P-value":0.1273816508249324
      },
     "NODE_5":{
       "Baseline MG94xREV":0.006695829642936934,
       "Baseline MG94xREV omega ratio":0.1505472721960928,
       "Corrected P-value":1,
       "Full adaptive model":0.002568667544565978,
       "Full adaptive model (non-synonymous subs/site)":0.002568667544565978,
       "Full adaptive model (synonymous subs/site)":1e-10,
       "LRT":0.04828217405156465,
       "Nucleotide GTR":0.0149933441839635,
       "Rate Distributions":        [
[10000000000, 1] 
        ],
       "Rate classes":1,
       "Uncorrected P-value":0.4580603618456985
      },
     "NODE_8":{
       "Baseline MG94xREV":0.0942366992029816,
       "Baseline MG94xREV omega ratio":0.04947188340279794,
       "Corrected P-value":1,
       "Full adaptive model":0.09194312230646288,
       "Full adaptive model (non-synonymous subs/site)":0.01028314914942488,
       "Full adaptive model (synonymous subs/site)":0.08165997315703803,
       "LRT":0,
       "Nucleotide GTR":0.06417167711907086,
       "Rate Distributions":        [
[0.04323960445138939, 1] 
        ],
       "Rate classes":1,
       "Uncorrected P-value":1
      },
     "NODE_9":{
       "Baseline MG94xREV":0.05561530281781463,
       "Baseline MG94xREV omega ratio":0.03297079939600529,
       "Corrected P-value":0.5414135808789681,
       "Full adaptive model":0.64471458276588,
       "Full adaptive model (non-synonymous subs/site)":0.6159451596628219,
       "Full adaptive model (synonymous subs/site)":0.02876942310305792,
       "LRT":4.018817870401108,
       "Nucleotide GTR":0.04590435948589932,
       "Rate Distributions":        [
[0.02701055949307327, 0.9963948168196524],
        [2031.681078922612, 0.003605183180347638] 
        ],
       "Rate classes":2,
       "Uncorrected P-value":0.04921941644354255
      },
     "SNW1_GADMO":{
       "Baseline MG94xREV":0.1961024789110341,
       "Baseline MG94xREV omega ratio":0.03994498977523941,
       "Corrected P-value":1,
       "Full adaptive model":0.180774542856543,
       "Full adaptive model (non-synonymous subs/site)":0.01721583156759316,
       "Full adaptive model (synonymous subs/site)":0.1635587112889498,
       "LRT":0,
       "Nucleotide GTR":0.100655837112397,
       "Rate Distributions":        [
[0.03614257869918074, 1] 
        ],
       "Rate classes":1,
       "Uncorrected P-value":1,
       "original name":"SNW1_GADMO"
      },
     "SNW1_GASAC":{
       "Baseline MG94xREV":0.1181362541947201,
       "Baseline MG94xREV omega ratio":0.06072577526982985,
       "Corrected P-value":1,
       "Full adaptive model":0.1104891141169115,
       "Full adaptive model (non-synonymous subs/site)":0.01638180800119841,
       "Full adaptive model (synonymous subs/site)":0.09410730611571311,
       "LRT":0,
       "Nucleotide GTR":0.08131640246719433,
       "Rate Distributions":        [
[0.0006197336779523322, 0.9090793377346787],
        [0.651220197174048, 0.09092066226532125] 
        ],
       "Rate classes":2,
       "Uncorrected P-value":1,
       "original name":"SNW1_GASAC"
      },
     "SNW1_ORENI":{
       "Baseline MG94xREV":0.06067207339271347,
       "Baseline MG94xREV omega ratio":0.03988804161787628,
       "Corrected P-value":1,
       "Full adaptive model":0.0585682404895646,
       "Full adaptive model (non-synonymous subs/site)":0.004166659436123378,
       "Full adaptive model (synonymous subs/site)":0.05440158105344118,
       "LRT":0,
       "Nucleotide GTR":0.05134641561954464,
       "Rate Distributions":        [
[0.02629912463882737, 1] 
        ],
       "Rate classes":1,
       "Uncorrected P-value":1,
       "original name":"SNW1_ORENI"
      },
     "SNW1_ORYLA":{
       "Baseline MG94xREV":0.1554576540336579,
       "Baseline MG94xREV omega ratio":0.07996740285970481,
       "Corrected P-value":1,
       "Full adaptive model":0.1491029030735363,
       "Full adaptive model (non-synonymous subs/site)":0.03161307606097152,
       "Full adaptive model (synonymous subs/site)":0.1174898270125648,
       "LRT":0,
       "Nucleotide GTR":0.1139028574001337,
       "Rate Distributions":        [
[0.01300372202210478, 0.8970905908126452],
        [0.7844358613355725, 0.1029094091873548] 
        ],
       "Rate classes":2,
       "Uncorrected P-value":1,
       "original name":"SNW1_ORYLA"
      },
     "SNW1_TAKRU":{
       "Baseline MG94xREV":0.03685103154984872,
       "Baseline MG94xREV omega ratio":0.08726041531378052,
       "Corrected P-value":1,
       "Full adaptive model":0.0341726600207754,
       "Full adaptive model (non-synonymous subs/site)":0.006318957825398968,
       "Full adaptive model (synonymous subs/site)":0.02785370219537645,
       "LRT":0,
       "Nucleotide GTR":0.03511433500098041,
       "Rate Distributions":        [
[0.07789818504801273, 1] 
        ],
       "Rate classes":1,
       "Uncorrected P-value":1,
       "original name":"SNW1_TAKRU"
      },
     "SNW1_TETNG":{
       "Baseline MG94xREV":0.0388095424775877,
       "Baseline MG94xREV omega ratio":0.01562523524037894,
       "Corrected P-value":1,
       "Full adaptive model":0.03895269692777063,
       "Full adaptive model (non-synonymous subs/site)":0.001331831546548159,
       "Full adaptive model (synonymous subs/site)":0.0376208653812225,
       "LRT":0,
       "Nucleotide GTR":0.03379630065807528,
       "Rate Distributions":        [
[0.01215584984064021, 1] 
        ],
       "Rate classes":1,
       "Uncorrected P-value":1,
       "original name":"SNW1_TETNG"
      },
     "SNW1_XENTR":{
       "Baseline MG94xREV":1.048425525395928,
       "Baseline MG94xREV omega ratio":0.0204592220207079,
       "Corrected P-value":1,
       "Full adaptive model":0.6694410484881133,
       "Full adaptive model (non-synonymous subs/site)":0.08539434879630721,
       "Full adaptive model (synonymous subs/site)":0.584046699691806,
       "LRT":0,
       "Nucleotide GTR":0.2445328366072828,
       "Rate Distributions":        [
[0.01312766943795728, 0.942101938727298],
        [0.6535163092790438, 0.05789806127270203] 
        ],
       "Rate classes":2,
       "Uncorrected P-value":1,
       "original name":"SNW1_XENTR"
      }
    },
   "attributes":{
     "Baseline MG94xREV":{
       "attribute type":"branch length",
       "display order":1
      },
     "Baseline MG94xREV omega ratio":{
       "attribute type":"branch label",
       "display order":1
      },
     "Corrected P-value":{
       "attribute type":"branch label",
       "display order":6
      },