{
 "analysis":{
   "authors":"Sergei L Kosakovsky Pond, Ben Murrell, Steven Weaver and Temple iGEM / UCSD viral evolution group",
   "citation":"Less Is More: An Adaptive Branch-Site Random Effects Model for Efficient Detection of Episodic Diversifying Selection (2015). Mol Biol Evol 32 (5): 1342-1353. v2.2 adds support for multiple-hit models",
   "contact":"spond@temple.edu",
   "info":"aBSREL (Adaptive branch-site random effects likelihood)\n                            uses an adaptive random effects branch-site model framework\n                            to test whether each branch has evolved under positive selection,\n                            using a procedure which infers an optimal number of rate categories per branch.",
   "requirements":"in-frame codon alignment and a phylogenetic tree",
   "version":"2.2"
  },
 "branch attributes":{
   "0":{
     "INPP5F_DANRE":{
       "Baseline MG94xREV":0.453978215658994,
       "Baseline MG94xREV omega ratio":0.02865672958798151,
       "Corrected P-value":1,
       "Full adaptive model":10.29855045282954,
       "Full adaptive model (non-synonymous subs/site)":10.01030465760659,
       "Full adaptive model (synonymous subs/site)":0.2882457952229549,
       "LRT":2.165509428617952,
       "Nucleotide GTR":0.1739670442802841,
       "Rate Distributions":        [
[0.02353469719550358, 0.9814036988443259],
        [610.6877059646612, 0.01859630115567412] 
        ],
       "Rate classes":2,
       "Uncorrected P-value":0.1298259658985977,
       "original name":"INPP5F_DANRE"
      },
     "INPP5F_GADMO":{
       "Baseline MG94xREV":0.2714316475133454,
       "Baseline MG94xREV omega ratio":0.03581676521511316,
       "Corrected P-value":1,
       "Full adaptive model":0.2264953656660676,
       "Full adaptive model (non-synonymous subs/site)":0.02591887635492741,
       "Full adaptive model (synonymous subs/site)":0.2005764893111402,
       "LRT":0,
       "Nucleotide GTR":0.1110292308008378,
       "Rate Distributions":        [
[0.01095791083942832, 0.8892056199327959],
        [0.294229735850631, 0.1107943800672041] 
        ],
       "Rate classes":2,
       "Uncorrected P-value":1,
       "original name":"INPP5F_GADMO"
      },
     "INPP5F_GASAC":{
       "Baseline MG94xREV":0.07660098459161005,
       "Baseline MG94xREV omega ratio":0.0813144498501137,
       "Corrected P-value":1,
       "Full adaptive model":0.0779348793639595,
       "Full adaptive model (non-synonymous subs/site)":0.01295898516095519,
       "Full adaptive model (synonymous subs/site)":0.06497589420300429,
       "LRT":0,
       "Nucleotide GTR":0.06517236742833689,
       "Rate Distributions":        [
[0.06535254980982677, 1] 
        ],
       "Rate classes":1,
       "Uncorrected P-value":1,
       "original name":"INPP5F_GASAC"
      },
     "INPP5F_ORENI":{
       "Baseline MG94xREV":0.08030581668565076,
       "Baseline MG94xREV omega ratio":0.05898006198226319,
       "Corrected P-value":0.1269532457946494,
       "Full adaptive model":0.1107486681775576,
       "Full adaptive model (non-synonymous subs/site)":0.04453784118984369,
       "Full adaptive model (synonymous subs/site)":0.06621082698771388,
       "LRT":6.455535189954389,
       "Nucleotide GTR":0.06832096477814865,
       "Rate Distributions":        [
[0.04121657348485078, 0.9869447463822854],
        [0.04231300363983127, 0.009554311625215976],
        [51.22440636597765, 0.003500941992498671] 
        ],
       "Rate classes":3,
       "Uncorrected P-value":0.01410591619940549,
       "original name":"INPP5F_ORENI"
      },
     "INPP5F_ORYLA":{
       "Baseline MG94xREV":0.1743537564767204,
       "Baseline MG94xREV omega ratio":0.04864841517042739,
       "Corrected P-value":1,
       "Full adaptive model":0.1602321562560463,
       "Full adaptive model (non-synonymous subs/site)":0.01895488650429739,
       "Full adaptive model (synonymous subs/site)":0.1412772697517488,
       "LRT":0,
       "Nucleotide GTR":0.1118770508741435,
       "Rate Distributions":        [
[0.04396354497048378, 1] 
        ],
       "Rate classes":1,
       "Uncorrected P-value":1,
       "original name":"INPP5F_ORYLA"
      },
     "INPP5F_TAKRU":{
       "Baseline MG94xREV":0.1178316561549217,
       "Baseline MG94xREV omega ratio":0.06597612360649617,
       "Corrected P-value":1,
       "Full adaptive model":0.1122580683166901,
       "Full adaptive model (non-synonymous subs/site)":0.01659925795205399,
       "Full adaptive model (synonymous subs/site)":0.0956588103646361,
       "LRT":0,
       "Nucleotide GTR":0.08833019942632941,
       "Rate Distributions":        [
[0.05686008538887164, 1] 
        ],
       "Rate classes":1,
       "Uncorrected P-value":1,
       "original name":"INPP5F_TAKRU"
      },
     "NODE_3":{
       "Baseline MG94xREV":0.02105332709690955,
       "Baseline MG94xREV omega ratio":0.04044880473078932,
       "Corrected P-value":1,
       "Full adaptive model":0.01687773891738176,
       "Full adaptive model (non-synonymous subs/site)":0.001890051307825923,
       "Full adaptive model (synonymous subs/site)":0.01498768760955584,
       "LRT":0,
       "Nucleotide GTR":0.01907259217061684,
       "Rate Distributions":        [
[0.04132213674612573, 1] 
        ],
       "Rate classes":1,
       "Uncorrected P-value":1
      },
     "NODE_5":{
       "Baseline MG94xREV":0.004221621976686075,
       "Baseline MG94xREV omega ratio":0.05095001220617903,
       "Corrected P-value":1,
       "Full adaptive model":0.0005899163252962227,
       "Full adaptive model (non-synonymous subs/site)":0.0005899163252962227,
       "Full adaptive model (synonymous subs/site)":1e-10,
       "LRT":-0.01336624534087605,
       "Nucleotide GTR":0.01200958730161954,
       "Rate Distributions":        [
[10000000000, 1] 
        ],
       "Rate classes":1,
       "Uncorrected P-value":0.5
      },
     "NODE_7":{
       "Baseline MG94xREV":0.01161864779867508,
       "Baseline MG94xREV omega ratio":0.5167927946186491,
       "Corrected P-value":1,
       "Full adaptive model":0.03214339712738694,
       "Full adaptive model (non-synonymous subs/site)":0.006320651085437899,
       "Full adaptive model (synonymous subs/site)":0.02582274604194902,
       "LRT":0,
       "Nucleotide GTR":0.04912797306219067,
       "Rate Distributions":        [
[0.08020532482723325, 1] 
        ],
       "Rate classes":1,
       "Uncorrected P-value":1
      }
    },
   "attributes":{
     "Baseline MG94xREV":{
       "attribute type":"branch length",
       "display order":1
      },
     "Baseline MG94xREV omega ratio":{
       "attribute type":"branch label",
       "display order":1
      },
     "Corrected P-value":{
       "attribute type":"branch label",
       "display order":6
      },
     "Full adaptive model":{
       "attribute type":"branch length",
       "display order":2
      },
     "Full adaptive model (non-synonymous subs/site)":{
       "attribute type":"branch label",
       "display order":10
      },
     "Full adaptive model (synonymous subs/site)":{
       "attribute type":"branch label",
       "display order":9
      },
     "LRT":{
       "attribute type":"branch label",
       "display order":4
      },
     "Nucleotide GTR":{
       "attribute type":"branch length",
       "display order":0
      },
     "Rate Distributions":{
       "attribute type":"branch label",
       "display order":3
      },
     "Rate classes":{
       "attribute type":"branch label",
       "display order":2
      },
     "Uncorrected P-value":{
       "attribute type":"branch label",
       "display order":5
      },
     "original name":{
       "attribute type":"node label",
       "display order":-1
      }
    }
  },