{
 "analysis":{
   "authors":"Sergei L Kosakovsky Pond, Ben Murrell, Steven Weaver and Temple iGEM / UCSD viral evolution group",
   "citation":"Less Is More: An Adaptive Branch-Site Random Effects Model for Efficient Detection of Episodic Diversifying Selection (2015). Mol Biol Evol 32 (5): 1342-1353. v2.2 adds support for multiple-hit models",
   "contact":"spond@temple.edu",
   "info":"aBSREL (Adaptive branch-site random effects likelihood)\n                            uses an adaptive random effects branch-site model framework\n                            to test whether each branch has evolved under positive selection,\n                            using a procedure which infers an optimal number of rate categories per branch.",
   "requirements":"in-frame codon alignment and a phylogenetic tree",
   "version":"2.2"
  },
 "branch attributes":{
   "0":{
     "ENSBTAP00000054799":{
       "Baseline MG94xREV":0.2671125831117457,
       "Baseline MG94xREV omega ratio":0.1503780643579446,
       "Corrected P-value":0.2183124532092768,
       "Full adaptive model":0.6943541437486568,
       "Full adaptive model (non-synonymous subs/site)":0.5567767514640429,
       "Full adaptive model (synonymous subs/site)":0.1375773922846139,
       "LRT":5.786708994070523,
       "Nucleotide GTR":0.2107732831026487,
       "Rate Distributions":        [
[0.01789227269206583, 0.8731804679534068],
        [9.881874089180535, 0.1268195320465932] 
        ],
       "Rate classes":2,
       "Uncorrected P-value":0.0198465866553888,
       "original name":"ENSBTAP00000054799"
      },
     "ENSCAFP00000037051":{
       "Baseline MG94xREV":0.08318615228899864,
       "Baseline MG94xREV omega ratio":0.4857753335888818,
       "Corrected P-value":1,
       "Full adaptive model":0.08092240972840457,
       "Full adaptive model (non-synonymous subs/site)":0.04995265679414555,
       "Full adaptive model (synonymous subs/site)":0.030969752934259,
       "LRT":0,
       "Nucleotide GTR":0.08175795295805874,
       "Rate Distributions":        [
[0.5056999961301265, 1] 
        ],
       "Rate classes":1,
       "Uncorrected P-value":1,
       "original name":"ENSCAFP00000037051"
      },
     "ENSLACP00000022170":{
       "Baseline MG94xREV":3.30087344823039,
       "Baseline MG94xREV omega ratio":0.02980389467678358,
       "Corrected P-value":1,
       "Full adaptive model":3.023066873288739,
       "Full adaptive model (non-synonymous subs/site)":0.2782889664808899,
       "Full adaptive model (synonymous subs/site)":2.744777906807849,
       "LRT":0,
       "Nucleotide GTR":0.5317769624361246,
       "Rate Distributions":        [
[0.03178782971792767, 1] 
        ],
       "Rate classes":1,
       "Uncorrected P-value":1,
       "original name":"ENSLACP00000022170"
      },
     "ENSPSIP00000008822":{
       "Baseline MG94xREV":0.7417008330323558,
       "Baseline MG94xREV omega ratio":0.05837694681278633,
       "Corrected P-value":1,
       "Full adaptive model":25.52848462493372,
       "Full adaptive model (non-synonymous subs/site)":24.95327815986636,
       "Full adaptive model (synonymous subs/site)":0.5752064650673507,
       "LRT":0.1547956322092432,
       "Nucleotide GTR":0.1775146682236798,
       "Rate Distributions":        [
[0.02617113022545794, 0.8927382720482802],
        [126.5856541400525, 0.1072617279517198] 
        ],
       "Rate classes":2,
       "Uncorrected P-value":0.4164552717475098,
       "original name":"ENSPSIP00000008822"
      },
     "LOC688452_RAT":{
       "Baseline MG94xREV":0.07417136355468591,
       "Baseline MG94xREV omega ratio":0.7742715243428075,
       "Corrected P-value":1,
       "Full adaptive model":0.07106869978888596,
       "Full adaptive model (non-synonymous subs/site)":0.05291323062907452,
       "Full adaptive model (synonymous subs/site)":0.01815546915981142,
       "LRT":0,
       "Nucleotide GTR":0.07394380362757748,
       "Rate Distributions":        [
[0.9137531803595249, 1] 
        ],
       "Rate classes":1,
       "Uncorrected P-value":1,
       "original name":"LOC688452_RAT"
      },
     "NCRNA00085_MOUSE":{
       "Baseline MG94xREV":0.04406805820369892,
       "Baseline MG94xREV omega ratio":2.2089899472507,
       "Corrected P-value":1,
       "Full adaptive model":0.04840470264996808,
       "Full adaptive model (non-synonymous subs/site)":0.03769651096783935,
       "Full adaptive model (synonymous subs/site)":0.01070819168212873,
       "LRT":0.002175838364564697,
       "Nucleotide GTR":0.04338322278731412,
       "Rate Distributions":        [
[1.103715440694724, 1] 
        ],
       "Rate classes":1,
       "Uncorrected P-value":0.492232894271131,
       "original name":"NCRNA00085_MOUSE"
      },
     "NCRNA00085_PIG":{
       "Baseline MG94xREV":0.03092647986031893,
       "Baseline MG94xREV omega ratio":0.437497171353675,
       "Corrected P-value":1,
       "Full adaptive model":0.04028858540293115,
       "Full adaptive model (non-synonymous subs/site)":0.02105355433649799,
       "Full adaptive model (synonymous subs/site)":0.01923503106643315,
       "LRT":1.481971400767634,
       "Nucleotide GTR":0.03438863088522414,
       "Rate Distributions":        [
[0, 0.9484841933959319],
        [6.661378770911274, 0.05151580660406807] 
        ],
       "Rate classes":2,
       "Uncorrected P-value":0.1876864233476216,
       "original name":"NCRNA00085_PIG"
      },
     "NODE_3":{
       "Baseline MG94xREV":0.07449401147092687,
       "Baseline MG94xREV omega ratio":0.1194431515662978,
       "Corrected P-value":1,
       "Full adaptive model":0.07130941912881901,
       "Full adaptive model (non-synonymous subs/site)":0.01975916477335463,
       "Full adaptive model (synonymous subs/site)":0.05155025435546442,
       "LRT":0,
       "Nucleotide GTR":0.0610863535443539,
       "Rate Distributions":        [
[0.1201738209137977, 1] 
        ],
       "Rate classes":1,
       "Uncorrected P-value":1
      },
     "NODE_5":{
       "Baseline MG94xREV":0.2105377725932479,
       "Baseline MG94xREV omega ratio":0.05275385255443784,
       "Corrected P-value":1,
       "Full adaptive model":0.2242851577336624,
       "Full adaptive model (non-synonymous subs/site)":0.02952826046534474,
       "Full adaptive model (synonymous subs/site)":0.1947568972683175,
       "LRT":0,
       "Nucleotide GTR":0.03919064055041001,
       "Rate Distributions":        [
[0.04753539590903017, 1] 
        ],
       "Rate classes":1,
       "Uncorrected P-value":1
      },
     "NODE_8":{
       "Baseline MG94xREV":0.01184665874312107,
       "Baseline MG94xREV omega ratio":10000000000,
       "Corrected P-value":1,
       "Full adaptive model":0.01119822244526257,
       "Full adaptive model (non-synonymous subs/site)":0.01119822244526257,
       "Full adaptive model (synonymous subs/site)":1e-10,
       "LRT":0.05968266998115723,
       "Nucleotide GTR":0.1182271755844823,
       "Rate Distributions":        [
[10000000000, 1] 
        ],
       "Rate classes":1,
       "Uncorrected P-value":0.4525794960982953
      },
     "NODE_9":{
       "Baseline MG94xREV":0.1552840677721541,
       "Baseline MG94xREV omega ratio":10000000000,
       "Corrected P-value":1,
       "Full adaptive model":0.1484716945639895,
       "Full adaptive model (non-synonymous subs/site)":0.1484716945639895,
       "Full adaptive model (synonymous subs/site)":1e-10,
       "LRT":0.2801419084416921,
       "Nucleotide GTR":0.247556082844602,
       "Rate Distributions":        [
[10000000000, 1] 
        ],
       "Rate classes":1,
       "Uncorrected P-value":0.380110609891708
      }
    },
   "attributes":{
     "Baseline MG94xREV":{
       "attribute type":"branch length",
       "display order":1
      },
     "Baseline MG94xREV omega ratio":{
       "attribute type":"branch label",
       "display order":1
      },
     "Corrected P-value":{
       "attribute type":"branch label",
       "display order":6
      },