{
 "analysis":{
   "authors":"Sergei L Kosakovsky Pond, Ben Murrell, Steven Weaver and Temple iGEM / UCSD viral evolution group",
   "citation":"Less Is More: An Adaptive Branch-Site Random Effects Model for Efficient Detection of Episodic Diversifying Selection (2015). Mol Biol Evol 32 (5): 1342-1353. v2.2 adds support for multiple-hit models",
   "contact":"spond@temple.edu",
   "info":"aBSREL (Adaptive branch-site random effects likelihood)\n                            uses an adaptive random effects branch-site model framework\n                            to test whether each branch has evolved under positive selection,\n                            using a procedure which infers an optimal number of rate categories per branch.",
   "requirements":"in-frame codon alignment and a phylogenetic tree",
   "version":"2.2"
  },
 "branch attributes":{
   "0":{
     "CU693440_1_DANRE":{
       "Baseline MG94xREV":0.5876172730224073,
       "Baseline MG94xREV omega ratio":0.1077556101862178,
       "Corrected P-value":1,
       "Full adaptive model":0.6437589525791145,
       "Full adaptive model (non-synonymous subs/site)":0.2998916424328877,
       "Full adaptive model (synonymous subs/site)":0.3438673101462267,
       "LRT":0.8959779590686594,
       "Nucleotide GTR":0.3237796995854325,
       "Rate Distributions":        [
[0.05882783094736368, 0.8696542754161934],
        [1.889629593070519, 0.1303457245838066] 
        ],
       "Rate classes":2,
       "Uncorrected P-value":0.260446010004536,
       "original name":"CU693440.1_DANRE"
      },
     "ENSGACP00000021279":{
       "Baseline MG94xREV":0.1272561549582504,
       "Baseline MG94xREV omega ratio":0.06938087353350957,
       "Corrected P-value":1,
       "Full adaptive model":0.127735903159991,
       "Full adaptive model (non-synonymous subs/site)":0.02031680450690642,
       "Full adaptive model (synonymous subs/site)":0.1074190986530846,
       "LRT":0,
       "Nucleotide GTR":0.09665559686315019,
       "Rate Distributions":        [
[0.06451137809097887, 1] 
        ],
       "Rate classes":1,
       "Uncorrected P-value":1,
       "original name":"ENSGACP00000021279"
      },
     "ENSONIP00000023398":{
       "Baseline MG94xREV":0.07344317571173771,
       "Baseline MG94xREV omega ratio":0.02441205307554617,
       "Corrected P-value":0.3769297202957103,
       "Full adaptive model":1.400590535920627,
       "Full adaptive model (non-synonymous subs/site)":1.341537849735474,
       "Full adaptive model (synonymous subs/site)":0.05905268618515348,
       "LRT":4.103320729353072,
       "Nucleotide GTR":0.06872969041433681,
       "Rate Distributions":        [
[0.01604601844695138, 0.9950333560316392],
        [1556.92203310441, 0.004966643968360773] 
        ],
       "Rate classes":2,
       "Uncorrected P-value":0.04711621503696378,
       "original name":"ENSONIP00000023398"
      },
     "ENSORLP00000013633":{
       "Baseline MG94xREV":0.1375325489155637,
       "Baseline MG94xREV omega ratio":0.0643922141550404,
       "Corrected P-value":1,
       "Full adaptive model":0.1314325917697137,
       "Full adaptive model (non-synonymous subs/site)":0.01884285056369412,
       "Full adaptive model (synonymous subs/site)":0.1125897412060196,
       "LRT":0,
       "Nucleotide GTR":0.1058958866999085,
       "Rate Distributions":        [
[0.05708344888605565, 1] 
        ],
       "Rate classes":1,
       "Uncorrected P-value":1,
       "original name":"ENSORLP00000013633"
      },
     "ENSTNIP00000009735":{
       "Baseline MG94xREV":0.06089338998228006,
       "Baseline MG94xREV omega ratio":0.04124069761218697,
       "Corrected P-value":1,
       "Full adaptive model":0.06278396996953318,
       "Full adaptive model (non-synonymous subs/site)":0.005557960683798316,
       "Full adaptive model (synonymous subs/site)":0.0572260092857349,
       "LRT":0,
       "Nucleotide GTR":0.04257985040802498,
       "Rate Distributions":        [
[0.03312717720754806, 1] 
        ],
       "Rate classes":1,
       "Uncorrected P-value":1,
       "original name":"ENSTNIP00000009735"
      },
     "ENSTRUP00000027184":{
       "Baseline MG94xREV":0.06901093968361845,
       "Baseline MG94xREV omega ratio":0.1103520141431283,
       "Corrected P-value":1,
       "Full adaptive model":0.06737301863523994,
       "Full adaptive model (non-synonymous subs/site)":0.0159274195123148,
       "Full adaptive model (synonymous subs/site)":0.0514455991229252,
       "LRT":0,
       "Nucleotide GTR":0.06020055258854721,
       "Rate Distributions":        [
[0.1055989527909358, 1] 
        ],
       "Rate classes":1,
       "Uncorrected P-value":1,
       "original name":"ENSTRUP00000027184"
      },
     "NODE_3":{
       "Baseline MG94xREV":0.1032651383053521,
       "Baseline MG94xREV omega ratio":0.09940178734869098,
       "Corrected P-value":1,
       "Full adaptive model":0.1249752832428344,
       "Full adaptive model (non-synonymous subs/site)":0.02257005947944439,
       "Full adaptive model (synonymous subs/site)":0.1024052237633899,
       "LRT":0,
       "Nucleotide GTR":0.05724744283924506,
       "Rate Distributions":        [
[0.07517492686755368, 1] 
        ],
       "Rate classes":1,
       "Uncorrected P-value":1
      },
     "NODE_6":{
       "Baseline MG94xREV":0.0009886022839068252,
       "Baseline MG94xREV omega ratio":10000000000,
       "Corrected P-value":1,
       "Full adaptive model":0.0009195413960517815,
       "Full adaptive model (non-synonymous subs/site)":0.0009195413960517815,
       "Full adaptive model (synonymous subs/site)":1e-10,
       "LRT":0.02016106000337459,
       "Nucleotide GTR":0.007448377827421746,
       "Rate Distributions":        [
[10000000000, 1] 
        ],
       "Rate classes":1,
       "Uncorrected P-value":0.4744086690580916
      },
     "NODE_8":{
       "Baseline MG94xREV":0.0493026977278497,
       "Baseline MG94xREV omega ratio":0.1068049695463736,
       "Corrected P-value":0.3513295973168886,
       "Full adaptive model":34.78013813763376,
       "Full adaptive model (non-synonymous subs/site)":34.7697206427602,
       "Full adaptive model (synonymous subs/site)":0.01041749487356883,
       "LRT":4.468010417738697,
       "Nucleotide GTR":0.04735550629365259,
       "Rate Distributions":        [
[0.08352377636419092, 0.9886166831209547],
        [100000, 0.01138331687904526] 
        ],
       "Rate classes":2,
       "Uncorrected P-value":0.03903662192409874
      }
    },
   "attributes":{
     "Baseline MG94xREV":{
       "attribute type":"branch length",
       "display order":1
      },
     "Baseline MG94xREV omega ratio":{
       "attribute type":"branch label",
       "display order":1
      },
     "Corrected P-value":{
       "attribute type":"branch label",
       "display order":6
      },
     "Full adaptive model":{
       "attribute type":"branch length",
       "display order":2
      },
     "Full adaptive model (non-synonymous subs/site)":{
       "attribute type":"branch label",
       "display order":10
      },
     "Full adaptive model (synonymous subs/site)":{
       "attribute type":"branch label",
       "display order":9
      },
     "LRT":{
       "attribute type":"branch label",
       "display order":4
      },
     "Nucleotide GTR":{
       "attribute type":"branch length",
       "display order":0
      },
     "Rate Distributions":{
       "attribute type":"branch label",
       "display order":3
      },
     "Rate classes":{
       "attribute type":"branch label",
       "display order":2
      },
     "Uncorrected P-value":{
       "attribute type":"branch label",
       "display order":5
      },
     "original name":{
       "attribute type":"node label",
       "display order":-1
      }
    }
  },