{
 "analysis":{
   "authors":"Sergei L Kosakovsky Pond, Ben Murrell, Steven Weaver and Temple iGEM / UCSD viral evolution group",
   "citation":"Less Is More: An Adaptive Branch-Site Random Effects Model for Efficient Detection of Episodic Diversifying Selection (2015). Mol Biol Evol 32 (5): 1342-1353. v2.2 adds support for multiple-hit models",
   "contact":"spond@temple.edu",
   "info":"aBSREL (Adaptive branch-site random effects likelihood)\n                            uses an adaptive random effects branch-site model framework\n                            to test whether each branch has evolved under positive selection,\n                            using a procedure which infers an optimal number of rate categories per branch.",
   "requirements":"in-frame codon alignment and a phylogenetic tree",
   "version":"2.2"
  },
 "branch attributes":{
   "0":{
     "ENSGACP00000017823":{
       "Baseline MG94xREV":0.2025007628706844,
       "Baseline MG94xREV omega ratio":0.1283210406956098,
       "Corrected P-value":0.7790407177716139,
       "Full adaptive model":0.2804978637242674,
       "Full adaptive model (non-synonymous subs/site)":0.1417715051776988,
       "Full adaptive model (synonymous subs/site)":0.1387263585465686,
       "LRT":2.933366617636239,
       "Nucleotide GTR":0.1464074085507259,
       "Rate Distributions":        [
[0.03330873773449508, 0.9202082987669904],
        [4.196993061574966, 0.0797917012330096] 
        ],
       "Rate classes":2,
       "Uncorrected P-value":0.08656007975240154,
       "original name":"ENSGACP00000017823"
      },
     "ENSLACP00000008378":{
       "Baseline MG94xREV":1.964880709214823,
       "Baseline MG94xREV omega ratio":0.03247669921313015,
       "Corrected P-value":1,
       "Full adaptive model":1.661086717327103,
       "Full adaptive model (non-synonymous subs/site)":0.2788449340396102,
       "Full adaptive model (synonymous subs/site)":1.382241783287492,
       "LRT":0,
       "Nucleotide GTR":0.3370124699658539,
       "Rate Distributions":        [
[0, 0.6333918812954961],
        [0.1968235608169971, 0.3666081187045039] 
        ],
       "Rate classes":2,
       "Uncorrected P-value":1,
       "original name":"ENSLACP00000008378"
      },
     "ENSORLP00000020523":{
       "Baseline MG94xREV":0.2336761958135802,
       "Baseline MG94xREV omega ratio":0.165072804223248,
       "Corrected P-value":1,
       "Full adaptive model":0.2475239719400859,
       "Full adaptive model (non-synonymous subs/site)":0.07253013126937882,
       "Full adaptive model (synonymous subs/site)":0.174993840670707,
       "LRT":0,
       "Nucleotide GTR":0.1759299940124338,
       "Rate Distributions":        [
[0.1482504846023594, 1] 
        ],
       "Rate classes":1,
       "Uncorrected P-value":1,
       "original name":"ENSORLP00000020523"
      },
     "ENSTRUP00000008113":{
       "Baseline MG94xREV":0.09754226083349517,
       "Baseline MG94xREV omega ratio":0.1261062395536904,
       "Corrected P-value":1,
       "Full adaptive model":0.1071718284106828,
       "Full adaptive model (non-synonymous subs/site)":0.02336463653196627,
       "Full adaptive model (synonymous subs/site)":0.08380719187871649,
       "LRT":0,
       "Nucleotide GTR":0.08218861398805617,
       "Rate Distributions":        [
[0.09971905666623451, 1] 
        ],
       "Rate classes":1,
       "Uncorrected P-value":1,
       "original name":"ENSTRUP00000008113"
      },
     "NODE_3":{
       "Baseline MG94xREV":0.02196346623627372,
       "Baseline MG94xREV omega ratio":10000000000,
       "Corrected P-value":1,
       "Full adaptive model":0.02989133794987161,
       "Full adaptive model (non-synonymous subs/site)":0.02989133794987161,
       "Full adaptive model (synonymous subs/site)":1e-10,
       "LRT":0.09117939539919462,
       "Nucleotide GTR":0.03041743026629392,
       "Rate Distributions":        [
[10000000000, 1] 
        ],
       "Rate classes":1,
       "Uncorrected P-value":0.4391667933620557
      },
     "NODE_6":{
       "Baseline MG94xREV":0.1029364973615938,
       "Baseline MG94xREV omega ratio":0.2426326726839203,
       "Corrected P-value":1,
       "Full adaptive model":0.1125589454419876,
       "Full adaptive model (non-synonymous subs/site)":0.05569418747347486,
       "Full adaptive model (synonymous subs/site)":0.05686475796851271,
       "LRT":1.894108835903353,
       "Nucleotide GTR":0.09149127485193943,
       "Rate Distributions":        [
[0, 0.8916990098360363],
        [3.234704935635731, 0.1083009901639637] 
        ],
       "Rate classes":2,
       "Uncorrected P-value":0.1501124066378075
      },
     "NODE_7":{
       "Baseline MG94xREV":0.0620984467415518,
       "Baseline MG94xREV omega ratio":2079015484.1098,
       "Corrected P-value":1,
       "Full adaptive model":0.05414593782756174,
       "Full adaptive model (non-synonymous subs/site)":0.05414593782756174,
       "Full adaptive model (synonymous subs/site)":1e-10,
       "LRT":0.07515383024019684,
       "Nucleotide GTR":0.1596925728860951,
       "Rate Distributions":        [
[10000000000, 1] 
        ],
       "Rate classes":1,
       "Uncorrected P-value":0.4457312022457573
      },
     "Q4SM73_TETNG":{
       "Baseline MG94xREV":0.0797908353812013,
       "Baseline MG94xREV omega ratio":0.3363474747794168,
       "Corrected P-value":1,
       "Full adaptive model":0.07917994028062082,
       "Full adaptive model (non-synonymous subs/site)":0.04998745923841356,
       "Full adaptive model (synonymous subs/site)":0.02919248104220727,
       "LRT":1.20546130517414,
       "Nucleotide GTR":0.07232578059978273,
       "Rate Distributions":        [
[0.1602360029443428, 0.8865879390291986],
        [4.14783635277461, 0.1134120609708014] 
        ],
       "Rate classes":2,
       "Uncorrected P-value":0.2186410929779343,
       "original name":"Q4SM73_TETNG"
      },
     "ZGC_153031_DANRE":{
       "Baseline MG94xREV":62.5665883725077,
       "Baseline MG94xREV omega ratio":0.0005864864489907549,
       "Corrected P-value":1,
       "Full adaptive model":2.754052990377279,
       "Full adaptive model (non-synonymous subs/site)":0.1860201256095163,
       "Full adaptive model (synonymous subs/site)":2.568032864767763,
       "LRT":0,
       "Nucleotide GTR":0.2388532091034902,
       "Rate Distributions":        [
[0.004172928953371763, 0.7987075972386787],
        [0.1121582040606652, 0.2012924027613213] 
        ],
       "Rate classes":2,
       "Uncorrected P-value":1,
       "original name":"ZGC@153031_DANRE"
      }
    },
   "attributes":{
     "Baseline MG94xREV":{
       "attribute type":"branch length",
       "display order":1
      },
     "Baseline MG94xREV omega ratio":{
       "attribute type":"branch label",
       "display order":1
      },
     "Corrected P-value":{
       "attribute type":"branch label",
       "display order":6
      },
     "Full adaptive model":{
       "attribute type":"branch length",
       "display order":2
      },
     "Full adaptive model (non-synonymous subs/site)":{
       "attribute type":"branch label",
       "display order":10
      },
     "Full adaptive model (synonymous subs/site)":{
       "attribute type":"branch label",
       "display order":9
      },
     "LRT":{
       "attribute type":"branch label",
       "display order":4
      },
     "Nucleotide GTR":{
       "attribute type":"branch length",
       "display order":0
      },
     "Rate Distributions":{
       "attribute type":"branch label",
       "display order":3
      },
     "Rate classes":{
       "attribute type":"branch label",
       "display order":2
      },
     "Uncorrected P-value":{
       "attribute type":"branch label",
       "display order":5
      },
     "original name":{
       "attribute type":"node label",
       "display order":-1
      }
    }
  },