{
 "analysis":{
   "authors":"Sergei L Kosakovsky Pond, Ben Murrell, Steven Weaver and Temple iGEM / UCSD viral evolution group",
   "citation":"Less Is More: An Adaptive Branch-Site Random Effects Model for Efficient Detection of Episodic Diversifying Selection (2015). Mol Biol Evol 32 (5): 1342-1353. v2.2 adds support for multiple-hit models",
   "contact":"spond@temple.edu",
   "info":"aBSREL (Adaptive branch-site random effects likelihood)\n                            uses an adaptive random effects branch-site model framework\n                            to test whether each branch has evolved under positive selection,\n                            using a procedure which infers an optimal number of rate categories per branch.",
   "requirements":"in-frame codon alignment and a phylogenetic tree",
   "version":"2.2"
  },
 "branch attributes":{
   "0":{
     "B0JZ36_XENTR":{
       "Baseline MG94xREV":0.6434204869354205,
       "Baseline MG94xREV omega ratio":0.1083282094539067,
       "Corrected P-value":0.951658157636692,
       "Full adaptive model":1.385233399187494,
       "Full adaptive model (non-synonymous subs/site)":1.087323303322727,
       "Full adaptive model (synonymous subs/site)":0.2979100958647678,
       "LRT":2.752736026228376,
       "Nucleotide GTR":0.3364233891912335,
       "Rate Distributions":        [
[0.08691867138576102, 0.1260518849666792],
        [0.08883950958150665, 0.7618638465261984],
        [10.04627064177595, 0.1120842685071224] 
        ],
       "Rate classes":3,
       "Uncorrected P-value":0.0951658157636692,
       "original name":"B0JZ36_XENTR"
      },
     "ENSGACP00000026220":{
       "Baseline MG94xREV":0.09137365313472166,
       "Baseline MG94xREV omega ratio":0.06244964968211436,
       "Corrected P-value":1,
       "Full adaptive model":0.09130569009569349,
       "Full adaptive model (non-synonymous subs/site)":0.01260018257170502,
       "Full adaptive model (synonymous subs/site)":0.07870550752398833,
       "LRT":0,
       "Nucleotide GTR":0.07049666206805029,
       "Rate Distributions":        [
[0.05284037498621541, 1] 
        ],
       "Rate classes":1,
       "Uncorrected P-value":1,
       "original name":"ENSGACP00000026220"
      },
     "ENSONIP00000017053":{
       "Baseline MG94xREV":0.07916652817307859,
       "Baseline MG94xREV omega ratio":0.04361029635342704,
       "Corrected P-value":1,
       "Full adaptive model":0.07692387468745542,
       "Full adaptive model (non-synonymous subs/site)":0.008462775913665024,
       "Full adaptive model (synonymous subs/site)":0.06846109877379043,
       "LRT":0,
       "Nucleotide GTR":0.06147551755615763,
       "Rate Distributions":        [
[0.04080028089042474, 1] 
        ],
       "Rate classes":1,
       "Uncorrected P-value":1,
       "original name":"ENSONIP00000017053"
      },
     "ENSORLP00000007234":{
       "Baseline MG94xREV":0.1423138623899741,
       "Baseline MG94xREV omega ratio":0.1224300740729715,
       "Corrected P-value":1,
       "Full adaptive model":0.1349471722556844,
       "Full adaptive model (non-synonymous subs/site)":0.0339823102871454,
       "Full adaptive model (synonymous subs/site)":0.1009648619685391,
       "LRT":0,
       "Nucleotide GTR":0.1062048796090517,
       "Rate Distributions":        [
[0.1110904745509133, 1] 
        ],
       "Rate classes":1,
       "Uncorrected P-value":1,
       "original name":"ENSORLP00000007234"
      },
     "ENSTNIP00000016831":{
       "Baseline MG94xREV":0.06748363695983797,
       "Baseline MG94xREV omega ratio":0.1612209033519168,
       "Corrected P-value":0.6270882605165411,
       "Full adaptive model":9.129478023783344,
       "Full adaptive model (non-synonymous subs/site)":9.085448997903274,
       "Full adaptive model (synonymous subs/site)":0.04402902588006997,
       "LRT":3.735052294231537,
       "Nucleotide GTR":0.05781463126913371,
       "Rate Distributions":        [
[0.09182153899876196, 0.9823150640553869],
        [3846.116864262084, 0.01768493594461307] 
        ],
       "Rate classes":2,
       "Uncorrected P-value":0.05700802368332192,
       "original name":"ENSTNIP00000016831"
      },
     "ENSTRUP00000009078":{
       "Baseline MG94xREV":0.07041275529631605,
       "Baseline MG94xREV omega ratio":0.08406542118321721,
       "Corrected P-value":1,
       "Full adaptive model":0.06440714262909493,
       "Full adaptive model (non-synonymous subs/site)":0.01228036907385045,
       "Full adaptive model (synonymous subs/site)":0.05212677355524462,
       "LRT":0,
       "Nucleotide GTR":0.05815840629472721,
       "Rate Distributions":        [
[0.07775794088197538, 1] 
        ],
       "Rate classes":1,
       "Uncorrected P-value":1,
       "original name":"ENSTRUP00000009078"
      },
     "KRCP_DANRE":{
       "Baseline MG94xREV":0.118166018253974,
       "Baseline MG94xREV omega ratio":0.1401073819497144,
       "Corrected P-value":1,
       "Full adaptive model":0.1863799945123069,
       "Full adaptive model (non-synonymous subs/site)":0.03132783929234868,
       "Full adaptive model (synonymous subs/site)":0.1550521552199583,
       "LRT":0,
       "Nucleotide GTR":0.1376632894570289,
       "Rate Distributions":        [
[0.06668786469061423, 1] 
        ],
       "Rate classes":1,
       "Uncorrected P-value":1,
       "original name":"KRCP_DANRE"
      },
     "NODE_3":{
       "Baseline MG94xREV":0.0001759134466776575,
       "Baseline MG94xREV omega ratio":0,
       "Corrected P-value":1,
       "Full adaptive model":0,
       "Full adaptive model (non-synonymous subs/site)":1e-10,
       "Full adaptive model (synonymous subs/site)":1e-10,
       "LRT":0,
       "Nucleotide GTR":0.00674169625606127,
       "Rate Distributions":        [
[1, 1] 
        ],
       "Rate classes":1,
       "Uncorrected P-value":1
      },
     "NODE_5":{
       "Baseline MG94xREV":0.03314566667313338,
       "Baseline MG94xREV omega ratio":0.05229909244269681,
       "Corrected P-value":1,
       "Full adaptive model":0.004007393141599826,
       "Full adaptive model (non-synonymous subs/site)":0.004007393141599826,
       "Full adaptive model (synonymous subs/site)":1e-10,
       "LRT":0.06222525640532695,
       "Nucleotide GTR":0.01138104314413299,
       "Rate Distributions":        [
[10000000000, 1] 
        ],
       "Rate classes":1,
       "Uncorrected P-value":0.451412473531697
      },
     "NODE_8":{
       "Baseline MG94xREV":0.06056138080414655,
       "Baseline MG94xREV omega ratio":0.1408246561672868,
       "Corrected P-value":1,
       "Full adaptive model":0.09332677004591695,
       "Full adaptive model (non-synonymous subs/site)":0.01635797108906022,
       "Full adaptive model (synonymous subs/site)":0.07696879895685672,
       "LRT":0,
       "Nucleotide GTR":0.06057596764128343,
       "Rate Distributions":        [
[0.07014696788833311, 1] 
        ],
       "Rate classes":1,
       "Uncorrected P-value":1
      },
     "NODE_9":{
       "Baseline MG94xREV":0.484832023547084,
       "Baseline MG94xREV omega ratio":0.02806586916741618,
       "Corrected P-value":0.9612479860047111,
       "Full adaptive model":2834.303014454604,
       "Full adaptive model (non-synonymous subs/site)":2834.076777788067,
       "Full adaptive model (synonymous subs/site)":0.226236666536683,
       "LRT":2.533658953597296,
       "Nucleotide GTR":0.1299308067035145,
       "Rate Distributions":        [
[0.01813895020780244, 0.9586532889779572],
        [100000, 0.04134671102204279] 
        ],
       "Rate classes":2,
       "Uncorrected P-value":0.1068053317783012
      }
    },
   "attributes":{
     "Baseline MG94xREV":{
       "attribute type":"branch length",
       "display order":1
      },
     "Baseline MG94xREV omega ratio":{
       "attribute type":"branch label",
       "display order":1
      },
     "Corrected P-value":{
       "attribute type":"branch label",
       "display order":6
      },