{
 "analysis":{
   "authors":"Sergei L Kosakovsky Pond, Ben Murrell, Steven Weaver and Temple iGEM / UCSD viral evolution group",
   "citation":"Less Is More: An Adaptive Branch-Site Random Effects Model for Efficient Detection of Episodic Diversifying Selection (2015). Mol Biol Evol 32 (5): 1342-1353. v2.2 adds support for multiple-hit models",
   "contact":"spond@temple.edu",
   "info":"aBSREL (Adaptive branch-site random effects likelihood)\n                            uses an adaptive random effects branch-site model framework\n                            to test whether each branch has evolved under positive selection,\n                            using a procedure which infers an optimal number of rate categories per branch.",
   "requirements":"in-frame codon alignment and a phylogenetic tree",
   "version":"2.2"
  },
 "branch attributes":{
   "0":{
     "CABZ01029822_1_DANRE":{
       "Baseline MG94xREV":0.3430631620105795,
       "Baseline MG94xREV omega ratio":0.1114686430655491,
       "Corrected P-value":1,
       "Full adaptive model":0.4016129268716696,
       "Full adaptive model (non-synonymous subs/site)":0.1809041101487755,
       "Full adaptive model (synonymous subs/site)":0.2207088167228941,
       "LRT":0.4933547656037263,
       "Nucleotide GTR":0.2062945543455543,
       "Rate Distributions":        [
[0.0684338566647283, 0.9239406542457594],
        [2.881896358912002, 0.07605934575424056] 
        ],
       "Rate classes":2,
       "Uncorrected P-value":0.3309047480314656,
       "original name":"CABZ01029822.1_DANRE"
      },
     "ENSGACP00000012701":{
       "Baseline MG94xREV":0.09680558421347192,
       "Baseline MG94xREV omega ratio":0.2591435056517015,
       "Corrected P-value":1,
       "Full adaptive model":0.09879006813387077,
       "Full adaptive model (non-synonymous subs/site)":0.04198458922927977,
       "Full adaptive model (synonymous subs/site)":0.05680547890459101,
       "LRT":0,
       "Nucleotide GTR":0.08579175610507576,
       "Rate Distributions":        [
[0.2546668935079021, 1] 
        ],
       "Rate classes":1,
       "Uncorrected P-value":1,
       "original name":"ENSGACP00000012701"
      },
     "ENSONIP00000006234":{
       "Baseline MG94xREV":0.1480632121971768,
       "Baseline MG94xREV omega ratio":0.4622067333792035,
       "Corrected P-value":1,
       "Full adaptive model":0.1613152589075707,
       "Full adaptive model (non-synonymous subs/site)":0.1132019973206073,
       "Full adaptive model (synonymous subs/site)":0.04811326158696331,
       "LRT":2.222142997905394,
       "Nucleotide GTR":0.1331735377566529,
       "Rate Distributions":        [
[0, 0.6929554383253063],
        [2.640345070081519, 0.3070445616746937] 
        ],
       "Rate classes":2,
       "Uncorrected P-value":0.1259706300033253,
       "original name":"ENSONIP00000006234"
      },
     "ENSONIP00000016424":{
       "Baseline MG94xREV":0.1012712725288571,
       "Baseline MG94xREV omega ratio":0.6101177726741327,
       "Corrected P-value":0.2449726233273548,
       "Full adaptive model":0.12035585905208,
       "Full adaptive model (non-synonymous subs/site)":0.08464055509803897,
       "Full adaptive model (synonymous subs/site)":0.03571530395404099,
       "LRT":5.731537015586582,
       "Nucleotide GTR":0.1100757666407671,
       "Rate Distributions":        [
[0.0391548382708512, 0.7780256431043515],
        [3.541459466498765, 0.2219743568956485] 
        ],
       "Rate classes":2,
       "Uncorrected P-value":0.02041438527727957,
       "original name":"ENSONIP00000016424"
      },
     "ENSORLP00000016287":{
       "Baseline MG94xREV":0.2044527132920947,
       "Baseline MG94xREV omega ratio":0.153044154479662,
       "Corrected P-value":1,
       "Full adaptive model":0.2154596734656384,
       "Full adaptive model (non-synonymous subs/site)":0.07685306113691039,
       "Full adaptive model (synonymous subs/site)":0.138606612328728,
       "LRT":0,
       "Nucleotide GTR":0.1701743880141184,
       "Rate Distributions":        [
[0, 0.681726148706372],
        [0.6002733599985185, 0.318273851293628] 
        ],
       "Rate classes":2,
       "Uncorrected P-value":1,
       "original name":"ENSORLP00000016287"
      },
     "ENSTNIP00000010835":{
       "Baseline MG94xREV":0.1031045611342526,
       "Baseline MG94xREV omega ratio":0.2725265925733633,
       "Corrected P-value":1,
       "Full adaptive model":0.103818355376061,
       "Full adaptive model (non-synonymous subs/site)":0.04249112878342497,
       "Full adaptive model (synonymous subs/site)":0.0613272265926359,
       "LRT":0,
       "Nucleotide GTR":0.09355235538319429,
       "Rate Distributions":        [
[0.2387359110082738, 1] 
        ],
       "Rate classes":1,
       "Uncorrected P-value":1,
       "original name":"ENSTNIP00000010835"
      },
     "ENSTRUP00000006338":{
       "Baseline MG94xREV":0.1991845289149131,
       "Baseline MG94xREV omega ratio":0.3370293150463383,
       "Corrected P-value":1,
       "Full adaptive model":0.22376424646611,
       "Full adaptive model (non-synonymous subs/site)":0.118880194446586,
       "Full adaptive model (synonymous subs/site)":0.104884052019524,
       "LRT":0.007309732571229688,
       "Nucleotide GTR":0.1875644699673608,
       "Rate Distributions":        [
[0, 0.6336073534865877],
        [1.065923675400258, 0.3663926465134123] 
        ],
       "Rate classes":2,
       "Uncorrected P-value":0.4852788015887116,
       "original name":"ENSTRUP00000006338"
      },
     "ENSTRUP00000030927":{
       "Baseline MG94xREV":0.06465227649178527,
       "Baseline MG94xREV omega ratio":0.2314889198808231,
       "Corrected P-value":1,
       "Full adaptive model":0.06572159819546043,
       "Full adaptive model (non-synonymous subs/site)":0.02722870996840499,
       "Full adaptive model (synonymous subs/site)":0.0384928882270554,
       "LRT":0,
       "Nucleotide GTR":0.065074294810049,
       "Rate Distributions":        [
[0.2437358291551885, 1] 
        ],
       "Rate classes":1,
       "Uncorrected P-value":1,
       "original name":"ENSTRUP00000030927"
      },
     "NODE_10":{
       "Baseline MG94xREV":0.06318680127759616,
       "Baseline MG94xREV omega ratio":0.1248497640348004,
       "Corrected P-value":0.2932548661670367,
       "Full adaptive model":14.24108293648309,
       "Full adaptive model (non-synonymous subs/site)":14.20225354151898,
       "Full adaptive model (synonymous subs/site)":0.03882939496411818,
       "LRT":5.210210330538757,
       "Nucleotide GTR":0.04220230836493837,
       "Rate Distributions":        [
[0, 0.967239538024011],
        [3846.975570608123, 0.03276046197598903] 
        ],
       "Rate classes":2,
       "Uncorrected P-value":0.02665953328791243
      },
     "NODE_13":{
       "Baseline MG94xREV":0.06454211565144566,
       "Baseline MG94xREV omega ratio":0.5024872617902308,
       "Corrected P-value":0.9774153133561605,
       "Full adaptive model":0.3287402993236409,
       "Full adaptive model (non-synonymous subs/site)":0.3072201733426513,
       "Full adaptive model (synonymous subs/site)":0.02152012598098964,
       "LRT":2.701947567102252,
       "Nucleotide GTR":0.07252662307357385,
       "Rate Distributions":        [
[0.4175174578113575, 0.9759482231731889],
        [187.5759479021189, 0.02405177682681114] 
        ],
       "Rate classes":2,
       "Uncorrected P-value":0.09774153133561606
      },
     "NODE_14":{
       "Baseline MG94xREV":0.3433202051089229,
       "Baseline MG94xREV omega ratio":0.3156291660553343,
       "Corrected P-value":0.1061028555667882,
       "Full adaptive model":20.91285806677899,
       "Full adaptive model (non-synonymous subs/site)":20.82134444270965,
       "Full adaptive model (synonymous subs/site)":0.09151362406933225,
       "LRT":7.530511953271343,
       "Nucleotide GTR":0.2611241070251584,