{
 "analysis":{
   "authors":"Sergei L Kosakovsky Pond, Ben Murrell, Steven Weaver and Temple iGEM / UCSD viral evolution group",
   "citation":"Less Is More: An Adaptive Branch-Site Random Effects Model for Efficient Detection of Episodic Diversifying Selection (2015). Mol Biol Evol 32 (5): 1342-1353. v2.2 adds support for multiple-hit models",
   "contact":"spond@temple.edu",
   "info":"aBSREL (Adaptive branch-site random effects likelihood)\n                            uses an adaptive random effects branch-site model framework\n                            to test whether each branch has evolved under positive selection,\n                            using a procedure which infers an optimal number of rate categories per branch.",
   "requirements":"in-frame codon alignment and a phylogenetic tree",
   "version":"2.2"
  },
 "branch attributes":{
   "0":{
     "ENSOCUP00000015542":{
       "Baseline MG94xREV":0.004481856295707833,
       "Baseline MG94xREV omega ratio":1.219655661726472,
       "Corrected P-value":1,
       "Full adaptive model":0.004681937984502845,
       "Full adaptive model (non-synonymous subs/site)":0.003512198710964902,
       "Full adaptive model (synonymous subs/site)":0.001169739273537945,
       "LRT":0.01057336242411111,
       "Nucleotide GTR":0.004430644643334367,
       "Rate Distributions":        [
[1.145502515650473, 1] 
        ],
       "Rate classes":1,
       "Uncorrected P-value":0.4820382585714492,
       "original name":"ENSOCUP00000015542"
      },
     "ENSOCUP00000018345":{
       "Baseline MG94xREV":0.1707351805293127,
       "Baseline MG94xREV omega ratio":0.3721078421113239,
       "Corrected P-value":1,
       "Full adaptive model":0.3116336462896574,
       "Full adaptive model (non-synonymous subs/site)":0.2305524911109756,
       "Full adaptive model (synonymous subs/site)":0.08108115517868178,
       "LRT":1.909234758299135,
       "Nucleotide GTR":0.1615120513960784,
       "Rate Distributions":        [
[0.3044947211286171, 0.9650046798355292],
        [22.60235907281632, 0.03499532016447082] 
        ],
       "Rate classes":2,
       "Uncorrected P-value":0.1488974805102197,
       "original name":"ENSOCUP00000018345"
      },
     "ENSOCUP00000020074":{
       "Baseline MG94xREV":0.003058206889303241,
       "Baseline MG94xREV omega ratio":0.624430114380791,
       "Corrected P-value":1,
       "Full adaptive model":0.002983442892791249,
       "Full adaptive model (non-synonymous subs/site)":0.001806682036549561,
       "Full adaptive model (synonymous subs/site)":0.001176760856241692,
       "LRT":0,
       "Nucleotide GTR":0.003110101950504825,
       "Rate Distributions":        [
[0.5857328107822525, 1] 
        ],
       "Rate classes":1,
       "Uncorrected P-value":1,
       "original name":"ENSOCUP00000020074"
      },
     "ENSOCUP00000023965":{
       "Baseline MG94xREV":0.003011076521020267,
       "Baseline MG94xREV omega ratio":0.7131502120570268,
       "Corrected P-value":1,
       "Full adaptive model":0.003023116995600944,
       "Full adaptive model (non-synonymous subs/site)":0.001919536761744505,
       "Full adaptive model (synonymous subs/site)":0.00110358023385644,
       "LRT":0,
       "Nucleotide GTR":0.003495619234648,
       "Rate Distributions":        [
[0.6635880554421019, 1] 
        ],
       "Rate classes":1,
       "Uncorrected P-value":1,
       "original name":"ENSOCUP00000023965"
      },
     "ENSOCUP00000024737":{
       "Baseline MG94xREV":0.009392694338244634,
       "Baseline MG94xREV omega ratio":0.887354119239147,
       "Corrected P-value":1,
       "Full adaptive model":0.009385031076930639,
       "Full adaptive model (non-synonymous subs/site)":0.00647914774288005,
       "Full adaptive model (synonymous subs/site)":0.002905883334050589,
       "LRT":0,
       "Nucleotide GTR":0.009305740926233647,
       "Rate Distributions":        [
[0.8506398975446696, 1] 
        ],
       "Rate classes":1,
       "Uncorrected P-value":1,
       "original name":"ENSOCUP00000024737"
      },
     "ENSOCUP00000024841":{
       "Baseline MG94xREV":0.005670386947367433,
       "Baseline MG94xREV omega ratio":0.3798601788477942,
       "Corrected P-value":1,
       "Full adaptive model":0.005691542645499815,
       "Full adaptive model (non-synonymous subs/site)":0.002792937363006313,
       "Full adaptive model (synonymous subs/site)":0.002898605282493505,
       "LRT":0,
       "Nucleotide GTR":0.0056065964030991,
       "Rate Distributions":        [
[0.3676022459271927, 1] 
        ],
       "Rate classes":1,
       "Uncorrected P-value":1,
       "original name":"ENSOCUP00000024841"
      },
     "ENSOCUP00000025791":{
       "Baseline MG94xREV":0.009402052190085839,
       "Baseline MG94xREV omega ratio":0.6580990951935901,
       "Corrected P-value":1,
       "Full adaptive model":0.009540149043403931,
       "Full adaptive model (non-synonymous subs/site)":0.005623094810377103,
       "Full adaptive model (synonymous subs/site)":0.003917054233026824,
       "LRT":0,
       "Nucleotide GTR":0.01034863277659304,
       "Rate Distributions":        [
[0.547673668598207, 1] 
        ],
       "Rate classes":1,
       "Uncorrected P-value":1,
       "original name":"ENSOCUP00000025791"
      },
     "NODE_10":{
       "Baseline MG94xREV":0.03215602460296458,
       "Baseline MG94xREV omega ratio":0.5772196363446066,
       "Corrected P-value":0.8415966951899392,
       "Full adaptive model":0.0348503554599958,
       "Full adaptive model (non-synonymous subs/site)":0.02248401117469405,
       "Full adaptive model (synonymous subs/site)":0.01236634428530175,
       "LRT":2.987068248550713,
       "Nucleotide GTR":0.03232201647658182,
       "Rate Distributions":        [
[0, 0.8742321743194604],
        [5.515297529430878, 0.1257678256805396] 
        ],
       "Rate classes":2,
       "Uncorrected P-value":0.08415966951899392
      },
     "NODE_3":{
       "Baseline MG94xREV":0.00181160627886802,
       "Baseline MG94xREV omega ratio":0,
       "Corrected P-value":1,
       "Full adaptive model":0.0017836696338814,
       "Full adaptive model (non-synonymous subs/site)":1e-10,
       "Full adaptive model (synonymous subs/site)":0.0017836696338814,
       "LRT":0,
       "Nucleotide GTR":0.0012952784150125,
       "Rate Distributions":        [
[0, 1] 
        ],
       "Rate classes":1,
       "Uncorrected P-value":1
      },
     "NODE_5":{
       "Baseline MG94xREV":0.02002308005704907,
       "Baseline MG94xREV omega ratio":0.403143476710006,
       "Corrected P-value":1,
       "Full adaptive model":0.01982342754616183,
       "Full adaptive model (non-synonymous subs/site)":0.009950814468992023,
       "Full adaptive model (synonymous subs/site)":0.009872613077169806,
       "LRT":0,
       "Nucleotide GTR":0.01955947916776672,
       "Rate Distributions":        [
[0.3845320576010277, 1] 
        ],
       "Rate classes":1,
       "Uncorrected P-value":1
      },
     "NODE_7":{
       "Baseline MG94xREV":0.02051635398333554,
       "Baseline MG94xREV omega ratio":0.320093993672904,
       "Corrected P-value":0.319504039091777,
       "Full adaptive model":0.0277241483230215,
       "Full adaptive model (non-synonymous subs/site)":0.01770689871919951,
       "Full adaptive model (synonymous subs/site)":0.01001724960382199,
       "LRT":5.043067599121059,
       "Nucleotide GTR":0.0186304802541029,
       "Rate Distributions":        [
[0.2343545990630984, 0.9916192132623108],
        [52.73756437736097, 0.008380786737689161] 
        ],
       "Rate classes":2,
       "Uncorrected P-value":0.0290458217356161
      }
    },
   "attributes":{
     "Baseline MG94xREV":{
       "attribute type":"branch length",
       "display order":1
      },
     "Baseline MG94xREV omega ratio":{
       "attribute type":"branch label",
       "display order":1
      },
     "Corrected P-value":{
       "attribute type":"branch label",