{
 "analysis":{
   "authors":"Sergei L Kosakovsky Pond, Ben Murrell, Steven Weaver and Temple iGEM / UCSD viral evolution group",
   "citation":"Less Is More: An Adaptive Branch-Site Random Effects Model for Efficient Detection of Episodic Diversifying Selection (2015). Mol Biol Evol 32 (5): 1342-1353. v2.2 adds support for multiple-hit models",
   "contact":"spond@temple.edu",
   "info":"aBSREL (Adaptive branch-site random effects likelihood)\n                            uses an adaptive random effects branch-site model framework\n                            to test whether each branch has evolved under positive selection,\n                            using a procedure which infers an optimal number of rate categories per branch.",
   "requirements":"in-frame codon alignment and a phylogenetic tree",
   "version":"2.2"
  },
 "branch attributes":{
   "0":{
     "NODE_11":{
       "Baseline MG94xREV":0.1021186927410462,
       "Baseline MG94xREV omega ratio":0.06326618626155507,
       "Corrected P-value":1,
       "Full adaptive model":2.956816105104993,
       "Full adaptive model (non-synonymous subs/site)":2.853010680650227,
       "Full adaptive model (synonymous subs/site)":0.1038054244547667,
       "LRT":1.635560865594016,
       "Nucleotide GTR":0.07574112897107022,
       "Rate Distributions":        [
[0.02536034830989793, 0.9881520438642313],
        [785.9796878398074, 0.01184795613576872] 
        ],
       "Rate classes":2,
       "Uncorrected P-value":0.1726102173073998
      },
     "NODE_3":{
       "Baseline MG94xREV":0.00653467627807405,
       "Baseline MG94xREV omega ratio":0.2295882065622811,
       "Corrected P-value":1,
       "Full adaptive model":0.009318412008436201,
       "Full adaptive model (non-synonymous subs/site)":0.002412173138344388,
       "Full adaptive model (synonymous subs/site)":0.006906238870091799,
       "LRT":0,
       "Nucleotide GTR":0.01474939098591042,
       "Rate Distributions":        [
[0.1186602988778078, 1] 
        ],
       "Rate classes":1,
       "Uncorrected P-value":1
      },
     "NODE_5":{
       "Baseline MG94xREV":0.02695918980273454,
       "Baseline MG94xREV omega ratio":0.05955282171838434,
       "Corrected P-value":1,
       "Full adaptive model":0.02584833017036164,
       "Full adaptive model (non-synonymous subs/site)":0.004454999943054221,
       "Full adaptive model (synonymous subs/site)":0.02139333022730742,
       "LRT":2.580489537112953,
       "Nucleotide GTR":0.02357190541818268,
       "Rate Distributions":        [
[0, 0.9953190204877108],
        [15.11371136435605, 0.004680979512289185] 
        ],
       "Rate classes":2,
       "Uncorrected P-value":0.1041986638132687
      },
     "NODE_8":{
       "Baseline MG94xREV":0.07028121712407386,
       "Baseline MG94xREV omega ratio":0.0976694360522726,
       "Corrected P-value":1,
       "Full adaptive model":0.06966945430502949,
       "Full adaptive model (non-synonymous subs/site)":0.01490757304745725,
       "Full adaptive model (synonymous subs/site)":0.05476188125757223,
       "LRT":0,
       "Nucleotide GTR":0.05012624391492789,
       "Rate Distributions":        [
[0.09248411462803299, 1] 
        ],
       "Rate classes":1,
       "Uncorrected P-value":1
      },
     "NODE_9":{
       "Baseline MG94xREV":0.02170956171111653,
       "Baseline MG94xREV omega ratio":0.1682640928702334,
       "Corrected P-value":1,
       "Full adaptive model":0.009406375942806388,
       "Full adaptive model (non-synonymous subs/site)":0.005914271449381122,
       "Full adaptive model (synonymous subs/site)":0.003492104493425263,
       "LRT":0,
       "Nucleotide GTR":0.0276458733557298,
       "Rate Distributions":        [
[0.5753771086942192, 1] 
        ],
       "Rate classes":1,
       "Uncorrected P-value":1
      },
     "Q4RFY5_TETNG":{
       "Baseline MG94xREV":0.08558639154796409,
       "Baseline MG94xREV omega ratio":0.1368316526122847,
       "Corrected P-value":1,
       "Full adaptive model":0.08680079345270068,
       "Full adaptive model (non-synonymous subs/site)":0.02221534698688879,
       "Full adaptive model (synonymous subs/site)":0.06458544646581192,
       "LRT":0,
       "Nucleotide GTR":0.07075313210062431,
       "Rate Distributions":        [
[0.1168576077271398, 1] 
        ],
       "Rate classes":1,
       "Uncorrected P-value":1,
       "original name":"Q4RFY5_TETNG"
      },
     "SH3GLB1_1_OF_2_DANRE":{
       "Baseline MG94xREV":0.3183901587976181,
       "Baseline MG94xREV omega ratio":0.04129360974981101,
       "Corrected P-value":1,
       "Full adaptive model":0.2552473352790931,
       "Full adaptive model (non-synonymous subs/site)":0.0311108024502122,
       "Full adaptive model (synonymous subs/site)":0.224136532828881,
       "LRT":0,
       "Nucleotide GTR":0.1619290802408196,
       "Rate Distributions":        [
[0.04715601748422912, 1] 
        ],
       "Rate classes":1,
       "Uncorrected P-value":1,
       "original name":"SH3GLB1_1_OF_2_DANRE"
      },
     "SH3GLB1_DANRE":{
       "Baseline MG94xREV":0.3253640164400948,
       "Baseline MG94xREV omega ratio":0.074498570914629,
       "Corrected P-value":1,
       "Full adaptive model":0.7435886776911245,
       "Full adaptive model (non-synonymous subs/site)":0.5568829088869084,
       "Full adaptive model (synonymous subs/site)":0.1867057688042159,
       "LRT":2.067079234398989,
       "Nucleotide GTR":0.180769711273177,
       "Rate Distributions":        [
[0.06781902463268366, 0.9709870344888197],
        [32.65657761735267, 0.02901296551118027] 
        ],
       "Rate classes":2,
       "Uncorrected P-value":0.1368255628150792,
       "original name":"SH3GLB1_DANRE"
      },
     "SH3GLB1_GADMO":{
       "Baseline MG94xREV":0.1447365026716887,
       "Baseline MG94xREV omega ratio":0.06135704282389481,
       "Corrected P-value":1,
       "Full adaptive model":0.153656610761329,
       "Full adaptive model (non-synonymous subs/site)":0.02587845459239954,
       "Full adaptive model (synonymous subs/site)":0.1277781561689294,
       "LRT":0,
       "Nucleotide GTR":0.09678608395095015,
       "Rate Distributions":        [
[0.003118893111625162, 0.9255543231344889],
        [0.8854555670119383, 0.07444567686551107] 
        ],
       "Rate classes":2,
       "Uncorrected P-value":1,
       "original name":"SH3GLB1_GADMO"
      },
     "SH3GLB1_GASAC":{
       "Baseline MG94xREV":0.07963071290694497,
       "Baseline MG94xREV omega ratio":0.05281430311327949,
       "Corrected P-value":1,
       "Full adaptive model":0.07439466529764684,
       "Full adaptive model (non-synonymous subs/site)":0.009538503758200288,
       "Full adaptive model (synonymous subs/site)":0.06485616153944658,
       "LRT":0,
       "Nucleotide GTR":0.06626237856380159,
       "Rate Distributions":        [
[0.04996519306780632, 1] 
        ],
       "Rate classes":1,
       "Uncorrected P-value":1,
       "original name":"SH3GLB1_GASAC"
      },
     "SH3GLB1_ORENI":{
       "Baseline MG94xREV":0.1002772378226706,
       "Baseline MG94xREV omega ratio":0.04194516221794919,
       "Corrected P-value":1,
       "Full adaptive model":0.09453028800479489,
       "Full adaptive model (non-synonymous subs/site)":0.009764397990419475,
       "Full adaptive model (synonymous subs/site)":0.08476589001437534,
       "LRT":0,
       "Nucleotide GTR":0.08608417056874974,
       "Rate Distributions":        [
[0.03913478054550427, 1] 
        ],
       "Rate classes":1,
       "Uncorrected P-value":1,
       "original name":"SH3GLB1_ORENI"
      },
     "SH3GLB1_ORYLA":{
       "Baseline MG94xREV":0.1371296630547664,
       "Baseline MG94xREV omega ratio":0.02247483443059148,
       "Corrected P-value":1,
       "Full adaptive model":181.6727977558522,
       "Full adaptive model (non-synonymous subs/site)":181.5501206778642,
       "Full adaptive model (synonymous subs/site)":0.1226770779880236,
       "LRT":0.7606992526125396,