{
 "analysis":{
   "authors":"Sergei L Kosakovsky Pond, Ben Murrell, Steven Weaver and Temple iGEM / UCSD viral evolution group",
   "citation":"Less Is More: An Adaptive Branch-Site Random Effects Model for Efficient Detection of Episodic Diversifying Selection (2015). Mol Biol Evol 32 (5): 1342-1353. v2.2 adds support for multiple-hit models",
   "contact":"spond@temple.edu",
   "info":"aBSREL (Adaptive branch-site random effects likelihood)\n                            uses an adaptive random effects branch-site model framework\n                            to test whether each branch has evolved under positive selection,\n                            using a procedure which infers an optimal number of rate categories per branch.",
   "requirements":"in-frame codon alignment and a phylogenetic tree",
   "version":"2.2"
  },
 "branch attributes":{
   "0":{
     "ENSSSCP00000023483":{
       "Baseline MG94xREV":0.0627095488997287,
       "Baseline MG94xREV omega ratio":0.2418342132361479,
       "Corrected P-value":1,
       "Full adaptive model":0.0665987035029367,
       "Full adaptive model (non-synonymous subs/site)":0.02675175080129579,
       "Full adaptive model (synonymous subs/site)":0.03984695270164092,
       "LRT":0.8747010350875826,
       "Nucleotide GTR":0.05864720908486486,
       "Rate Distributions":        [
[0.1199101390667104, 0.9759030858239509],
        [5.808849778834303, 0.02409691417604909] 
        ],
       "Rate classes":2,
       "Uncorrected P-value":0.2636549425448041,
       "original name":"ENSSSCP00000023483"
      },
     "ENSVPAP00000005552":{
       "Baseline MG94xREV":0.02040820383854642,
       "Baseline MG94xREV omega ratio":0.08579543928748402,
       "Corrected P-value":1,
       "Full adaptive model":0.02019339102277588,
       "Full adaptive model (non-synonymous subs/site)":0.003296496337222491,
       "Full adaptive model (synonymous subs/site)":0.01689689468555338,
       "LRT":0,
       "Nucleotide GTR":0.0202509205013164,
       "Rate Distributions":        [
[0.07468184142166108, 1] 
        ],
       "Rate classes":1,
       "Uncorrected P-value":1,
       "original name":"ENSVPAP00000005552"
      },
     "LOC100446523_PONAB":{
       "Baseline MG94xREV":0.009864888886482607,
       "Baseline MG94xREV omega ratio":0.09821918086274929,
       "Corrected P-value":1,
       "Full adaptive model":0.009641789119329771,
       "Full adaptive model (non-synonymous subs/site)":0.001720455557045402,
       "Full adaptive model (synonymous subs/site)":0.007921333562284362,
       "LRT":0,
       "Nucleotide GTR":0.009750746200944396,
       "Rate Distributions":        [
[0.0831408526868444, 1] 
        ],
       "Rate classes":1,
       "Uncorrected P-value":1,
       "original name":"LOC100446523_PONAB"
      },
     "LOC748628_PANTR":{
       "Baseline MG94xREV":0.009871772999800318,
       "Baseline MG94xREV omega ratio":0.4761203290736526,
       "Corrected P-value":1,
       "Full adaptive model":0.009834132496145506,
       "Full adaptive model (non-synonymous subs/site)":0.004975429910619858,
       "Full adaptive model (synonymous subs/site)":0.004858702585525648,
       "LRT":0,
       "Nucleotide GTR":0.01013097590421564,
       "Rate Distributions":        [
[0.3919941760021193, 1] 
        ],
       "Rate classes":1,
       "Uncorrected P-value":1,
       "original name":"LOC748628_PANTR"
      },
     "NODE_10":{
       "Baseline MG94xREV":0.06892373158719789,
       "Baseline MG94xREV omega ratio":0.1904089809945806,
       "Corrected P-value":1,
       "Full adaptive model":0.06749282238681052,
       "Full adaptive model (non-synonymous subs/site)":0.01984847354929026,
       "Full adaptive model (synonymous subs/site)":0.04764434883752022,
       "LRT":0,
       "Nucleotide GTR":0.06232461956441858,
       "Rate Distributions":        [
[0.1594722179920966, 1] 
        ],
       "Rate classes":1,
       "Uncorrected P-value":1
      },
     "NODE_3":{
       "Baseline MG94xREV":0.004516823238324479,
       "Baseline MG94xREV omega ratio":0.9074475591200477,
       "Corrected P-value":1,
       "Full adaptive model":0.004520043735172316,
       "Full adaptive model (non-synonymous subs/site)":0.002973825173539747,
       "Full adaptive model (synonymous subs/site)":0.001546218561632566,
       "LRT":0,
       "Nucleotide GTR":0.004257579914818341,
       "Rate Distributions":        [
[0.7362306073647142, 1] 
        ],
       "Rate classes":1,
       "Uncorrected P-value":1
      },
     "NODE_5":{
       "Baseline MG94xREV":0.003301827235110533,
       "Baseline MG94xREV omega ratio":4.008799156357663e-18,
       "Corrected P-value":1,
       "Full adaptive model":0.003504589108914427,
       "Full adaptive model (non-synonymous subs/site)":1e-10,
       "Full adaptive model (synonymous subs/site)":0.003504589108914427,
       "LRT":0,
       "Nucleotide GTR":0.003636310610410208,
       "Rate Distributions":        [
[2.930481465715579e-18, 1] 
        ],
       "Rate classes":1,
       "Uncorrected P-value":1
      },
     "NOTCH2NL_HUMAN":{
       "Baseline MG94xREV":0,
       "Baseline MG94xREV omega ratio":1,
       "Corrected P-value":1,
       "Full adaptive model":0,
       "Full adaptive model (non-synonymous subs/site)":1e-10,
       "Full adaptive model (synonymous subs/site)":1e-10,
       "LRT":0,
       "Nucleotide GTR":0,
       "Rate Distributions":        [
[1, 1] 
        ],
       "Rate classes":1,
       "Uncorrected P-value":1,
       "original name":"NOTCH2NL_HUMAN"
      },
     "RP11_458D21_5_HUMAN":{
       "Baseline MG94xREV":0,
       "Baseline MG94xREV omega ratio":1,
       "Corrected P-value":1,
       "Full adaptive model":0,
       "Full adaptive model (non-synonymous subs/site)":1e-10,
       "Full adaptive model (synonymous subs/site)":1e-10,
       "LRT":0,
       "Nucleotide GTR":0,
       "Rate Distributions":        [
[1, 1] 
        ],
       "Rate classes":1,
       "Uncorrected P-value":1,
       "original name":"RP11-458D21.5_HUMAN"
      }
    },
   "attributes":{
     "Baseline MG94xREV":{
       "attribute type":"branch length",
       "display order":1
      },
     "Baseline MG94xREV omega ratio":{
       "attribute type":"branch label",
       "display order":1
      },
     "Corrected P-value":{
       "attribute type":"branch label",
       "display order":6
      },
     "Full adaptive model":{
       "attribute type":"branch length",
       "display order":2
      },
     "Full adaptive model (non-synonymous subs/site)":{
       "attribute type":"branch label",
       "display order":10
      },
     "Full adaptive model (synonymous subs/site)":{
       "attribute type":"branch label",
       "display order":9
      },
     "LRT":{
       "attribute type":"branch label",
       "display order":4
      },
     "Nucleotide GTR":{
       "attribute type":"branch length",
       "display order":0
      },
     "Rate Distributions":{
       "attribute type":"branch label",
       "display order":3
      },
     "Rate classes":{
       "attribute type":"branch label",
       "display order":2
      },
     "Uncorrected P-value":{
       "attribute type":"branch label",
       "display order":5
      },
     "original name":{
       "attribute type":"node label",
       "display order":-1
      }
    }
  },