{
 "analysis":{
   "authors":"Sergei L Kosakovsky Pond, Ben Murrell, Steven Weaver and Temple iGEM / UCSD viral evolution group",
   "citation":"Less Is More: An Adaptive Branch-Site Random Effects Model for Efficient Detection of Episodic Diversifying Selection (2015). Mol Biol Evol 32 (5): 1342-1353. v2.2 adds support for multiple-hit models",
   "contact":"spond@temple.edu",
   "info":"aBSREL (Adaptive branch-site random effects likelihood)\n                            uses an adaptive random effects branch-site model framework\n                            to test whether each branch has evolved under positive selection,\n                            using a procedure which infers an optimal number of rate categories per branch.",
   "requirements":"in-frame codon alignment and a phylogenetic tree",
   "version":"2.2"
  },
 "branch attributes":{
   "0":{
     "ABCB5_DANRE":{
       "Baseline MG94xREV":0.5419564938282528,
       "Baseline MG94xREV omega ratio":0.09058600212059496,
       "Corrected P-value":1,
       "Full adaptive model":0.5198319576403401,
       "Full adaptive model (non-synonymous subs/site)":0.1475179406420444,
       "Full adaptive model (synonymous subs/site)":0.3723140169982957,
       "LRT":0,
       "Nucleotide GTR":0.2915750975709274,
       "Rate Distributions":        [
[0, 0.6792991034822448],
        [0.4339061162581106, 0.3207008965177552] 
        ],
       "Rate classes":2,
       "Uncorrected P-value":1,
       "original name":"ABCB5_DANRE"
      },
     "ENSACAP00000011236":{
       "Baseline MG94xREV":0.224427866441534,
       "Baseline MG94xREV omega ratio":0.1838750937553576,
       "Corrected P-value":1,
       "Full adaptive model":0.2420740177209633,
       "Full adaptive model (non-synonymous subs/site)":0.1006896512323022,
       "Full adaptive model (synonymous subs/site)":0.1413843664886611,
       "LRT":-0.002805533775244839,
       "Nucleotide GTR":0.1841304629649949,
       "Rate Distributions":        [
[0.005549425024806815, 0.755422379050839],
        [1.005510062878096, 0.244577620949161] 
        ],
       "Rate classes":2,
       "Uncorrected P-value":0.5,
       "original name":"ENSACAP00000011236"
      },
     "ENSMGAP00000010751":{
       "Baseline MG94xREV":0.01408620014001852,
       "Baseline MG94xREV omega ratio":0.06419567318735482,
       "Corrected P-value":1,
       "Full adaptive model":0.01412290747421838,
       "Full adaptive model (non-synonymous subs/site)":0.002087128327917009,
       "Full adaptive model (synonymous subs/site)":0.01203577914630136,
       "LRT":0,
       "Nucleotide GTR":0.01334665773681075,
       "Rate Distributions":        [
[0.06090254405806453, 1] 
        ],
       "Rate classes":1,
       "Uncorrected P-value":1,
       "original name":"ENSMGAP00000010751"
      },
     "ENSTGUP00000002753":{
       "Baseline MG94xREV":0.05690473968835827,
       "Baseline MG94xREV omega ratio":0.2357037157545717,
       "Corrected P-value":1,
       "Full adaptive model":0.0566261054409128,
       "Full adaptive model (non-synonymous subs/site)":0.02563145960330454,
       "Full adaptive model (synonymous subs/site)":0.03099464583760825,
       "LRT":0.9758347225724719,
       "Nucleotide GTR":0.05576648023386177,
       "Rate Distributions":        [
[0.1694220579214199, 0.9731373004549362],
        [4.674246240438642, 0.02686269954506382] 
        ],
       "Rate classes":2,
       "Uncorrected P-value":0.2488169437738197,
       "original name":"ENSTGUP00000002753"
      },
     "F1NTA4_CHICK":{
       "Baseline MG94xREV":0.01133368704169622,
       "Baseline MG94xREV omega ratio":0.03225598608116911,
       "Corrected P-value":1,
       "Full adaptive model":0.01138212395728574,
       "Full adaptive model (non-synonymous subs/site)":0.0008105162486250172,
       "Full adaptive model (synonymous subs/site)":0.01057160770866072,
       "LRT":0,
       "Nucleotide GTR":0.01133584906458896,
       "Rate Distributions":        [
[0.02692657890598707, 1] 
        ],
       "Rate classes":1,
       "Uncorrected P-value":1,
       "original name":"F1NTA4_CHICK"
      },
     "F6WKA7_XENTR":{
       "Baseline MG94xREV":0.2351942188631201,
       "Baseline MG94xREV omega ratio":0.09472909394651864,
       "Corrected P-value":1,
       "Full adaptive model":0.3613201877121681,
       "Full adaptive model (non-synonymous subs/site)":0.1668488528254487,
       "Full adaptive model (synonymous subs/site)":0.1944713348867194,
       "LRT":0.9296336715560756,
       "Nucleotide GTR":0.1645238816824938,
       "Rate Distributions":        [
[0.03895579626097762, 0.9080613039812895],
        [0.4744902920438298, 0.06875582839863073],
        [10.06441017435425, 0.02318286762007979] 
        ],
       "Rate classes":3,
       "Uncorrected P-value":0.2554666769639198,
       "original name":"F6WKA7_XENTR"
      },
     "NODE_10":{
       "Baseline MG94xREV":0.05006884352012168,
       "Baseline MG94xREV omega ratio":0.2431352107454836,
       "Corrected P-value":1,
       "Full adaptive model":0.08433769484480491,
       "Full adaptive model (non-synonymous subs/site)":0.02754311547452626,
       "Full adaptive model (synonymous subs/site)":0.05679457937027864,
       "LRT":0.9092209713999182,
       "Nucleotide GTR":0.05871404046782673,
       "Rate Distributions":        [
[0, 0.9102162862144032],
        [1.897007735833014, 0.0897837137855968] 
        ],
       "Rate classes":2,
       "Uncorrected P-value":0.2584727832853354
      },
     "NODE_3":{
       "Baseline MG94xREV":0.1260533658818852,
       "Baseline MG94xREV omega ratio":0.04588885220551637,
       "Corrected P-value":1,
       "Full adaptive model":0.08694208241429835,
       "Full adaptive model (non-synonymous subs/site)":0.0170732797565844,
       "Full adaptive model (synonymous subs/site)":0.06986880265771395,
       "LRT":0.2225467975877109,
       "Nucleotide GTR":0.05073854073331942,
       "Rate Distributions":        [
[0, 0.9421120665674358],
        [1.482538914915425, 0.05788793343256415] 
        ],
       "Rate classes":2,
       "Uncorrected P-value":0.3958294722943197
      },
     "NODE_6":{
       "Baseline MG94xREV":0.04803524738868766,
       "Baseline MG94xREV omega ratio":0.1543461551933756,
       "Corrected P-value":1,
       "Full adaptive model":0.05058479096759457,
       "Full adaptive model (non-synonymous subs/site)":0.01336268675618749,
       "Full adaptive model (synonymous subs/site)":0.03722210421140714,
       "LRT":0,
       "Nucleotide GTR":0.04277352866568006,
       "Rate Distributions":        [
[0.1260820783483313, 1] 
        ],
       "Rate classes":1,
       "Uncorrected P-value":1
      },
     "NODE_8":{
       "Baseline MG94xREV":0.123966842843805,
       "Baseline MG94xREV omega ratio":0.07950271793888769,
       "Corrected P-value":1,
       "Full adaptive model":0.1284497561030154,
       "Full adaptive model (non-synonymous subs/site)":0.03157772953351562,
       "Full adaptive model (synonymous subs/site)":0.09687202656949978,
       "LRT":0.9090738665981917,
       "Nucleotide GTR":0.08360920222902232,
       "Rate Distributions":        [
[0, 0.9212424047061822],
        [1.453618896141164, 0.07875759529381776] 
        ],
       "Rate classes":2,
       "Uncorrected P-value":0.2584946020411464
      },
     "XB_GENE_950725_XENTR":{
       "Baseline MG94xREV":0.284703356708754,
       "Baseline MG94xREV omega ratio":0.06748364882883026,
       "Corrected P-value":0.7405342128405615,
       "Full adaptive model":5.711092217123268,
       "Full adaptive model (non-synonymous subs/site)":5.508983576036373,
       "Full adaptive model (synonymous subs/site)":0.2021086410868952,
       "LRT":3.414872884906799,
       "Nucleotide GTR":0.159621624568716,
       "Rate Distributions":        [
[0.04161462401448583, 0.8598110071901871],
        [0.1636663219113531, 0.1199120203732727],
        [469.378372241215, 0.02027697243654021] 
        ],