{
 "analysis":{
   "authors":"Sergei L Kosakovsky Pond, Ben Murrell, Steven Weaver and Temple iGEM / UCSD viral evolution group",
   "citation":"Less Is More: An Adaptive Branch-Site Random Effects Model for Efficient Detection of Episodic Diversifying Selection (2015). Mol Biol Evol 32 (5): 1342-1353. v2.2 adds support for multiple-hit models",
   "contact":"spond@temple.edu",
   "info":"aBSREL (Adaptive branch-site random effects likelihood)\n                            uses an adaptive random effects branch-site model framework\n                            to test whether each branch has evolved under positive selection,\n                            using a procedure which infers an optimal number of rate categories per branch.",
   "requirements":"in-frame codon alignment and a phylogenetic tree",
   "version":"2.2"
  },
 "branch attributes":{
   "0":{
     "A6H760_BOVIN":{
       "Baseline MG94xREV":0.1481444991217233,
       "Baseline MG94xREV omega ratio":0.228766301895926,
       "Corrected P-value":0.4253730913558047,
       "Full adaptive model":478.8943093409817,
       "Full adaptive model (non-synonymous subs/site)":478.8079564419828,
       "Full adaptive model (synonymous subs/site)":0.08635289899891165,
       "LRT":4.955328599002314,
       "Nucleotide GTR":0.1250786277918653,
       "Rate Distributions":        [
[0.1850495223319281, 0.9795296889251034],
        [100000, 0.02047031107489661] 
        ],
       "Rate classes":2,
       "Uncorrected P-value":0.03038379223970034,
       "original name":"A6H760_BOVIN"
      },
     "ENSOGAP00000013952":{
       "Baseline MG94xREV":0.05589570338145725,
       "Baseline MG94xREV omega ratio":0.3531070052931056,
       "Corrected P-value":1,
       "Full adaptive model":0.05640977909445865,
       "Full adaptive model (non-synonymous subs/site)":0.02681908332825228,
       "Full adaptive model (synonymous subs/site)":0.02959069576620638,
       "LRT":0,
       "Nucleotide GTR":0.05231155714646306,
       "Rate Distributions":        [
[0.3346318028215753, 1] 
        ],
       "Rate classes":1,
       "Uncorrected P-value":1,
       "original name":"ENSOGAP00000013952"
      },
     "ENSOGAP00000017897":{
       "Baseline MG94xREV":0.05128090582228911,
       "Baseline MG94xREV omega ratio":0.8989538482399319,
       "Corrected P-value":1,
       "Full adaptive model":0.05059914001994697,
       "Full adaptive model (non-synonymous subs/site)":0.03637614028608032,
       "Full adaptive model (synonymous subs/site)":0.01422299973386672,
       "LRT":0,
       "Nucleotide GTR":0.05465357376071905,
       "Rate Distributions":        [
[0.9442867037216468, 1] 
        ],
       "Rate classes":1,
       "Uncorrected P-value":1,
       "original name":"ENSOGAP00000017897"
      },
     "GGNBP1_AILME":{
       "Baseline MG94xREV":0.05654921047620549,
       "Baseline MG94xREV omega ratio":0.3792372980272038,
       "Corrected P-value":1,
       "Full adaptive model":0.05008957581999155,
       "Full adaptive model (non-synonymous subs/site)":0.02450837353196247,
       "Full adaptive model (synonymous subs/site)":0.02558120228802905,
       "LRT":0,
       "Nucleotide GTR":0.06094033574634349,
       "Rate Distributions":        [
[0.3537300855969607, 1] 
        ],
       "Rate classes":1,
       "Uncorrected P-value":1,
       "original name":"GGNBP1_AILME"
      },
     "GGNBP1_HORSE":{
       "Baseline MG94xREV":0.08316343930299518,
       "Baseline MG94xREV omega ratio":0.2287881581626016,
       "Corrected P-value":1,
       "Full adaptive model":0.08190119126139082,
       "Full adaptive model (non-synonymous subs/site)":0.02857943927037737,
       "Full adaptive model (synonymous subs/site)":0.05332175199101347,
       "LRT":0,
       "Nucleotide GTR":0.07201367147224273,
       "Rate Distributions":        [
[0.1978917793339993, 1] 
        ],
       "Rate classes":1,
       "Uncorrected P-value":1,
       "original name":"GGNBP1_HORSE"
      },
     "GGNBP1_MONDO":{
       "Baseline MG94xREV":0.4263010858706573,
       "Baseline MG94xREV omega ratio":0.1017564790677485,
       "Corrected P-value":1,
       "Full adaptive model":0.4224326535227792,
       "Full adaptive model (non-synonymous subs/site)":0.09421851714383389,
       "Full adaptive model (synonymous subs/site)":0.3282141363789453,
       "LRT":0,
       "Nucleotide GTR":0.3003200434169457,
       "Rate Distributions":        [
[0.1059881819803386, 1] 
        ],
       "Rate classes":1,
       "Uncorrected P-value":1,
       "original name":"GGNBP1_MONDO"
      },
     "GGNBP1_MOUSE":{
       "Baseline MG94xREV":0.03087357176497464,
       "Baseline MG94xREV omega ratio":10000000000,
       "Corrected P-value":1,
       "Full adaptive model":0.03098434226383419,
       "Full adaptive model (non-synonymous subs/site)":0.03098434226383419,
       "Full adaptive model (synonymous subs/site)":1e-10,
       "LRT":1.776761463928779,
       "Nucleotide GTR":0.04123812992047136,
       "Rate Distributions":        [
[10000000000, 1] 
        ],
       "Rate classes":1,
       "Uncorrected P-value":0.1599058766262393,
       "original name":"GGNBP1_MOUSE"
      },
     "GGNBP1_PIG":{
       "Baseline MG94xREV":0.1083815789279734,
       "Baseline MG94xREV omega ratio":0.6634837275440131,
       "Corrected P-value":1,
       "Full adaptive model":0.111473717860851,
       "Full adaptive model (non-synonymous subs/site)":0.07018945702849159,
       "Full adaptive model (synonymous subs/site)":0.0412842608323595,
       "LRT":0,
       "Nucleotide GTR":0.1062869811262121,
       "Rate Distributions":        [
[0.6277198032271147, 1] 
        ],
       "Rate classes":1,
       "Uncorrected P-value":1,
       "original name":"GGNBP1_PIG"
      },
     "GGNBP1_RAT":{
       "Baseline MG94xREV":0.07264418969594345,
       "Baseline MG94xREV omega ratio":0.02882844183763207,
       "Corrected P-value":1,
       "Full adaptive model":0.07299495336163438,
       "Full adaptive model (non-synonymous subs/site)":0.005112480536199054,
       "Full adaptive model (synonymous subs/site)":0.06788247282543526,
       "LRT":0,
       "Nucleotide GTR":0.05699667001409893,
       "Rate Distributions":        [
[0.02780689350048627, 1] 
        ],
       "Rate classes":1,
       "Uncorrected P-value":1,
       "original name":"GGNBP1_RAT"
      },
     "GGNBP1_SPETR":{
       "Baseline MG94xREV":0.122002650293274,
       "Baseline MG94xREV omega ratio":0.1575359050848777,
       "Corrected P-value":1,
       "Full adaptive model":0.1246021990177388,
       "Full adaptive model (non-synonymous subs/site)":0.03516744175496042,
       "Full adaptive model (synonymous subs/site)":0.08943475726277865,
       "LRT":0,
       "Nucleotide GTR":0.101686360232059,
       "Rate Distributions":        [
[0.1451820433736025, 1] 
        ],
       "Rate classes":1,
       "Uncorrected P-value":1,
       "original name":"GGNBP1_SPETR"
      },
     "NODE_10":{
       "Baseline MG94xREV":0.006881739407519068,
       "Baseline MG94xREV omega ratio":0.5408905631386033,
       "Corrected P-value":0.07969297953810989,
       "Full adaptive model":0.02356231543647236,
       "Full adaptive model (non-synonymous subs/site)":0.023012782683658,
       "Full adaptive model (synonymous subs/site)":0.0005495327528143574,
       "LRT":8.376198020932861,
       "Nucleotide GTR":0.006439909473798272,
       "Rate Distributions":        [
[0, 0.9835502600590261],
        [939.9288462693759, 0.01644973994097387] 
        ],
       "Rate classes":2,
       "Uncorrected P-value":0.005312865302540659
      },
     "NODE_12":{
       "Baseline MG94xREV":0.02556569047248756,
       "Baseline MG94xREV omega ratio":0.04079802370701019,
       "Corrected P-value":1,
       "Full adaptive model":0.02501363300366427,
       "Full adaptive model (non-synonymous subs/site)":0.00357242640474927,
       "Full adaptive model (synonymous subs/site)":0.02144120659891501,
       "LRT":0,