{
 "analysis":{
   "authors":"Sergei L Kosakovsky Pond, Ben Murrell, Steven Weaver and Temple iGEM / UCSD viral evolution group",
   "citation":"Less Is More: An Adaptive Branch-Site Random Effects Model for Efficient Detection of Episodic Diversifying Selection (2015). Mol Biol Evol 32 (5): 1342-1353. v2.2 adds support for multiple-hit models",
   "contact":"spond@temple.edu",
   "info":"aBSREL (Adaptive branch-site random effects likelihood)\n                            uses an adaptive random effects branch-site model framework\n                            to test whether each branch has evolved under positive selection,\n                            using a procedure which infers an optimal number of rate categories per branch.",
   "requirements":"in-frame codon alignment and a phylogenetic tree",
   "version":"2.2"
  },
 "branch attributes":{
   "0":{
     "ENSACAP00000011348":{
       "Baseline MG94xREV":0.1394705747720695,
       "Baseline MG94xREV omega ratio":0.1401280287734204,
       "Corrected P-value":1,
       "Full adaptive model":0.1352200688382949,
       "Full adaptive model (non-synonymous subs/site)":0.03474847692950158,
       "Full adaptive model (synonymous subs/site)":0.1004715919087933,
       "LRT":0,
       "Nucleotide GTR":0.1143847441298807,
       "Rate Distributions":        [
[0.1220621507114297, 1] 
        ],
       "Rate classes":1,
       "Uncorrected P-value":1,
       "original name":"ENSACAP00000011348"
      },
     "ENSLACP00000020581":{
       "Baseline MG94xREV":0.254814864513635,
       "Baseline MG94xREV omega ratio":0.1001421440544488,
       "Corrected P-value":1,
       "Full adaptive model":0.2719377152543746,
       "Full adaptive model (non-synonymous subs/site)":0.0875734977383384,
       "Full adaptive model (synonymous subs/site)":0.1843642175160362,
       "LRT":0.5419265609198192,
       "Nucleotide GTR":0.1716073944758572,
       "Rate Distributions":        [
[0.08080345766334326, 0.987255105856027],
        [6.89445126922191, 0.01274489414397295] 
        ],
       "Rate classes":2,
       "Uncorrected P-value":0.321120428374792,
       "original name":"ENSLACP00000020581"
      },
     "ENSMGAP00000008771":{
       "Baseline MG94xREV":0.02614516180541589,
       "Baseline MG94xREV omega ratio":0.1131329909696436,
       "Corrected P-value":0.1827442917127912,
       "Full adaptive model":0.02902378171871246,
       "Full adaptive model (non-synonymous subs/site)":0.009619961033132979,
       "Full adaptive model (synonymous subs/site)":0.01940382068557948,
       "LRT":6.607706445218355,
       "Nucleotide GTR":0.02343407444384939,
       "Rate Distributions":        [
[0, 0.9818642839909808],
        [9.648057464465156, 0.0181357160090192] 
        ],
       "Rate classes":2,
       "Uncorrected P-value":0.0130531636937708,
       "original name":"ENSMGAP00000008771"
      },
     "ENSMODP00000017677":{
       "Baseline MG94xREV":0.181034034826604,
       "Baseline MG94xREV omega ratio":0.1723351903434304,
       "Corrected P-value":1,
       "Full adaptive model":0.176661156292063,
       "Full adaptive model (non-synonymous subs/site)":0.05882655008161282,
       "Full adaptive model (synonymous subs/site)":0.1178346062104502,
       "LRT":0,
       "Nucleotide GTR":0.1388906696030682,
       "Rate Distributions":        [
[0, 0.6144535762792142],
        [0.4569959734053427, 0.3855464237207858] 
        ],
       "Rate classes":2,
       "Uncorrected P-value":1,
       "original name":"ENSMODP00000017677"
      },
     "ENSOANP00000021152":{
       "Baseline MG94xREV":0.2159549241667367,
       "Baseline MG94xREV omega ratio":0.09656539502415649,
       "Corrected P-value":1,
       "Full adaptive model":0.2097648287330998,
       "Full adaptive model (non-synonymous subs/site)":0.0567311325233818,
       "Full adaptive model (synonymous subs/site)":0.153033696209718,
       "LRT":0,
       "Nucleotide GTR":0.1481760979836344,
       "Rate Distributions":        [
[0, 0.837239333212209],
        [0.8038471066112827, 0.162760666787791] 
        ],
       "Rate classes":2,
       "Uncorrected P-value":1,
       "original name":"ENSOANP00000021152"
      },
     "ENSPSIP00000005542":{
       "Baseline MG94xREV":0.05869192610876164,
       "Baseline MG94xREV omega ratio":0.1072562691154205,
       "Corrected P-value":1,
       "Full adaptive model":0.06250639396533599,
       "Full adaptive model (non-synonymous subs/site)":0.01203303633873308,
       "Full adaptive model (synonymous subs/site)":0.05047335762660285,
       "LRT":0,
       "Nucleotide GTR":0.06090560341827312,
       "Rate Distributions":        [
[0.08413981634423306, 1] 
        ],
       "Rate classes":1,
       "Uncorrected P-value":1,
       "original name":"ENSPSIP00000005542"
      },
     "ENSTGUP00000001346":{
       "Baseline MG94xREV":0.0744959459883091,
       "Baseline MG94xREV omega ratio":0.1513732797658531,
       "Corrected P-value":0.005823387047824702,
       "Full adaptive model":5.00514336125638,
       "Full adaptive model (non-synonymous subs/site)":4.960950409645222,
       "Full adaptive model (synonymous subs/site)":0.04419295161115772,
       "LRT":13.5542056233171,
       "Nucleotide GTR":0.06734699319546643,
       "Rate Distributions":        [
[0.06073366794029627, 0.9731127479347959],
        [1471.314954639972, 0.02688725206520415] 
        ],
       "Rate classes":2,
       "Uncorrected P-value":0.0003882258031883135,
       "original name":"ENSTGUP00000001346"
      },
     "FSTL4_CHICK":{
       "Baseline MG94xREV":0.01879384505854785,
       "Baseline MG94xREV omega ratio":0.1266043072818042,
       "Corrected P-value":1,
       "Full adaptive model":0.01838349011324379,
       "Full adaptive model (non-synonymous subs/site)":0.004594429529828492,
       "Full adaptive model (synonymous subs/site)":0.0137890605834153,
       "LRT":0,
       "Nucleotide GTR":0.01944211460025178,
       "Rate Distributions":        [
[0.1175940756190352, 1] 
        ],
       "Rate classes":1,
       "Uncorrected P-value":1,
       "original name":"FSTL4_CHICK"
      },
     "FSTL4_XENTR":{
       "Baseline MG94xREV":0.330774191992306,
       "Baseline MG94xREV omega ratio":0.09526217414956907,
       "Corrected P-value":1,
       "Full adaptive model":0.30171099342637,
       "Full adaptive model (non-synonymous subs/site)":0.06759964151030939,
       "Full adaptive model (synonymous subs/site)":0.2341113519160606,
       "LRT":0,
       "Nucleotide GTR":0.1952822324433974,
       "Rate Distributions":        [
[0.003314718555460752, 0.6055439507584125],
        [0.2532634533762475, 0.3944560492415875] 
        ],
       "Rate classes":2,
       "Uncorrected P-value":1,
       "original name":"FSTL4_XENTR"
      },
     "NODE_10":{
       "Baseline MG94xREV":0.01291568638940271,
       "Baseline MG94xREV omega ratio":0.1164329126537265,
       "Corrected P-value":1,
       "Full adaptive model":0.009210680824935572,
       "Full adaptive model (non-synonymous subs/site)":0.002867279791460405,
       "Full adaptive model (synonymous subs/site)":0.006343401033475176,
       "LRT":0,
       "Nucleotide GTR":0.0137270571138033,
       "Rate Distributions":        [
[0.159527820880534, 1] 
        ],
       "Rate classes":1,
       "Uncorrected P-value":1
      },
     "NODE_12":{
       "Baseline MG94xREV":0.04619455291919127,
       "Baseline MG94xREV omega ratio":0.0863842787513931,
       "Corrected P-value":1,
       "Full adaptive model":0.04413116260396507,
       "Full adaptive model (non-synonymous subs/site)":0.008979357637142988,
       "Full adaptive model (synonymous subs/site)":0.03515180496682209,
       "LRT":0,
       "Nucleotide GTR":0.03631564468699228,
       "Rate Distributions":        [
[0.09015424215399215, 1] 
        ],
       "Rate classes":1,
       "Uncorrected P-value":1
      },
     "NODE_13":{
       "Baseline MG94xREV":0.03015918829642772,