{
 "analysis":{
   "authors":"Sergei L Kosakovsky Pond, Ben Murrell, Steven Weaver and Temple iGEM / UCSD viral evolution group",
   "citation":"Less Is More: An Adaptive Branch-Site Random Effects Model for Efficient Detection of Episodic Diversifying Selection (2015). Mol Biol Evol 32 (5): 1342-1353. v2.2 adds support for multiple-hit models",
   "contact":"spond@temple.edu",
   "info":"aBSREL (Adaptive branch-site random effects likelihood)\n                            uses an adaptive random effects branch-site model framework\n                            to test whether each branch has evolved under positive selection,\n                            using a procedure which infers an optimal number of rate categories per branch.",
   "requirements":"in-frame codon alignment and a phylogenetic tree",
   "version":"2.2"
  },
 "branch attributes":{
   "0":{
     "GSTCD_DANRE":{
       "Baseline MG94xREV":0.4741501403249058,
       "Baseline MG94xREV omega ratio":0.08649034025529088,
       "Corrected P-value":1,
       "Full adaptive model":0.4765565659394274,
       "Full adaptive model (non-synonymous subs/site)":0.1512213290387973,
       "Full adaptive model (synonymous subs/site)":0.3253352369006302,
       "LRT":0.007107340503353043,
       "Nucleotide GTR":0.2561999537373332,
       "Rate Distributions":        [
[0.0281897035850536, 0.8589987175233722],
        [1.038409678665746, 0.1410012824766278] 
        ],
       "Rate classes":2,
       "Uncorrected P-value":0.4854985713432584,
       "original name":"GSTCD_DANRE"
      },
     "GSTCD_GADMO":{
       "Baseline MG94xREV":0.2408290710262619,
       "Baseline MG94xREV omega ratio":0.1107198380443774,
       "Corrected P-value":0.07458489383559963,
       "Full adaptive model":6.473299433629386,
       "Full adaptive model (non-synonymous subs/site)":6.306383199818786,
       "Full adaptive model (synonymous subs/site)":0.1669162338106011,
       "LRT":7.895539483028188,
       "Nucleotide GTR":0.1579472650424425,
       "Rate Distributions":        [
[0.06303316308658544, 0.9500614307110105],
        [0.06337175697836649, 0.004389632206341217],
        [303.1755059869069, 0.04554893708264832] 
        ],
       "Rate classes":3,
       "Uncorrected P-value":0.006780444894145421,
       "original name":"GSTCD_GADMO"
      },
     "GSTCD_GASAC":{
       "Baseline MG94xREV":0.1247459998367573,
       "Baseline MG94xREV omega ratio":0.0890351296402018,
       "Corrected P-value":1,
       "Full adaptive model":0.1177406009705299,
       "Full adaptive model (non-synonymous subs/site)":0.02168035328552705,
       "Full adaptive model (synonymous subs/site)":0.09606024768500272,
       "LRT":0,
       "Nucleotide GTR":0.09208417291867214,
       "Rate Distributions":        [
[0.08285166247022349, 1] 
        ],
       "Rate classes":1,
       "Uncorrected P-value":1,
       "original name":"GSTCD_GASAC"
      },
     "GSTCD_ORENI":{
       "Baseline MG94xREV":0.08840815610701909,
       "Baseline MG94xREV omega ratio":0.06206487047093998,
       "Corrected P-value":1,
       "Full adaptive model":0.08700866673467524,
       "Full adaptive model (non-synonymous subs/site)":0.01303402851859745,
       "Full adaptive model (synonymous subs/site)":0.07397463821607775,
       "LRT":0,
       "Nucleotide GTR":0.07462498556977143,
       "Rate Distributions":        [
[0.06468065236827648, 1] 
        ],
       "Rate classes":1,
       "Uncorrected P-value":1,
       "original name":"GSTCD_ORENI"
      },
     "GSTCD_ORYLA":{
       "Baseline MG94xREV":0.1508966998316599,
       "Baseline MG94xREV omega ratio":0.1464208190840037,
       "Corrected P-value":0.7264131252225625,
       "Full adaptive model":0.2410304712648097,
       "Full adaptive model (non-synonymous subs/site)":0.1376658950819783,
       "Full adaptive model (synonymous subs/site)":0.1033645761828314,
       "LRT":3.268835698838302,
       "Nucleotide GTR":0.1277823452124561,
       "Rate Distributions":        [
[0.1229924142151003, 0.9891706642195314],
        [33.91291465480694, 0.01082933578046863] 
        ],
       "Rate classes":2,
       "Uncorrected P-value":0.07264131252225625,
       "original name":"GSTCD_ORYLA"
      },
     "GSTCD_TAKRU":{
       "Baseline MG94xREV":0.07052102940701814,
       "Baseline MG94xREV omega ratio":0.1082677537334458,
       "Corrected P-value":1,
       "Full adaptive model":0.07100533992014721,
       "Full adaptive model (non-synonymous subs/site)":0.01502916831667023,
       "Full adaptive model (synonymous subs/site)":0.05597617160347709,
       "LRT":0,
       "Nucleotide GTR":0.05583543920777171,
       "Rate Distributions":        [
[0.09856218676874925, 1] 
        ],
       "Rate classes":1,
       "Uncorrected P-value":1,
       "original name":"GSTCD_TAKRU"
      },
     "GSTCD_TETNG":{
       "Baseline MG94xREV":0.04952258995417289,
       "Baseline MG94xREV omega ratio":0.3269422328950892,
       "Corrected P-value":1,
       "Full adaptive model":0.04824432211644578,
       "Full adaptive model (non-synonymous subs/site)":0.02239995194577045,
       "Full adaptive model (synonymous subs/site)":0.02584437017067534,
       "LRT":0,
       "Nucleotide GTR":0.05491119927960108,
       "Rate Distributions":        [
[0.3181703519140376, 1] 
        ],
       "Rate classes":1,
       "Uncorrected P-value":1,
       "original name":"GSTCD_TETNG"
      },
     "NODE_3":{
       "Baseline MG94xREV":0.01856624125682462,
       "Baseline MG94xREV omega ratio":0.1812873585709919,
       "Corrected P-value":0.7890056701178185,
       "Full adaptive model":0.0258226684508912,
       "Full adaptive model (non-synonymous subs/site)":0.01024552608844919,
       "Full adaptive model (synonymous subs/site)":0.01557714236244201,
       "LRT":2.909111570676032,
       "Nucleotide GTR":0.02463884593199655,
       "Rate Distributions":        [
[0, 0.9773330584704848],
        [10.6520237149477, 0.02266694152951521] 
        ],
       "Rate classes":2,
       "Uncorrected P-value":0.08766729667975762
      },
     "NODE_5":{
       "Baseline MG94xREV":0.02621395408255073,
       "Baseline MG94xREV omega ratio":0.02467239079439953,
       "Corrected P-value":1,
       "Full adaptive model":0.02579579295133841,
       "Full adaptive model (non-synonymous subs/site)":0.001669213698692689,
       "Full adaptive model (synonymous subs/site)":0.0241265792526457,
       "LRT":0,
       "Nucleotide GTR":0.0221554979206867,
       "Rate Distributions":        [
[0.025397721939602, 1] 
        ],
       "Rate classes":1,
       "Uncorrected P-value":1
      },
     "NODE_8":{
       "Baseline MG94xREV":0.08836821489480716,
       "Baseline MG94xREV omega ratio":0.06270675850182955,
       "Corrected P-value":1,
       "Full adaptive model":0.09260756471582846,
       "Full adaptive model (non-synonymous subs/site)":0.01845249578503751,
       "Full adaptive model (synonymous subs/site)":0.07415506893079096,
       "LRT":1.220329015097377,
       "Nucleotide GTR":0.06696872747786729,
       "Rate Distributions":        [
[0, 0.9545728106254757],
        [2.010837514730268, 0.04542718937452428] 
        ],
       "Rate classes":2,
       "Uncorrected P-value":0.2168376658048513
      },
     "NODE_9":{
       "Baseline MG94xREV":0.0855796570193451,
       "Baseline MG94xREV omega ratio":0.1526058601256752,
       "Corrected P-value":0.9189972667146245,
       "Full adaptive model":0.08740036215877478,
       "Full adaptive model (non-synonymous subs/site)":0.04516507985685328,
       "Full adaptive model (synonymous subs/site)":0.04223528230192149,
       "LRT":2.395896273959806,
       "Nucleotide GTR":0.06812300303510702,
       "Rate Distributions":        [
[0.1229437479862518, 0.9755974589826365],
        [11.17163621910558, 0.0244025410173635] 
        ],
       "Rate classes":2,
       "Uncorrected P-value":0.1148746583393281
      }
    },