{
 "analysis":{
   "authors":"Sergei L Kosakovsky Pond, Ben Murrell, Steven Weaver and Temple iGEM / UCSD viral evolution group",
   "citation":"Less Is More: An Adaptive Branch-Site Random Effects Model for Efficient Detection of Episodic Diversifying Selection (2015). Mol Biol Evol 32 (5): 1342-1353. v2.2 adds support for multiple-hit models",
   "contact":"spond@temple.edu",
   "info":"aBSREL (Adaptive branch-site random effects likelihood)\n                            uses an adaptive random effects branch-site model framework\n                            to test whether each branch has evolved under positive selection,\n                            using a procedure which infers an optimal number of rate categories per branch.",
   "requirements":"in-frame codon alignment and a phylogenetic tree",
   "version":"2.2"
  },
 "branch attributes":{
   "0":{
     "AL845295_4_DANRE":{
       "Baseline MG94xREV":0.002679415642274194,
       "Baseline MG94xREV omega ratio":10000000000,
       "Corrected P-value":1,
       "Full adaptive model":0.002682382045757313,
       "Full adaptive model (non-synonymous subs/site)":0.002682382045757313,
       "Full adaptive model (synonymous subs/site)":1e-10,
       "LRT":0.57683714242512,
       "Nucleotide GTR":0.002680909730922431,
       "Rate Distributions":        [
[10000000000, 1] 
        ],
       "Rate classes":1,
       "Uncorrected P-value":0.3143452962717363,
       "original name":"AL845295.4_DANRE"
      },
     "BX649453_3_DANRE":{
       "Baseline MG94xREV":0.01233411634892083,
       "Baseline MG94xREV omega ratio":1.062173483435447,
       "Corrected P-value":0.460381636452861,
       "Full adaptive model":0.01505263613992105,
       "Full adaptive model (non-synonymous subs/site)":0.01207632577246565,
       "Full adaptive model (synonymous subs/site)":0.002976310367455398,
       "LRT":5.061401678753555,
       "Nucleotide GTR":0.01239834774555871,
       "Rate Distributions":        [
[0, 0.9721857395465108],
        [48.48167874409192, 0.02781426045348923] 
        ],
       "Rate classes":2,
       "Uncorrected P-value":0.02877385227830381,
       "original name":"BX649453.3_DANRE"
      },
     "BX649556_6_DANRE":{
       "Baseline MG94xREV":0.002678666771105167,
       "Baseline MG94xREV omega ratio":10000000000,
       "Corrected P-value":1,
       "Full adaptive model":0.002680795374835237,
       "Full adaptive model (non-synonymous subs/site)":0.002680795374835237,
       "Full adaptive model (synonymous subs/site)":1e-10,
       "LRT":0.5746762308472171,
       "Nucleotide GTR":0.002686899526995818,
       "Rate Distributions":        [
[10000000000, 1] 
        ],
       "Rate classes":1,
       "Uncorrected P-value":0.3147587371130359,
       "original name":"BX649556.6_DANRE"
      },
     "BX927318_2_DANRE":{
       "Baseline MG94xREV":0.007921512481217878,
       "Baseline MG94xREV omega ratio":1.007400337733472,
       "Corrected P-value":1,
       "Full adaptive model":0.00792825582712693,
       "Full adaptive model (non-synonymous subs/site)":0.005920106757031949,
       "Full adaptive model (synonymous subs/site)":0.002008149070094979,
       "LRT":0,
       "Nucleotide GTR":0.007966349994790161,
       "Rate Distributions":        [
[0.9797655242179284, 1] 
        ],
       "Rate classes":1,
       "Uncorrected P-value":1,
       "original name":"BX927318.2_DANRE"
      },
     "CR450840_3_DANRE":{
       "Baseline MG94xREV":0.005361300579954075,
       "Baseline MG94xREV omega ratio":0.3442092891735033,
       "Corrected P-value":1,
       "Full adaptive model":0.005366568465760395,
       "Full adaptive model (non-synonymous subs/site)":0.002696929211630511,
       "Full adaptive model (synonymous subs/site)":0.00266963925412988,
       "LRT":0,
       "Nucleotide GTR":0.005394043819819928,
       "Rate Distributions":        [
[0.3357418904088963, 1] 
        ],
       "Rate classes":1,
       "Uncorrected P-value":1,
       "original name":"CR450840.3_DANRE"
      },
     "CU182823_2_DANRE":{
       "Baseline MG94xREV":0.01588166909434005,
       "Baseline MG94xREV omega ratio":0.5574869080577647,
       "Corrected P-value":1,
       "Full adaptive model":0.01589412849368578,
       "Full adaptive model (non-synonymous subs/site)":0.009859775870261876,
       "Full adaptive model (synonymous subs/site)":0.006034352623423916,
       "LRT":0,
       "Nucleotide GTR":0.01573961237530644,
       "Rate Distributions":        [
[0.5430313732506948, 1] 
        ],
       "Rate classes":1,
       "Uncorrected P-value":1,
       "original name":"CU182823.2_DANRE"
      },
     "NODE_13":{
       "Baseline MG94xREV":0.01247617370206455,
       "Baseline MG94xREV omega ratio":1.132011199134117,
       "Corrected P-value":1,
       "Full adaptive model":0.01248550541041657,
       "Full adaptive model (non-synonymous subs/site)":0.009564988793030414,
       "Full adaptive model (synonymous subs/site)":0.002920516617386172,
       "LRT":0.005838516226049251,
       "Nucleotide GTR":0.01254506603008585,
       "Rate Distributions":        [
[1.088462189810478, 1] 
        ],
       "Rate classes":1,
       "Uncorrected P-value":0.4869440531536206
      },
     "NODE_15":{
       "Baseline MG94xREV":0.002322260957985352,
       "Baseline MG94xREV omega ratio":0,
       "Corrected P-value":1,
       "Full adaptive model":0.002332492847508426,
       "Full adaptive model (non-synonymous subs/site)":1e-10,
       "Full adaptive model (synonymous subs/site)":0.002332492847508426,
       "LRT":0,
       "Nucleotide GTR":0.002274262520048992,
       "Rate Distributions":        [
[0, 1] 
        ],
       "Rate classes":1,
       "Uncorrected P-value":1
      },
     "NODE_16":{
       "Baseline MG94xREV":0.003934783041184622,
       "Baseline MG94xREV omega ratio":10000000000,
       "Corrected P-value":1,
       "Full adaptive model":0.003931098847991091,
       "Full adaptive model (non-synonymous subs/site)":0.003931098847991091,
       "Full adaptive model (synonymous subs/site)":1e-10,
       "LRT":1.117098830367468,
       "Nucleotide GTR":0.004008366657825982,
       "Rate Distributions":        [
[10000000000, 1] 
        ],
       "Rate classes":1,
       "Uncorrected P-value":0.2297202775934752
      },
     "NODE_18":{
       "Baseline MG94xREV":0.004938260431323615,
       "Baseline MG94xREV omega ratio":10000000000,
       "Corrected P-value":1,
       "Full adaptive model":0.004938649087890873,
       "Full adaptive model (non-synonymous subs/site)":0.004938649087890873,
       "Full adaptive model (synonymous subs/site)":1e-10,
       "LRT":1.356195418595235,
       "Nucleotide GTR":0.004796201632207962,
       "Rate Distributions":        [
[10000000000, 1] 
        ],
       "Rate classes":1,
       "Uncorrected P-value":0.201114080436574
      },
     "NODE_20":{
       "Baseline MG94xREV":0.006943710762089005,
       "Baseline MG94xREV omega ratio":0.8387065916883841,
       "Corrected P-value":1,
       "Full adaptive model":0.006953864859349911,
       "Full adaptive model (non-synonymous subs/site)":0.004939223071516864,
       "Full adaptive model (synonymous subs/site)":0.002014641787833047,
       "LRT":0,
       "Nucleotide GTR":0.007160795272120349,
       "Rate Distributions":        [
[0.8147968971553846, 1] 
        ],
       "Rate classes":1,
       "Uncorrected P-value":1
      },
     "SI_CH211_152L15_2_DANRE":{
       "Baseline MG94xREV":0.01178788510225134,
       "Baseline MG94xREV omega ratio":10000000000,
       "Corrected P-value":1,
       "Full adaptive model":0.01179761234811753,
       "Full adaptive model (non-synonymous subs/site)":0.01179761234811753,
       "Full adaptive model (synonymous subs/site)":1e-10,
       "LRT":1.927627686945016,
       "Nucleotide GTR":0.01196000194277012,
       "Rate Distributions":        [
[10000000000, 1] 
        ],
       "Rate classes":1,
       "Uncorrected P-value":0.1474342564153012,