{
 "analysis":{
   "authors":"Sergei L Kosakovsky Pond, Ben Murrell, Steven Weaver and Temple iGEM / UCSD viral evolution group",
   "citation":"Less Is More: An Adaptive Branch-Site Random Effects Model for Efficient Detection of Episodic Diversifying Selection (2015). Mol Biol Evol 32 (5): 1342-1353. v2.2 adds support for multiple-hit models",
   "contact":"spond@temple.edu",
   "info":"aBSREL (Adaptive branch-site random effects likelihood)\n                            uses an adaptive random effects branch-site model framework\n                            to test whether each branch has evolved under positive selection,\n                            using a procedure which infers an optimal number of rate categories per branch.",
   "requirements":"in-frame codon alignment and a phylogenetic tree",
   "version":"2.2"
  },
 "branch attributes":{
   "0":{
     "ECH1_ORENI":{
       "Baseline MG94xREV":0.2552765401776779,
       "Baseline MG94xREV omega ratio":0.07969362477420688,
       "Corrected P-value":0.5117376206368444,
       "Full adaptive model":13.15043156825269,
       "Full adaptive model (non-synonymous subs/site)":12.94259178798998,
       "Full adaptive model (synonymous subs/site)":0.2078397802627105,
       "LRT":2.961595476387629,
       "Nucleotide GTR":0.1833260919693639,
       "Rate Distributions":        [
[0.04000269341321704, 0.9558974936345651],
        [547.5709069791646, 0.04410250636543489] 
        ],
       "Rate classes":2,
       "Uncorrected P-value":0.08528960343947406,
       "original name":"ECH1_ORENI"
      },
     "ENSLACP00000008531":{
       "Baseline MG94xREV":0.1668156124833281,
       "Baseline MG94xREV omega ratio":0.1336736705200677,
       "Corrected P-value":1,
       "Full adaptive model":0.1503573023983544,
       "Full adaptive model (non-synonymous subs/site)":0.03767073189864653,
       "Full adaptive model (synonymous subs/site)":0.1126865704997079,
       "LRT":0,
       "Nucleotide GTR":0.1287448904466254,
       "Rate Distributions":        [
[0.01053000707870701, 0.8025251562371397],
        [0.6147408580297183, 0.1974748437628603] 
        ],
       "Rate classes":2,
       "Uncorrected P-value":1,
       "original name":"ENSLACP00000008531"
      },
     "ENSPSIP00000006101":{
       "Baseline MG94xREV":0.1466748344504978,
       "Baseline MG94xREV omega ratio":0.1373011376866397,
       "Corrected P-value":1,
       "Full adaptive model":0.1617287169352938,
       "Full adaptive model (non-synonymous subs/site)":0.04765138573109471,
       "Full adaptive model (synonymous subs/site)":0.1140773312041991,
       "LRT":0,
       "Nucleotide GTR":0.1231864343597129,
       "Rate Distributions":        [
[0.02003665435929898, 0.8063124422506442],
        [0.7542577128109913, 0.1936875577493558] 
        ],
       "Rate classes":2,
       "Uncorrected P-value":1,
       "original name":"ENSPSIP00000006101"
      },
     "NODE_10":{
       "Baseline MG94xREV":0.3242486084985355,
       "Baseline MG94xREV omega ratio":0.07401278067155229,
       "Corrected P-value":0.3517215627710919,
       "Full adaptive model":16.17045829995986,
       "Full adaptive model (non-synonymous subs/site)":15.94900754470812,
       "Full adaptive model (synonymous subs/site)":0.2214507552517413,
       "LRT":4.237385537421687,
       "Nucleotide GTR":0.1589164798779794,
       "Rate Distributions":        [
[0.03554758003914614, 0.9366583108130925],
        [441.1109286208717, 0.06334168918690752] 
        ],
       "Rate classes":2,
       "Uncorrected P-value":0.04396519534638649
      },
     "NODE_3":{
       "Baseline MG94xREV":0.3617739178008606,
       "Baseline MG94xREV omega ratio":0.06107432333822983,
       "Corrected P-value":0.444152734624373,
       "Full adaptive model":86.47118823187556,
       "Full adaptive model (non-synonymous subs/site)":86.17776411467685,
       "Full adaptive model (synonymous subs/site)":0.2934241171987166,
       "LRT":2.883967216675956,
       "Nucleotide GTR":0.190964524419391,
       "Rate Distributions":        [
[0.03923852077450152, 0.9650639496305661],
        [0.03953684366597797, 0.005125935661124347],
        [3825.506945344098, 0.02981011470830958] 
        ],
       "Rate classes":3,
       "Uncorrected P-value":0.0888305469248746
      },
     "NODE_5":{
       "Baseline MG94xREV":0.0287137598233724,
       "Baseline MG94xREV omega ratio":1.858162879943044,
       "Corrected P-value":0.05820020287995192,
       "Full adaptive model":0.05788683540342456,
       "Full adaptive model (non-synonymous subs/site)":0.05506542630972761,
       "Full adaptive model (synonymous subs/site)":0.002821409093696945,
       "LRT":7.988864298082262,
       "Nucleotide GTR":0.0432509104235947,
       "Rate Distributions":        [
[0, 0.9374792060829394],
        [121.2513675491284, 0.06252079391706056] 
        ],
       "Rate classes":2,
       "Uncorrected P-value":0.006466689208883547
      },
     "NP_001107511_2_XENTR":{
       "Baseline MG94xREV":0.04094782041831572,
       "Baseline MG94xREV omega ratio":0.09969088686784709,
       "Corrected P-value":1,
       "Full adaptive model":0.03607168959855035,
       "Full adaptive model (non-synonymous subs/site)":0.00606326065718671,
       "Full adaptive model (synonymous subs/site)":0.03000842894136363,
       "LRT":0,
       "Nucleotide GTR":0.03301198353002841,
       "Rate Distributions":        [
[0.07848039234510812, 1] 
        ],
       "Rate classes":1,
       "Uncorrected P-value":1,
       "original name":"NP_001107511.2_XENTR"
      },
     "XB_GENE_941700_XENTR":{
       "Baseline MG94xREV":0.0505689529801435,
       "Baseline MG94xREV omega ratio":0.4171673245838569,
       "Corrected P-value":0.4093807618406023,
       "Full adaptive model":2.732975062008856,
       "Full adaptive model (non-synonymous subs/site)":2.707699908887311,
       "Full adaptive model (synonymous subs/site)":0.02527515312154588,
       "LRT":3.685794025191171,
       "Nucleotide GTR":0.05440418283433699,
       "Rate Distributions":        [
[0.3343741160125729, 0.989267121499224],
        [3846.116864064904, 0.01073287850077598] 
        ],
       "Rate classes":2,
       "Uncorrected P-value":0.05848296597722891,
       "original name":"XB-GENE-941700_XENTR"
      },
     "ZGC_101569_DANRE":{
       "Baseline MG94xREV":0.2293381075061683,
       "Baseline MG94xREV omega ratio":0.1526477401716225,
       "Corrected P-value":1,
       "Full adaptive model":0.2014735404599066,
       "Full adaptive model (non-synonymous subs/site)":0.07501002283617594,
       "Full adaptive model (synonymous subs/site)":0.1264635176237306,
       "LRT":0,
       "Nucleotide GTR":0.1638598230590252,
       "Rate Distributions":        [
[0, 0.7598652353523058],
        [0.9593944189160806, 0.2401347646476942] 
        ],
       "Rate classes":2,
       "Uncorrected P-value":1,
       "original name":"ZGC@101569_DANRE"
      }
    },
   "attributes":{
     "Baseline MG94xREV":{
       "attribute type":"branch length",
       "display order":1
      },
     "Baseline MG94xREV omega ratio":{
       "attribute type":"branch label",
       "display order":1
      },
     "Corrected P-value":{
       "attribute type":"branch label",
       "display order":6
      },
     "Full adaptive model":{
       "attribute type":"branch length",
       "display order":2
      },
     "Full adaptive model (non-synonymous subs/site)":{
       "attribute type":"branch label",
       "display order":10
      },
     "Full adaptive model (synonymous subs/site)":{
       "attribute type":"branch label",
       "display order":9
      },
     "LRT":{
       "attribute type":"branch label",
       "display order":4
      },
     "Nucleotide GTR":{
       "attribute type":"branch length",
       "display order":0
      },
     "Rate Distributions":{
       "attribute type":"branch label",
       "display order":3
      },