{
 "analysis":{
   "authors":"Sergei L Kosakovsky Pond, Ben Murrell, Steven Weaver and Temple iGEM / UCSD viral evolution group",
   "citation":"Less Is More: An Adaptive Branch-Site Random Effects Model for Efficient Detection of Episodic Diversifying Selection (2015). Mol Biol Evol 32 (5): 1342-1353. v2.2 adds support for multiple-hit models",
   "contact":"spond@temple.edu",
   "info":"aBSREL (Adaptive branch-site random effects likelihood)\n                            uses an adaptive random effects branch-site model framework\n                            to test whether each branch has evolved under positive selection,\n                            using a procedure which infers an optimal number of rate categories per branch.",
   "requirements":"in-frame codon alignment and a phylogenetic tree",
   "version":"2.2"
  },
 "branch attributes":{
   "0":{
     "ENSLACP00000011168":{
       "Baseline MG94xREV":0.09380623754063677,
       "Baseline MG94xREV omega ratio":0.05795741671896488,
       "Corrected P-value":1,
       "Full adaptive model":0.08999800072823834,
       "Full adaptive model (non-synonymous subs/site)":0.01334970233262384,
       "Full adaptive model (synonymous subs/site)":0.0766482983956145,
       "LRT":0,
       "Nucleotide GTR":0.06610814746010035,
       "Rate Distributions":        [
[0.05798324326145017, 1] 
        ],
       "Rate classes":1,
       "Uncorrected P-value":1,
       "original name":"ENSLACP00000011168"
      },
     "ENSLACP00000017002":{
       "Baseline MG94xREV":0.08714180445251159,
       "Baseline MG94xREV omega ratio":2.665712036013903,
       "Corrected P-value":0.01520030338231032,
       "Full adaptive model":0.1461540617543174,
       "Full adaptive model (non-synonymous subs/site)":0.1299439912170876,
       "Full adaptive model (synonymous subs/site)":0.01621007053722988,
       "LRT":11.0374801228154,
       "Nucleotide GTR":0.1096003502776811,
       "Rate Distributions":        [
[1, 0.9484084791320182],
        [33.34505556874108, 0.0515915208679818] 
        ],
       "Rate classes":2,
       "Uncorrected P-value":0.001381845762028211,
       "original name":"ENSLACP00000017002"
      },
     "ENSMGAP00000010382":{
       "Baseline MG94xREV":0.315090202343949,
       "Baseline MG94xREV omega ratio":0.1548373118584082,
       "Corrected P-value":0.5919230805614017,
       "Full adaptive model":6953.067138319751,
       "Full adaptive model (non-synonymous subs/site)":6952.894711767656,
       "Full adaptive model (synonymous subs/site)":0.1724265520938745,
       "LRT":3.662554023027042,
       "Nucleotide GTR":0.2371064445423752,
       "Rate Distributions":        [
[0.04903732749589287, 0.8657564046533796],
        [100000, 0.1342435953466204] 
        ],
       "Rate classes":2,
       "Uncorrected P-value":0.05919230805614017,
       "original name":"ENSMGAP00000010382"
      },
     "ENSONIP00000025188":{
       "Baseline MG94xREV":0.279172207068949,
       "Baseline MG94xREV omega ratio":0.0287664200462701,
       "Corrected P-value":1,
       "Full adaptive model":0.2986150385919125,
       "Full adaptive model (non-synonymous subs/site)":0.02381165812393618,
       "Full adaptive model (synonymous subs/site)":0.2748033804679761,
       "LRT":0,
       "Nucleotide GTR":0.1195462942330189,
       "Rate Distributions":        [
[0.02884702342818754, 1] 
        ],
       "Rate classes":1,
       "Uncorrected P-value":1,
       "original name":"ENSONIP00000025188"
      },
     "ENSTRUP00000038860":{
       "Baseline MG94xREV":0.02175876912664072,
       "Baseline MG94xREV omega ratio":10000000000,
       "Corrected P-value":1,
       "Full adaptive model":0.01728556448127922,
       "Full adaptive model (non-synonymous subs/site)":0.01728556448127922,
       "Full adaptive model (synonymous subs/site)":1e-10,
       "LRT":-0.06075698989116063,
       "Nucleotide GTR":0.08610230885051638,
       "Rate Distributions":        [
[10000000000, 1] 
        ],
       "Rate classes":1,
       "Uncorrected P-value":0.5,
       "original name":"ENSTRUP00000038860"
      },
     "NODE_11":{
       "Baseline MG94xREV":0.2680849584573646,
       "Baseline MG94xREV omega ratio":0.1092111647991035,
       "Corrected P-value":1,
       "Full adaptive model":0.3644352535418918,
       "Full adaptive model (non-synonymous subs/site)":0.1000348179133744,
       "Full adaptive model (synonymous subs/site)":0.2644004356285173,
       "LRT":0,
       "Nucleotide GTR":0.176610423694511,
       "Rate Distributions":        [
[0, 0.8167412658834698],
        [0.6873180936618367, 0.1832587341165302] 
        ],
       "Rate classes":2,
       "Uncorrected P-value":1
      },
     "NODE_12":{
       "Baseline MG94xREV":0.1140525062809672,
       "Baseline MG94xREV omega ratio":0.1371690104073064,
       "Corrected P-value":0.62053722157532,
       "Full adaptive model":0.215931589399213,
       "Full adaptive model (non-synonymous subs/site)":0.1948359270311238,
       "Full adaptive model (synonymous subs/site)":0.02109566236808925,
       "LRT":3.368982916248569,
       "Nucleotide GTR":0.09292517566655029,
       "Rate Distributions":        [
[0.2019033219850122, 0.967996354682546],
        [89.96802680864769, 0.03200364531745403] 
        ],
       "Rate classes":2,
       "Uncorrected P-value":0.06894858017503555
      },
     "NODE_3":{
       "Baseline MG94xREV":0.4513267272779404,
       "Baseline MG94xREV omega ratio":0.07931492695284284,
       "Corrected P-value":1,
       "Full adaptive model":0.4030821923283383,
       "Full adaptive model (non-synonymous subs/site)":0.1455717189938719,
       "Full adaptive model (synonymous subs/site)":0.2575104733344663,
       "LRT":0,
       "Nucleotide GTR":0.1495207209411989,
       "Rate Distributions":        [
[0, 0.7354018576824112],
        [0.7112606168437852, 0.2645981423175888] 
        ],
       "Rate classes":2,
       "Uncorrected P-value":1
      },
     "NODE_8":{
       "Baseline MG94xREV":0.02322191481336107,
       "Baseline MG94xREV omega ratio":10000000000,
       "Corrected P-value":1,
       "Full adaptive model":0.005413721973892715,
       "Full adaptive model (non-synonymous subs/site)":0.005413721973892715,
       "Full adaptive model (synonymous subs/site)":1e-10,
       "LRT":0.05707249234910705,
       "Nucleotide GTR":0.02409391446707551,
       "Rate Distributions":        [
[10000000000, 1] 
        ],
       "Rate classes":1,
       "Uncorrected P-value":0.4537969781684916
      },
     "NP_001072880_1_XENTR":{
       "Baseline MG94xREV":0.7321319216696281,
       "Baseline MG94xREV omega ratio":0.06101160524896043,
       "Corrected P-value":1,
       "Full adaptive model":0.7108378926507718,
       "Full adaptive model (non-synonymous subs/site)":0.1837349138355981,
       "Full adaptive model (synonymous subs/site)":0.5271029788151737,
       "LRT":0,
       "Nucleotide GTR":0.2871248651367705,
       "Rate Distributions":        [
[0, 0.695370654731121],
        [0.3809411793498114, 0.304629345268879] 
        ],
       "Rate classes":2,
       "Uncorrected P-value":1,
       "original name":"NP_001072880.1_XENTR"
      },
     "SI_CH211_183D21_1_DANRE":{
       "Baseline MG94xREV":1317.246779175121,
       "Baseline MG94xREV omega ratio":4.374141698818177e-05,
       "Corrected P-value":1,
       "Full adaptive model":3.898292517116596,
       "Full adaptive model (non-synonymous subs/site)":0.3501053024062254,
       "Full adaptive model (synonymous subs/site)":3.548187214710371,
       "LRT":0,
       "Nucleotide GTR":0.3671479237439532,
       "Rate Distributions":        [
[0, 0.6877955542156511],
        [0.1052171461540327, 0.3122044457843489] 
        ],
       "Rate classes":2,
       "Uncorrected P-value":1,
       "original name":"SI@CH211-183D21.1_DANRE"
      }
    },
   "attributes":{
     "Baseline MG94xREV":{
       "attribute type":"branch length",
       "display order":1
      },