{
 "analysis":{
   "authors":"Sergei L Kosakovsky Pond, Ben Murrell, Steven Weaver and Temple iGEM / UCSD viral evolution group",
   "citation":"Less Is More: An Adaptive Branch-Site Random Effects Model for Efficient Detection of Episodic Diversifying Selection (2015). Mol Biol Evol 32 (5): 1342-1353. v2.2 adds support for multiple-hit models",
   "contact":"spond@temple.edu",
   "info":"aBSREL (Adaptive branch-site random effects likelihood)\n                            uses an adaptive random effects branch-site model framework\n                            to test whether each branch has evolved under positive selection,\n                            using a procedure which infers an optimal number of rate categories per branch.",
   "requirements":"in-frame codon alignment and a phylogenetic tree",
   "version":"2.2"
  },
 "branch attributes":{
   "0":{
     "DPP3_2_OF_2_GADMO":{
       "Baseline MG94xREV":0.1894494180871138,
       "Baseline MG94xREV omega ratio":0.07478186083665983,
       "Corrected P-value":1,
       "Full adaptive model":0.1837152328330043,
       "Full adaptive model (non-synonymous subs/site)":0.03475977614274949,
       "Full adaptive model (synonymous subs/site)":0.1489554566902548,
       "LRT":0,
       "Nucleotide GTR":0.1070697694304582,
       "Rate Distributions":        [
[0, 0.8246310790237252],
        [0.4530079415276376, 0.1753689209762748] 
        ],
       "Rate classes":2,
       "Uncorrected P-value":1,
       "original name":"DPP3_2_OF_2_GADMO"
      },
     "DPP3_DANRE":{
       "Baseline MG94xREV":0.4361325656269059,
       "Baseline MG94xREV omega ratio":0.04835767591220466,
       "Corrected P-value":1,
       "Full adaptive model":0.4610770387864427,
       "Full adaptive model (non-synonymous subs/site)":0.1752378498149028,
       "Full adaptive model (synonymous subs/site)":0.2858391889715398,
       "LRT":2.138249838848424,
       "Nucleotide GTR":0.1994432411135358,
       "Rate Distributions":        [
[0.03348543745881882, 0.9238674746798964],
        [0.03453766332181923, 0.03992141116728381],
        [4.871307593613918, 0.03621111415281981] 
        ],
       "Rate classes":3,
       "Uncorrected P-value":0.1317257848000612,
       "original name":"DPP3_DANRE"
      },
     "DPP3_GASAC":{
       "Baseline MG94xREV":0.09147871484893401,
       "Baseline MG94xREV omega ratio":0.09362989373448159,
       "Corrected P-value":1,
       "Full adaptive model":0.09382981252377598,
       "Full adaptive model (non-synonymous subs/site)":0.02092627120862649,
       "Full adaptive model (synonymous subs/site)":0.07290354131514949,
       "LRT":0,
       "Nucleotide GTR":0.07527437040657936,
       "Rate Distributions":        [
[0, 0.8765105758023793],
        [0.7913185580957527, 0.1234894241976207] 
        ],
       "Rate classes":2,
       "Uncorrected P-value":1,
       "original name":"DPP3_GASAC"
      },
     "DPP3_ORENI":{
       "Baseline MG94xREV":0.09569171105267783,
       "Baseline MG94xREV omega ratio":0.05744080970138501,
       "Corrected P-value":1,
       "Full adaptive model":0.0952638275217025,
       "Full adaptive model (non-synonymous subs/site)":0.01517300370368883,
       "Full adaptive model (synonymous subs/site)":0.08009082381801366,
       "LRT":0.01294422307546483,
       "Nucleotide GTR":0.0768015544420729,
       "Rate Distributions":        [
[0.002767454360097136, 0.9450751076865753],
        [1.126622945627546, 0.05492489231342468] 
        ],
       "Rate classes":2,
       "Uncorrected P-value":0.4799482352176062,
       "original name":"DPP3_ORENI"
      },
     "DPP3_ORYLA":{
       "Baseline MG94xREV":0.1572129022693092,
       "Baseline MG94xREV omega ratio":0.08910377052189659,
       "Corrected P-value":1,
       "Full adaptive model":0.1539329795806546,
       "Full adaptive model (non-synonymous subs/site)":0.03269523819326197,
       "Full adaptive model (synonymous subs/site)":0.1212377413873926,
       "LRT":0,
       "Nucleotide GTR":0.1263949634510687,
       "Rate Distributions":        [
[0.01421110556010349, 0.8885631159280191],
        [0.7105491972493674, 0.1114368840719809] 
        ],
       "Rate classes":2,
       "Uncorrected P-value":1,
       "original name":"DPP3_ORYLA"
      },
     "DPP3_TAKRU":{
       "Baseline MG94xREV":0.06346147169892251,
       "Baseline MG94xREV omega ratio":0.08288681592831465,
       "Corrected P-value":1,
       "Full adaptive model":0.06295941864341963,
       "Full adaptive model (non-synonymous subs/site)":0.01090233961969305,
       "Full adaptive model (synonymous subs/site)":0.05205707902372658,
       "LRT":0,
       "Nucleotide GTR":0.06002713382581477,
       "Rate Distributions":        [
[0.07129807473941582, 1] 
        ],
       "Rate classes":1,
       "Uncorrected P-value":1,
       "original name":"DPP3_TAKRU"
      },
     "DPP3_TETNG":{
       "Baseline MG94xREV":0.05707479033912668,
       "Baseline MG94xREV omega ratio":0.04851172186769757,
       "Corrected P-value":0.6967300288382843,
       "Full adaptive model":0.05923024497333832,
       "Full adaptive model (non-synonymous subs/site)":0.01087017089813223,
       "Full adaptive model (synonymous subs/site)":0.04836007407520608,
       "LRT":3.532140964747668,
       "Nucleotide GTR":0.04683399722497006,
       "Rate Distributions":        [
[0, 0.9824413794800244],
        [4.358097213536877, 0.01755862051997559] 
        ],
       "Rate classes":2,
       "Uncorrected P-value":0.06333909353075312,
       "original name":"DPP3_TETNG"
      },
     "NODE_3":{
       "Baseline MG94xREV":0.002534465073571314,
       "Baseline MG94xREV omega ratio":10000000000,
       "Corrected P-value":1,
       "Full adaptive model":0.002576183377900263,
       "Full adaptive model (non-synonymous subs/site)":0.002576183377900263,
       "Full adaptive model (synonymous subs/site)":1e-10,
       "LRT":0.5114380423547118,
       "Nucleotide GTR":0.005928711401461225,
       "Rate Distributions":        [
[10000000000, 1] 
        ],
       "Rate classes":1,
       "Uncorrected P-value":0.3272112551276589
      },
     "NODE_6":{
       "Baseline MG94xREV":0.08871615877565424,
       "Baseline MG94xREV omega ratio":0.08564899683790876,
       "Corrected P-value":1,
       "Full adaptive model":0.4650272089954067,
       "Full adaptive model (non-synonymous subs/site)":0.3977176693859777,
       "Full adaptive model (synonymous subs/site)":0.06730953960942902,
       "LRT":1.739889364303963,
       "Nucleotide GTR":0.06812772232018924,
       "Rate Distributions":        [
[0.06595592807137386, 0.9968894408620573],
        [625.5543818216497, 0.00311055913794267] 
        ],
       "Rate classes":2,
       "Uncorrected P-value":0.1631229867452147
      },
     "NODE_7":{
       "Baseline MG94xREV":0.001013479659234951,
       "Baseline MG94xREV omega ratio":10000000000,
       "Corrected P-value":1,
       "Full adaptive model":0.00100139705133025,
       "Full adaptive model (non-synonymous subs/site)":0.00100139705133025,
       "Full adaptive model (synonymous subs/site)":1e-10,
       "LRT":0.001483428535721032,
       "Nucleotide GTR":0.009637418871085305,
       "Rate Distributions":        [
[10000000000, 1] 
        ],
       "Rate classes":1,
       "Uncorrected P-value":0.4936329343831776
      },
     "NODE_9":{
       "Baseline MG94xREV":0.03045270147334643,
       "Baseline MG94xREV omega ratio":0.2085005642602675,
       "Corrected P-value":1,
       "Full adaptive model":0.02708610931404616,
       "Full adaptive model (non-synonymous subs/site)":0.008118260649523101,
       "Full adaptive model (synonymous subs/site)":0.0189678486645231,
       "LRT":0,
       "Nucleotide GTR":0.04665946088918004,
       "Rate Distributions":        [
[0.1457078019687061, 1] 
        ],
       "Rate classes":1,
       "Uncorrected P-value":1
      }
    },
   "attributes":{
     "Baseline MG94xREV":{
       "attribute type":"branch length",