{
 "analysis":{
   "authors":"Sergei L Kosakovsky Pond, Ben Murrell, Steven Weaver and Temple iGEM / UCSD viral evolution group",
   "citation":"Less Is More: An Adaptive Branch-Site Random Effects Model for Efficient Detection of Episodic Diversifying Selection (2015). Mol Biol Evol 32 (5): 1342-1353. v2.2 adds support for multiple-hit models",
   "contact":"spond@temple.edu",
   "info":"aBSREL (Adaptive branch-site random effects likelihood)\n                            uses an adaptive random effects branch-site model framework\n                            to test whether each branch has evolved under positive selection,\n                            using a procedure which infers an optimal number of rate categories per branch.",
   "requirements":"in-frame codon alignment and a phylogenetic tree",
   "version":"2.2"
  },
 "branch attributes":{
   "0":{
     "ENSGACP00000023952":{
       "Baseline MG94xREV":0.08940843973961142,
       "Baseline MG94xREV omega ratio":0.1896652425628941,
       "Corrected P-value":1,
       "Full adaptive model":0.0937360702011345,
       "Full adaptive model (non-synonymous subs/site)":0.03706222072163878,
       "Full adaptive model (synonymous subs/site)":0.05667384947949573,
       "LRT":0.1815681045118254,
       "Nucleotide GTR":0.08460848253641988,
       "Rate Distributions":        [
[0, 0.8303279489082412],
        [1.291768026229756, 0.1696720510917588] 
        ],
       "Rate classes":2,
       "Uncorrected P-value":0.4079702859681864,
       "original name":"ENSGACP00000023952"
      },
     "ENSGALP00000014438":{
       "Baseline MG94xREV":8.351538544474092,
       "Baseline MG94xREV omega ratio":0.004943603463379996,
       "Corrected P-value":1,
       "Full adaptive model":0.4777997725456872,
       "Full adaptive model (non-synonymous subs/site)":0.164844512162952,
       "Full adaptive model (synonymous subs/site)":0.3129552603827351,
       "LRT":0,
       "Nucleotide GTR":0.252021587641382,
       "Rate Distributions":        [
[0, 0.6167287461204316],
        [0.4606086664557635, 0.3832712538795684] 
        ],
       "Rate classes":2,
       "Uncorrected P-value":1,
       "original name":"ENSGALP00000014438"
      },
     "ENSGMOP00000020532":{
       "Baseline MG94xREV":0.1720650691879992,
       "Baseline MG94xREV omega ratio":0.07416147715738318,
       "Corrected P-value":1,
       "Full adaptive model":3.141777087242793,
       "Full adaptive model (non-synonymous subs/site)":2.992749649992584,
       "Full adaptive model (synonymous subs/site)":0.1490274372502086,
       "LRT":3.059525096046855,
       "Nucleotide GTR":0.1152306463243856,
       "Rate Distributions":        [
[0.03525604267046432, 0.9511371290959444],
        [0.03527205583830677, 0.02360589424540226],
        [265.1219788079572, 0.02525697665865335] 
        ],
       "Rate classes":3,
       "Uncorrected P-value":0.08102915210722361,
       "original name":"ENSGMOP00000020532"
      },
     "ENSLACP00000009203":{
       "Baseline MG94xREV":0.2582770506489154,
       "Baseline MG94xREV omega ratio":0.04845113011586005,
       "Corrected P-value":1,
       "Full adaptive model":0.2777388717005784,
       "Full adaptive model (non-synonymous subs/site)":0.02810917838261906,
       "Full adaptive model (synonymous subs/site)":0.2496296933179595,
       "LRT":0,
       "Nucleotide GTR":0.178630328608982,
       "Rate Distributions":        [
[0.03773966347445084, 1] 
        ],
       "Rate classes":1,
       "Uncorrected P-value":1,
       "original name":"ENSLACP00000009203"
      },
     "ENSONIP00000016346":{
       "Baseline MG94xREV":0.1524868507889298,
       "Baseline MG94xREV omega ratio":0.1568248075824173,
       "Corrected P-value":1,
       "Full adaptive model":0.1603079339686322,
       "Full adaptive model (non-synonymous subs/site)":0.06001928731848626,
       "Full adaptive model (synonymous subs/site)":0.1002886466501459,
       "LRT":0,
       "Nucleotide GTR":0.1305051197974612,
       "Rate Distributions":        [
[0, 0.7833946517063003],
        [0.9260106948262998, 0.2166053482936997] 
        ],
       "Rate classes":2,
       "Uncorrected P-value":1,
       "original name":"ENSONIP00000016346"
      },
     "ENSORLP00000017805":{
       "Baseline MG94xREV":0.2409671863350669,
       "Baseline MG94xREV omega ratio":0.2653154178819094,
       "Corrected P-value":1,
       "Full adaptive model":0.2862421663291821,
       "Full adaptive model (non-synonymous subs/site)":0.1587680204983447,
       "Full adaptive model (synonymous subs/site)":0.1274741458308374,
       "LRT":1.536027382317116,
       "Nucleotide GTR":0.2013164081878936,
       "Rate Distributions":        [
[0.03245334340744533, 0.7697194731357286],
        [1.704239956065032, 0.2302805268642714] 
        ],
       "Rate classes":2,
       "Uncorrected P-value":0.1822221190398558,
       "original name":"ENSORLP00000017805"
      },
     "ENSTNIP00000005976":{
       "Baseline MG94xREV":0.06676711062057405,
       "Baseline MG94xREV omega ratio":0.1795978680311109,
       "Corrected P-value":1,
       "Full adaptive model":0.06483048000484899,
       "Full adaptive model (non-synonymous subs/site)":0.02187494604562754,
       "Full adaptive model (synonymous subs/site)":0.04295553395922145,
       "LRT":0,
       "Nucleotide GTR":0.06390954018146583,
       "Rate Distributions":        [
[0.1706766002426989, 1] 
        ],
       "Rate classes":1,
       "Uncorrected P-value":1,
       "original name":"ENSTNIP00000005976"
      },
     "ENSTRUP00000005181":{
       "Baseline MG94xREV":0.09301043562000623,
       "Baseline MG94xREV omega ratio":0.2170500573530725,
       "Corrected P-value":1,
       "Full adaptive model":0.09341560048393192,
       "Full adaptive model (non-synonymous subs/site)":0.03492188274818799,
       "Full adaptive model (synonymous subs/site)":0.05849371773574393,
       "LRT":0,
       "Nucleotide GTR":0.08129912758825641,
       "Rate Distributions":        [
[0.2000942181498617, 1] 
        ],
       "Rate classes":1,
       "Uncorrected P-value":1,
       "original name":"ENSTRUP00000005181"
      },
     "NODE_10":{
       "Baseline MG94xREV":0.04913115165650647,
       "Baseline MG94xREV omega ratio":0.02138646755324212,
       "Corrected P-value":1,
       "Full adaptive model":0.04144773021442096,
       "Full adaptive model (non-synonymous subs/site)":0.001006228260693908,
       "Full adaptive model (synonymous subs/site)":0.04044150195372702,
       "LRT":0,
       "Nucleotide GTR":0.03337644170834076,
       "Rate Distributions":        [
[0.008339026405636375, 1] 
        ],
       "Rate classes":1,
       "Uncorrected P-value":1
      },
     "NODE_13":{
       "Baseline MG94xREV":0.06285483206078016,
       "Baseline MG94xREV omega ratio":0.2742222220199835,
       "Corrected P-value":1,
       "Full adaptive model":0.07663395189857117,
       "Full adaptive model (non-synonymous subs/site)":0.03638525205039753,
       "Full adaptive model (synonymous subs/site)":0.04024869984817366,
       "LRT":0.9965130403761577,
       "Nucleotide GTR":0.06110759663881646,
       "Rate Distributions":        [
[0, 0.8559813598775756],
        [2.103782997132382, 0.1440186401224244] 
        ],
       "Rate classes":2,
       "Uncorrected P-value":0.245907861545769
      },
     "NODE_14":{
       "Baseline MG94xREV":0.124341266667064,
       "Baseline MG94xREV omega ratio":0.06097723074619735,
       "Corrected P-value":1,
       "Full adaptive model":6.823114142476841,
       "Full adaptive model (non-synonymous subs/site)":6.749733575921891,
       "Full adaptive model (synonymous subs/site)":0.07338056655494921,
       "LRT":2.144489654077915,
       "Nucleotide GTR":0.07008381979527291,
       "Rate Distributions":        [
[0.04137115372760291, 0.9802373554018067],
        [1557.8834081948, 0.01976264459819332] 
        ],
       "Rate classes":2,