{
 "analysis":{
   "authors":"Sergei L Kosakovsky Pond, Ben Murrell, Steven Weaver and Temple iGEM / UCSD viral evolution group",
   "citation":"Less Is More: An Adaptive Branch-Site Random Effects Model for Efficient Detection of Episodic Diversifying Selection (2015). Mol Biol Evol 32 (5): 1342-1353. v2.2 adds support for multiple-hit models",
   "contact":"spond@temple.edu",
   "info":"aBSREL (Adaptive branch-site random effects likelihood)\n                            uses an adaptive random effects branch-site model framework\n                            to test whether each branch has evolved under positive selection,\n                            using a procedure which infers an optimal number of rate categories per branch.",
   "requirements":"in-frame codon alignment and a phylogenetic tree",
   "version":"2.2"
  },
 "branch attributes":{
   "0":{
     "ENSGMOP00000009668":{
       "Baseline MG94xREV":0.2311341235187164,
       "Baseline MG94xREV omega ratio":0.1541068609165216,
       "Corrected P-value":1,
       "Full adaptive model":0.2789802793594589,
       "Full adaptive model (non-synonymous subs/site)":0.0658603734547806,
       "Full adaptive model (synonymous subs/site)":0.2131199059046779,
       "LRT":0,
       "Nucleotide GTR":0.1574897436386156,
       "Rate Distributions":        [
[0.1048017158724022, 1] 
        ],
       "Rate classes":1,
       "Uncorrected P-value":1,
       "original name":"ENSGMOP00000009668"
      },
     "ENSLACP00000007943":{
       "Baseline MG94xREV":0.2933721511536397,
       "Baseline MG94xREV omega ratio":0.134109818272117,
       "Corrected P-value":1,
       "Full adaptive model":0.3584195342531764,
       "Full adaptive model (non-synonymous subs/site)":0.1102779861635165,
       "Full adaptive model (synonymous subs/site)":0.2481415480896599,
       "LRT":0.2008430146324827,
       "Nucleotide GTR":0.2016569555654978,
       "Rate Distributions":        [
[0.07929579013107178, 0.96588376168023],
        [2.172714896771231, 0.03411623831976995] 
        ],
       "Rate classes":2,
       "Uncorrected P-value":0.4021450803822192,
       "original name":"ENSLACP00000007943"
      },
     "ENSONIP00000014661":{
       "Baseline MG94xREV":0.2454592231314985,
       "Baseline MG94xREV omega ratio":0.03761480393551971,
       "Corrected P-value":1,
       "Full adaptive model":0.2117968704937318,
       "Full adaptive model (non-synonymous subs/site)":0.02069587740385614,
       "Full adaptive model (synonymous subs/site)":0.1911009930898758,
       "LRT":0,
       "Nucleotide GTR":0.1446026650023289,
       "Rate Distributions":        [
[0.03672730986436709, 1] 
        ],
       "Rate classes":1,
       "Uncorrected P-value":1,
       "original name":"ENSONIP00000014661"
      },
     "ENSTNIP00000001398":{
       "Baseline MG94xREV":0.06683747497538378,
       "Baseline MG94xREV omega ratio":0.2126233454815837,
       "Corrected P-value":1,
       "Full adaptive model":0.08093030451236892,
       "Full adaptive model (non-synonymous subs/site)":0.02438755736431976,
       "Full adaptive model (synonymous subs/site)":0.05654274714804913,
       "LRT":0,
       "Nucleotide GTR":0.06151789693817449,
       "Rate Distributions":        [
[0.1462714676113221, 1] 
        ],
       "Rate classes":1,
       "Uncorrected P-value":1,
       "original name":"ENSTNIP00000001398"
      },
     "ENSTRUP00000016318":{
       "Baseline MG94xREV":0.09627194584208149,
       "Baseline MG94xREV omega ratio":0.09092296625351226,
       "Corrected P-value":1,
       "Full adaptive model":0.09454569251228218,
       "Full adaptive model (non-synonymous subs/site)":0.02985271489150605,
       "Full adaptive model (synonymous subs/site)":0.06469297762077611,
       "LRT":0.8741017921074672,
       "Nucleotide GTR":0.08078020075075502,
       "Rate Distributions":        [
[0, 0.9298998980321123],
        [2.232421840229013, 0.07010010196788774] 
        ],
       "Rate classes":2,
       "Uncorrected P-value":0.2637460177580871,
       "original name":"ENSTRUP00000016318"
      },
     "NODE_3":{
       "Baseline MG94xREV":0.07850938482580948,
       "Baseline MG94xREV omega ratio":0.08771176407279957,
       "Corrected P-value":1,
       "Full adaptive model":0.09108840091115535,
       "Full adaptive model (non-synonymous subs/site)":0.01485851769168373,
       "Full adaptive model (synonymous subs/site)":0.0762298832194717,
       "LRT":0,
       "Nucleotide GTR":0.06037051436469516,
       "Rate Distributions":        [
[0.06610258620593878, 1] 
        ],
       "Rate classes":1,
       "Uncorrected P-value":1
      },
     "NODE_5":{
       "Baseline MG94xREV":0.04666994783387626,
       "Baseline MG94xREV omega ratio":0.04146111690770952,
       "Corrected P-value":0.5827389697629088,
       "Full adaptive model":0.1605604304592429,
       "Full adaptive model (non-synonymous subs/site)":0.1321644909143142,
       "Full adaptive model (synonymous subs/site)":0.02839593954492871,
       "LRT":3.489787247365712,
       "Nucleotide GTR":0.040508286906333,
       "Rate Distributions":        [
[0.01742607209198774, 0.9927699085565296],
        [215.9219088937125, 0.007230091443470421] 
        ],
       "Rate classes":2,
       "Uncorrected P-value":0.06474877441810098
      },
     "NODE_7":{
       "Baseline MG94xREV":0.1527724407502294,
       "Baseline MG94xREV omega ratio":0.03109424195733698,
       "Corrected P-value":1,
       "Full adaptive model":0.1040870706362746,
       "Full adaptive model (non-synonymous subs/site)":0.01168581201437145,
       "Full adaptive model (synonymous subs/site)":0.09240125862190311,
       "LRT":0,
       "Nucleotide GTR":0.04046546675371244,
       "Rate Distributions":        [
[0.04288932672352348, 1] 
        ],
       "Rate classes":1,
       "Uncorrected P-value":1
      },
     "SI_DKEY_16N15_6_DANRE":{
       "Baseline MG94xREV":0.3179284021034838,
       "Baseline MG94xREV omega ratio":0.07538006913182671,
       "Corrected P-value":1,
       "Full adaptive model":0.2503604963682807,
       "Full adaptive model (non-synonymous subs/site)":0.05307490569692114,
       "Full adaptive model (synonymous subs/site)":0.1972855906713594,
       "LRT":0,
       "Nucleotide GTR":0.1956948404982601,
       "Rate Distributions":        [
[0.09123512779161919, 1] 
        ],
       "Rate classes":1,
       "Uncorrected P-value":1,
       "original name":"SI@DKEY-16N15.6_DANRE"
      }
    },
   "attributes":{
     "Baseline MG94xREV":{
       "attribute type":"branch length",
       "display order":1
      },
     "Baseline MG94xREV omega ratio":{
       "attribute type":"branch label",
       "display order":1
      },
     "Corrected P-value":{
       "attribute type":"branch label",
       "display order":6
      },
     "Full adaptive model":{
       "attribute type":"branch length",
       "display order":2
      },
     "Full adaptive model (non-synonymous subs/site)":{
       "attribute type":"branch label",
       "display order":10
      },
     "Full adaptive model (synonymous subs/site)":{
       "attribute type":"branch label",
       "display order":9
      },
     "LRT":{
       "attribute type":"branch label",
       "display order":4
      },
     "Nucleotide GTR":{
       "attribute type":"branch length",
       "display order":0
      },
     "Rate Distributions":{
       "attribute type":"branch label",
       "display order":3
      },
     "Rate classes":{
       "attribute type":"branch label",
       "display order":2
      },
     "Uncorrected P-value":{
       "attribute type":"branch label",
       "display order":5
      },
     "original name":{
       "attribute type":"node label",
       "display order":-1
      }
    }
  },