{
 "analysis":{
   "authors":"Sergei L Kosakovsky Pond, Ben Murrell, Steven Weaver and Temple iGEM / UCSD viral evolution group",
   "citation":"Less Is More: An Adaptive Branch-Site Random Effects Model for Efficient Detection of Episodic Diversifying Selection (2015). Mol Biol Evol 32 (5): 1342-1353. v2.2 adds support for multiple-hit models",
   "contact":"spond@temple.edu",
   "info":"aBSREL (Adaptive branch-site random effects likelihood)\n                            uses an adaptive random effects branch-site model framework\n                            to test whether each branch has evolved under positive selection,\n                            using a procedure which infers an optimal number of rate categories per branch.",
   "requirements":"in-frame codon alignment and a phylogenetic tree",
   "version":"2.2"
  },
 "branch attributes":{
   "0":{
     "ENSACAP00000006911":{
       "Baseline MG94xREV":0.2375866923509637,
       "Baseline MG94xREV omega ratio":0.08776099598743624,
       "Corrected P-value":1,
       "Full adaptive model":0.1430721787747409,
       "Full adaptive model (non-synonymous subs/site)":0.0646331316503439,
       "Full adaptive model (synonymous subs/site)":0.07843904712439702,
       "LRT":0.1274229530699813,
       "Nucleotide GTR":0.1669634089248041,
       "Rate Distributions":        [
[0.06078471066008587, 0.902096455660935],
        [2.179218755872645, 0.09790354433906501] 
        ],
       "Rate classes":2,
       "Uncorrected P-value":0.4257065259929178,
       "original name":"ENSACAP00000006911"
      },
     "ENSGACP00000005023":{
       "Baseline MG94xREV":0.09150631121887116,
       "Baseline MG94xREV omega ratio":0.1173327720558399,
       "Corrected P-value":1,
       "Full adaptive model":0.09009623622590539,
       "Full adaptive model (non-synonymous subs/site)":0.02225473906448716,
       "Full adaptive model (synonymous subs/site)":0.06784149716141825,
       "LRT":0,
       "Nucleotide GTR":0.07188684033485336,
       "Rate Distributions":        [
[0.1067681635913527, 1] 
        ],
       "Rate classes":1,
       "Uncorrected P-value":1,
       "original name":"ENSGACP00000005023"
      },
     "ENSLACP00000019310":{
       "Baseline MG94xREV":0.6604044219479636,
       "Baseline MG94xREV omega ratio":0.0318639101100824,
       "Corrected P-value":1,
       "Full adaptive model":0.6353633615546788,
       "Full adaptive model (non-synonymous subs/site)":0.05533822581682806,
       "Full adaptive model (synonymous subs/site)":0.5800251357378511,
       "LRT":0,
       "Nucleotide GTR":0.1674248932328437,
       "Rate Distributions":        [
[0.03105225234688763, 1] 
        ],
       "Rate classes":1,
       "Uncorrected P-value":1,
       "original name":"ENSLACP00000019310"
      },
     "ENSMGAP00000006562":{
       "Baseline MG94xREV":0.4500021232936901,
       "Baseline MG94xREV omega ratio":0.06486248353663582,
       "Corrected P-value":1,
       "Full adaptive model":0.4887770776091305,
       "Full adaptive model (non-synonymous subs/site)":0.06754725024699593,
       "Full adaptive model (synonymous subs/site)":0.4212298273621343,
       "LRT":0,
       "Nucleotide GTR":0.1718118905674908,
       "Rate Distributions":        [
[0.05219191692520923, 1] 
        ],
       "Rate classes":1,
       "Uncorrected P-value":1,
       "original name":"ENSMGAP00000006562"
      },
     "ENSONIP00000022950":{
       "Baseline MG94xREV":0.07829741041119746,
       "Baseline MG94xREV omega ratio":0.07614578435762798,
       "Corrected P-value":1,
       "Full adaptive model":0.07819437976682324,
       "Full adaptive model (non-synonymous subs/site)":0.01367978786956606,
       "Full adaptive model (synonymous subs/site)":0.06451459189725714,
       "LRT":0,
       "Nucleotide GTR":0.07354824928258373,
       "Rate Distributions":        [
[0.06901382503187549, 1] 
        ],
       "Rate classes":1,
       "Uncorrected P-value":1,
       "original name":"ENSONIP00000022950"
      },
     "ENSORLP00000015259":{
       "Baseline MG94xREV":0.09975096404101373,
       "Baseline MG94xREV omega ratio":0.08014876585324339,
       "Corrected P-value":1,
       "Full adaptive model":0.09825578593822649,
       "Full adaptive model (non-synonymous subs/site)":0.02001227585279748,
       "Full adaptive model (synonymous subs/site)":0.07824351008542899,
       "LRT":0,
       "Nucleotide GTR":0.0821033432717669,
       "Rate Distributions":        [
[0.01223618268403598, 0.8979497183735684],
        [0.7080668530984831, 0.1020502816264316] 
        ],
       "Rate classes":2,
       "Uncorrected P-value":1,
       "original name":"ENSORLP00000015259"
      },
     "ENSTNIP00000013001":{
       "Baseline MG94xREV":0.04141416606827198,
       "Baseline MG94xREV omega ratio":0.02224284895185269,
       "Corrected P-value":1,
       "Full adaptive model":0.04070803402297773,
       "Full adaptive model (non-synonymous subs/site)":0.001594701998666572,
       "Full adaptive model (synonymous subs/site)":0.03911333202431116,
       "LRT":0,
       "Nucleotide GTR":0.03297711873885582,
       "Rate Distributions":        [
[0.01326995389224592, 1] 
        ],
       "Rate classes":1,
       "Uncorrected P-value":1,
       "original name":"ENSTNIP00000013001"
      },
     "ENSTRUP00000032966":{
       "Baseline MG94xREV":0.03494224649307803,
       "Baseline MG94xREV omega ratio":0.1536716845277975,
       "Corrected P-value":1,
       "Full adaptive model":0.0351238056181989,
       "Full adaptive model (non-synonymous subs/site)":0.01114410643131854,
       "Full adaptive model (synonymous subs/site)":0.02397969918688036,
       "LRT":0,
       "Nucleotide GTR":0.03190204194204281,
       "Rate Distributions":        [
[0.1512572535050233, 1] 
        ],
       "Rate classes":1,
       "Uncorrected P-value":1,
       "original name":"ENSTRUP00000032966"
      },
     "NODE_10":{
       "Baseline MG94xREV":0.001322494887901369,
       "Baseline MG94xREV omega ratio":10000000000,
       "Corrected P-value":1,
       "Full adaptive model":0,
       "Full adaptive model (non-synonymous subs/site)":1e-10,
       "Full adaptive model (synonymous subs/site)":1e-10,
       "LRT":0,
       "Nucleotide GTR":0.004565529714412169,
       "Rate Distributions":        [
[1, 1] 
        ],
       "Rate classes":1,
       "Uncorrected P-value":1
      },
     "NODE_13":{
       "Baseline MG94xREV":0.08027816067771919,
       "Baseline MG94xREV omega ratio":0.07224967910462372,
       "Corrected P-value":1,
       "Full adaptive model":0.08739842955974747,
       "Full adaptive model (non-synonymous subs/site)":0.02288452234837439,
       "Full adaptive model (synonymous subs/site)":0.06451390721137308,
       "LRT":1.789779562463082,
       "Nucleotide GTR":0.05189276355777651,
       "Rate Distributions":        [
[0, 0.9522204326894943],
        [2.41635636403545, 0.0477795673105057] 
        ],
       "Rate classes":2,
       "Uncorrected P-value":0.1587863958793975
      },
     "NODE_14":{
       "Baseline MG94xREV":0.1198111360026072,
       "Baseline MG94xREV omega ratio":0.1155141743761634,
       "Corrected P-value":0.006751245915504189,
       "Full adaptive model":5.06140883624241,
       "Full adaptive model (non-synonymous subs/site)":5.05243377852354,
       "Full adaptive model (synonymous subs/site)":0.00897505771886925,
       "LRT":13.26084527311286,
       "Nucleotide GTR":0.07247716698088494,
       "Rate Distributions":        [
[0.7271797505459368, 0.9799219350307539],
        [9090.000000003736, 0.02007806496924613] 
        ],
       "Rate classes":2,
       "Uncorrected P-value":0.0004500830610336126
      },
     "NODE_16":{
       "Baseline MG94xREV":1289.422991145899,
       "Baseline MG94xREV omega ratio":1.555491106047205e-05,
       "Corrected P-value":1,
       "Full adaptive model":0.7311712660913765,
       "Full adaptive model (non-synonymous subs/site)":0.1607256451976471,