{
 "analysis":{
   "authors":"Sergei L Kosakovsky Pond, Ben Murrell, Steven Weaver and Temple iGEM / UCSD viral evolution group",
   "citation":"Less Is More: An Adaptive Branch-Site Random Effects Model for Efficient Detection of Episodic Diversifying Selection (2015). Mol Biol Evol 32 (5): 1342-1353. v2.2 adds support for multiple-hit models",
   "contact":"spond@temple.edu",
   "info":"aBSREL (Adaptive branch-site random effects likelihood)\n                            uses an adaptive random effects branch-site model framework\n                            to test whether each branch has evolved under positive selection,\n                            using a procedure which infers an optimal number of rate categories per branch.",
   "requirements":"in-frame codon alignment and a phylogenetic tree",
   "version":"2.2"
  },
 "branch attributes":{
   "0":{
     "ENSGMOP00000000453":{
       "Baseline MG94xREV":0.03848335320852515,
       "Baseline MG94xREV omega ratio":0.2891006452961355,
       "Corrected P-value":0.1762836380976118,
       "Full adaptive model":0.1012520061776052,
       "Full adaptive model (non-synonymous subs/site)":0.08483655547347677,
       "Full adaptive model (synonymous subs/site)":0.01641545070412839,
       "LRT":5.582149876799349,
       "Nucleotide GTR":0.0395531230865172,
       "Rate Distributions":        [
[0.1927723227825962, 0.9773494025670377],
        [79.12571567479917, 0.02265059743296227] 
        ],
       "Rate classes":2,
       "Uncorrected P-value":0.02203545476220148,
       "original name":"ENSGMOP00000000453"
      },
     "ENSGMOP00000008110":{
       "Baseline MG94xREV":0.00497217333599548,
       "Baseline MG94xREV omega ratio":10000000000,
       "Corrected P-value":0.9092694658570584,
       "Full adaptive model":0.004977701107734604,
       "Full adaptive model (non-synonymous subs/site)":0.004977701107734604,
       "Full adaptive model (synonymous subs/site)":1e-10,
       "LRT":0.6372296737068837,
       "Nucleotide GTR":0.005037555783620921,
       "Rate Distributions":        [
[10000000000, 1] 
        ],
       "Rate classes":1,
       "Uncorrected P-value":0.3030898219523528,
       "original name":"ENSGMOP00000008110"
      },
     "ENSGMOP00000008113":{
       "Baseline MG94xREV":0.02004083483254173,
       "Baseline MG94xREV omega ratio":10000000000,
       "Corrected P-value":0.7592937311861981,
       "Full adaptive model":0.02005297529458988,
       "Full adaptive model (non-synonymous subs/site)":0.02005297529458988,
       "Full adaptive model (synonymous subs/site)":1e-10,
       "LRT":2.504360972095355,
       "Nucleotide GTR":0.02013604613119082,
       "Rate Distributions":        [
[10000000000, 1] 
        ],
       "Rate classes":1,
       "Uncorrected P-value":0.1084705330265997,
       "original name":"ENSGMOP00000008113"
      },
     "ENSGMOP00000021423":{
       "Baseline MG94xREV":0.04859043023270119,
       "Baseline MG94xREV omega ratio":1.271949679879728,
       "Corrected P-value":0.763538857397313,
       "Full adaptive model":0.05295103190897943,
       "Full adaptive model (non-synonymous subs/site)":0.04224819098878516,
       "Full adaptive model (synonymous subs/site)":0.01070284092019426,
       "LRT":0.2738250314301922,
       "Nucleotide GTR":0.05063831640015447,
       "Rate Distributions":        [
[1.512818099194085, 1] 
        ],
       "Rate classes":1,
       "Uncorrected P-value":0.3817694286986565,
       "original name":"ENSGMOP00000021423"
      },
     "ENSGMOP00000021529":{
       "Baseline MG94xREV":0.05733636893600613,
       "Baseline MG94xREV omega ratio":3.646560762255242,
       "Corrected P-value":0.777020376878002,
       "Full adaptive model":0.05308796390408087,
       "Full adaptive model (non-synonymous subs/site)":0.0478801045378231,
       "Full adaptive model (synonymous subs/site)":0.005207859366257791,
       "LRT":1.82971832267981,
       "Nucleotide GTR":0.05556817269825318,
       "Rate Distributions":        [
[3.523493756921567, 1] 
        ],
       "Rate classes":1,
       "Uncorrected P-value":0.1554040753756004,
       "original name":"ENSGMOP00000021529"
      },
     "ENSGMOP00000021667":{
       "Baseline MG94xREV":0.02060689060546983,
       "Baseline MG94xREV omega ratio":0.3423748222739893,
       "Corrected P-value":1,
       "Full adaptive model":0.02057852862749868,
       "Full adaptive model (non-synonymous subs/site)":0.009961176210393672,
       "Full adaptive model (synonymous subs/site)":0.01061735241710501,
       "LRT":0,
       "Nucleotide GTR":0.02027743006690753,
       "Rate Distributions":        [
[0.3595605649530177, 1] 
        ],
       "Rate classes":1,
       "Uncorrected P-value":1,
       "original name":"ENSGMOP00000021667"
      },
     "NODE_10":{
       "Baseline MG94xREV":0.0089862291047641,
       "Baseline MG94xREV omega ratio":10000000000,
       "Corrected P-value":0.9529825018613747,
       "Full adaptive model":0.008983677979752061,
       "Full adaptive model (non-synonymous subs/site)":0.008983677979752061,
       "Full adaptive model (synonymous subs/site)":1e-10,
       "LRT":1.05239368463549,
       "Nucleotide GTR":0.008989573094637706,
       "Rate Distributions":        [
[10000000000, 1] 
        ],
       "Rate classes":1,
       "Uncorrected P-value":0.2382456254653437
      },
     "NODE_8":{
       "Baseline MG94xREV":0.01962807691091745,
       "Baseline MG94xREV omega ratio":10000000000,
       "Corrected P-value":0.8736968505356987,
       "Full adaptive model":0.01550024156249952,
       "Full adaptive model (non-synonymous subs/site)":0.01550024156249952,
       "Full adaptive model (synonymous subs/site)":1e-10,
       "LRT":1.95075446794408,
       "Nucleotide GTR":0.01789986229243464,
       "Rate Distributions":        [
[10000000000, 1] 
        ],
       "Rate classes":1,
       "Uncorrected P-value":0.1456161417559498
      }
    },
   "attributes":{
     "Baseline MG94xREV":{
       "attribute type":"branch length",
       "display order":1
      },
     "Baseline MG94xREV omega ratio":{
       "attribute type":"branch label",
       "display order":1
      },
     "Corrected P-value":{
       "attribute type":"branch label",
       "display order":6
      },
     "Full adaptive model":{
       "attribute type":"branch length",
       "display order":2
      },
     "Full adaptive model (non-synonymous subs/site)":{
       "attribute type":"branch label",
       "display order":10
      },
     "Full adaptive model (synonymous subs/site)":{
       "attribute type":"branch label",
       "display order":9
      },
     "LRT":{
       "attribute type":"branch label",
       "display order":4
      },
     "Nucleotide GTR":{
       "attribute type":"branch length",
       "display order":0
      },
     "Rate Distributions":{
       "attribute type":"branch label",
       "display order":3
      },
     "Rate classes":{
       "attribute type":"branch label",
       "display order":2
      },
     "Uncorrected P-value":{
       "attribute type":"branch label",
       "display order":5
      },
     "original name":{
       "attribute type":"node label",
       "display order":-1
      }
    }
  },
 "data partitions":{
   "0":{
     "coverage":      [
[0, 1, 2, 3, 4, 5, 6, 7, 8, 9, 10, 11, 12, 13, 14, 15, 16, 17, 18, 19, 20, 21, 22, 23, 24, 25, 26, 27, 28, 29, 30, 31, 32, 33, 34, 35, 36, 37, 38, 39, 40, 41, 42, 43, 44, 45, 46, 47, 48, 49, 50, 51, 52, 53, 54, 55, 56, 57, 58, 59, 60, 61, 62, 63, 64, 65, 66] 
      ],
     "name":"absrel.filter.default"
    }
  },
 "fits":{
   "Baseline MG94xREV":{
     "AIC-c":1021.400516264856,