{
 "analysis":{
   "authors":"Sergei L Kosakovsky Pond, Ben Murrell, Steven Weaver and Temple iGEM / UCSD viral evolution group",
   "citation":"Less Is More: An Adaptive Branch-Site Random Effects Model for Efficient Detection of Episodic Diversifying Selection (2015). Mol Biol Evol 32 (5): 1342-1353. v2.2 adds support for multiple-hit models",
   "contact":"spond@temple.edu",
   "info":"aBSREL (Adaptive branch-site random effects likelihood)\n                            uses an adaptive random effects branch-site model framework\n                            to test whether each branch has evolved under positive selection,\n                            using a procedure which infers an optimal number of rate categories per branch.",
   "requirements":"in-frame codon alignment and a phylogenetic tree",
   "version":"2.2"
  },
 "branch attributes":{
   "0":{
     "ENSGACP00000012338":{
       "Baseline MG94xREV":0.09046027031277876,
       "Baseline MG94xREV omega ratio":0.1705180568770821,
       "Corrected P-value":1,
       "Full adaptive model":0.09582283476017117,
       "Full adaptive model (non-synonymous subs/site)":0.03711705426593943,
       "Full adaptive model (synonymous subs/site)":0.05870578049423174,
       "LRT":1.102507654748479,
       "Nucleotide GTR":0.08079409790975743,
       "Rate Distributions":        [
[0.07174393951129386, 0.962320727400149],
        [4.081678392382879, 0.03767927259985104] 
        ],
       "Rate classes":2,
       "Uncorrected P-value":0.2316113478469514,
       "original name":"ENSGACP00000012338"
      },
     "ENSONIP00000018515":{
       "Baseline MG94xREV":0.1140604858498076,
       "Baseline MG94xREV omega ratio":0.1000960464350479,
       "Corrected P-value":1,
       "Full adaptive model":0.1132025080774939,
       "Full adaptive model (non-synonymous subs/site)":0.02384898212665704,
       "Full adaptive model (synonymous subs/site)":0.0893535259508369,
       "LRT":0,
       "Nucleotide GTR":0.09364446071252404,
       "Rate Distributions":        [
[0.09406966789052355, 1] 
        ],
       "Rate classes":1,
       "Uncorrected P-value":1,
       "original name":"ENSONIP00000018515"
      },
     "ENSORLP00000016227":{
       "Baseline MG94xREV":0.2126643081654641,
       "Baseline MG94xREV omega ratio":0.07921625448737345,
       "Corrected P-value":1,
       "Full adaptive model":0.2148750878436925,
       "Full adaptive model (non-synonymous subs/site)":0.05061186864078985,
       "Full adaptive model (synonymous subs/site)":0.1642632192029026,
       "LRT":0.07111146317402017,
       "Nucleotide GTR":0.1505810571701156,
       "Rate Distributions":        [
[0.04890162943734828, 0.9636155513937147],
        [1.689486826747221, 0.03638444860628531] 
        ],
       "Rate classes":2,
       "Uncorrected P-value":0.4474657469007981,
       "original name":"ENSORLP00000016227"
      },
     "ENSTNIP00000015268":{
       "Baseline MG94xREV":0.04865418108009193,
       "Baseline MG94xREV omega ratio":0.1386679918317152,
       "Corrected P-value":1,
       "Full adaptive model":0.04794644217589377,
       "Full adaptive model (non-synonymous subs/site)":0.01267321683608044,
       "Full adaptive model (synonymous subs/site)":0.03527322533981324,
       "LRT":0,
       "Nucleotide GTR":0.04655861144373207,
       "Rate Distributions":        [
[0.1266289921159022, 1] 
        ],
       "Rate classes":1,
       "Uncorrected P-value":1,
       "original name":"ENSTNIP00000015268"
      },
     "ENSTRUP00000019511":{
       "Baseline MG94xREV":0.05375182634175694,
       "Baseline MG94xREV omega ratio":0.1878436873901707,
       "Corrected P-value":1,
       "Full adaptive model":0.05348875663902978,
       "Full adaptive model (non-synonymous subs/site)":0.0172273970807099,
       "Full adaptive model (synonymous subs/site)":0.03626135955831993,
       "LRT":0,
       "Nucleotide GTR":0.04872200589089148,
       "Rate Distributions":        [
[0.1674430161109279, 1] 
        ],
       "Rate classes":1,
       "Uncorrected P-value":1,
       "original name":"ENSTRUP00000019511"
      },
     "NODE_5":{
       "Baseline MG94xREV":0.007923207812615936,
       "Baseline MG94xREV omega ratio":10000000000,
       "Corrected P-value":1,
       "Full adaptive model":0,
       "Full adaptive model (non-synonymous subs/site)":1e-10,
       "Full adaptive model (synonymous subs/site)":1e-10,
       "LRT":0,
       "Nucleotide GTR":0.02811119326445947,
       "Rate Distributions":        [
[1, 1] 
        ],
       "Rate classes":1,
       "Uncorrected P-value":1
      },
     "NODE_8":{
       "Baseline MG94xREV":0.1081412345946286,
       "Baseline MG94xREV omega ratio":0.06509312557386208,
       "Corrected P-value":1,
       "Full adaptive model":0.1109759133741528,
       "Full adaptive model (non-synonymous subs/site)":0.02141892270521893,
       "Full adaptive model (synonymous subs/site)":0.08955699066893379,
       "LRT":0,
       "Nucleotide GTR":0.06329878118897098,
       "Rate Distributions":        [
[0.08429262704707666, 1] 
        ],
       "Rate classes":1,
       "Uncorrected P-value":1
      },
     "PRDM1C_DANRE":{
       "Baseline MG94xREV":0.8323873597773943,
       "Baseline MG94xREV omega ratio":0.1233511239084342,
       "Corrected P-value":1,
       "Full adaptive model":0.7247389153864741,
       "Full adaptive model (non-synonymous subs/site)":0.3345281837849841,
       "Full adaptive model (synonymous subs/site)":0.3902107316014898,
       "LRT":0,
       "Nucleotide GTR":0.4237528658073627,
       "Rate Distributions":        [
[0.03520224913670912, 0.6641154956787051],
        [0.8299676846562221, 0.3358845043212949] 
        ],
       "Rate classes":2,
       "Uncorrected P-value":1,
       "original name":"PRDM1C_DANRE"
      }
    },
   "attributes":{
     "Baseline MG94xREV":{
       "attribute type":"branch length",
       "display order":1
      },
     "Baseline MG94xREV omega ratio":{
       "attribute type":"branch label",
       "display order":1
      },
     "Corrected P-value":{
       "attribute type":"branch label",
       "display order":6
      },
     "Full adaptive model":{
       "attribute type":"branch length",
       "display order":2
      },
     "Full adaptive model (non-synonymous subs/site)":{
       "attribute type":"branch label",
       "display order":10
      },
     "Full adaptive model (synonymous subs/site)":{
       "attribute type":"branch label",
       "display order":9
      },
     "LRT":{
       "attribute type":"branch label",
       "display order":4
      },
     "Nucleotide GTR":{
       "attribute type":"branch length",
       "display order":0
      },
     "Rate Distributions":{
       "attribute type":"branch label",
       "display order":3
      },
     "Rate classes":{
       "attribute type":"branch label",
       "display order":2
      },
     "Uncorrected P-value":{
       "attribute type":"branch label",
       "display order":5
      },
     "original name":{
       "attribute type":"node label",
       "display order":-1
      }
    }
  },