{
 "analysis":{
   "authors":"Sergei L Kosakovsky Pond, Ben Murrell, Steven Weaver and Temple iGEM / UCSD viral evolution group",
   "citation":"Less Is More: An Adaptive Branch-Site Random Effects Model for Efficient Detection of Episodic Diversifying Selection (2015). Mol Biol Evol 32 (5): 1342-1353. v2.2 adds support for multiple-hit models",
   "contact":"spond@temple.edu",
   "info":"aBSREL (Adaptive branch-site random effects likelihood)\n                            uses an adaptive random effects branch-site model framework\n                            to test whether each branch has evolved under positive selection,\n                            using a procedure which infers an optimal number of rate categories per branch.",
   "requirements":"in-frame codon alignment and a phylogenetic tree",
   "version":"2.2"
  },
 "branch attributes":{
   "0":{
     "ENSGACP00000000847":{
       "Baseline MG94xREV":0.1817179710670006,
       "Baseline MG94xREV omega ratio":0.1789926624899058,
       "Corrected P-value":0.8102605746122049,
       "Full adaptive model":0.6759146526488796,
       "Full adaptive model (non-synonymous subs/site)":0.5684764232001696,
       "Full adaptive model (synonymous subs/site)":0.1074382294487101,
       "LRT":2.381538575522427,
       "Nucleotide GTR":0.1501570593386124,
       "Rate Distributions":        [
[0.1443068775941075, 0.9728302870681185],
        [63.57600921545696, 0.02716971293188153] 
        ],
       "Rate classes":2,
       "Uncorrected P-value":0.1157515106588864,
       "original name":"ENSGACP00000000847"
      },
     "ENSGMOP00000001411":{
       "Baseline MG94xREV":0.4008611458950049,
       "Baseline MG94xREV omega ratio":0.1052258841517295,
       "Corrected P-value":1,
       "Full adaptive model":0.3968811587456421,
       "Full adaptive model (non-synonymous subs/site)":0.09459255060917118,
       "Full adaptive model (synonymous subs/site)":0.3022886081364709,
       "LRT":0,
       "Nucleotide GTR":0.2282681936070075,
       "Rate Distributions":        [
[0.0006498687301795915, 0.5242534941240337],
        [0.2314610696762726, 0.4757465058759663] 
        ],
       "Rate classes":2,
       "Uncorrected P-value":1,
       "original name":"ENSGMOP00000001411"
      },
     "ENSONIP00000009546":{
       "Baseline MG94xREV":0.0937628600719755,
       "Baseline MG94xREV omega ratio":0.2673312074348466,
       "Corrected P-value":1,
       "Full adaptive model":0.08906041470143994,
       "Full adaptive model (non-synonymous subs/site)":0.0364024705410466,
       "Full adaptive model (synonymous subs/site)":0.05265794416039336,
       "LRT":0,
       "Nucleotide GTR":0.09149678332717404,
       "Rate Distributions":        [
[0.244020874351796, 1] 
        ],
       "Rate classes":1,
       "Uncorrected P-value":1,
       "original name":"ENSONIP00000009546"
      },
     "ENSTNIP00000006042":{
       "Baseline MG94xREV":0.2209599453385283,
       "Baseline MG94xREV omega ratio":0.1059831839460363,
       "Corrected P-value":1,
       "Full adaptive model":0.22315689385565,
       "Full adaptive model (non-synonymous subs/site)":0.05570125926191825,
       "Full adaptive model (synonymous subs/site)":0.1674556345937318,
       "LRT":0,
       "Nucleotide GTR":0.1428627511222712,
       "Rate Distributions":        [
[0, 0.7482052009360537],
        [0.4663140622678038, 0.2517947990639463] 
        ],
       "Rate classes":2,
       "Uncorrected P-value":1,
       "original name":"ENSTNIP00000006042"
      },
     "ENSTRUP00000028963":{
       "Baseline MG94xREV":0.08027097288851429,
       "Baseline MG94xREV omega ratio":0.0986913424165119,
       "Corrected P-value":1,
       "Full adaptive model":0.08355740843620139,
       "Full adaptive model (non-synonymous subs/site)":0.01656311943309378,
       "Full adaptive model (synonymous subs/site)":0.06699428900310757,
       "LRT":0,
       "Nucleotide GTR":0.08327371897952474,
       "Rate Distributions":        [
[0.08726987834154885, 1] 
        ],
       "Rate classes":1,
       "Uncorrected P-value":1,
       "original name":"ENSTRUP00000028963"
      },
     "NODE_3":{
       "Baseline MG94xREV":0.1073005610482846,
       "Baseline MG94xREV omega ratio":0.2055722994674704,
       "Corrected P-value":0.8331498284955194,
       "Full adaptive model":0.1672336810819053,
       "Full adaptive model (non-synonymous subs/site)":0.106119199655938,
       "Full adaptive model (synonymous subs/site)":0.06111448142596726,
       "LRT":2.039489608736403,
       "Nucleotide GTR":0.08130610528269042,
       "Rate Distributions":        [
[0.1448674446901511, 0.9713362711229826],
        [16.47425403342438, 0.0286637288770174] 
        ],
       "Rate classes":2,
       "Uncorrected P-value":0.1388583047492532
      },
     "NODE_5":{
       "Baseline MG94xREV":0.03349483573782573,
       "Baseline MG94xREV omega ratio":0.1282700837237071,
       "Corrected P-value":0.7654581704196739,
       "Full adaptive model":0.1426867797038339,
       "Full adaptive model (non-synonymous subs/site)":0.11820943559637,
       "Full adaptive model (synonymous subs/site)":0.02447734410746392,
       "LRT":2.742439247023867,
       "Nucleotide GTR":0.02523596140772945,
       "Rate Distributions":        [
[0.07349829506561473, 0.9916871750430466],
        [196.3005757674002, 0.008312824956953402] 
        ],
       "Rate classes":2,
       "Uncorrected P-value":0.09568227130245924
      },
     "NODE_7":{
       "Baseline MG94xREV":0.03919596841097681,
       "Baseline MG94xREV omega ratio":1.422360575911692,
       "Corrected P-value":0.1234478384111989,
       "Full adaptive model":0.04566523837217681,
       "Full adaptive model (non-synonymous subs/site)":0.04565763361504102,
       "Full adaptive model (synonymous subs/site)":7.604757135805171e-06,
       "LRT":6.510459026269018,
       "Nucleotide GTR":0.05348063001920393,
       "Rate Distributions":        [
[1, 0.8631394859802342],
        [15478.64667687704, 0.1368605140197658] 
        ],
       "Rate classes":2,
       "Uncorrected P-value":0.01371642649013322
      },
     "ZGC_55888_DANRE":{
       "Baseline MG94xREV":0.5908304204137808,
       "Baseline MG94xREV omega ratio":0.1300319607986638,
       "Corrected P-value":1,
       "Full adaptive model":0.5823018663584314,
       "Full adaptive model (non-synonymous subs/site)":0.2024688113034943,
       "Full adaptive model (synonymous subs/site)":0.3798330550549372,
       "LRT":0,
       "Nucleotide GTR":0.3703805464615592,
       "Rate Distributions":        [
[0, 0.6165602623873757],
        [0.4907138063940793, 0.3834397376126243] 
        ],
       "Rate classes":2,
       "Uncorrected P-value":1,
       "original name":"ZGC@55888_DANRE"
      }
    },
   "attributes":{
     "Baseline MG94xREV":{
       "attribute type":"branch length",
       "display order":1
      },
     "Baseline MG94xREV omega ratio":{
       "attribute type":"branch label",
       "display order":1
      },
     "Corrected P-value":{
       "attribute type":"branch label",
       "display order":6
      },
     "Full adaptive model":{
       "attribute type":"branch length",
       "display order":2
      },
     "Full adaptive model (non-synonymous subs/site)":{
       "attribute type":"branch label",
       "display order":10
      },
     "Full adaptive model (synonymous subs/site)":{
       "attribute type":"branch label",
       "display order":9
      },
     "LRT":{
       "attribute type":"branch label",
       "display order":4
      },
     "Nucleotide GTR":{
       "attribute type":"branch length",
       "display order":0
      },
     "Rate Distributions":{
       "attribute type":"branch label",
       "display order":3
      },
     "Rate classes":{
       "attribute type":"branch label",
       "display order":2
      },
     "Uncorrected P-value":{
       "attribute type":"branch label",
       "display order":5
      },