{
 "analysis":{
   "authors":"Sergei L Kosakovsky Pond, Ben Murrell, Steven Weaver and Temple iGEM / UCSD viral evolution group",
   "citation":"Less Is More: An Adaptive Branch-Site Random Effects Model for Efficient Detection of Episodic Diversifying Selection (2015). Mol Biol Evol 32 (5): 1342-1353. v2.2 adds support for multiple-hit models",
   "contact":"spond@temple.edu",
   "info":"aBSREL (Adaptive branch-site random effects likelihood)\n                            uses an adaptive random effects branch-site model framework\n                            to test whether each branch has evolved under positive selection,\n                            using a procedure which infers an optimal number of rate categories per branch.",
   "requirements":"in-frame codon alignment and a phylogenetic tree",
   "version":"2.2"
  },
 "branch attributes":{
   "0":{
     "CR376827_1_DANRE":{
       "Baseline MG94xREV":0.1527451346534844,
       "Baseline MG94xREV omega ratio":0.1716657581934397,
       "Corrected P-value":1,
       "Full adaptive model":0.5632807844551201,
       "Full adaptive model (non-synonymous subs/site)":0.4783695441050346,
       "Full adaptive model (synonymous subs/site)":0.08491124035008554,
       "LRT":1.970418528348546,
       "Nucleotide GTR":0.1391259512551201,
       "Rate Distributions":        [
[0.08703982638693322, 0.9637794737591486],
        [52.29095776025507, 0.03622052624085137] 
        ],
       "Rate classes":2,
       "Uncorrected P-value":0.1440890152126184,
       "original name":"CR376827.1_DANRE"
      },
     "ENSAMEP00000004006":{
       "Baseline MG94xREV":0.03456110524695068,
       "Baseline MG94xREV omega ratio":0.588796854180745,
       "Corrected P-value":1,
       "Full adaptive model":0.03448171270833555,
       "Full adaptive model (non-synonymous subs/site)":0.02027796875291356,
       "Full adaptive model (synonymous subs/site)":0.01420374395542202,
       "LRT":0,
       "Nucleotide GTR":0.03342850805680471,
       "Rate Distributions":        [
[0.5012173732486197, 1] 
        ],
       "Rate classes":1,
       "Uncorrected P-value":1,
       "original name":"ENSAMEP00000004006"
      },
     "ENSLACP00000017049":{
       "Baseline MG94xREV":0.2416309405733017,
       "Baseline MG94xREV omega ratio":0.1088588023038494,
       "Corrected P-value":1,
       "Full adaptive model":0.2130772483862228,
       "Full adaptive model (non-synonymous subs/site)":0.04760674037187668,
       "Full adaptive model (synonymous subs/site)":0.1654705080143462,
       "LRT":0,
       "Nucleotide GTR":0.1094647571699948,
       "Rate Distributions":        [
[0.1010072035783052, 1] 
        ],
       "Rate classes":1,
       "Uncorrected P-value":1,
       "original name":"ENSLACP00000017049"
      },
     "ENSMGAP00000019529":{
       "Baseline MG94xREV":0.07559530237168267,
       "Baseline MG94xREV omega ratio":0.0223792459752571,
       "Corrected P-value":1,
       "Full adaptive model":0.3662175654107695,
       "Full adaptive model (non-synonymous subs/site)":0.004883943697069552,
       "Full adaptive model (synonymous subs/site)":0.3613336217137002,
       "LRT":0,
       "Nucleotide GTR":0.08730894063357711,
       "Rate Distributions":        [
[0.004745333895912934, 1] 
        ],
       "Rate classes":1,
       "Uncorrected P-value":1,
       "original name":"ENSMGAP00000019529"
      },
     "ENSOANP00000010996":{
       "Baseline MG94xREV":0.1970320531929229,
       "Baseline MG94xREV omega ratio":0.07162287679685081,
       "Corrected P-value":1,
       "Full adaptive model":0.2639604393011835,
       "Full adaptive model (non-synonymous subs/site)":0.03276408293399623,
       "Full adaptive model (synonymous subs/site)":0.2311963563671873,
       "LRT":0,
       "Nucleotide GTR":0.1201433174830582,
       "Rate Distributions":        [
[0.04975325888611458, 1] 
        ],
       "Rate classes":1,
       "Uncorrected P-value":1,
       "original name":"ENSOANP00000010996"
      },
     "ENSOANP00000016212":{
       "Baseline MG94xREV":0.3753153290779885,
       "Baseline MG94xREV omega ratio":0.0524748591944228,
       "Corrected P-value":1,
       "Full adaptive model":0.04070040320455424,
       "Full adaptive model (non-synonymous subs/site)":0.04070040320455424,
       "Full adaptive model (synonymous subs/site)":1e-10,
       "LRT":-0.3905081372263339,
       "Nucleotide GTR":0.1762467808278454,
       "Rate Distributions":        [
[10000000000, 1] 
        ],
       "Rate classes":1,
       "Uncorrected P-value":0.5,
       "original name":"ENSOANP00000016212"
      },
     "ENSOANP00000022378":{
       "Baseline MG94xREV":0.4851593239311724,
       "Baseline MG94xREV omega ratio":0.1815748571890009,
       "Corrected P-value":1,
       "Full adaptive model":0.6911021164964538,
       "Full adaptive model (non-synonymous subs/site)":0.2766113605741304,
       "Full adaptive model (synonymous subs/site)":0.4144907559223235,
       "LRT":0,
       "Nucleotide GTR":0.348873213018882,
       "Rate Distributions":        [
[0, 0.6707529754450661],
        [0.7116030588166399, 0.3292470245549339] 
        ],
       "Rate classes":2,
       "Uncorrected P-value":1,
       "original name":"ENSOANP00000022378"
      },
     "ENSOGAP00000017402":{
       "Baseline MG94xREV":0.05043666719005711,
       "Baseline MG94xREV omega ratio":0.1068855726089464,
       "Corrected P-value":1,
       "Full adaptive model":0.0529542635088134,
       "Full adaptive model (non-synonymous subs/site)":0.01328337020121016,
       "Full adaptive model (synonymous subs/site)":0.03967089330760324,
       "LRT":0,
       "Nucleotide GTR":0.03296812746554269,
       "Rate Distributions":        [
[0.1175549166500691, 1] 
        ],
       "Rate classes":1,
       "Uncorrected P-value":1,
       "original name":"ENSOGAP00000017402"
      },
     "ENSORLP00000006381":{
       "Baseline MG94xREV":0.194216720059973,
       "Baseline MG94xREV omega ratio":0.1514281780297707,
       "Corrected P-value":1,
       "Full adaptive model":0.2224005340488739,
       "Full adaptive model (non-synonymous subs/site)":0.07648087169135537,
       "Full adaptive model (synonymous subs/site)":0.1459196623575186,
       "LRT":0,
       "Nucleotide GTR":0.1362580539170118,
       "Rate Distributions":        [
[0, 0.7882303315172003],
        [0.8689199286432769, 0.2117696684827997] 
        ],
       "Rate classes":2,
       "Uncorrected P-value":1,
       "original name":"ENSORLP00000006381"
      },
     "ENSSSCP00000019918":{
       "Baseline MG94xREV":0.009863331786753001,
       "Baseline MG94xREV omega ratio":0,
       "Corrected P-value":1,
       "Full adaptive model":0.00972479221011042,
       "Full adaptive model (non-synonymous subs/site)":1e-10,
       "Full adaptive model (synonymous subs/site)":0.00972479221011042,
       "LRT":0,
       "Nucleotide GTR":0.0106275539756343,
       "Rate Distributions":        [
[0, 1] 
        ],
       "Rate classes":1,
       "Uncorrected P-value":1,
       "original name":"ENSSSCP00000019918"
      },
     "NODE_12":{
       "Baseline MG94xREV":1263.74927308315,
       "Baseline MG94xREV omega ratio":8.657306511861765e-06,
       "Corrected P-value":1,
       "Full adaptive model":720.0107855152629,
       "Full adaptive model (non-synonymous subs/site)":0.02647920556602456,
       "Full adaptive model (synonymous subs/site)":719.9843063096972,
       "LRT":0,
       "Nucleotide GTR":0.1600876376984744,
       "Rate Distributions":        [
[1.291178906674718e-05, 1] 
        ],
       "Rate classes":1,
       "Uncorrected P-value":1
      },
     "NODE_14":{
       "Baseline MG94xREV":0.3901407238914678,
       "Baseline MG94xREV omega ratio":0.02971840319619125,
       "Corrected P-value":1,
       "Full adaptive model":37.98721212172002,
       "Full adaptive model (non-synonymous subs/site)":37.80545329796904,
       "Full adaptive model (synonymous subs/site)":0.181758823750985,