{
 "analysis":{
   "authors":"Sergei L Kosakovsky Pond, Ben Murrell, Steven Weaver and Temple iGEM / UCSD viral evolution group",
   "citation":"Less Is More: An Adaptive Branch-Site Random Effects Model for Efficient Detection of Episodic Diversifying Selection (2015). Mol Biol Evol 32 (5): 1342-1353. v2.2 adds support for multiple-hit models",
   "contact":"spond@temple.edu",
   "info":"aBSREL (Adaptive branch-site random effects likelihood)\n                            uses an adaptive random effects branch-site model framework\n                            to test whether each branch has evolved under positive selection,\n                            using a procedure which infers an optimal number of rate categories per branch.",
   "requirements":"in-frame codon alignment and a phylogenetic tree",
   "version":"2.2"
  },
 "branch attributes":{
   "0":{
     "ENSMICP00000010235":{
       "Baseline MG94xREV":0.07481612297798011,
       "Baseline MG94xREV omega ratio":0.7180610910023046,
       "Corrected P-value":0.06361788330639573,
       "Full adaptive model":0.08936802994920635,
       "Full adaptive model (non-synonymous subs/site)":0.06364335166289248,
       "Full adaptive model (synonymous subs/site)":0.02572467828631386,
       "LRT":7.813559988135239,
       "Nucleotide GTR":0.07364075013512866,
       "Rate Distributions":        [
[0, 0.8063725914222498],
        [5.47049565496837, 0.1936274085777502] 
        ],
       "Rate classes":2,
       "Uncorrected P-value":0.007068653700710636,
       "original name":"ENSMICP00000010235"
      },
     "ENSPVAP00000013709":{
       "Baseline MG94xREV":0.1058639953955123,
       "Baseline MG94xREV omega ratio":0.5479427226962456,
       "Corrected P-value":1,
       "Full adaptive model":0.1065553684547659,
       "Full adaptive model (non-synonymous subs/site)":0.05987896286038482,
       "Full adaptive model (synonymous subs/site)":0.04667640559438113,
       "LRT":0,
       "Nucleotide GTR":0.1010989736831313,
       "Rate Distributions":        [
[0.549246482496389, 1] 
        ],
       "Rate classes":1,
       "Uncorrected P-value":1,
       "original name":"ENSPVAP00000013709"
      },
     "ENSTBEP00000013869":{
       "Baseline MG94xREV":0.1919279855671003,
       "Baseline MG94xREV omega ratio":0.6991736215777742,
       "Corrected P-value":0.5554122304625164,
       "Full adaptive model":0.2286137445359227,
       "Full adaptive model (non-synonymous subs/site)":0.1619396292503299,
       "Full adaptive model (synonymous subs/site)":0.06667411528559275,
       "LRT":3.355715234842137,
       "Nucleotide GTR":0.1866141761875989,
       "Rate Distributions":        [
[0.2977383817047403, 0.7823500447960584],
        [3.707566682865288, 0.2176499552039416] 
        ],
       "Rate classes":2,
       "Uncorrected P-value":0.06942652880781455,
       "original name":"ENSTBEP00000013869"
      },
     "ENSTSYP00000004346":{
       "Baseline MG94xREV":0.09174086880603617,
       "Baseline MG94xREV omega ratio":0.4543620244423628,
       "Corrected P-value":1,
       "Full adaptive model":0.09140058604081637,
       "Full adaptive model (non-synonymous subs/site)":0.04691638550880708,
       "Full adaptive model (synonymous subs/site)":0.0444842005320092,
       "LRT":0,
       "Nucleotide GTR":0.08652214770143082,
       "Rate Distributions":        [
[0.4515534617991178, 1] 
        ],
       "Rate classes":1,
       "Uncorrected P-value":1,
       "original name":"ENSTSYP00000004346"
      },
     "ENSTTRP00000004117":{
       "Baseline MG94xREV":0.07322071168740367,
       "Baseline MG94xREV omega ratio":0.8544136004638043,
       "Corrected P-value":1,
       "Full adaptive model":0.07367044202073392,
       "Full adaptive model (non-synonymous subs/site)":0.04926619086983166,
       "Full adaptive model (synonymous subs/site)":0.0244042511509023,
       "LRT":0,
       "Nucleotide GTR":0.07093512452038331,
       "Rate Distributions":        [
[0.8643187194421297, 1] 
        ],
       "Rate classes":1,
       "Uncorrected P-value":1,
       "original name":"ENSTTRP00000004117"
      },
     "ENSVPAP00000010614":{
       "Baseline MG94xREV":0.1217896730516468,
       "Baseline MG94xREV omega ratio":1.046081624729394,
       "Corrected P-value":1,
       "Full adaptive model":0.1215857911315781,
       "Full adaptive model (non-synonymous subs/site)":0.08621236743376548,
       "Full adaptive model (synonymous subs/site)":0.03537342369781248,
       "LRT":0.01888803719066345,
       "Nucleotide GTR":0.1211304782332495,
       "Rate Distributions":        [
[1.043477033657818, 1] 
        ],
       "Rate classes":1,
       "Uncorrected P-value":0.4753177210374942,
       "original name":"ENSVPAP00000010614"
      },
     "NODE_10":{
       "Baseline MG94xREV":0.02856901249812123,
       "Baseline MG94xREV omega ratio":0.4717257348555023,
       "Corrected P-value":1,
       "Full adaptive model":0.02909577080961681,
       "Full adaptive model (non-synonymous subs/site)":0.0155761660269498,
       "Full adaptive model (synonymous subs/site)":0.01351960478266702,
       "LRT":0,
       "Nucleotide GTR":0.02703591638669907,
       "Rate Distributions":        [
[0.4932725990386393, 1] 
        ],
       "Rate classes":1,
       "Uncorrected P-value":1
      },
     "NODE_3":{
       "Baseline MG94xREV":0.02660666381464392,
       "Baseline MG94xREV omega ratio":0.6493978534335016,
       "Corrected P-value":1,
       "Full adaptive model":0.02655066661648532,
       "Full adaptive model (non-synonymous subs/site)":0.01598652968583204,
       "Full adaptive model (synonymous subs/site)":0.01056413693065328,
       "LRT":0,
       "Nucleotide GTR":0.02686977370988762,
       "Rate Distributions":        [
[0.6479039033649941, 1] 
        ],
       "Rate classes":1,
       "Uncorrected P-value":1
      },
     "NODE_8":{
       "Baseline MG94xREV":0.00214190349786635,
       "Baseline MG94xREV omega ratio":0.06756319618515412,
       "Corrected P-value":1,
       "Full adaptive model":0.00351941309980239,
       "Full adaptive model (non-synonymous subs/site)":0.0009200866851735537,
       "Full adaptive model (synonymous subs/site)":0.002599326414628842,
       "LRT":0,
       "Nucleotide GTR":0.002777858444759299,
       "Rate Distributions":        [
[0.1515508391942302, 1] 
        ],
       "Rate classes":1,
       "Uncorrected P-value":1
      }
    },
   "attributes":{
     "Baseline MG94xREV":{
       "attribute type":"branch length",
       "display order":1
      },
     "Baseline MG94xREV omega ratio":{
       "attribute type":"branch label",
       "display order":1
      },
     "Corrected P-value":{
       "attribute type":"branch label",
       "display order":6
      },
     "Full adaptive model":{
       "attribute type":"branch length",
       "display order":2
      },
     "Full adaptive model (non-synonymous subs/site)":{
       "attribute type":"branch label",
       "display order":10
      },
     "Full adaptive model (synonymous subs/site)":{
       "attribute type":"branch label",
       "display order":9
      },
     "LRT":{
       "attribute type":"branch label",
       "display order":4
      },
     "Nucleotide GTR":{
       "attribute type":"branch length",
       "display order":0
      },
     "Rate Distributions":{
       "attribute type":"branch label",
       "display order":3
      },
     "Rate classes":{
       "attribute type":"branch label",
       "display order":2
      },
     "Uncorrected P-value":{
       "attribute type":"branch label",
       "display order":5
      },
     "original name":{
       "attribute type":"node label",
       "display order":-1
      }
    }
  },