{
 "analysis":{
   "authors":"Sergei L Kosakovsky Pond, Ben Murrell, Steven Weaver and Temple iGEM / UCSD viral evolution group",
   "citation":"Less Is More: An Adaptive Branch-Site Random Effects Model for Efficient Detection of Episodic Diversifying Selection (2015). Mol Biol Evol 32 (5): 1342-1353. v2.2 adds support for multiple-hit models",
   "contact":"spond@temple.edu",
   "info":"aBSREL (Adaptive branch-site random effects likelihood)\n                            uses an adaptive random effects branch-site model framework\n                            to test whether each branch has evolved under positive selection,\n                            using a procedure which infers an optimal number of rate categories per branch.",
   "requirements":"in-frame codon alignment and a phylogenetic tree",
   "version":"2.2"
  },
 "branch attributes":{
   "0":{
     "ENSGACP00000004250":{
       "Baseline MG94xREV":0.0926244171693091,
       "Baseline MG94xREV omega ratio":0.1824332698139764,
       "Corrected P-value":1,
       "Full adaptive model":0.08872593785859036,
       "Full adaptive model (non-synonymous subs/site)":0.03709894846983842,
       "Full adaptive model (synonymous subs/site)":0.05162698938875193,
       "LRT":0.140885510998487,
       "Nucleotide GTR":0.0866827725999984,
       "Rate Distributions":        [
[0, 0.8151229409490707],
        [1.364308984614257, 0.1848770590509293] 
        ],
       "Rate classes":2,
       "Uncorrected P-value":0.4210747819911873,
       "original name":"ENSGACP00000004250"
      },
     "ENSGMOP00000006656":{
       "Baseline MG94xREV":0.249670351195095,
       "Baseline MG94xREV omega ratio":0.04791052955039703,
       "Corrected P-value":1,
       "Full adaptive model":0.2252110877438985,
       "Full adaptive model (non-synonymous subs/site)":0.03808744572792524,
       "Full adaptive model (synonymous subs/site)":0.1871236420159733,
       "LRT":0,
       "Nucleotide GTR":0.1280649281496507,
       "Rate Distributions":        [
[0.01712578171522293, 0.9211924531597772],
        [0.7063738965500043, 0.07880754684022284] 
        ],
       "Rate classes":2,
       "Uncorrected P-value":1,
       "original name":"ENSGMOP00000006656"
      },
     "ENSORLP00000017698":{
       "Baseline MG94xREV":0.1909606204608577,
       "Baseline MG94xREV omega ratio":0.05851041399518447,
       "Corrected P-value":1,
       "Full adaptive model":0.1936691565633267,
       "Full adaptive model (non-synonymous subs/site)":0.02472959709705268,
       "Full adaptive model (synonymous subs/site)":0.168939559466274,
       "LRT":0,
       "Nucleotide GTR":0.1176905128419413,
       "Rate Distributions":        [
[0.05138030126210641, 1] 
        ],
       "Rate classes":1,
       "Uncorrected P-value":1,
       "original name":"ENSORLP00000017698"
      },
     "ENSTNIP00000016064":{
       "Baseline MG94xREV":0.08696949105818712,
       "Baseline MG94xREV omega ratio":0.1272986654123413,
       "Corrected P-value":1,
       "Full adaptive model":0.09129790094487183,
       "Full adaptive model (non-synonymous subs/site)":0.02438947980584812,
       "Full adaptive model (synonymous subs/site)":0.0669084211390237,
       "LRT":0,
       "Nucleotide GTR":0.0774836917865427,
       "Rate Distributions":        [
[0, 0.8643650155735596],
        [0.9433242453452108, 0.1356349844264404] 
        ],
       "Rate classes":2,
       "Uncorrected P-value":1,
       "original name":"ENSTNIP00000016064"
      },
     "ENSTRUP00000045788":{
       "Baseline MG94xREV":0.05541600537625977,
       "Baseline MG94xREV omega ratio":0.03377660642772098,
       "Corrected P-value":1,
       "Full adaptive model":0.05310687345832898,
       "Full adaptive model (non-synonymous subs/site)":0.005050505873088878,
       "Full adaptive model (synonymous subs/site)":0.04805636758524012,
       "LRT":0,
       "Nucleotide GTR":0.04690547659330057,
       "Rate Distributions":        [
[0.03688883183540894, 1] 
        ],
       "Rate classes":1,
       "Uncorrected P-value":1,
       "original name":"ENSTRUP00000045788"
      },
     "NODE_3":{
       "Baseline MG94xREV":0.05265929179031908,
       "Baseline MG94xREV omega ratio":0.0006521152601379284,
       "Corrected P-value":1,
       "Full adaptive model":0.04987393123259089,
       "Full adaptive model (non-synonymous subs/site)":0.001305969922159237,
       "Full adaptive model (synonymous subs/site)":0.04856796131043167,
       "LRT":0,
       "Nucleotide GTR":0.0250159159304603,
       "Rate Distributions":        [
[0.009438310571627676, 1] 
        ],
       "Rate classes":1,
       "Uncorrected P-value":1
      },
     "NODE_6":{
       "Baseline MG94xREV":0.1005933378180299,
       "Baseline MG94xREV omega ratio":0.09429991711778668,
       "Corrected P-value":1,
       "Full adaptive model":0.105009830340549,
       "Full adaptive model (non-synonymous subs/site)":0.02574649672709887,
       "Full adaptive model (synonymous subs/site)":0.07926333361345014,
       "LRT":0.3181924847585833,
       "Nucleotide GTR":0.08517786391397066,
       "Rate Distributions":        [
[0, 0.9290124997304373],
        [1.606108534275511, 0.07098750026956269] 
        ],
       "Rate classes":2,
       "Uncorrected P-value":0.370413465659281
      },
     "NODE_7":{
       "Baseline MG94xREV":0.00751278096716583,
       "Baseline MG94xREV omega ratio":10000000000,
       "Corrected P-value":1,
       "Full adaptive model":0.0229234460813826,
       "Full adaptive model (non-synonymous subs/site)":0.007290519521158092,
       "Full adaptive model (synonymous subs/site)":0.01563292656022453,
       "LRT":0,
       "Nucleotide GTR":0.03808937152132791,
       "Rate Distributions":        [
[0.163692639816572, 1] 
        ],
       "Rate classes":1,
       "Uncorrected P-value":1
      },
     "PDLIM1_DANRE":{
       "Baseline MG94xREV":0.4284088427138004,
       "Baseline MG94xREV omega ratio":0.04114210210678181,
       "Corrected P-value":1,
       "Full adaptive model":0.3830885395322842,
       "Full adaptive model (non-synonymous subs/site)":0.04989968515899438,
       "Full adaptive model (synonymous subs/site)":0.3331888543732898,
       "LRT":0,
       "Nucleotide GTR":0.194847165637444,
       "Rate Distributions":        [
[0, 0.7829790694074644],
        [0.24222372679948, 0.2170209305925356] 
        ],
       "Rate classes":2,
       "Uncorrected P-value":1,
       "original name":"PDLIM1_DANRE"
      }
    },
   "attributes":{
     "Baseline MG94xREV":{
       "attribute type":"branch length",
       "display order":1
      },
     "Baseline MG94xREV omega ratio":{
       "attribute type":"branch label",
       "display order":1
      },
     "Corrected P-value":{
       "attribute type":"branch label",
       "display order":6
      },
     "Full adaptive model":{
       "attribute type":"branch length",
       "display order":2
      },
     "Full adaptive model (non-synonymous subs/site)":{
       "attribute type":"branch label",
       "display order":10
      },
     "Full adaptive model (synonymous subs/site)":{
       "attribute type":"branch label",
       "display order":9
      },
     "LRT":{
       "attribute type":"branch label",
       "display order":4
      },
     "Nucleotide GTR":{
       "attribute type":"branch length",
       "display order":0
      },
     "Rate Distributions":{
       "attribute type":"branch label",
       "display order":3
      },
     "Rate classes":{
       "attribute type":"branch label",
       "display order":2
      },
     "Uncorrected P-value":{
       "attribute type":"branch label",
       "display order":5
      },
     "original name":{
       "attribute type":"node label",
       "display order":-1
      }
    }
  },