{
 "analysis":{
   "authors":"Sergei L Kosakovsky Pond, Ben Murrell, Steven Weaver and Temple iGEM / UCSD viral evolution group",
   "citation":"Less Is More: An Adaptive Branch-Site Random Effects Model for Efficient Detection of Episodic Diversifying Selection (2015). Mol Biol Evol 32 (5): 1342-1353. v2.2 adds support for multiple-hit models",
   "contact":"spond@temple.edu",
   "info":"aBSREL (Adaptive branch-site random effects likelihood)\n                            uses an adaptive random effects branch-site model framework\n                            to test whether each branch has evolved under positive selection,\n                            using a procedure which infers an optimal number of rate categories per branch.",
   "requirements":"in-frame codon alignment and a phylogenetic tree",
   "version":"2.2"
  },
 "branch attributes":{
   "0":{
     "ENSACAP00000009630":{
       "Baseline MG94xREV":0.3260146704169887,
       "Baseline MG94xREV omega ratio":0.1043168973545687,
       "Corrected P-value":1,
       "Full adaptive model":0.3260501742919624,
       "Full adaptive model (non-synonymous subs/site)":0.1088936023794148,
       "Full adaptive model (synonymous subs/site)":0.2171565719125476,
       "LRT":0.7154287543862665,
       "Nucleotide GTR":0.1991374477907474,
       "Rate Distributions":        [
[0.07702221023182909, 0.9559503046731223],
        [2.568515672900093, 0.04404969532687775] 
        ],
       "Rate classes":2,
       "Uncorrected P-value":0.2893113257361722,
       "original name":"ENSACAP00000009630"
      },
     "ENSLACP00000013032":{
       "Baseline MG94xREV":0.3110271033961793,
       "Baseline MG94xREV omega ratio":0.05635424114412711,
       "Corrected P-value":1,
       "Full adaptive model":0.3081394646080323,
       "Full adaptive model (non-synonymous subs/site)":0.06700341245822719,
       "Full adaptive model (synonymous subs/site)":0.2411360521498051,
       "LRT":0.2095034399781071,
       "Nucleotide GTR":0.1773002503432765,
       "Rate Distributions":        [
[0.02533385359011078, 0.950527386553912],
        [1.605207417517996, 0.049472613446088] 
        ],
       "Rate classes":2,
       "Uncorrected P-value":0.3995958011380991,
       "original name":"ENSLACP00000013032"
      },
     "ENSMGAP00000012864":{
       "Baseline MG94xREV":0.02180092341254249,
       "Baseline MG94xREV omega ratio":0.1165912864834601,
       "Corrected P-value":1,
       "Full adaptive model":0.02108332818974087,
       "Full adaptive model (non-synonymous subs/site)":0.005046748800876784,
       "Full adaptive model (synonymous subs/site)":0.0160365793888641,
       "LRT":0,
       "Nucleotide GTR":0.02075161016154579,
       "Rate Distributions":        [
[0.1172146033848211, 1] 
        ],
       "Rate classes":1,
       "Uncorrected P-value":1,
       "original name":"ENSMGAP00000012864"
      },
     "ENSPSIP00000003754":{
       "Baseline MG94xREV":0.04091279343471892,
       "Baseline MG94xREV omega ratio":0.4986720712997582,
       "Corrected P-value":1,
       "Full adaptive model":0.0518031241015306,
       "Full adaptive model (non-synonymous subs/site)":0.02179524562023473,
       "Full adaptive model (synonymous subs/site)":0.03000787848129588,
       "LRT":0,
       "Nucleotide GTR":0.07521228661778007,
       "Rate Distributions":        [
[0.2705255244500739, 1] 
        ],
       "Rate classes":1,
       "Uncorrected P-value":1,
       "original name":"ENSPSIP00000003754"
      },
     "ENSTGUP00000004065":{
       "Baseline MG94xREV":0.1077332133757816,
       "Baseline MG94xREV omega ratio":0.07660814393821798,
       "Corrected P-value":1,
       "Full adaptive model":0.09956823622090027,
       "Full adaptive model (non-synonymous subs/site)":0.01643343972412284,
       "Full adaptive model (synonymous subs/site)":0.08313479649677744,
       "LRT":0,
       "Nucleotide GTR":0.07434996901621148,
       "Rate Distributions":        [
[0.07362535649123519, 1] 
        ],
       "Rate classes":1,
       "Uncorrected P-value":1,
       "original name":"ENSTGUP00000004065"
      },
     "F1NFY2_CHICK":{
       "Baseline MG94xREV":0.02505588389102052,
       "Baseline MG94xREV omega ratio":0.1995058039381398,
       "Corrected P-value":1,
       "Full adaptive model":0.02544889857780529,
       "Full adaptive model (non-synonymous subs/site)":0.007941583255972356,
       "Full adaptive model (synonymous subs/site)":0.01750731532183292,
       "LRT":0,
       "Nucleotide GTR":0.02417738993967836,
       "Rate Distributions":        [
[0.1689543243117377, 1] 
        ],
       "Rate classes":1,
       "Uncorrected P-value":1,
       "original name":"F1NFY2_CHICK"
      },
     "NODE_3":{
       "Baseline MG94xREV":0.07719658273972203,
       "Baseline MG94xREV omega ratio":0.02884704065690281,
       "Corrected P-value":1,
       "Full adaptive model":0.07696039282952025,
       "Full adaptive model (non-synonymous subs/site)":0.01501109785952607,
       "Full adaptive model (synonymous subs/site)":0.06194929496999419,
       "LRT":1.542577028636515,
       "Nucleotide GTR":0.03713708705258809,
       "Rate Distributions":        [
[0.002819182746370385, 0.9861534402418741],
        [6.317241822928312, 0.01384655975812588] 
        ],
       "Rate classes":2,
       "Uncorrected P-value":0.1815719814403405
      },
     "NODE_6":{
       "Baseline MG94xREV":0.04118518356942421,
       "Baseline MG94xREV omega ratio":0.2998773923514756,
       "Corrected P-value":1,
       "Full adaptive model":0.0485562473334557,
       "Full adaptive model (non-synonymous subs/site)":0.02006157981598957,
       "Full adaptive model (synonymous subs/site)":0.02849466751746613,
       "LRT":0.5214961143619803,
       "Nucleotide GTR":0.05448283258204803,
       "Rate Distributions":        [
[0, 0.8693658578853463],
        [2.007366217406985, 0.1306341421146537] 
        ],
       "Rate classes":2,
       "Uncorrected P-value":0.3251833390600771
      },
     "NODE_8":{
       "Baseline MG94xREV":0.09286567963831061,
       "Baseline MG94xREV omega ratio":0.1844994664324667,
       "Corrected P-value":1,
       "Full adaptive model":0.0799592302871641,
       "Full adaptive model (non-synonymous subs/site)":0.02801420466754916,
       "Full adaptive model (synonymous subs/site)":0.05194502561961492,
       "LRT":0,
       "Nucleotide GTR":0.0684737258897215,
       "Rate Distributions":        [
[0.2008704742232984, 1] 
        ],
       "Rate classes":1,
       "Uncorrected P-value":1
      }
    },
   "attributes":{
     "Baseline MG94xREV":{
       "attribute type":"branch length",
       "display order":1
      },
     "Baseline MG94xREV omega ratio":{
       "attribute type":"branch label",
       "display order":1
      },
     "Corrected P-value":{
       "attribute type":"branch label",
       "display order":6
      },
     "Full adaptive model":{
       "attribute type":"branch length",
       "display order":2
      },
     "Full adaptive model (non-synonymous subs/site)":{
       "attribute type":"branch label",
       "display order":10
      },
     "Full adaptive model (synonymous subs/site)":{
       "attribute type":"branch label",
       "display order":9
      },
     "LRT":{
       "attribute type":"branch label",
       "display order":4
      },
     "Nucleotide GTR":{
       "attribute type":"branch length",
       "display order":0
      },
     "Rate Distributions":{
       "attribute type":"branch label",
       "display order":3
      },
     "Rate classes":{
       "attribute type":"branch label",
       "display order":2
      },
     "Uncorrected P-value":{
       "attribute type":"branch label",
       "display order":5
      },
     "original name":{
       "attribute type":"node label",
       "display order":-1
      }
    }
  },