{
 "analysis":{
   "authors":"Sergei L Kosakovsky Pond, Ben Murrell, Steven Weaver and Temple iGEM / UCSD viral evolution group",
   "citation":"Less Is More: An Adaptive Branch-Site Random Effects Model for Efficient Detection of Episodic Diversifying Selection (2015). Mol Biol Evol 32 (5): 1342-1353. v2.2 adds support for multiple-hit models",
   "contact":"spond@temple.edu",
   "info":"aBSREL (Adaptive branch-site random effects likelihood)\n                            uses an adaptive random effects branch-site model framework\n                            to test whether each branch has evolved under positive selection,\n                            using a procedure which infers an optimal number of rate categories per branch.",
   "requirements":"in-frame codon alignment and a phylogenetic tree",
   "version":"2.2"
  },
 "branch attributes":{
   "0":{
     "ENSGACP00000018223":{
       "Baseline MG94xREV":0.02951755047841037,
       "Baseline MG94xREV omega ratio":0.3561110796903914,
       "Corrected P-value":1,
       "Full adaptive model":0.0412643292303199,
       "Full adaptive model (non-synonymous subs/site)":0.02731136227957014,
       "Full adaptive model (synonymous subs/site)":0.01395296695074976,
       "LRT":2.32391140560685,
       "Nucleotide GTR":0.0279665892794225,
       "Rate Distributions":        [
[0.2962751284192769, 0.9934572852614002],
        [56.49872980475072, 0.006542714738599797] 
        ],
       "Rate classes":2,
       "Uncorrected P-value":0.1193419718803203,
       "original name":"ENSGACP00000018223"
      },
     "ENSGACP00000018227":{
       "Baseline MG94xREV":0.01924302573603403,
       "Baseline MG94xREV omega ratio":0.5203820979912306,
       "Corrected P-value":0.482724231495069,
       "Full adaptive model":0.02235554767511995,
       "Full adaptive model (non-synonymous subs/site)":0.01448277452466636,
       "Full adaptive model (synonymous subs/site)":0.007872773150453583,
       "LRT":4.565122755615448,
       "Nucleotide GTR":0.01959390249064744,
       "Rate Distributions":        [
[0.2057768152513139, 0.9818894831158747],
        [23.30062200607856, 0.01811051688412535] 
        ],
       "Rate classes":2,
       "Uncorrected P-value":0.03713263319192839,
       "original name":"ENSGACP00000018227"
      },
     "ENSLACP00000015983":{
       "Baseline MG94xREV":0.6980131150912837,
       "Baseline MG94xREV omega ratio":0.07426035177063363,
       "Corrected P-value":0.3251095685776153,
       "Full adaptive model":518.9771943927319,
       "Full adaptive model (non-synonymous subs/site)":518.5927903198582,
       "Full adaptive model (synonymous subs/site)":0.3844040728737679,
       "LRT":5.47966719568285,
       "Nucleotide GTR":0.3324946383322184,
       "Rate Distributions":        [
[0.04607760690664334, 0.8810228966131859],
        [3846.116783309954, 0.1189771033868141] 
        ],
       "Rate classes":2,
       "Uncorrected P-value":0.02322211204125824,
       "original name":"ENSLACP00000015983"
      },
     "ENSONIP00000021339":{
       "Baseline MG94xREV":0.0980224650645332,
       "Baseline MG94xREV omega ratio":0.1464216835484861,
       "Corrected P-value":1,
       "Full adaptive model":0.1018438296172951,
       "Full adaptive model (non-synonymous subs/site)":0.03303750271020751,
       "Full adaptive model (synonymous subs/site)":0.06880632690708761,
       "LRT":0,
       "Nucleotide GTR":0.09529015101358672,
       "Rate Distributions":        [
[0, 0.777193217494733],
        [0.7310318862528307, 0.222806782505267] 
        ],
       "Rate classes":2,
       "Uncorrected P-value":1,
       "original name":"ENSONIP00000021339"
      },
     "ENSORLP00000001543":{
       "Baseline MG94xREV":0.1514940342516992,
       "Baseline MG94xREV omega ratio":0.1386859828299245,
       "Corrected P-value":1,
       "Full adaptive model":0.1519990492845515,
       "Full adaptive model (non-synonymous subs/site)":0.04938222603869605,
       "Full adaptive model (synonymous subs/site)":0.1026168232458555,
       "LRT":0,
       "Nucleotide GTR":0.1199426962868816,
       "Rate Distributions":        [
[0, 0.8060511743114861],
        [0.8416874140705485, 0.1939488256885139] 
        ],
       "Rate classes":2,
       "Uncorrected P-value":1,
       "original name":"ENSORLP00000001543"
      },
     "ENSTNIP00000002072":{
       "Baseline MG94xREV":0.04295568495837429,
       "Baseline MG94xREV omega ratio":0.1112301421120338,
       "Corrected P-value":1,
       "Full adaptive model":0.04409984848983887,
       "Full adaptive model (non-synonymous subs/site)":0.01222426883769862,
       "Full adaptive model (synonymous subs/site)":0.03187557965214025,
       "LRT":0.7649122297389113,
       "Nucleotide GTR":0.04077081928959428,
       "Rate Distributions":        [
[0.004584925235655108, 0.946472993915924],
        [2.349328527793076, 0.05352700608407601] 
        ],
       "Rate classes":2,
       "Uncorrected P-value":0.2810142706875204,
       "original name":"ENSTNIP00000002072"
      },
     "ENSTNIP00000018654":{
       "Baseline MG94xREV":0.04927237290019496,
       "Baseline MG94xREV omega ratio":0.1407620198969223,
       "Corrected P-value":1,
       "Full adaptive model":0.05051080703173722,
       "Full adaptive model (non-synonymous subs/site)":0.01539142483937355,
       "Full adaptive model (synonymous subs/site)":0.03511938219236367,
       "LRT":0.2115678199570539,
       "Nucleotide GTR":0.04703688056078603,
       "Rate Distributions":        [
[0, 0.8947854227171491],
        [1.412999259431134, 0.1052145772828509] 
        ],
       "Rate classes":2,
       "Uncorrected P-value":0.3989939734161311,
       "original name":"ENSTNIP00000018654"
      },
     "ENSTRUP00000043041":{
       "Baseline MG94xREV":0.05420772322585817,
       "Baseline MG94xREV omega ratio":0.1254224189625111,
       "Corrected P-value":1,
       "Full adaptive model":0.05472590370602939,
       "Full adaptive model (non-synonymous subs/site)":0.01437207115546506,
       "Full adaptive model (synonymous subs/site)":0.04035383255056437,
       "LRT":0,
       "Nucleotide GTR":0.04810525195910773,
       "Rate Distributions":        [
[0.120814889641535, 1] 
        ],
       "Rate classes":1,
       "Uncorrected P-value":1,
       "original name":"ENSTRUP00000043041"
      },
     "ENSTRUP00000043057":{
       "Baseline MG94xREV":0.05210991766691941,
       "Baseline MG94xREV omega ratio":0.1360263762972857,
       "Corrected P-value":1,
       "Full adaptive model":0.05251032932848945,
       "Full adaptive model (non-synonymous subs/site)":0.01438081464785602,
       "Full adaptive model (synonymous subs/site)":0.03812951468063346,
       "LRT":0,
       "Nucleotide GTR":0.04715032171760377,
       "Rate Distributions":        [
[0.1279405170740985, 1] 
        ],
       "Rate classes":1,
       "Uncorrected P-value":1,
       "original name":"ENSTRUP00000043057"
      },
     "NODE_10":{
       "Baseline MG94xREV":0.01456073877380959,
       "Baseline MG94xREV omega ratio":0.2904539860120059,
       "Corrected P-value":0.002400464536820579,
       "Full adaptive model":0.0252907531116172,
       "Full adaptive model (non-synonymous subs/site)":0.01823075414753707,
       "Full adaptive model (synonymous subs/site)":0.007059998964080134,
       "LRT":15.3139246242863,
       "Nucleotide GTR":0.01326991286148814,
       "Rate Distributions":        [
[0, 0.9827399751507589],
        [50.75098443023295, 0.01726002484924105] 
        ],
       "Rate classes":2,
       "Uncorrected P-value":0.0001600309691213719
      },
     "NODE_13":{
       "Baseline MG94xREV":0.0146489227523145,
       "Baseline MG94xREV omega ratio":10000000000,
       "Corrected P-value":1,
       "Full adaptive model":0.0138822632041996,
       "Full adaptive model (non-synonymous subs/site)":0.01361082629814868,
       "Full adaptive model (synonymous subs/site)":0.0002714369060509243,
       "LRT":1.411023346594448,