{
 "analysis":{
   "authors":"Sergei L Kosakovsky Pond, Ben Murrell, Steven Weaver and Temple iGEM / UCSD viral evolution group",
   "citation":"Less Is More: An Adaptive Branch-Site Random Effects Model for Efficient Detection of Episodic Diversifying Selection (2015). Mol Biol Evol 32 (5): 1342-1353. v2.2 adds support for multiple-hit models",
   "contact":"spond@temple.edu",
   "info":"aBSREL (Adaptive branch-site random effects likelihood)\n                            uses an adaptive random effects branch-site model framework\n                            to test whether each branch has evolved under positive selection,\n                            using a procedure which infers an optimal number of rate categories per branch.",
   "requirements":"in-frame codon alignment and a phylogenetic tree",
   "version":"2.2"
  },
 "branch attributes":{
   "0":{
     "ARHGAP32_XENTR":{
       "Baseline MG94xREV":0.5565358633533456,
       "Baseline MG94xREV omega ratio":0.02100317346878671,
       "Corrected P-value":1,
       "Full adaptive model":0.535101592198953,
       "Full adaptive model (non-synonymous subs/site)":0.1714468688626596,
       "Full adaptive model (synonymous subs/site)":0.3636547233362933,
       "LRT":1.426113086348778,
       "Nucleotide GTR":0.1868273128980782,
       "Rate Distributions":        [
[0.01741993395141098, 0.9371346803101183],
        [0.0180249466469273, 0.04317759088049723],
        [7.215218880503224, 0.0196877288093845] 
        ],
       "Rate classes":3,
       "Uncorrected P-value":0.1935230947536118,
       "original name":"ARHGAP32_XENTR"
      },
     "ENSDARP00000100720":{
       "Baseline MG94xREV":0.1551983935559466,
       "Baseline MG94xREV omega ratio":0.1268393198158303,
       "Corrected P-value":1,
       "Full adaptive model":0.2202016305107228,
       "Full adaptive model (non-synonymous subs/site)":0.1345182482114018,
       "Full adaptive model (synonymous subs/site)":0.085683382299321,
       "LRT":1.017719525101711,
       "Nucleotide GTR":0.1399610232513519,
       "Rate Distributions":        [
[0.1088292519669589, 0.9792847408885058],
        [20.4394875339948, 0.02071525911149419] 
        ],
       "Rate classes":2,
       "Uncorrected P-value":0.2429663141847514,
       "original name":"ENSDARP00000100720"
      },
     "ENSGACP00000014135":{
       "Baseline MG94xREV":0.06648238113197126,
       "Baseline MG94xREV omega ratio":0.09117339521644716,
       "Corrected P-value":1,
       "Full adaptive model":0.06640430298767874,
       "Full adaptive model (non-synonymous subs/site)":0.01267021208951875,
       "Full adaptive model (synonymous subs/site)":0.05373409089816,
       "LRT":0,
       "Nucleotide GTR":0.06036509544485844,
       "Rate Distributions":        [
[0.07959984523754043, 1] 
        ],
       "Rate classes":1,
       "Uncorrected P-value":1,
       "original name":"ENSGACP00000014135"
      },
     "ENSGMOP00000011230":{
       "Baseline MG94xREV":0.215373330590321,
       "Baseline MG94xREV omega ratio":0.04723008444131527,
       "Corrected P-value":1,
       "Full adaptive model":0.208827159518782,
       "Full adaptive model (non-synonymous subs/site)":0.02484008643809628,
       "Full adaptive model (synonymous subs/site)":0.1839870730806858,
       "LRT":0,
       "Nucleotide GTR":0.1113591087032318,
       "Rate Distributions":        [
[0.04557682171243558, 1] 
        ],
       "Rate classes":1,
       "Uncorrected P-value":1,
       "original name":"ENSGMOP00000011230"
      },
     "ENSONIP00000013993":{
       "Baseline MG94xREV":0.09050533436340573,
       "Baseline MG94xREV omega ratio":0.04217379832278702,
       "Corrected P-value":1,
       "Full adaptive model":0.08925885724288946,
       "Full adaptive model (non-synonymous subs/site)":0.009225620776605398,
       "Full adaptive model (synonymous subs/site)":0.08003323646628406,
       "LRT":0,
       "Nucleotide GTR":0.07301838850919681,
       "Rate Distributions":        [
[0.03891378395205727, 1] 
        ],
       "Rate classes":1,
       "Uncorrected P-value":1,
       "original name":"ENSONIP00000013993"
      },
     "ENSORLP00000006515":{
       "Baseline MG94xREV":0.1605488495897895,
       "Baseline MG94xREV omega ratio":0.06328655222111394,
       "Corrected P-value":1,
       "Full adaptive model":0.1568705703251048,
       "Full adaptive model (non-synonymous subs/site)":0.0259610269615625,
       "Full adaptive model (synonymous subs/site)":0.1309095433635422,
       "LRT":0,
       "Nucleotide GTR":0.1215076786241362,
       "Rate Distributions":        [
[0.02207266221290211, 0.934604956060917],
        [0.7082711583123585, 0.06539504393908302] 
        ],
       "Rate classes":2,
       "Uncorrected P-value":1,
       "original name":"ENSORLP00000006515"
      },
     "ENSTNIP00000019277":{
       "Baseline MG94xREV":0.04680689490088622,
       "Baseline MG94xREV omega ratio":0.04793486506597042,
       "Corrected P-value":1,
       "Full adaptive model":0.04595675359475052,
       "Full adaptive model (non-synonymous subs/site)":0.005120965665759322,
       "Full adaptive model (synonymous subs/site)":0.04083578792899124,
       "LRT":0,
       "Nucleotide GTR":0.04007144642313828,
       "Rate Distributions":        [
[0.04233398666105143, 1] 
        ],
       "Rate classes":1,
       "Uncorrected P-value":1,
       "original name":"ENSTNIP00000019277"
      },
     "ENSTRUP00000018867":{
       "Baseline MG94xREV":0.03336367783266887,
       "Baseline MG94xREV omega ratio":0.02567489316643363,
       "Corrected P-value":1,
       "Full adaptive model":0.03343248750688308,
       "Full adaptive model (non-synonymous subs/site)":0.002149195618738163,
       "Full adaptive model (synonymous subs/site)":0.03128329188814494,
       "LRT":0,
       "Nucleotide GTR":0.02924057640024328,
       "Rate Distributions":        [
[0.02319218913085828, 1] 
        ],
       "Rate classes":1,
       "Uncorrected P-value":1,
       "original name":"ENSTRUP00000018867"
      },
     "NODE_11":{
       "Baseline MG94xREV":0.2749976445095867,
       "Baseline MG94xREV omega ratio":0.05988868668627572,
       "Corrected P-value":1,
       "Full adaptive model":0.276510667892449,
       "Full adaptive model (non-synonymous subs/site)":0.04321224436230312,
       "Full adaptive model (synonymous subs/site)":0.2332984235301459,
       "LRT":0,
       "Nucleotide GTR":0.1211843285643363,
       "Rate Distributions":        [
[0.001002003483394501, 0.753254957085945],
        [0.2503517465870224, 0.246745042914055] 
        ],
       "Rate classes":2,
       "Uncorrected P-value":1
      },
     "NODE_3":{
       "Baseline MG94xREV":0.0009425409629067616,
       "Baseline MG94xREV omega ratio":10000000000,
       "Corrected P-value":1,
       "Full adaptive model":0.0007600896291312251,
       "Full adaptive model (non-synonymous subs/site)":0.0007600896291312251,
       "Full adaptive model (synonymous subs/site)":1e-10,
       "LRT":0.08814267257184838,
       "Nucleotide GTR":0.005920509264657335,
       "Rate Distributions":        [
[10000000000, 1] 
        ],
       "Rate classes":1,
       "Uncorrected P-value":0.4403760635527746
      },
     "NODE_6":{
       "Baseline MG94xREV":0.1010255030109016,
       "Baseline MG94xREV omega ratio":0.05947128796642145,
       "Corrected P-value":0.2971236751010213,
       "Full adaptive model":0.1412730483177011,
       "Full adaptive model (non-synonymous subs/site)":0.06283805008092561,
       "Full adaptive model (synonymous subs/site)":0.07843499823677549,
       "LRT":5.510739063269284,
       "Nucleotide GTR":0.06658258954471748,
       "Rate Distributions":        [
[0.03664693711067676, 0.9890843983963541],
        [21.45604316779555, 0.01091560160364591] 
        ],
       "Rate classes":2,
       "Uncorrected P-value":0.02285566731546318
      },
     "NODE_7":{
       "Baseline MG94xREV":0.001424504358435723,