{
 "analysis":{
   "authors":"Sergei L Kosakovsky Pond, Ben Murrell, Steven Weaver and Temple iGEM / UCSD viral evolution group",
   "citation":"Less Is More: An Adaptive Branch-Site Random Effects Model for Efficient Detection of Episodic Diversifying Selection (2015). Mol Biol Evol 32 (5): 1342-1353. v2.2 adds support for multiple-hit models",
   "contact":"spond@temple.edu",
   "info":"aBSREL (Adaptive branch-site random effects likelihood)\n                            uses an adaptive random effects branch-site model framework\n                            to test whether each branch has evolved under positive selection,\n                            using a procedure which infers an optimal number of rate categories per branch.",
   "requirements":"in-frame codon alignment and a phylogenetic tree",
   "version":"2.2"
  },
 "branch attributes":{
   "0":{
     "ENSDARP00000108420":{
       "Baseline MG94xREV":0.530866699540438,
       "Baseline MG94xREV omega ratio":0.08282571141578483,
       "Corrected P-value":1,
       "Full adaptive model":34.41923350361973,
       "Full adaptive model (non-synonymous subs/site)":34.08669599507192,
       "Full adaptive model (synonymous subs/site)":0.3325375085478025,
       "LRT":1.268237224680433,
       "Nucleotide GTR":0.2787022984372022,
       "Rate Distributions":        [
[0.05609195986803744, 0.9267201664398217],
        [431.5353311328843, 0.07327983356017831] 
        ],
       "Rate classes":2,
       "Uncorrected P-value":0.2111403590476937,
       "original name":"ENSDARP00000108420"
      },
     "ENSGACP00000025743":{
       "Baseline MG94xREV":0.1051751380674413,
       "Baseline MG94xREV omega ratio":0.1096806680047179,
       "Corrected P-value":1,
       "Full adaptive model":0.1028375856101191,
       "Full adaptive model (non-synonymous subs/site)":0.02484569397244668,
       "Full adaptive model (synonymous subs/site)":0.0779918916376726,
       "LRT":0,
       "Nucleotide GTR":0.08087525540732943,
       "Rate Distributions":        [
[0.09843998706619247, 1] 
        ],
       "Rate classes":1,
       "Uncorrected P-value":1,
       "original name":"ENSGACP00000025743"
      },
     "ENSONIP00000022770":{
       "Baseline MG94xREV":0.07371942711808188,
       "Baseline MG94xREV omega ratio":0.1309795302162435,
       "Corrected P-value":1,
       "Full adaptive model":0.07698836961837797,
       "Full adaptive model (non-synonymous subs/site)":0.02036491047516421,
       "Full adaptive model (synonymous subs/site)":0.05662345914321388,
       "LRT":0,
       "Nucleotide GTR":0.07811815114004307,
       "Rate Distributions":        [
[0.1111363114032333, 1] 
        ],
       "Rate classes":1,
       "Uncorrected P-value":1,
       "original name":"ENSONIP00000022770"
      },
     "ENSORLP00000004703":{
       "Baseline MG94xREV":0.1909571046470676,
       "Baseline MG94xREV omega ratio":0.07345507776933707,
       "Corrected P-value":1,
       "Full adaptive model":0.1787822407406783,
       "Full adaptive model (non-synonymous subs/site)":0.03196609496455134,
       "Full adaptive model (synonymous subs/site)":0.1468161457761269,
       "LRT":0,
       "Nucleotide GTR":0.1400149491799378,
       "Rate Distributions":        [
[0.06727994640542034, 1] 
        ],
       "Rate classes":1,
       "Uncorrected P-value":1,
       "original name":"ENSORLP00000004703"
      },
     "ENSTNIP00000008878":{
       "Baseline MG94xREV":0.0858148927325743,
       "Baseline MG94xREV omega ratio":0.03972662286135045,
       "Corrected P-value":1,
       "Full adaptive model":0.08794213145389251,
       "Full adaptive model (non-synonymous subs/site)":0.008819432918314475,
       "Full adaptive model (synonymous subs/site)":0.0791226985355781,
       "LRT":0,
       "Nucleotide GTR":0.06397694152305244,
       "Rate Distributions":        [
[0.03444367167639831, 1] 
        ],
       "Rate classes":1,
       "Uncorrected P-value":1,
       "original name":"ENSTNIP00000008878"
      },
     "NODE_5":{
       "Baseline MG94xREV":0,
       "Baseline MG94xREV omega ratio":1,
       "Corrected P-value":1,
       "Full adaptive model":0,
       "Full adaptive model (non-synonymous subs/site)":1e-10,
       "Full adaptive model (synonymous subs/site)":1e-10,
       "LRT":0,
       "Nucleotide GTR":0.02048087528996858,
       "Rate Distributions":        [
[1, 1] 
        ],
       "Rate classes":1,
       "Uncorrected P-value":1
      },
     "NODE_8":{
       "Baseline MG94xREV":0.09185381534383381,
       "Baseline MG94xREV omega ratio":0.1021691890832094,
       "Corrected P-value":1,
       "Full adaptive model":0.09296855969173336,
       "Full adaptive model (non-synonymous subs/site)":0.02004713810541408,
       "Full adaptive model (synonymous subs/site)":0.07292142158631926,
       "LRT":0,
       "Nucleotide GTR":0.05375946182997466,
       "Rate Distributions":        [
[0.08495073211150889, 1] 
        ],
       "Rate classes":1,
       "Uncorrected P-value":1
      },
     "O73687_TAKRU":{
       "Baseline MG94xREV":0.08713164267858403,
       "Baseline MG94xREV omega ratio":0.103597551166842,
       "Corrected P-value":1,
       "Full adaptive model":0.08241350413085267,
       "Full adaptive model (non-synonymous subs/site)":0.01947905017885145,
       "Full adaptive model (synonymous subs/site)":0.0629344539520012,
       "LRT":0,
       "Nucleotide GTR":0.07143557438883985,
       "Rate Distributions":        [
[0.09564211650231105, 1] 
        ],
       "Rate classes":1,
       "Uncorrected P-value":1,
       "original name":"O73687_TAKRU"
      }
    },
   "attributes":{
     "Baseline MG94xREV":{
       "attribute type":"branch length",
       "display order":1
      },
     "Baseline MG94xREV omega ratio":{
       "attribute type":"branch label",
       "display order":1
      },
     "Corrected P-value":{
       "attribute type":"branch label",
       "display order":6
      },
     "Full adaptive model":{
       "attribute type":"branch length",
       "display order":2
      },
     "Full adaptive model (non-synonymous subs/site)":{
       "attribute type":"branch label",
       "display order":10
      },
     "Full adaptive model (synonymous subs/site)":{
       "attribute type":"branch label",
       "display order":9
      },
     "LRT":{
       "attribute type":"branch label",
       "display order":4
      },
     "Nucleotide GTR":{
       "attribute type":"branch length",
       "display order":0
      },
     "Rate Distributions":{
       "attribute type":"branch label",
       "display order":3
      },
     "Rate classes":{
       "attribute type":"branch label",
       "display order":2
      },
     "Uncorrected P-value":{
       "attribute type":"branch label",
       "display order":5
      },
     "original name":{
       "attribute type":"node label",
       "display order":-1
      }
    }
  },
 "data partitions":{
   "0":{
     "coverage":      [
[0, 1, 2, 3, 4, 5, 6, 7, 8, 9, 10, 11, 12, 13, 14, 15, 16, 17, 18, 19, 20, 21, 22, 23, 24, 25, 26, 27, 28, 29, 30, 31, 32, 33, 34, 35, 36, 37, 38, 39, 40, 41, 42, 43, 44, 45, 46, 47, 48, 49, 50, 51, 52, 53, 54, 55, 56, 57, 58, 59, 60, 61, 62, 63, 64, 65, 66, 67, 68, 69, 70, 71, 72, 73, 74, 75, 76, 77, 78, 79, 80, 81, 82, 83, 84, 85, 86, 87, 88, 89, 90, 91, 92, 93, 94, 95, 96, 97, 98, 99, 100, 101, 102, 103, 104, 105, 106, 107, 108, 109, 110, 111, 112, 113, 114, 115, 116, 117, 118, 119, 120, 121, 122, 123, 124, 125, 126, 127, 128, 129, 130, 131, 132, 133, 134, 135, 136, 137, 138, 139, 140, 141, 142, 143, 144, 145, 146, 147, 148, 149, 150, 151, 152, 153, 154, 155, 156, 157, 158, 159, 160, 161, 162, 163, 164, 165, 166, 167, 168, 169, 170, 171, 172, 173, 174, 175, 176, 177, 178, 179, 180, 181, 182, 183, 184, 185, 186, 187, 188, 189, 190, 191, 192, 193, 194, 195, 196, 197, 198, 199, 200, 201, 202, 203] 
      ],
     "name":"absrel.filter.default"
    }
  },
 "fits":{
   "Baseline MG94xREV":{
     "AIC-c":3896.114000124493,