{
 "analysis":{
   "authors":"Sergei L Kosakovsky Pond, Ben Murrell, Steven Weaver and Temple iGEM / UCSD viral evolution group",
   "citation":"Less Is More: An Adaptive Branch-Site Random Effects Model for Efficient Detection of Episodic Diversifying Selection (2015). Mol Biol Evol 32 (5): 1342-1353. v2.2 adds support for multiple-hit models",
   "contact":"spond@temple.edu",
   "info":"aBSREL (Adaptive branch-site random effects likelihood)\n                            uses an adaptive random effects branch-site model framework\n                            to test whether each branch has evolved under positive selection,\n                            using a procedure which infers an optimal number of rate categories per branch.",
   "requirements":"in-frame codon alignment and a phylogenetic tree",
   "version":"2.2"
  },
 "branch attributes":{
   "0":{
     "ENSGACP00000021579":{
       "Baseline MG94xREV":0.09185859652526883,
       "Baseline MG94xREV omega ratio":0.134869103687926,
       "Corrected P-value":0.4307918220189966,
       "Full adaptive model":0.2190558640070258,
       "Full adaptive model (non-synonymous subs/site)":0.1608354007382348,
       "Full adaptive model (synonymous subs/site)":0.05822046326879093,
       "LRT":4.276844756324863,
       "Nucleotide GTR":0.06512845977351063,
       "Rate Distributions":        [
[0.08341387503621855, 0.9871221054446796],
        [62.16302702219983, 0.0128778945553204] 
        ],
       "Rate classes":2,
       "Uncorrected P-value":0.04307918220189966,
       "original name":"ENSGACP00000021579"
      },
     "ENSGMOP00000002679":{
       "Baseline MG94xREV":0.2222989858101587,
       "Baseline MG94xREV omega ratio":0.1133596019107554,
       "Corrected P-value":0.1086873154311858,
       "Full adaptive model":0.2806990588246785,
       "Full adaptive model (non-synonymous subs/site)":0.1508504856286391,
       "Full adaptive model (synonymous subs/site)":0.1298485731960395,
       "LRT":7.154618627664604,
       "Nucleotide GTR":0.1015017159853381,
       "Rate Distributions":        [
[0.008609168152260286, 0.8963846533221577],
        [3.508758302870659, 0.1036153466778423] 
        ],
       "Rate classes":2,
       "Uncorrected P-value":0.009880665039198711,
       "original name":"ENSGMOP00000002679"
      },
     "ENSONIP00000009623":{
       "Baseline MG94xREV":0.1132627096179458,
       "Baseline MG94xREV omega ratio":0.2091226684049647,
       "Corrected P-value":0.453191315377905,
       "Full adaptive model":0.133951374168216,
       "Full adaptive model (non-synonymous subs/site)":0.06110639506105221,
       "Full adaptive model (synonymous subs/site)":0.07284497910716375,
       "LRT":3.747242224733782,
       "Nucleotide GTR":0.1062666239353632,
       "Rate Distributions":        [
[0.05515261742665976, 0.9372133758847663],
        [3.446563226831647, 0.06278662411523372] 
        ],
       "Rate classes":2,
       "Uncorrected P-value":0.05664891442223813,
       "original name":"ENSONIP00000009623"
      },
     "ENSORLP00000008062":{
       "Baseline MG94xREV":0.1612552820132047,
       "Baseline MG94xREV omega ratio":0.1152658238562797,
       "Corrected P-value":1,
       "Full adaptive model":380.1069267440653,
       "Full adaptive model (non-synonymous subs/site)":379.997003344621,
       "Full adaptive model (synonymous subs/site)":0.1099233994442581,
       "LRT":1.338736055171466,
       "Nucleotide GTR":0.1102973878535472,
       "Rate Distributions":        [
[0.0811819053185409, 0.9889528936273415],
        [100000, 0.01104710637265849] 
        ],
       "Rate classes":2,
       "Uncorrected P-value":0.2030610178054295,
       "original name":"ENSORLP00000008062"
      },
     "ENSTNIP00000010345":{
       "Baseline MG94xREV":0.07782910566908323,
       "Baseline MG94xREV omega ratio":0.1494713982264434,
       "Corrected P-value":1,
       "Full adaptive model":0.07727359362181876,
       "Full adaptive model (non-synonymous subs/site)":0.02436200917149305,
       "Full adaptive model (synonymous subs/site)":0.05291158445032572,
       "LRT":0.01985484533361159,
       "Nucleotide GTR":0.05882408570718802,
       "Rate Distributions":        [
[0, 0.8639715340719673],
        [1.08173930820878, 0.1360284659280327] 
        ],
       "Rate classes":2,
       "Uncorrected P-value":0.4746251547422711,
       "original name":"ENSTNIP00000010345"
      },
     "ENSTRUP00000035291":{
       "Baseline MG94xREV":0.06855687300202401,
       "Baseline MG94xREV omega ratio":0.140429532604691,
       "Corrected P-value":1,
       "Full adaptive model":0.06725656131991133,
       "Full adaptive model (non-synonymous subs/site)":0.01719030819978597,
       "Full adaptive model (synonymous subs/site)":0.05006625312012539,
       "LRT":0,
       "Nucleotide GTR":0.05997438531862995,
       "Rate Distributions":        [
[0.1097308260299519, 1] 
        ],
       "Rate classes":1,
       "Uncorrected P-value":1,
       "original name":"ENSTRUP00000035291"
      },
     "ENSTTRP00000012461":{
       "Baseline MG94xREV":4.738973722453756,
       "Baseline MG94xREV omega ratio":0.0330927116054044,
       "Corrected P-value":1,
       "Full adaptive model":2.55380857987634,
       "Full adaptive model (non-synonymous subs/site)":0.75902341112206,
       "Full adaptive model (synonymous subs/site)":1.79478516875428,
       "LRT":0,
       "Nucleotide GTR":0.7273324841149919,
       "Rate Distributions":        [
[0.01834724723973385, 0.616864176081998],
        [0.3232207422372422, 0.383135823918002] 
        ],
       "Rate classes":2,
       "Uncorrected P-value":1,
       "original name":"ENSTTRP00000012461"
      },
     "NODE_3":{
       "Baseline MG94xREV":0.07410693193049508,
       "Baseline MG94xREV omega ratio":0.2264226579261802,
       "Corrected P-value":0.4425319339403123,
       "Full adaptive model":0.08446016800130943,
       "Full adaptive model (non-synonymous subs/site)":0.04385433356156968,
       "Full adaptive model (synonymous subs/site)":0.04060583443973974,
       "LRT":4.020752408225235,
       "Nucleotide GTR":0.05456817037001491,
       "Rate Distributions":        [
[0.08906179088647549, 0.9566482265853198],
        [5.996390960314601, 0.04335177341468022] 
        ],
       "Rate classes":2,
       "Uncorrected P-value":0.04917021488225692
      },
     "NODE_6":{
       "Baseline MG94xREV":0.04114321419611807,
       "Baseline MG94xREV omega ratio":0.07476571435911078,
       "Corrected P-value":1,
       "Full adaptive model":0.04178890965979207,
       "Full adaptive model (non-synonymous subs/site)":0.007143712664940532,
       "Full adaptive model (synonymous subs/site)":0.03464519699485154,
       "LRT":0,
       "Nucleotide GTR":0.02920498346697926,
       "Rate Distributions":        [
[0.0658978156421913, 1] 
        ],
       "Rate classes":1,
       "Uncorrected P-value":1
      },
     "NODE_7":{
       "Baseline MG94xREV":0.02000686301996287,
       "Baseline MG94xREV omega ratio":0.2288997937557352,
       "Corrected P-value":1,
       "Full adaptive model":0.02602186857609811,
       "Full adaptive model (non-synonymous subs/site)":0.007385714143324417,
       "Full adaptive model (synonymous subs/site)":0.0186361544327737,
       "LRT":0,
       "Nucleotide GTR":0.01888960030174501,
       "Rate Distributions":        [
[0.1266561463835739, 1] 
        ],
       "Rate classes":1,
       "Uncorrected P-value":1
      },
     "NODE_9":{
       "Baseline MG94xREV":0.03302894474494454,
       "Baseline MG94xREV omega ratio":10000000000,
       "Corrected P-value":1,
       "Full adaptive model":0.02926684328446082,
       "Full adaptive model (non-synonymous subs/site)":0.02926684328446082,
       "Full adaptive model (synonymous subs/site)":1e-10,
       "LRT":0.1190274694235995,
       "Nucleotide GTR":0.06238964461558946,
       "Rate Distributions":        [
[10000000000, 1] 
        ],
       "Rate classes":1,