{
 "analysis":{
   "authors":"Sergei L Kosakovsky Pond, Ben Murrell, Steven Weaver and Temple iGEM / UCSD viral evolution group",
   "citation":"Less Is More: An Adaptive Branch-Site Random Effects Model for Efficient Detection of Episodic Diversifying Selection (2015). Mol Biol Evol 32 (5): 1342-1353. v2.2 adds support for multiple-hit models",
   "contact":"spond@temple.edu",
   "info":"aBSREL (Adaptive branch-site random effects likelihood)\n                            uses an adaptive random effects branch-site model framework\n                            to test whether each branch has evolved under positive selection,\n                            using a procedure which infers an optimal number of rate categories per branch.",
   "requirements":"in-frame codon alignment and a phylogenetic tree",
   "version":"2.2"
  },
 "branch attributes":{
   "0":{
     "ENSBTAP00000054472":{
       "Baseline MG94xREV":0.08458513326738119,
       "Baseline MG94xREV omega ratio":0.6351944290313124,
       "Corrected P-value":1,
       "Full adaptive model":0.08485810221837109,
       "Full adaptive model (non-synonymous subs/site)":0.05176598092842633,
       "Full adaptive model (synonymous subs/site)":0.03309212128994483,
       "LRT":0,
       "Nucleotide GTR":0.08360819567716558,
       "Rate Distributions":        [
[0.633168094334025, 1] 
        ],
       "Rate classes":1,
       "Uncorrected P-value":1,
       "original name":"ENSBTAP00000054472"
      },
     "ENSCPOP00000015087":{
       "Baseline MG94xREV":0.1933031382345061,
       "Baseline MG94xREV omega ratio":0.8452363418341686,
       "Corrected P-value":1,
       "Full adaptive model":0.2021246194662343,
       "Full adaptive model (non-synonymous subs/site)":0.1405133802492821,
       "Full adaptive model (synonymous subs/site)":0.0616112392169522,
       "LRT":1.613237661149469,
       "Nucleotide GTR":0.1922506565746522,
       "Rate Distributions":        [
[0.06961747590335782, 0.3540839131835213],
        [1.390996372599436, 0.6459160868164787] 
        ],
       "Rate classes":2,
       "Uncorrected P-value":0.1747168823985326,
       "original name":"ENSCPOP00000015087"
      },
     "ENSLAFP00000019013":{
       "Baseline MG94xREV":0.1168134334139176,
       "Baseline MG94xREV omega ratio":0.825044954174734,
       "Corrected P-value":0.8927088266170087,
       "Full adaptive model":0.130451304091956,
       "Full adaptive model (non-synonymous subs/site)":0.09213574421545713,
       "Full adaptive model (synonymous subs/site)":0.03831555987649883,
       "LRT":2.450740020842204,
       "Nucleotide GTR":0.1168559140020299,
       "Rate Distributions":        [
[0.6799426425166482, 0.9626916656221114],
        [8.543320442694863, 0.03730833437788861] 
        ],
       "Rate classes":2,
       "Uncorrected P-value":0.1115886033271261,
       "original name":"ENSLAFP00000019013"
      },
     "ENSMLUP00000021442":{
       "Baseline MG94xREV":0.1876646401794969,
       "Baseline MG94xREV omega ratio":0.7862897404643391,
       "Corrected P-value":1,
       "Full adaptive model":0.1866703255660414,
       "Full adaptive model (non-synonymous subs/site)":0.1228700704525075,
       "Full adaptive model (synonymous subs/site)":0.06380025511353443,
       "LRT":0,
       "Nucleotide GTR":0.1862712713026153,
       "Rate Distributions":        [
[0.7795121232040684, 1] 
        ],
       "Rate classes":1,
       "Uncorrected P-value":1,
       "original name":"ENSMLUP00000021442"
      },
     "ENSSSCP00000020164":{
       "Baseline MG94xREV":0.07642307062445917,
       "Baseline MG94xREV omega ratio":0.6272266157991495,
       "Corrected P-value":0.4704539471059965,
       "Full adaptive model":0.08340971571440349,
       "Full adaptive model (non-synonymous subs/site)":0.05453981947140597,
       "Full adaptive model (synonymous subs/site)":0.02886989624299752,
       "LRT":3.902466861916764,
       "Nucleotide GTR":0.07533408091022116,
       "Rate Distributions":        [
[0.4203736346071646, 0.9414729759221365],
        [6.302871632331416, 0.05852702407786348] 
        ],
       "Rate classes":2,
       "Uncorrected P-value":0.05227266078955517,
       "original name":"ENSSSCP00000020164"
      },
     "ENSSTOP00000023320":{
       "Baseline MG94xREV":0.1132767313918344,
       "Baseline MG94xREV omega ratio":0.6874434506486647,
       "Corrected P-value":1,
       "Full adaptive model":0.1132034616445856,
       "Full adaptive model (non-synonymous subs/site)":0.07091922947915184,
       "Full adaptive model (synonymous subs/site)":0.04228423216543389,
       "LRT":0,
       "Nucleotide GTR":0.1108851773628552,
       "Rate Distributions":        [
[0.6788670682503454, 1] 
        ],
       "Rate classes":1,
       "Uncorrected P-value":1,
       "original name":"ENSSTOP00000023320"
      },
     "MTAP4_MOUSE":{
       "Baseline MG94xREV":0.2493379725404362,
       "Baseline MG94xREV omega ratio":0.6631278821712948,
       "Corrected P-value":0.08339048240677582,
       "Full adaptive model":0.3248392580843471,
       "Full adaptive model (non-synonymous subs/site)":0.2358091942295477,
       "Full adaptive model (synonymous subs/site)":0.08903006385479942,
       "LRT":7.675802122088498,
       "Nucleotide GTR":0.2443225161789339,
       "Rate Distributions":        [
[0.5521616343936935, 0.9400068914288298],
        [9.218300052705446, 0.05999310857117024] 
        ],
       "Rate classes":2,
       "Uncorrected P-value":0.007580952946070529,
       "original name":"MTAP4_MOUSE"
      },
     "NODE_10":{
       "Baseline MG94xREV":0.0116910270576091,
       "Baseline MG94xREV omega ratio":0.4360734443086125,
       "Corrected P-value":1,
       "Full adaptive model":0.01142652300103166,
       "Full adaptive model (non-synonymous subs/site)":0.006130533119404018,
       "Full adaptive model (synonymous subs/site)":0.005295989881627653,
       "LRT":0,
       "Nucleotide GTR":0.01116876610605531,
       "Rate Distributions":        [
[0.4685438892452424, 1] 
        ],
       "Rate classes":1,
       "Uncorrected P-value":1
      },
     "NODE_12":{
       "Baseline MG94xREV":0.03072335420363565,
       "Baseline MG94xREV omega ratio":0.489937973277665,
       "Corrected P-value":1,
       "Full adaptive model":0.03076230742769393,
       "Full adaptive model (non-synonymous subs/site)":0.01669994818020306,
       "Full adaptive model (synonymous subs/site)":0.01406235924749084,
       "LRT":0,
       "Nucleotide GTR":0.0301988402711191,
       "Rate Distributions":        [
[0.4806800712267053, 1] 
        ],
       "Rate classes":1,
       "Uncorrected P-value":1
      },
     "NODE_3":{
       "Baseline MG94xREV":0.003076225089036438,
       "Baseline MG94xREV omega ratio":10000000000,
       "Corrected P-value":1,
       "Full adaptive model":0.003885578008570944,
       "Full adaptive model (non-synonymous subs/site)":0.003885578008570944,
       "Full adaptive model (synonymous subs/site)":1e-10,
       "LRT":0.5148065992289048,
       "Nucleotide GTR":0.002744417538742495,
       "Rate Distributions":        [
[10000000000, 1] 
        ],
       "Rate classes":1,
       "Uncorrected P-value":0.3265300105312485
      },
     "NODE_8":{
       "Baseline MG94xREV":0.02516539043456997,
       "Baseline MG94xREV omega ratio":1.029372056761698,
       "Corrected P-value":0.1730160327067354,
       "Full adaptive model":0.03050214474931204,
       "Full adaptive model (non-synonymous subs/site)":0.02344718744604109,
       "Full adaptive model (synonymous subs/site)":0.007054957303270955,
       "LRT":6.055312984568445,
       "Nucleotide GTR":0.02560551111079042,
       "Rate Distributions":        [
[0.6709553607862968, 0.9820550113266076],
        [38.24532026775558, 0.01794498867339245] 
        ],
       "Rate classes":2,
       "Uncorrected P-value":0.01730160327067354
      }
    },
   "attributes":{
     "Baseline MG94xREV":{
       "attribute type":"branch length",