{
 "analysis":{
   "authors":"Sergei L Kosakovsky Pond, Ben Murrell, Steven Weaver and Temple iGEM / UCSD viral evolution group",
   "citation":"Less Is More: An Adaptive Branch-Site Random Effects Model for Efficient Detection of Episodic Diversifying Selection (2015). Mol Biol Evol 32 (5): 1342-1353. v2.2 adds support for multiple-hit models",
   "contact":"spond@temple.edu",
   "info":"aBSREL (Adaptive branch-site random effects likelihood)\n                            uses an adaptive random effects branch-site model framework\n                            to test whether each branch has evolved under positive selection,\n                            using a procedure which infers an optimal number of rate categories per branch.",
   "requirements":"in-frame codon alignment and a phylogenetic tree",
   "version":"2.2"
  },
 "branch attributes":{
   "0":{
     "ENSONIP00000018741":{
       "Baseline MG94xREV":0.1279990677475365,
       "Baseline MG94xREV omega ratio":0.1029454085913096,
       "Corrected P-value":1,
       "Full adaptive model":0.1256288213378602,
       "Full adaptive model (non-synonymous subs/site)":0.02685337663094433,
       "Full adaptive model (synonymous subs/site)":0.09877544470691581,
       "LRT":0,
       "Nucleotide GTR":0.1068333161171735,
       "Rate Distributions":        [
[0.09656925763056409, 1] 
        ],
       "Rate classes":1,
       "Uncorrected P-value":1,
       "original name":"ENSONIP00000018741"
      },
     "ENSORLP00000012344":{
       "Baseline MG94xREV":0.1544515090323122,
       "Baseline MG94xREV omega ratio":0.09297168225497035,
       "Corrected P-value":1,
       "Full adaptive model":0.2412757899241536,
       "Full adaptive model (non-synonymous subs/site)":0.1178983134430639,
       "Full adaptive model (synonymous subs/site)":0.1233774764810898,
       "LRT":1.748348614120914,
       "Nucleotide GTR":0.1206720429669264,
       "Rate Distributions":        [
[0.06829482922057779, 0.9853114088922038],
        [18.52774753094546, 0.01468859110779619] 
        ],
       "Rate classes":2,
       "Uncorrected P-value":0.1623788024211383,
       "original name":"ENSORLP00000012344"
      },
     "ENSTNIP00000021115":{
       "Baseline MG94xREV":0.04632013876708057,
       "Baseline MG94xREV omega ratio":0.1508364703908067,
       "Corrected P-value":1,
       "Full adaptive model":0.04481990121678713,
       "Full adaptive model (non-synonymous subs/site)":0.01277887060361346,
       "Full adaptive model (synonymous subs/site)":0.03204103061317363,
       "LRT":0,
       "Nucleotide GTR":0.04101139874015886,
       "Rate Distributions":        [
[0.1416690491587066, 1] 
        ],
       "Rate classes":1,
       "Uncorrected P-value":1,
       "original name":"ENSTNIP00000021115"
      },
     "ENSTRUP00000031924":{
       "Baseline MG94xREV":0.0443190050222128,
       "Baseline MG94xREV omega ratio":0.1913980485932661,
       "Corrected P-value":1,
       "Full adaptive model":0.04655292292566315,
       "Full adaptive model (non-synonymous subs/site)":0.0152304348775049,
       "Full adaptive model (synonymous subs/site)":0.03132248804815829,
       "LRT":0,
       "Nucleotide GTR":0.04472895034709727,
       "Rate Distributions":        [
[0.1727209568207923, 1] 
        ],
       "Rate classes":1,
       "Uncorrected P-value":1,
       "original name":"ENSTRUP00000031924"
      },
     "ENSXETP00000060869":{
       "Baseline MG94xREV":1.741585911092908,
       "Baseline MG94xREV omega ratio":0.05081548186110602,
       "Corrected P-value":1,
       "Full adaptive model":1.034679389489912,
       "Full adaptive model (non-synonymous subs/site)":0.4208459979030942,
       "Full adaptive model (synonymous subs/site)":0.6138333915868182,
       "LRT":0,
       "Nucleotide GTR":0.4690280988898833,
       "Rate Distributions":        [
[0.04964736247054027, 0.7657329505441857],
        [0.8772831761783064, 0.2342670494558143] 
        ],
       "Rate classes":2,
       "Uncorrected P-value":1,
       "original name":"ENSXETP00000060869"
      },
     "NODE_3":{
       "Baseline MG94xREV":0.06168290346563626,
       "Baseline MG94xREV omega ratio":0.03149763131634876,
       "Corrected P-value":1,
       "Full adaptive model":0.02836466716275558,
       "Full adaptive model (non-synonymous subs/site)":0.005072385602602204,
       "Full adaptive model (synonymous subs/site)":0.02329228156015337,
       "LRT":0,
       "Nucleotide GTR":0.0307195100999319,
       "Rate Distributions":        [
[0.07735514655821868, 1] 
        ],
       "Rate classes":1,
       "Uncorrected P-value":1
      },
     "NODE_6":{
       "Baseline MG94xREV":0.08502909404276875,
       "Baseline MG94xREV omega ratio":0.1784595513023234,
       "Corrected P-value":1,
       "Full adaptive model":0.1163146406335322,
       "Full adaptive model (non-synonymous subs/site)":0.02688665162073563,
       "Full adaptive model (synonymous subs/site)":0.08942798901279664,
       "LRT":0,
       "Nucleotide GTR":0.08408821119467742,
       "Rate Distributions":        [
[0.1067953242093389, 1] 
        ],
       "Rate classes":1,
       "Uncorrected P-value":1
      },
     "NODE_7":{
       "Baseline MG94xREV":0.3479432042132628,
       "Baseline MG94xREV omega ratio":0.08914424885267856,
       "Corrected P-value":0.4352498858011968,
       "Full adaptive model":0.9318161331257246,
       "Full adaptive model (non-synonymous subs/site)":0.6575834611561929,
       "Full adaptive model (synonymous subs/site)":0.2742326719695317,
       "LRT":4.052851400076179,
       "Nucleotide GTR":0.172312020491576,
       "Rate Distributions":        [
[0.04708635092304062, 0.9228773425129504],
        [0.04781073706767946, 0.02609284544429427],
        [15.81554483555552, 0.05102981204275534] 
        ],
       "Rate classes":3,
       "Uncorrected P-value":0.0483610984223552
      },
     "ZGC_77752_DANRE":{
       "Baseline MG94xREV":0.1264110946057205,
       "Baseline MG94xREV omega ratio":0.3377057030197267,
       "Corrected P-value":1,
       "Full adaptive model":0.09156622174860081,
       "Full adaptive model (non-synonymous subs/site)":0.07029903860278736,
       "Full adaptive model (synonymous subs/site)":0.02126718314581344,
       "LRT":0.7110320876545302,
       "Nucleotide GTR":0.1358157811733917,
       "Rate Distributions":        [
[0, 0.6735938685670783],
        [3.597245597745307, 0.3264061314329217] 
        ],
       "Rate classes":2,
       "Uncorrected P-value":0.2900637894236608,
       "original name":"ZGC@77752_DANRE"
      }
    },
   "attributes":{
     "Baseline MG94xREV":{
       "attribute type":"branch length",
       "display order":1
      },
     "Baseline MG94xREV omega ratio":{
       "attribute type":"branch label",
       "display order":1
      },
     "Corrected P-value":{
       "attribute type":"branch label",
       "display order":6
      },
     "Full adaptive model":{
       "attribute type":"branch length",
       "display order":2
      },
     "Full adaptive model (non-synonymous subs/site)":{
       "attribute type":"branch label",
       "display order":10
      },
     "Full adaptive model (synonymous subs/site)":{
       "attribute type":"branch label",
       "display order":9
      },
     "LRT":{
       "attribute type":"branch label",
       "display order":4
      },
     "Nucleotide GTR":{
       "attribute type":"branch length",
       "display order":0
      },
     "Rate Distributions":{
       "attribute type":"branch label",
       "display order":3
      },
     "Rate classes":{
       "attribute type":"branch label",
       "display order":2
      },
     "Uncorrected P-value":{
       "attribute type":"branch label",
       "display order":5
      },
     "original name":{
       "attribute type":"node label",
       "display order":-1
      }
    }
  },