{
 "analysis":{
   "authors":"Sergei L Kosakovsky Pond, Ben Murrell, Steven Weaver and Temple iGEM / UCSD viral evolution group",
   "citation":"Less Is More: An Adaptive Branch-Site Random Effects Model for Efficient Detection of Episodic Diversifying Selection (2015). Mol Biol Evol 32 (5): 1342-1353. v2.2 adds support for multiple-hit models",
   "contact":"spond@temple.edu",
   "info":"aBSREL (Adaptive branch-site random effects likelihood)\n                            uses an adaptive random effects branch-site model framework\n                            to test whether each branch has evolved under positive selection,\n                            using a procedure which infers an optimal number of rate categories per branch.",
   "requirements":"in-frame codon alignment and a phylogenetic tree",
   "version":"2.2"
  },
 "branch attributes":{
   "0":{
     "C1ORF200_CALJA":{
       "Baseline MG94xREV":0.0754376571836866,
       "Baseline MG94xREV omega ratio":1.020983025858346,
       "Corrected P-value":0.1991906526068925,
       "Full adaptive model":0.3216586694797708,
       "Full adaptive model (non-synonymous subs/site)":0.3069399783853692,
       "Full adaptive model (synonymous subs/site)":0.01471869109440153,
       "LRT":6.136488329052099,
       "Nucleotide GTR":0.07709316281395294,
       "Rate Distributions":        [
[0.9156293972817189, 0.9526900401848659],
        [163.4740729846069, 0.04730995981513408] 
        ],
       "Rate classes":2,
       "Uncorrected P-value":0.01659922105057438,
       "original name":"C1ORF200_CALJA"
      },
     "C1ORF200_GGOR":{
       "Baseline MG94xREV":0.01295003121834308,
       "Baseline MG94xREV omega ratio":0.9531610674265212,
       "Corrected P-value":1,
       "Full adaptive model":0.01359354344129367,
       "Full adaptive model (non-synonymous subs/site)":0.009688362764801403,
       "Full adaptive model (synonymous subs/site)":0.003905180676492266,
       "LRT":-0.001043678856149199,
       "Nucleotide GTR":0.01199739086528256,
       "Rate Distributions":        [
[1.023857693007787, 1] 
        ],
       "Rate classes":1,
       "Uncorrected P-value":0.5,
       "original name":"C1ORF200_GGOR"
      },
     "C1ORF200_HUMAN":{
       "Baseline MG94xREV":0.01142997869694885,
       "Baseline MG94xREV omega ratio":10000000000,
       "Corrected P-value":1,
       "Full adaptive model":0.01143049774329754,
       "Full adaptive model (non-synonymous subs/site)":0.01143049774329754,
       "Full adaptive model (synonymous subs/site)":1e-10,
       "LRT":2.007363003717956,
       "Nucleotide GTR":0.01161891373375226,
       "Rate Distributions":        [
[10000000000, 1] 
        ],
       "Rate classes":1,
       "Uncorrected P-value":0.1412657152111114,
       "original name":"C1ORF200_HUMAN"
      },
     "C1ORF200_NOMLE":{
       "Baseline MG94xREV":0.03466391420618576,
       "Baseline MG94xREV omega ratio":0.2742316787305641,
       "Corrected P-value":1,
       "Full adaptive model":0.03406217850751316,
       "Full adaptive model (non-synonymous subs/site)":0.01324852927943375,
       "Full adaptive model (synonymous subs/site)":0.0208136492280794,
       "LRT":0,
       "Nucleotide GTR":0.03487465422619886,
       "Rate Distributions":        [
[0.2626937718750432, 1] 
        ],
       "Rate classes":1,
       "Uncorrected P-value":1,
       "original name":"C1ORF200_NOMLE"
      },
     "C1ORF200_TUPBE":{
       "Baseline MG94xREV":0.2869353540685737,
       "Baseline MG94xREV omega ratio":0.7660590033358738,
       "Corrected P-value":1,
       "Full adaptive model":0.2908943411930021,
       "Full adaptive model (non-synonymous subs/site)":0.1890713900282032,
       "Full adaptive model (synonymous subs/site)":0.1018229511647989,
       "LRT":0,
       "Nucleotide GTR":0.2821981905882237,
       "Rate Distributions":        [
[0.7663205545581433, 1] 
        ],
       "Rate classes":1,
       "Uncorrected P-value":1,
       "original name":"C1ORF200_TUPBE"
      },
     "LOC100436332_PONAB":{
       "Baseline MG94xREV":0.01315588143441114,
       "Baseline MG94xREV omega ratio":10000000000,
       "Corrected P-value":1,
       "Full adaptive model":0.0138174477835598,
       "Full adaptive model (non-synonymous subs/site)":0.0138174477835598,
       "Full adaptive model (synonymous subs/site)":1e-10,
       "LRT":2.598450790491597,
       "Nucleotide GTR":0.0122376231921063,
       "Rate Distributions":        [
[10000000000, 1] 
        ],
       "Rate classes":1,
       "Uncorrected P-value":0.1032165400154148,
       "original name":"LOC100436332_PONAB"
      },
     "LOC710638_MACMU":{
       "Baseline MG94xREV":0.0177336783679714,
       "Baseline MG94xREV omega ratio":10000000000,
       "Corrected P-value":0.86607470945899,
       "Full adaptive model":0.01856093553855541,
       "Full adaptive model (non-synonymous subs/site)":0.01856093553855541,
       "Full adaptive model (synonymous subs/site)":1e-10,
       "LRT":3.114500389480099,
       "Nucleotide GTR":0.01691989134426606,
       "Rate Distributions":        [
[10000000000, 1] 
        ],
       "Rate classes":1,
       "Uncorrected P-value":0.07873406449627182,
       "original name":"LOC710638_MACMU"
      },
     "LOC746645_PANTR":{
       "Baseline MG94xREV":0.007701079851049772,
       "Baseline MG94xREV omega ratio":10000000000,
       "Corrected P-value":1,
       "Full adaptive model":0.007705450911487504,
       "Full adaptive model (non-synonymous subs/site)":0.007705450911487504,
       "Full adaptive model (synonymous subs/site)":1e-10,
       "LRT":1.360508985334945,
       "Nucleotide GTR":0.007783659661217545,
       "Rate Distributions":        [
[10000000000, 1] 
        ],
       "Rate classes":1,
       "Uncorrected P-value":0.200636281438179,
       "original name":"LOC746645_PANTR"
      },
     "NODE_11":{
       "Baseline MG94xREV":0.03522992321240846,
       "Baseline MG94xREV omega ratio":0.3687270674596835,
       "Corrected P-value":1,
       "Full adaptive model":0.03112784858180164,
       "Full adaptive model (non-synonymous subs/site)":0.01365403143596877,
       "Full adaptive model (synonymous subs/site)":0.01747381714583288,
       "LRT":0,
       "Nucleotide GTR":0.03476105531053466,
       "Rate Distributions":        [
[0.3224804931430426, 1] 
        ],
       "Rate classes":1,
       "Uncorrected P-value":1
      },
     "NODE_3":{
       "Baseline MG94xREV":0.006188925573314077,
       "Baseline MG94xREV omega ratio":10000000000,
       "Corrected P-value":1,
       "Full adaptive model":0.005549326949432228,
       "Full adaptive model (non-synonymous subs/site)":0.005549326949432228,
       "Full adaptive model (synonymous subs/site)":1e-10,
       "LRT":0.9181633279770267,
       "Nucleotide GTR":0.00733103909212334,
       "Rate Distributions":        [
[10000000000, 1] 
        ],
       "Rate classes":1,
       "Uncorrected P-value":0.2571506296746036
      },
     "NODE_5":{
       "Baseline MG94xREV":0.003820776278718468,
       "Baseline MG94xREV omega ratio":10000000000,
       "Corrected P-value":1,
       "Full adaptive model":0.003824328519781605,
       "Full adaptive model (non-synonymous subs/site)":0.003824328519781605,
       "Full adaptive model (synonymous subs/site)":1e-10,
       "LRT":0.9887625474545985,
       "Nucleotide GTR":0.003894755184539009,
       "Rate Distributions":        [
[10000000000, 1] 
        ],
       "Rate classes":1,
       "Uncorrected P-value":0.2469934558413313
      },
     "NODE_9":{
       "Baseline MG94xREV":0.002824145160972782,
       "Baseline MG94xREV omega ratio":10000000000,
       "Corrected P-value":1,
       "Full adaptive model":0.002665075791584472,
       "Full adaptive model (non-synonymous subs/site)":0.002665075791584472,
       "Full adaptive model (synonymous subs/site)":1e-10,
       "LRT":0.4050008392291602,
       "Nucleotide GTR":0.002879763862365815,