{
 "analysis":{
   "authors":"Sergei L Kosakovsky Pond, Ben Murrell, Steven Weaver and Temple iGEM / UCSD viral evolution group",
   "citation":"Less Is More: An Adaptive Branch-Site Random Effects Model for Efficient Detection of Episodic Diversifying Selection (2015). Mol Biol Evol 32 (5): 1342-1353. v2.2 adds support for multiple-hit models",
   "contact":"spond@temple.edu",
   "info":"aBSREL (Adaptive branch-site random effects likelihood)\n                            uses an adaptive random effects branch-site model framework\n                            to test whether each branch has evolved under positive selection,\n                            using a procedure which infers an optimal number of rate categories per branch.",
   "requirements":"in-frame codon alignment and a phylogenetic tree",
   "version":"2.2"
  },
 "branch attributes":{
   "0":{
     "ENSCJAP00000009818":{
       "Baseline MG94xREV":0.09622486513012585,
       "Baseline MG94xREV omega ratio":0.7703954227117199,
       "Corrected P-value":0.4445749707364246,
       "Full adaptive model":0.1263222499954518,
       "Full adaptive model (non-synonymous subs/site)":0.09573160376726356,
       "Full adaptive model (synonymous subs/site)":0.03059064622818824,
       "LRT":4.569560362146149,
       "Nucleotide GTR":0.09380992657221181,
       "Rate Distributions":        [
[0.6403842155704974, 0.9774128365180557],
        [24.9598312705984, 0.02258716348194434] 
        ],
       "Rate classes":2,
       "Uncorrected P-value":0.03704791422803538,
       "original name":"ENSCJAP00000009818"
      },
     "ENSMMUP00000015711":{
       "Baseline MG94xREV":0.04643239850806072,
       "Baseline MG94xREV omega ratio":0.4106197629505615,
       "Corrected P-value":0.2165436114341309,
       "Full adaptive model":5.937238474866177,
       "Full adaptive model (non-synonymous subs/site)":5.917556297078272,
       "Full adaptive model (synonymous subs/site)":0.01968217778790423,
       "LRT":6.129657634315663,
       "Nucleotide GTR":0.04642213468534,
       "Rate Distributions":        [
[0.341183930699071, 0.9874630750172806],
        [9090.000000003736, 0.01253692498271941] 
        ],
       "Rate classes":2,
       "Uncorrected P-value":0.01665720087954853,
       "original name":"ENSMMUP00000015711"
      },
     "ENSNLEP00000013087":{
       "Baseline MG94xREV":0.004506648048653216,
       "Baseline MG94xREV omega ratio":0.2290333875354452,
       "Corrected P-value":0.0002404725859572743,
       "Full adaptive model":1.250221415410658,
       "Full adaptive model (non-synonymous subs/site)":1.248070710264328,
       "Full adaptive model (synonymous subs/site)":0.002150705146330856,
       "LRT":19.8898908168394,
       "Nucleotide GTR":0.004611798460530343,
       "Rate Distributions":        [
[0, 0.9977938958685051],
        [100000, 0.002206104131494913] 
        ],
       "Rate classes":2,
       "Uncorrected P-value":1.603150573048495e-05,
       "original name":"ENSNLEP00000013087"
      },
     "ENSNLEP00000013129":{
       "Baseline MG94xREV":0.002929315306669917,
       "Baseline MG94xREV omega ratio":10000000000,
       "Corrected P-value":1,
       "Full adaptive model":0.003120939948808554,
       "Full adaptive model (non-synonymous subs/site)":0.003120939948808554,
       "Full adaptive model (synonymous subs/site)":1e-10,
       "LRT":2.489332514835041,
       "Nucleotide GTR":0.003120566826810943,
       "Rate Distributions":        [
[10000000000, 1] 
        ],
       "Rate classes":1,
       "Uncorrected P-value":0.1093351720748666,
       "original name":"ENSNLEP00000013129"
      },
     "LOC100389467_CALJA":{
       "Baseline MG94xREV":0.06688748882260094,
       "Baseline MG94xREV omega ratio":0.3173361034842222,
       "Corrected P-value":1,
       "Full adaptive model":0.0659666072763503,
       "Full adaptive model (non-synonymous subs/site)":0.02893679370986338,
       "Full adaptive model (synonymous subs/site)":0.03702981356648696,
       "LRT":0,
       "Nucleotide GTR":0.06346074292676392,
       "Rate Distributions":        [
[0.2970753200537314, 1] 
        ],
       "Rate classes":1,
       "Uncorrected P-value":1,
       "original name":"LOC100389467_CALJA"
      },
     "NODE_11":{
       "Baseline MG94xREV":0.008354426533938062,
       "Baseline MG94xREV omega ratio":1.550146969188891,
       "Corrected P-value":1,
       "Full adaptive model":0.008988295195181652,
       "Full adaptive model (non-synonymous subs/site)":0.006939976188037228,
       "Full adaptive model (synonymous subs/site)":0.002048319007144417,
       "LRT":0.08405545768619049,
       "Nucleotide GTR":0.008924496292628495,
       "Rate Distributions":        [
[1.288036221823587, 1] 
        ],
       "Rate classes":1,
       "Uncorrected P-value":0.4420279573908782
      },
     "NODE_16":{
       "Baseline MG94xREV":0.01943879951128549,
       "Baseline MG94xREV omega ratio":1.158734251349871,
       "Corrected P-value":0.04373016508550776,
       "Full adaptive model":0.1253803453346331,
       "Full adaptive model (non-synonymous subs/site)":0.1217923671223701,
       "Full adaptive model (synonymous subs/site)":0.00358797821226304,
       "LRT":9.42449342159307,
       "Nucleotide GTR":0.01995445109748482,
       "Rate Distributions":        [
[0.9804943562245018, 0.9904912953343797],
        [1254.979906662493, 0.00950870466562026] 
        ],
       "Rate classes":2,
       "Uncorrected P-value":0.003123583220393411
      },
     "NODE_3":{
       "Baseline MG94xREV":0.006986806649602509,
       "Baseline MG94xREV omega ratio":0.3617231828841569,
       "Corrected P-value":1,
       "Full adaptive model":0.006993195191033165,
       "Full adaptive model (non-synonymous subs/site)":0.003263392193245092,
       "Full adaptive model (synonymous subs/site)":0.003729802997788079,
       "LRT":0,
       "Nucleotide GTR":0.007057770815098316,
       "Rate Distributions":        [
[0.3326220742989978, 1] 
        ],
       "Rate classes":1,
       "Uncorrected P-value":1
      },
     "NODE_5":{
       "Baseline MG94xREV":0.004215809907311827,
       "Baseline MG94xREV omega ratio":0.1679939172042508,
       "Corrected P-value":1,
       "Full adaptive model":0.004060496643661105,
       "Full adaptive model (non-synonymous subs/site)":0.001224877554349765,
       "Full adaptive model (synonymous subs/site)":0.002835619089311337,
       "LRT":0,
       "Nucleotide GTR":0.003976520761239987,
       "Rate Distributions":        [
[0.1642148681650583, 1] 
        ],
       "Rate classes":1,
       "Uncorrected P-value":1
      },
     "NODE_8":{
       "Baseline MG94xREV":0.01365343219859573,
       "Baseline MG94xREV omega ratio":0.4142290505982165,
       "Corrected P-value":1,
       "Full adaptive model":0.01378179141880596,
       "Full adaptive model (non-synonymous subs/site)":0.006884632434438672,
       "Full adaptive model (synonymous subs/site)":0.006897158984367285,
       "LRT":0,
       "Nucleotide GTR":0.01312654765581184,
       "Rate Distributions":        [
[0.3794706687191977, 1] 
        ],
       "Rate classes":1,
       "Uncorrected P-value":1
      },
     "NODE_9":{
       "Baseline MG94xREV":0.009440960678188382,
       "Baseline MG94xREV omega ratio":0.3454890443669711,
       "Corrected P-value":1,
       "Full adaptive model":0.009513554517214804,
       "Full adaptive model (non-synonymous subs/site)":0.004320488734718387,
       "Full adaptive model (synonymous subs/site)":0.00519306578249641,
       "LRT":0,
       "Nucleotide GTR":0.008549229415003107,
       "Rate Distributions":        [
[0.3162836514860808, 1] 
        ],
       "Rate classes":1,
       "Uncorrected P-value":1
      },
     "ZNF195_HUMAN":{
       "Baseline MG94xREV":0.005211894450520342,
       "Baseline MG94xREV omega ratio":0.4639843289549614,
       "Corrected P-value":1,
       "Full adaptive model":0.005213140951918219,