{
 "analysis":{
   "authors":"Sergei L Kosakovsky Pond, Ben Murrell, Steven Weaver and Temple iGEM / UCSD viral evolution group",
   "citation":"Less Is More: An Adaptive Branch-Site Random Effects Model for Efficient Detection of Episodic Diversifying Selection (2015). Mol Biol Evol 32 (5): 1342-1353. v2.2 adds support for multiple-hit models",
   "contact":"spond@temple.edu",
   "info":"aBSREL (Adaptive branch-site random effects likelihood)\n                            uses an adaptive random effects branch-site model framework\n                            to test whether each branch has evolved under positive selection,\n                            using a procedure which infers an optimal number of rate categories per branch.",
   "requirements":"in-frame codon alignment and a phylogenetic tree",
   "version":"2.2"
  },
 "branch attributes":{
   "0":{
     "ENSGACP00000000075":{
       "Baseline MG94xREV":0.2190527121016749,
       "Baseline MG94xREV omega ratio":0.09843079209477959,
       "Corrected P-value":1,
       "Full adaptive model":0.2128604788489326,
       "Full adaptive model (non-synonymous subs/site)":0.04194382733335935,
       "Full adaptive model (synonymous subs/site)":0.170916651515573,
       "LRT":0,
       "Nucleotide GTR":0.1631528895514658,
       "Rate Distributions":        [
[0.09240605231482803, 1] 
        ],
       "Rate classes":1,
       "Uncorrected P-value":1,
       "original name":"ENSGACP00000000075"
      },
     "ENSLACP00000009075":{
       "Baseline MG94xREV":0.1039173933897751,
       "Baseline MG94xREV omega ratio":0.8894053597613658,
       "Corrected P-value":0.01300866216326269,
       "Full adaptive model":0.1095383971865766,
       "Full adaptive model (non-synonymous subs/site)":0.09415944306879384,
       "Full adaptive model (synonymous subs/site)":0.01537895411778272,
       "LRT":11.67670575326883,
       "Nucleotide GTR":0.204032204073078,
       "Rate Distributions":        [
[0, 0.7521848504202112],
        [9.303063032424289, 0.2478151495797888] 
        ],
       "Rate classes":2,
       "Uncorrected P-value":0.001000666320250976,
       "original name":"ENSLACP00000009075"
      },
     "ENSONIP00000001446":{
       "Baseline MG94xREV":0.1088225831263479,
       "Baseline MG94xREV omega ratio":0.06203329822750066,
       "Corrected P-value":1,
       "Full adaptive model":0.1099729270016463,
       "Full adaptive model (non-synonymous subs/site)":0.01614961485681057,
       "Full adaptive model (synonymous subs/site)":0.09382331214483576,
       "LRT":0,
       "Nucleotide GTR":0.09067106176015378,
       "Rate Distributions":        [
[0.06481389858962283, 1] 
        ],
       "Rate classes":1,
       "Uncorrected P-value":1,
       "original name":"ENSONIP00000001446"
      },
     "ENSORLP00000004763":{
       "Baseline MG94xREV":0.1145663272032339,
       "Baseline MG94xREV omega ratio":0.1701142839863421,
       "Corrected P-value":1,
       "Full adaptive model":0.1308541478006768,
       "Full adaptive model (non-synonymous subs/site)":0.03533959008372859,
       "Full adaptive model (synonymous subs/site)":0.09551455771694833,
       "LRT":0,
       "Nucleotide GTR":0.1031938726232876,
       "Rate Distributions":        [
[0.1393184630492022, 1] 
        ],
       "Rate classes":1,
       "Uncorrected P-value":1,
       "original name":"ENSORLP00000004763"
      },
     "ENSPSIP00000018558":{
       "Baseline MG94xREV":0.3921148299930473,
       "Baseline MG94xREV omega ratio":0.08691138109672968,
       "Corrected P-value":1,
       "Full adaptive model":0.4274973135244338,
       "Full adaptive model (non-synonymous subs/site)":0.09901780974566365,
       "Full adaptive model (synonymous subs/site)":0.3284795037787701,
       "LRT":0,
       "Nucleotide GTR":0.1737599528955542,
       "Rate Distributions":        [
[0, 0.7383411365512479],
        [0.4337967810516093, 0.2616588634487521] 
        ],
       "Rate classes":2,
       "Uncorrected P-value":1,
       "original name":"ENSPSIP00000018558"
      },
     "ENSTNIP00000010251":{
       "Baseline MG94xREV":0.04094468055248071,
       "Baseline MG94xREV omega ratio":0.1895780631452235,
       "Corrected P-value":1,
       "Full adaptive model":0.04074440425652431,
       "Full adaptive model (non-synonymous subs/site)":0.0132667281097412,
       "Full adaptive model (synonymous subs/site)":0.0274776761467831,
       "LRT":0,
       "Nucleotide GTR":0.04344841971825449,
       "Rate Distributions":        [
[0.1818027985514448, 1] 
        ],
       "Rate classes":1,
       "Uncorrected P-value":1,
       "original name":"ENSTNIP00000010251"
      },
     "ENSTRUP00000002085":{
       "Baseline MG94xREV":0.05279468305284493,
       "Baseline MG94xREV omega ratio":0.1072364761119033,
       "Corrected P-value":1,
       "Full adaptive model":0.0535538451650913,
       "Full adaptive model (non-synonymous subs/site)":0.01079646894526614,
       "Full adaptive model (synonymous subs/site)":0.04275737621982516,
       "LRT":0,
       "Nucleotide GTR":0.04607494044768932,
       "Rate Distributions":        [
[0.0950796181342434, 1] 
        ],
       "Rate classes":1,
       "Uncorrected P-value":1,
       "original name":"ENSTRUP00000002085"
      },
     "NODE_10":{
       "Baseline MG94xREV":0.0509824611615106,
       "Baseline MG94xREV omega ratio":0.06589774010472754,
       "Corrected P-value":1,
       "Full adaptive model":0.03674511891111249,
       "Full adaptive model (non-synonymous subs/site)":0.005729113938196431,
       "Full adaptive model (synonymous subs/site)":0.03101600497291604,
       "LRT":0,
       "Nucleotide GTR":0.03278516507320838,
       "Rate Distributions":        [
[0.06955339571215532, 1] 
        ],
       "Rate classes":1,
       "Uncorrected P-value":1
      },
     "NODE_12":{
       "Baseline MG94xREV":0.309293005199007,
       "Baseline MG94xREV omega ratio":0.06007303015968584,
       "Corrected P-value":1,
       "Full adaptive model":8.228709356422723,
       "Full adaptive model (non-synonymous subs/site)":7.957165611385749,
       "Full adaptive model (synonymous subs/site)":0.2715437450369738,
       "LRT":1.114496617947225,
       "Nucleotide GTR":0.1260721673494005,
       "Rate Distributions":        [
[0.03712591956420095, 0.9712203871082752],
        [382.1455938697366, 0.02877961289172482] 
        ],
       "Rate classes":2,
       "Uncorrected P-value":0.2300562194098255
      },
     "NODE_14":{
       "Baseline MG94xREV":1.15052644550556,
       "Baseline MG94xREV omega ratio":0.0203042974157844,
       "Corrected P-value":1,
       "Full adaptive model":1.877892824219052,
       "Full adaptive model (non-synonymous subs/site)":0.3566017085548099,
       "Full adaptive model (synonymous subs/site)":1.521291115664242,
       "LRT":0.02150784319564991,
       "Nucleotide GTR":0.1647317428961754,
       "Rate Distributions":        [
[0.007315927532849045, 0.9499260721514609],
        [1.623904318202106, 0.05007392784853915] 
        ],
       "Rate classes":2,
       "Uncorrected P-value":0.4734718934000784
      },
     "NODE_6":{
       "Baseline MG94xREV":0.06859838164590779,
       "Baseline MG94xREV omega ratio":0.1272541050052159,
       "Corrected P-value":1,
       "Full adaptive model":0.06871155824431181,
       "Full adaptive model (non-synonymous subs/site)":0.01677923467003679,
       "Full adaptive model (synonymous subs/site)":0.05193232357427507,
       "LRT":0,
       "Nucleotide GTR":0.06654835078639602,
       "Rate Distributions":        [
[0.1216609293602238, 1] 
        ],
       "Rate classes":1,
       "Uncorrected P-value":1
      },
     "NODE_8":{
       "Baseline MG94xREV":0.06058785043546253,
       "Baseline MG94xREV omega ratio":0.08728980246956319,
       "Corrected P-value":1,
       "Full adaptive model":0.0574754242144932,
       "Full adaptive model (non-synonymous subs/site)":0.009482255395298258,