{
 "analysis":{
   "authors":"Sergei L Kosakovsky Pond, Ben Murrell, Steven Weaver and Temple iGEM / UCSD viral evolution group",
   "citation":"Less Is More: An Adaptive Branch-Site Random Effects Model for Efficient Detection of Episodic Diversifying Selection (2015). Mol Biol Evol 32 (5): 1342-1353. v2.2 adds support for multiple-hit models",
   "contact":"spond@temple.edu",
   "info":"aBSREL (Adaptive branch-site random effects likelihood)\n                            uses an adaptive random effects branch-site model framework\n                            to test whether each branch has evolved under positive selection,\n                            using a procedure which infers an optimal number of rate categories per branch.",
   "requirements":"in-frame codon alignment and a phylogenetic tree",
   "version":"2.2"
  },
 "branch attributes":{
   "0":{
     "ENSDNOP00000000066":{
       "Baseline MG94xREV":0.1308276350369957,
       "Baseline MG94xREV omega ratio":0.5224051183149662,
       "Corrected P-value":0.3864043157501018,
       "Full adaptive model":0.2682816620118129,
       "Full adaptive model (non-synonymous subs/site)":0.2236728995664411,
       "Full adaptive model (synonymous subs/site)":0.04460876244537172,
       "LRT":4.055275810454532,
       "Nucleotide GTR":0.1340427542058166,
       "Rate Distributions":        [
[0, 0.8054835745198964],
        [6.49650435353732, 0.1945164254801036] 
        ],
       "Rate classes":2,
       "Uncorrected P-value":0.04830053946876273,
       "original name":"ENSDNOP00000000066"
      },
     "ENSMICP00000011407":{
       "Baseline MG94xREV":0.09191236938210239,
       "Baseline MG94xREV omega ratio":0.2578120311482263,
       "Corrected P-value":1,
       "Full adaptive model":0.09774336528988815,
       "Full adaptive model (non-synonymous subs/site)":0.04828575827724906,
       "Full adaptive model (synonymous subs/site)":0.04945760701263909,
       "LRT":0,
       "Nucleotide GTR":0.08059252288178273,
       "Rate Distributions":        [
[0.2460530642171041, 1] 
        ],
       "Rate classes":1,
       "Uncorrected P-value":1,
       "original name":"ENSMICP00000011407"
      },
     "ENSOPRP00000013604":{
       "Baseline MG94xREV":0.1429601142064677,
       "Baseline MG94xREV omega ratio":0.1942667800338835,
       "Corrected P-value":1,
       "Full adaptive model":0.1434179209465223,
       "Full adaptive model (non-synonymous subs/site)":0.06051856790629239,
       "Full adaptive model (synonymous subs/site)":0.08289935304022968,
       "LRT":0,
       "Nucleotide GTR":0.1338147232880458,
       "Rate Distributions":        [
[0.1839841126343993, 1] 
        ],
       "Rate classes":1,
       "Uncorrected P-value":1,
       "original name":"ENSOPRP00000013604"
      },
     "ENSPVAP00000011312":{
       "Baseline MG94xREV":0.104395327471951,
       "Baseline MG94xREV omega ratio":0.6061654541356502,
       "Corrected P-value":1,
       "Full adaptive model":0.09955585513589273,
       "Full adaptive model (non-synonymous subs/site)":0.06963765331590629,
       "Full adaptive model (synonymous subs/site)":0.02991820181998649,
       "LRT":0,
       "Nucleotide GTR":0.1042141397439007,
       "Rate Distributions":        [
[0.586612700468365, 1] 
        ],
       "Rate classes":1,
       "Uncorrected P-value":1,
       "original name":"ENSPVAP00000011312"
      },
     "ENSTBEP00000000301":{
       "Baseline MG94xREV":0.09708457418281267,
       "Baseline MG94xREV omega ratio":0.4015476991866253,
       "Corrected P-value":1,
       "Full adaptive model":0.101994348331915,
       "Full adaptive model (non-synonymous subs/site)":0.06077909856044231,
       "Full adaptive model (synonymous subs/site)":0.0412152497714726,
       "LRT":0,
       "Nucleotide GTR":0.09193223534741742,
       "Rate Distributions":        [
[0.3716542810937425, 1] 
        ],
       "Rate classes":1,
       "Uncorrected P-value":1,
       "original name":"ENSTBEP00000000301"
      },
     "ENSTTRP00000008430":{
       "Baseline MG94xREV":0.09113106827066571,
       "Baseline MG94xREV omega ratio":0.4771748037410499,
       "Corrected P-value":1,
       "Full adaptive model":0.1010888941823325,
       "Full adaptive model (non-synonymous subs/site)":0.06661184959354033,
       "Full adaptive model (synonymous subs/site)":0.03447704458879221,
       "LRT":0,
       "Nucleotide GTR":0.09158783145202308,
       "Rate Distributions":        [
[0.4869274785091479, 1] 
        ],
       "Rate classes":1,
       "Uncorrected P-value":1,
       "original name":"ENSTTRP00000008430"
      },
     "NODE_10":{
       "Baseline MG94xREV":0.0275781625707764,
       "Baseline MG94xREV omega ratio":0.5181520285535604,
       "Corrected P-value":1,
       "Full adaptive model":0.02691724027466379,
       "Full adaptive model (non-synonymous subs/site)":0.0158032143656696,
       "Full adaptive model (synonymous subs/site)":0.01111402590899418,
       "LRT":0,
       "Nucleotide GTR":0.02221287219556279,
       "Rate Distributions":        [
[0.3583577883672233, 1] 
        ],
       "Rate classes":1,
       "Uncorrected P-value":1
      },
     "NODE_8":{
       "Baseline MG94xREV":0.05029526246653451,
       "Baseline MG94xREV omega ratio":0.04993223626763866,
       "Corrected P-value":1,
       "Full adaptive model":0.05502265027304793,
       "Full adaptive model (non-synonymous subs/site)":0.006587706781663929,
       "Full adaptive model (synonymous subs/site)":0.04843494349138403,
       "LRT":0,
       "Nucleotide GTR":0.03664559200479831,
       "Rate Distributions":        [
[0.03427822178778019, 1] 
        ],
       "Rate classes":1,
       "Uncorrected P-value":1
      }
    },
   "attributes":{
     "Baseline MG94xREV":{
       "attribute type":"branch length",
       "display order":1
      },
     "Baseline MG94xREV omega ratio":{
       "attribute type":"branch label",
       "display order":1
      },
     "Corrected P-value":{
       "attribute type":"branch label",
       "display order":6
      },
     "Full adaptive model":{
       "attribute type":"branch length",
       "display order":2
      },
     "Full adaptive model (non-synonymous subs/site)":{
       "attribute type":"branch label",
       "display order":10
      },
     "Full adaptive model (synonymous subs/site)":{
       "attribute type":"branch label",
       "display order":9
      },
     "LRT":{
       "attribute type":"branch label",
       "display order":4
      },
     "Nucleotide GTR":{
       "attribute type":"branch length",
       "display order":0
      },
     "Rate Distributions":{
       "attribute type":"branch label",
       "display order":3
      },
     "Rate classes":{
       "attribute type":"branch label",
       "display order":2
      },
     "Uncorrected P-value":{
       "attribute type":"branch label",
       "display order":5
      },
     "original name":{
       "attribute type":"node label",
       "display order":-1
      }
    }
  },
 "data partitions":{
   "0":{
     "coverage":      [
[0, 1, 2, 3, 4, 5, 6, 7, 8, 9, 10, 11, 12, 13, 14, 15, 16, 17, 18, 19, 20, 21, 22, 23, 24, 25, 26, 27, 28, 29, 30, 31, 32, 33, 34, 35, 36, 37, 38, 39, 40, 41, 42, 43, 44, 45, 46, 47, 48, 49, 50, 51, 52, 53, 54, 55, 56, 57, 58, 59, 60, 61, 62, 63, 64, 65, 66] 
      ],
     "name":"absrel.filter.default"
    }
  },
 "fits":{
   "Baseline MG94xREV":{
     "AIC-c":1523.865593951111,