{
 "analysis":{
   "authors":"Sergei L Kosakovsky Pond, Ben Murrell, Steven Weaver and Temple iGEM / UCSD viral evolution group",
   "citation":"Less Is More: An Adaptive Branch-Site Random Effects Model for Efficient Detection of Episodic Diversifying Selection (2015). Mol Biol Evol 32 (5): 1342-1353. v2.2 adds support for multiple-hit models",
   "contact":"spond@temple.edu",
   "info":"aBSREL (Adaptive branch-site random effects likelihood)\n                            uses an adaptive random effects branch-site model framework\n                            to test whether each branch has evolved under positive selection,\n                            using a procedure which infers an optimal number of rate categories per branch.",
   "requirements":"in-frame codon alignment and a phylogenetic tree",
   "version":"2.2"
  },
 "branch attributes":{
   "0":{
     "AP000708_1_HUMAN":{
       "Baseline MG94xREV":0.01867115853227043,
       "Baseline MG94xREV omega ratio":10000000000,
       "Corrected P-value":0.002013687283588139,
       "Full adaptive model":0.02562565610795364,
       "Full adaptive model (non-synonymous subs/site)":0.02562368624979201,
       "Full adaptive model (synonymous subs/site)":1.969858161632907e-06,
       "LRT":14.64823996449786,
       "Nucleotide GTR":0.01883994684992566,
       "Rate Distributions":        [
[0, 0.9355806096296881],
        [100000, 0.06441939037031186] 
        ],
       "Rate classes":2,
       "Uncorrected P-value":0.0002237430315097932,
       "original name":"AP000708.1_HUMAN"
      },
     "ENSNLEP00000009069":{
       "Baseline MG94xREV":0.01214383241486291,
       "Baseline MG94xREV omega ratio":1.595671913044963,
       "Corrected P-value":1,
       "Full adaptive model":0.01637655167789726,
       "Full adaptive model (non-synonymous subs/site)":0.0136043147432373,
       "Full adaptive model (synonymous subs/site)":0.002772236934659931,
       "LRT":0.6849466678036151,
       "Nucleotide GTR":0.01272279240159427,
       "Rate Distributions":        [
[2.43027984109299, 1] 
        ],
       "Rate classes":1,
       "Uncorrected P-value":0.2945813243934094,
       "original name":"ENSNLEP00000009069"
      },
     "ENSPVAP00000000592":{
       "Baseline MG94xREV":0.1641296143750393,
       "Baseline MG94xREV omega ratio":0.9082621679015804,
       "Corrected P-value":0.07458744782713411,
       "Full adaptive model":375.1920762642292,
       "Full adaptive model (non-synonymous subs/site)":375.1513576946473,
       "Full adaptive model (synonymous subs/site)":0.04071856958186219,
       "LRT":7.006270703101109,
       "Nucleotide GTR":0.1626514664077019,
       "Rate Distributions":        [
[1, 0.9543823280681673],
        [100000, 0.04561767193183275] 
        ],
       "Rate classes":2,
       "Uncorrected P-value":0.01065534968959059,
       "original name":"ENSPVAP00000000592"
      },
     "ENSTTRP00000000178":{
       "Baseline MG94xREV":0.1181304036064196,
       "Baseline MG94xREV omega ratio":0.7955559202072177,
       "Corrected P-value":0.2971087834713702,
       "Full adaptive model":0.2068688750300698,
       "Full adaptive model (non-synonymous subs/site)":0.1698524162624448,
       "Full adaptive model (synonymous subs/site)":0.03701645876762504,
       "LRT":4.007114918267689,
       "Nucleotide GTR":0.1176669841796969,
       "Rate Distributions":        [
[0.621621912295873, 0.9393885086127995],
        [27.857195837902, 0.06061149138720046] 
        ],
       "Rate classes":2,
       "Uncorrected P-value":0.04951813057856169,
       "original name":"ENSTTRP00000000178"
      },
     "LOC100432666_PONAB":{
       "Baseline MG94xREV":0.002653563635553993,
       "Baseline MG94xREV omega ratio":10000000000,
       "Corrected P-value":1,
       "Full adaptive model":0.002667694840404723,
       "Full adaptive model (non-synonymous subs/site)":0.002667694840404723,
       "Full adaptive model (synonymous subs/site)":1e-10,
       "LRT":0.7481246184133852,
       "Nucleotide GTR":0.002811410042353183,
       "Rate Distributions":        [
[10000000000, 1] 
        ],
       "Rate classes":1,
       "Uncorrected P-value":0.2837943413625503,
       "original name":"LOC100432666_PONAB"
      },
     "LOC739973_PANTR":{
       "Baseline MG94xREV":0.002715287596868739,
       "Baseline MG94xREV omega ratio":0,
       "Corrected P-value":1,
       "Full adaptive model":0.002712211810416613,
       "Full adaptive model (non-synonymous subs/site)":1e-10,
       "Full adaptive model (synonymous subs/site)":0.002712211810416613,
       "LRT":0,
       "Nucleotide GTR":0.002593775361287045,
       "Rate Distributions":        [
[0, 1] 
        ],
       "Rate classes":1,
       "Uncorrected P-value":1,
       "original name":"LOC739973_PANTR"
      },
     "NODE_10":{
       "Baseline MG94xREV":0.09538370580813725,
       "Baseline MG94xREV omega ratio":0.7795891006457382,
       "Corrected P-value":0.05002621671201313,
       "Full adaptive model":276.0962055558933,
       "Full adaptive model (non-synonymous subs/site)":276.0651802138154,
       "Full adaptive model (synonymous subs/site)":0.03102534207792779,
       "LRT":8.054979262350116,
       "Nucleotide GTR":0.09378273447272285,
       "Rate Distributions":        [
[0.5565045405204754, 0.9559391795068565],
        [100000, 0.04406082049314353] 
        ],
       "Rate classes":2,
       "Uncorrected P-value":0.006253277089001641
      },
     "NODE_6":{
       "Baseline MG94xREV":0.00814002441686695,
       "Baseline MG94xREV omega ratio":0.2298727732335987,
       "Corrected P-value":1,
       "Full adaptive model":0.008145806733723596,
       "Full adaptive model (non-synonymous subs/site)":0.00267226579811564,
       "Full adaptive model (synonymous subs/site)":0.005473540935607959,
       "LRT":0,
       "Nucleotide GTR":0.007991051517933051,
       "Rate Distributions":        [
[0.241780483443947, 1] 
        ],
       "Rate classes":1,
       "Uncorrected P-value":1
      },
     "NODE_8":{
       "Baseline MG94xREV":0.004246936266222628,
       "Baseline MG94xREV omega ratio":10000000000,
       "Corrected P-value":1,
       "Full adaptive model":0,
       "Full adaptive model (non-synonymous subs/site)":1e-10,
       "Full adaptive model (synonymous subs/site)":1e-10,
       "LRT":0,
       "Nucleotide GTR":0.003951579259712703,
       "Rate Distributions":        [
[1, 1] 
        ],
       "Rate classes":1,
       "Uncorrected P-value":1
      }
    },
   "attributes":{
     "Baseline MG94xREV":{
       "attribute type":"branch length",
       "display order":1
      },
     "Baseline MG94xREV omega ratio":{
       "attribute type":"branch label",
       "display order":1
      },
     "Corrected P-value":{
       "attribute type":"branch label",
       "display order":6
      },
     "Full adaptive model":{
       "attribute type":"branch length",
       "display order":2
      },
     "Full adaptive model (non-synonymous subs/site)":{
       "attribute type":"branch label",
       "display order":10
      },
     "Full adaptive model (synonymous subs/site)":{
       "attribute type":"branch label",
       "display order":9
      },
     "LRT":{
       "attribute type":"branch label",
       "display order":4
      },
     "Nucleotide GTR":{
       "attribute type":"branch length",
       "display order":0
      },
     "Rate Distributions":{
       "attribute type":"branch label",
       "display order":3
      },
     "Rate classes":{
       "attribute type":"branch label",
       "display order":2
      },
     "Uncorrected P-value":{
       "attribute type":"branch label",
       "display order":5
      },
     "original name":{
       "attribute type":"node label",
       "display order":-1
      }
    }
  },