{
 "analysis":{
   "authors":"Sergei L Kosakovsky Pond, Ben Murrell, Steven Weaver and Temple iGEM / UCSD viral evolution group",
   "citation":"Less Is More: An Adaptive Branch-Site Random Effects Model for Efficient Detection of Episodic Diversifying Selection (2015). Mol Biol Evol 32 (5): 1342-1353. v2.2 adds support for multiple-hit models",
   "contact":"spond@temple.edu",
   "info":"aBSREL (Adaptive branch-site random effects likelihood)\n                            uses an adaptive random effects branch-site model framework\n                            to test whether each branch has evolved under positive selection,\n                            using a procedure which infers an optimal number of rate categories per branch.",
   "requirements":"in-frame codon alignment and a phylogenetic tree",
   "version":"2.2"
  },
 "branch attributes":{
   "0":{
     "ENSACAP00000018479":{
       "Baseline MG94xREV":1300.261125363454,
       "Baseline MG94xREV omega ratio":7.168037690625251e-05,
       "Corrected P-value":1,
       "Full adaptive model":5.925878599651334,
       "Full adaptive model (non-synonymous subs/site)":0.4080941974415095,
       "Full adaptive model (synonymous subs/site)":5.517784402209824,
       "LRT":0,
       "Nucleotide GTR":0.5017322139611669,
       "Rate Distributions":        [
[0, 0.545229396811722],
        [0.06667675592523288, 0.454770603188278] 
        ],
       "Rate classes":2,
       "Uncorrected P-value":1,
       "original name":"ENSACAP00000018479"
      },
     "ENSGACP00000015332":{
       "Baseline MG94xREV":0.0765361465369709,
       "Baseline MG94xREV omega ratio":0.3704292051132103,
       "Corrected P-value":0.413826705784571,
       "Full adaptive model":0.08370348135513646,
       "Full adaptive model (non-synonymous subs/site)":0.0530134806091918,
       "Full adaptive model (synonymous subs/site)":0.03069000074594466,
       "LRT":3.922694073738967,
       "Nucleotide GTR":0.08014871116460474,
       "Rate Distributions":        [
[0, 0.8933739765065334],
        [6.641976882165474, 0.1066260234934666] 
        ],
       "Rate classes":2,
       "Uncorrected P-value":0.05172833822307138,
       "original name":"ENSGACP00000015332"
      },
     "ENSGMOP00000005885":{
       "Baseline MG94xREV":0.110744691343545,
       "Baseline MG94xREV omega ratio":0.297453539239223,
       "Corrected P-value":1,
       "Full adaptive model":0.09792587976277518,
       "Full adaptive model (non-synonymous subs/site)":0.04411270874384348,
       "Full adaptive model (synonymous subs/site)":0.05381317101893174,
       "LRT":0,
       "Nucleotide GTR":0.1165708331180872,
       "Rate Distributions":        [
[0.3360828063793856, 1] 
        ],
       "Rate classes":1,
       "Uncorrected P-value":1,
       "original name":"ENSGMOP00000005885"
      },
     "ENSORLP00000013721":{
       "Baseline MG94xREV":0.2422149156272874,
       "Baseline MG94xREV omega ratio":0.08185437630833561,
       "Corrected P-value":1,
       "Full adaptive model":0.2516901183910652,
       "Full adaptive model (non-synonymous subs/site)":0.0414786441047903,
       "Full adaptive model (synonymous subs/site)":0.2102114742862749,
       "LRT":0,
       "Nucleotide GTR":0.1661624114996559,
       "Rate Distributions":        [
[0.08089827961381303, 1] 
        ],
       "Rate classes":1,
       "Uncorrected P-value":1,
       "original name":"ENSORLP00000013721"
      },
     "ENSTRUP00000039861":{
       "Baseline MG94xREV":0.1589649595172727,
       "Baseline MG94xREV omega ratio":0.1465754575593988,
       "Corrected P-value":1,
       "Full adaptive model":0.1586380834512112,
       "Full adaptive model (non-synonymous subs/site)":0.04398339779488585,
       "Full adaptive model (synonymous subs/site)":0.1146546856563252,
       "LRT":0,
       "Nucleotide GTR":0.1236097201916645,
       "Rate Distributions":        [
[0.1572780518716633, 1] 
        ],
       "Rate classes":1,
       "Uncorrected P-value":1,
       "original name":"ENSTRUP00000039861"
      },
     "NODE_3":{
       "Baseline MG94xREV":0.02523874497814469,
       "Baseline MG94xREV omega ratio":0,
       "Corrected P-value":1,
       "Full adaptive model":0.03391575157013884,
       "Full adaptive model (non-synonymous subs/site)":1e-10,
       "Full adaptive model (synonymous subs/site)":0.03391575157013884,
       "LRT":0,
       "Nucleotide GTR":0.02608265933675631,
       "Rate Distributions":        [
[0, 1] 
        ],
       "Rate classes":1,
       "Uncorrected P-value":1
      },
     "NODE_5":{
       "Baseline MG94xREV":0.1394239703792585,
       "Baseline MG94xREV omega ratio":0.06985573083413081,
       "Corrected P-value":0.2231531159136786,
       "Full adaptive model":20.05982138948427,
       "Full adaptive model (non-synonymous subs/site)":19.94880121559249,
       "Full adaptive model (synonymous subs/site)":0.1110201738917767,
       "LRT":5.351708612977745,
       "Nucleotide GTR":0.07544999522217687,
       "Rate Distributions":        [
[0, 0.9526792911235564],
        [1556.807124489053, 0.04732070887644357] 
        ],
       "Rate classes":2,
       "Uncorrected P-value":0.02479479065707541
      },
     "NODE_7":{
       "Baseline MG94xREV":0.3021284204045442,
       "Baseline MG94xREV omega ratio":0.01912880391306352,
       "Corrected P-value":1,
       "Full adaptive model":0.3131409879194672,
       "Full adaptive model (non-synonymous subs/site)":0.01686740074298125,
       "Full adaptive model (synonymous subs/site)":0.2962735871764859,
       "LRT":0.0007168101174102048,
       "Nucleotide GTR":0.07258295412514827,
       "Rate Distributions":        [
[0.000135838870957252, 0.9791795271901448],
        [1.114689448705761, 0.02082047280985522] 
        ],
       "Rate classes":2,
       "Uncorrected P-value":0.4956206060050261
      },
     "SI_CH211_120K19_1_DANRE":{
       "Baseline MG94xREV":0.05232370860212032,
       "Baseline MG94xREV omega ratio":10000000000,
       "Corrected P-value":1,
       "Full adaptive model":0.07057144045541638,
       "Full adaptive model (non-synonymous subs/site)":0.07014443076742996,
       "Full adaptive model (synonymous subs/site)":0.0004270096879864177,
       "LRT":-0.03113971266247972,
       "Nucleotide GTR":0.1544486696036049,
       "Rate Distributions":        [
[0, 0.7533296426925642],
        [273.0295521250427, 0.2466703573074358] 
        ],
       "Rate classes":2,
       "Uncorrected P-value":0.5,
       "original name":"SI@CH211-120K19.1_DANRE"
      }
    },
   "attributes":{
     "Baseline MG94xREV":{
       "attribute type":"branch length",
       "display order":1
      },
     "Baseline MG94xREV omega ratio":{
       "attribute type":"branch label",
       "display order":1
      },
     "Corrected P-value":{
       "attribute type":"branch label",
       "display order":6
      },
     "Full adaptive model":{
       "attribute type":"branch length",
       "display order":2
      },
     "Full adaptive model (non-synonymous subs/site)":{
       "attribute type":"branch label",
       "display order":10
      },
     "Full adaptive model (synonymous subs/site)":{
       "attribute type":"branch label",
       "display order":9
      },
     "LRT":{
       "attribute type":"branch label",
       "display order":4
      },
     "Nucleotide GTR":{
       "attribute type":"branch length",
       "display order":0
      },
     "Rate Distributions":{
       "attribute type":"branch label",
       "display order":3
      },
     "Rate classes":{
       "attribute type":"branch label",
       "display order":2
      },
     "Uncorrected P-value":{
       "attribute type":"branch label",
       "display order":5
      },
     "original name":{
       "attribute type":"node label",
       "display order":-1
      }
    }
  },