{
 "analysis":{
   "authors":"Sergei L Kosakovsky Pond, Ben Murrell, Steven Weaver and Temple iGEM / UCSD viral evolution group",
   "citation":"Less Is More: An Adaptive Branch-Site Random Effects Model for Efficient Detection of Episodic Diversifying Selection (2015). Mol Biol Evol 32 (5): 1342-1353. v2.2 adds support for multiple-hit models",
   "contact":"spond@temple.edu",
   "info":"aBSREL (Adaptive branch-site random effects likelihood)\n                            uses an adaptive random effects branch-site model framework\n                            to test whether each branch has evolved under positive selection,\n                            using a procedure which infers an optimal number of rate categories per branch.",
   "requirements":"in-frame codon alignment and a phylogenetic tree",
   "version":"2.2"
  },
 "branch attributes":{
   "0":{
     "ENSGACP00000003095":{
       "Baseline MG94xREV":0.07632330010609202,
       "Baseline MG94xREV omega ratio":0.09338561143532849,
       "Corrected P-value":1,
       "Full adaptive model":0.07555847619040067,
       "Full adaptive model (non-synonymous subs/site)":0.01456978875612745,
       "Full adaptive model (synonymous subs/site)":0.06098868743427333,
       "LRT":0,
       "Nucleotide GTR":0.06072597925989675,
       "Rate Distributions":        [
[0.08086011505332349, 1] 
        ],
       "Rate classes":1,
       "Uncorrected P-value":1,
       "original name":"ENSGACP00000003095"
      },
     "ENSGMOP00000013792":{
       "Baseline MG94xREV":0.2104131417536587,
       "Baseline MG94xREV omega ratio":0.06627478620884361,
       "Corrected P-value":1,
       "Full adaptive model":886.167931184154,
       "Full adaptive model (non-synonymous subs/site)":886.0009476709483,
       "Full adaptive model (synonymous subs/site)":0.1669835132055256,
       "LRT":2.662324575007005,
       "Nucleotide GTR":0.1162042811112548,
       "Rate Distributions":        [
[0.03558977354463208, 0.06289956181821553],
        [0.04277726309986544, 0.9191414886666548],
        [100000, 0.01795894951512967] 
        ],
       "Rate classes":3,
       "Uncorrected P-value":0.09980110655168553,
       "original name":"ENSGMOP00000013792"
      },
     "ENSONIP00000017248":{
       "Baseline MG94xREV":0.08728916508136249,
       "Baseline MG94xREV omega ratio":0.05501142923857262,
       "Corrected P-value":1,
       "Full adaptive model":0.08148986906306092,
       "Full adaptive model (non-synonymous subs/site)":0.01069313648507129,
       "Full adaptive model (synonymous subs/site)":0.07079673257798967,
       "LRT":0,
       "Nucleotide GTR":0.0779170515089877,
       "Rate Distributions":        [
[0.05112370053640812, 1] 
        ],
       "Rate classes":1,
       "Uncorrected P-value":1,
       "original name":"ENSONIP00000017248"
      },
     "ENSORLP00000011778":{
       "Baseline MG94xREV":0.1610984347706841,
       "Baseline MG94xREV omega ratio":0.1369909671392374,
       "Corrected P-value":1,
       "Full adaptive model":0.1634724725237392,
       "Full adaptive model (non-synonymous subs/site)":0.04939695009277285,
       "Full adaptive model (synonymous subs/site)":0.1140755224309663,
       "LRT":0,
       "Nucleotide GTR":0.1247003172074393,
       "Rate Distributions":        [
[0.0002354105460484482, 0.7685676515606474],
        [0.6325247905733609, 0.2314323484393526] 
        ],
       "Rate classes":2,
       "Uncorrected P-value":1,
       "original name":"ENSORLP00000011778"
      },
     "ENSTNIP00000001539":{
       "Baseline MG94xREV":0.09471660406877459,
       "Baseline MG94xREV omega ratio":0.07957298611214883,
       "Corrected P-value":1,
       "Full adaptive model":0.0938941730512618,
       "Full adaptive model (non-synonymous subs/site)":0.01590641929663561,
       "Full adaptive model (synonymous subs/site)":0.07798775375462626,
       "LRT":0,
       "Nucleotide GTR":0.06546739183032074,
       "Rate Distributions":        [
[0.06903612418337815, 1] 
        ],
       "Rate classes":1,
       "Uncorrected P-value":1,
       "original name":"ENSTNIP00000001539"
      },
     "ENSTRUP00000029556":{
       "Baseline MG94xREV":0.0747684098077466,
       "Baseline MG94xREV omega ratio":0.03121050149133565,
       "Corrected P-value":1,
       "Full adaptive model":0.06955958133805464,
       "Full adaptive model (non-synonymous subs/site)":0.005518102658936603,
       "Full adaptive model (synonymous subs/site)":0.064041478679118,
       "LRT":0,
       "Nucleotide GTR":0.07150153748654144,
       "Rate Distributions":        [
[0.02916478717230037, 1] 
        ],
       "Rate classes":1,
       "Uncorrected P-value":1,
       "original name":"ENSTRUP00000029556"
      },
     "EYA3_DANRE":{
       "Baseline MG94xREV":0.3553732505489928,
       "Baseline MG94xREV omega ratio":0.05343160435188583,
       "Corrected P-value":1,
       "Full adaptive model":0.3143813652886033,
       "Full adaptive model (non-synonymous subs/site)":0.06255070187126602,
       "Full adaptive model (synonymous subs/site)":0.2518306634173372,
       "LRT":0,
       "Nucleotide GTR":0.2103115739303329,
       "Rate Distributions":        [
[0.001110021510884701, 0.8462259742254123],
        [0.5406190740661442, 0.1537740257745877] 
        ],
       "Rate classes":2,
       "Uncorrected P-value":1,
       "original name":"EYA3_DANRE"
      },
     "NODE_3":{
       "Baseline MG94xREV":0.007179839019613081,
       "Baseline MG94xREV omega ratio":0.08539490870932115,
       "Corrected P-value":1,
       "Full adaptive model":0.004927799910193043,
       "Full adaptive model (non-synonymous subs/site)":0.00107914013538863,
       "Full adaptive model (synonymous subs/site)":0.003848659774804416,
       "LRT":0,
       "Nucleotide GTR":0.01525332692509464,
       "Rate Distributions":        [
[0.09490710171096971, 1] 
        ],
       "Rate classes":1,
       "Uncorrected P-value":1
      },
     "NODE_5":{
       "Baseline MG94xREV":0.005797332736744765,
       "Baseline MG94xREV omega ratio":0.3016234641483926,
       "Corrected P-value":1,
       "Full adaptive model":0.005552578798352913,
       "Full adaptive model (non-synonymous subs/site)":0.003517356299296008,
       "Full adaptive model (synonymous subs/site)":0.00203522249905691,
       "LRT":0,
       "Nucleotide GTR":0.01278384693214933,
       "Rate Distributions":        [
[0.5849716986219924, 1] 
        ],
       "Rate classes":1,
       "Uncorrected P-value":1
      },
     "NODE_8":{
       "Baseline MG94xREV":0.06639797400770474,
       "Baseline MG94xREV omega ratio":0.1266319676732828,
       "Corrected P-value":1,
       "Full adaptive model":0.06746025885526567,
       "Full adaptive model (non-synonymous subs/site)":0.01537840150495238,
       "Full adaptive model (synonymous subs/site)":0.05208185735031325,
       "LRT":0,
       "Nucleotide GTR":0.0502920935694919,
       "Rate Distributions":        [
[0.09994362982046327, 1] 
        ],
       "Rate classes":1,
       "Uncorrected P-value":1
      },
     "NODE_9":{
       "Baseline MG94xREV":0.0155270220895786,
       "Baseline MG94xREV omega ratio":1.263268617102467,
       "Corrected P-value":1,
       "Full adaptive model":0.01144294375764776,
       "Full adaptive model (non-synonymous subs/site)":0.01144294375764776,
       "Full adaptive model (synonymous subs/site)":1e-10,
       "LRT":0.4452865649582236,
       "Nucleotide GTR":0.02999585455293734,
       "Rate Distributions":        [
[10000000000, 1] 
        ],
       "Rate classes":1,
       "Uncorrected P-value":0.3410364606361965
      }
    },
   "attributes":{
     "Baseline MG94xREV":{
       "attribute type":"branch length",
       "display order":1
      },
     "Baseline MG94xREV omega ratio":{
       "attribute type":"branch label",
       "display order":1
      },
     "Corrected P-value":{
       "attribute type":"branch label",
       "display order":6
      },