{
 "analysis":{
   "authors":"Sergei L Kosakovsky Pond, Ben Murrell, Steven Weaver and Temple iGEM / UCSD viral evolution group",
   "citation":"Less Is More: An Adaptive Branch-Site Random Effects Model for Efficient Detection of Episodic Diversifying Selection (2015). Mol Biol Evol 32 (5): 1342-1353. v2.2 adds support for multiple-hit models",
   "contact":"spond@temple.edu",
   "info":"aBSREL (Adaptive branch-site random effects likelihood)\n                            uses an adaptive random effects branch-site model framework\n                            to test whether each branch has evolved under positive selection,\n                            using a procedure which infers an optimal number of rate categories per branch.",
   "requirements":"in-frame codon alignment and a phylogenetic tree",
   "version":"2.2"
  },
 "branch attributes":{
   "0":{
     "ENSACAP00000004847":{
       "Baseline MG94xREV":0.3165075545745525,
       "Baseline MG94xREV omega ratio":0.06007324458215884,
       "Corrected P-value":1,
       "Full adaptive model":0.5323080994571854,
       "Full adaptive model (non-synonymous subs/site)":0.2696396743197171,
       "Full adaptive model (synonymous subs/site)":0.2626684251374683,
       "LRT":1.582532273276229,
       "Nucleotide GTR":0.1890968168724537,
       "Rate Distributions":        [
[0.04378607374100586, 0.9858549674317389],
        [20.46018721196342, 0.01414503256826105] 
        ],
       "Rate classes":2,
       "Uncorrected P-value":0.1776604221662894,
       "original name":"ENSACAP00000004847"
      },
     "ENSLACP00000015126":{
       "Baseline MG94xREV":1.083120075737014,
       "Baseline MG94xREV omega ratio":0.01973243186062562,
       "Corrected P-value":1,
       "Full adaptive model":0.8619497905334469,
       "Full adaptive model (non-synonymous subs/site)":0.05459688142572008,
       "Full adaptive model (synonymous subs/site)":0.8073529091077263,
       "LRT":0,
       "Nucleotide GTR":0.2570501732880439,
       "Rate Distributions":        [
[0.02190888929154435, 1] 
        ],
       "Rate classes":1,
       "Uncorrected P-value":1,
       "original name":"ENSLACP00000015126"
      },
     "ENSMGAP00000001583":{
       "Baseline MG94xREV":0.04303919260209274,
       "Baseline MG94xREV omega ratio":0.2087851529401233,
       "Corrected P-value":1,
       "Full adaptive model":0.04520969105924073,
       "Full adaptive model (non-synonymous subs/site)":0.01591500128554914,
       "Full adaptive model (synonymous subs/site)":0.02929468977369161,
       "LRT":0,
       "Nucleotide GTR":0.03791364655480142,
       "Rate Distributions":        [
[0.1760085291107413, 1] 
        ],
       "Rate classes":1,
       "Uncorrected P-value":1,
       "original name":"ENSMGAP00000001583"
      },
     "ENSPSIP00000018514":{
       "Baseline MG94xREV":0.1117354560647742,
       "Baseline MG94xREV omega ratio":0.2252148740552432,
       "Corrected P-value":1,
       "Full adaptive model":0.12649320350767,
       "Full adaptive model (non-synonymous subs/site)":0.07055621574772469,
       "Full adaptive model (synonymous subs/site)":0.05593698775994527,
       "LRT":1.656555005893097,
       "Nucleotide GTR":0.09702998222166792,
       "Rate Distributions":        [
[0, 0.8425568176684415],
        [2.595543329609308, 0.1574431823315585] 
        ],
       "Rate classes":2,
       "Uncorrected P-value":0.1706541286949173,
       "original name":"ENSPSIP00000018514"
      },
     "ENSTGUP00000001392":{
       "Baseline MG94xREV":0.09610562396500279,
       "Baseline MG94xREV omega ratio":0.1863101733278194,
       "Corrected P-value":1,
       "Full adaptive model":0.1041939526105503,
       "Full adaptive model (non-synonymous subs/site)":0.04316811990807012,
       "Full adaptive model (synonymous subs/site)":0.06102583270248017,
       "LRT":0.1883460158978778,
       "Nucleotide GTR":0.07464642830138521,
       "Rate Distributions":        [
[0, 0.8270498114658557],
        [1.325086774125553, 0.1729501885341443] 
        ],
       "Rate classes":2,
       "Uncorrected P-value":0.4058969456994553,
       "original name":"ENSTGUP00000001392"
      },
     "MGAT4C_CHICK":{
       "Baseline MG94xREV":0.01286352906697338,
       "Baseline MG94xREV omega ratio":0.2778401090210307,
       "Corrected P-value":1,
       "Full adaptive model":0.01057464269908131,
       "Full adaptive model (non-synonymous subs/site)":0.005457701746624411,
       "Full adaptive model (synonymous subs/site)":0.005116940952456906,
       "LRT":0,
       "Nucleotide GTR":0.01567318895854826,
       "Rate Distributions":        [
[0.3455535285059242, 1] 
        ],
       "Rate classes":1,
       "Uncorrected P-value":1,
       "original name":"MGAT4C_CHICK"
      },
     "NODE_3":{
       "Baseline MG94xREV":0.02953649482126494,
       "Baseline MG94xREV omega ratio":0.7047081213868893,
       "Corrected P-value":1,
       "Full adaptive model":0.03481668610139025,
       "Full adaptive model (non-synonymous subs/site)":0.01958277607050608,
       "Full adaptive model (synonymous subs/site)":0.01523391003088415,
       "LRT":0,
       "Nucleotide GTR":0.03170797771988334,
       "Rate Distributions":        [
[0.4164652889465751, 1] 
        ],
       "Rate classes":1,
       "Uncorrected P-value":1
      },
     "NODE_6":{
       "Baseline MG94xREV":0.07911964667346522,
       "Baseline MG94xREV omega ratio":0.1181735181067053,
       "Corrected P-value":1,
       "Full adaptive model":0.08450249104919105,
       "Full adaptive model (non-synonymous subs/site)":0.01833807856082051,
       "Full adaptive model (synonymous subs/site)":0.0661644124883706,
       "LRT":0,
       "Nucleotide GTR":0.07270719659248821,
       "Rate Distributions":        [
[0.0897935842058034, 1] 
        ],
       "Rate classes":1,
       "Uncorrected P-value":1
      },
     "NODE_8":{
       "Baseline MG94xREV":0.1669003978827122,
       "Baseline MG94xREV omega ratio":0.1731731142947794,
       "Corrected P-value":1,
       "Full adaptive model":0.1773588687399683,
       "Full adaptive model (non-synonymous subs/site)":0.05541293466147471,
       "Full adaptive model (synonymous subs/site)":0.1219459340784937,
       "LRT":0,
       "Nucleotide GTR":0.1154648306010026,
       "Rate Distributions":        [
[0.1472176107439041, 1] 
        ],
       "Rate classes":1,
       "Uncorrected P-value":1
      }
    },
   "attributes":{
     "Baseline MG94xREV":{
       "attribute type":"branch length",
       "display order":1
      },
     "Baseline MG94xREV omega ratio":{
       "attribute type":"branch label",
       "display order":1
      },
     "Corrected P-value":{
       "attribute type":"branch label",
       "display order":6
      },
     "Full adaptive model":{
       "attribute type":"branch length",
       "display order":2
      },
     "Full adaptive model (non-synonymous subs/site)":{
       "attribute type":"branch label",
       "display order":10
      },
     "Full adaptive model (synonymous subs/site)":{
       "attribute type":"branch label",
       "display order":9
      },
     "LRT":{
       "attribute type":"branch label",
       "display order":4
      },
     "Nucleotide GTR":{
       "attribute type":"branch length",
       "display order":0
      },
     "Rate Distributions":{
       "attribute type":"branch label",
       "display order":3
      },
     "Rate classes":{
       "attribute type":"branch label",
       "display order":2
      },
     "Uncorrected P-value":{
       "attribute type":"branch label",
       "display order":5
      },
     "original name":{
       "attribute type":"node label",
       "display order":-1
      }
    }
  },