{
 "analysis":{
   "authors":"Sergei L Kosakovsky Pond, Ben Murrell, Steven Weaver and Temple iGEM / UCSD viral evolution group",
   "citation":"Less Is More: An Adaptive Branch-Site Random Effects Model for Efficient Detection of Episodic Diversifying Selection (2015). Mol Biol Evol 32 (5): 1342-1353. v2.2 adds support for multiple-hit models",
   "contact":"spond@temple.edu",
   "info":"aBSREL (Adaptive branch-site random effects likelihood)\n                            uses an adaptive random effects branch-site model framework\n                            to test whether each branch has evolved under positive selection,\n                            using a procedure which infers an optimal number of rate categories per branch.",
   "requirements":"in-frame codon alignment and a phylogenetic tree",
   "version":"2.2"
  },
 "branch attributes":{
   "0":{
     "ENSGACP00000010937":{
       "Baseline MG94xREV":0.1557354843194641,
       "Baseline MG94xREV omega ratio":0.1292294231922474,
       "Corrected P-value":1,
       "Full adaptive model":0.2423412640556512,
       "Full adaptive model (non-synonymous subs/site)":0.1287389443621197,
       "Full adaptive model (synonymous subs/site)":0.1136023196935315,
       "LRT":0.4494011076221796,
       "Nucleotide GTR":0.1191651932372228,
       "Rate Distributions":        [
[0.1010537906481341, 0.9883446661762423],
        [27.32816633951838, 0.01165533382375772] 
        ],
       "Rate classes":2,
       "Uncorrected P-value":0.3401505093799214,
       "original name":"ENSGACP00000010937"
      },
     "ENSGMOP00000011870":{
       "Baseline MG94xREV":0.3523045253951194,
       "Baseline MG94xREV omega ratio":0.07909116505029561,
       "Corrected P-value":1,
       "Full adaptive model":0.3738537046832129,
       "Full adaptive model (non-synonymous subs/site)":0.09643042085524234,
       "Full adaptive model (synonymous subs/site)":0.2774232838279705,
       "LRT":0.03487270897494454,
       "Nucleotide GTR":0.2087620058206941,
       "Rate Distributions":        [
[0.03727881563698619, 0.9190049033226418],
        [1.161459543324432, 0.08099509667735816] 
        ],
       "Rate classes":2,
       "Uncorrected P-value":0.4651869620967457,
       "original name":"ENSGMOP00000011870"
      },
     "ENSONIP00000025222":{
       "Baseline MG94xREV":0.1447304436754618,
       "Baseline MG94xREV omega ratio":0.1688186909287318,
       "Corrected P-value":0.4136201183661306,
       "Full adaptive model":0.2018208257660047,
       "Full adaptive model (non-synonymous subs/site)":0.1001280114658534,
       "Full adaptive model (synonymous subs/site)":0.1016928143001514,
       "LRT":3.923659059702914,
       "Nucleotide GTR":0.1272792874797773,
       "Rate Distributions":        [
[0.09969407488782565, 0.9677374413582742],
        [8.27717479507386, 0.03226255864172578] 
        ],
       "Rate classes":2,
       "Uncorrected P-value":0.05170251479576632,
       "original name":"ENSONIP00000025222"
      },
     "ENSORLP00000008999":{
       "Baseline MG94xREV":0.2124326422530661,
       "Baseline MG94xREV omega ratio":0.1405416461540246,
       "Corrected P-value":0.4593384269996107,
       "Full adaptive model":71.06369918232245,
       "Full adaptive model (non-synonymous subs/site)":70.90893186047916,
       "Full adaptive model (synonymous subs/site)":0.1547673218433058,
       "LRT":3.948676379090102,
       "Nucleotide GTR":0.1672431996919588,
       "Rate Distributions":        [
[0.101362669890003, 0.9814020134509291],
        [9090.000000003736, 0.01859798654907086] 
        ],
       "Rate classes":2,
       "Uncorrected P-value":0.05103760299995674,
       "original name":"ENSORLP00000008999"
      },
     "ENSTNIP00000015772":{
       "Baseline MG94xREV":0.07047186863257525,
       "Baseline MG94xREV omega ratio":0.1812401456728558,
       "Corrected P-value":1,
       "Full adaptive model":0.06834547182076561,
       "Full adaptive model (non-synonymous subs/site)":0.02140000104674427,
       "Full adaptive model (synonymous subs/site)":0.04694547077402142,
       "LRT":0,
       "Nucleotide GTR":0.06177126702411351,
       "Rate Distributions":        [
[0.1682998424878015, 1] 
        ],
       "Rate classes":1,
       "Uncorrected P-value":1,
       "original name":"ENSTNIP00000015772"
      },
     "ENSTRUP00000036856":{
       "Baseline MG94xREV":0.06440096657218315,
       "Baseline MG94xREV omega ratio":0.1275872916475429,
       "Corrected P-value":1,
       "Full adaptive model":0.06701244044649941,
       "Full adaptive model (non-synonymous subs/site)":0.01557204775252794,
       "Full adaptive model (synonymous subs/site)":0.05144039269397146,
       "LRT":0,
       "Nucleotide GTR":0.06165515618867862,
       "Rate Distributions":        [
[0.1117648050743174, 1] 
        ],
       "Rate classes":1,
       "Uncorrected P-value":1,
       "original name":"ENSTRUP00000036856"
      },
     "NODE_3":{
       "Baseline MG94xREV":0.003070108289502532,
       "Baseline MG94xREV omega ratio":0.07531479897682551,
       "Corrected P-value":1,
       "Full adaptive model":0.0009536070336234114,
       "Full adaptive model (non-synonymous subs/site)":0.0009536070336234114,
       "Full adaptive model (synonymous subs/site)":1e-10,
       "LRT":0.03676899097263231,
       "Nucleotide GTR":0.007834947065079024,
       "Rate Distributions":        [
[10000000000, 1] 
        ],
       "Rate classes":1,
       "Uncorrected P-value":0.4641222688957454
      },
     "NODE_5":{
       "Baseline MG94xREV":0.005650488215894287,
       "Baseline MG94xREV omega ratio":2.168687439854472,
       "Corrected P-value":1,
       "Full adaptive model":0.00297903112539482,
       "Full adaptive model (non-synonymous subs/site)":0.00297903112539482,
       "Full adaptive model (synonymous subs/site)":1e-10,
       "LRT":0.03378667090146337,
       "Nucleotide GTR":0.01537554484978213,
       "Rate Distributions":        [
[10000000000, 1] 
        ],
       "Rate classes":1,
       "Uncorrected P-value":0.4658068324381652
      },
     "NODE_8":{
       "Baseline MG94xREV":0.1296374626730233,
       "Baseline MG94xREV omega ratio":0.1418841002924662,
       "Corrected P-value":1,
       "Full adaptive model":0.1335524006942933,
       "Full adaptive model (non-synonymous subs/site)":0.04181519203027025,
       "Full adaptive model (synonymous subs/site)":0.09173720866402309,
       "LRT":0,
       "Nucleotide GTR":0.0970607793983516,
       "Rate Distributions":        [
[0, 0.7955512207127646],
        [0.8231285507351749, 0.2044487792872354] 
        ],
       "Rate classes":2,
       "Uncorrected P-value":1
      }
    },
   "attributes":{
     "Baseline MG94xREV":{
       "attribute type":"branch length",
       "display order":1
      },
     "Baseline MG94xREV omega ratio":{
       "attribute type":"branch label",
       "display order":1
      },
     "Corrected P-value":{
       "attribute type":"branch label",
       "display order":6
      },
     "Full adaptive model":{
       "attribute type":"branch length",
       "display order":2
      },
     "Full adaptive model (non-synonymous subs/site)":{
       "attribute type":"branch label",
       "display order":10
      },
     "Full adaptive model (synonymous subs/site)":{
       "attribute type":"branch label",
       "display order":9
      },
     "LRT":{
       "attribute type":"branch label",
       "display order":4
      },
     "Nucleotide GTR":{
       "attribute type":"branch length",
       "display order":0
      },
     "Rate Distributions":{
       "attribute type":"branch label",
       "display order":3
      },
     "Rate classes":{
       "attribute type":"branch label",
       "display order":2
      },
     "Uncorrected P-value":{
       "attribute type":"branch label",
       "display order":5
      },
     "original name":{
       "attribute type":"node label",
       "display order":-1
      }
    }
  },