{
 "analysis":{
   "authors":"Sergei L Kosakovsky Pond, Ben Murrell, Steven Weaver and Temple iGEM / UCSD viral evolution group",
   "citation":"Less Is More: An Adaptive Branch-Site Random Effects Model for Efficient Detection of Episodic Diversifying Selection (2015). Mol Biol Evol 32 (5): 1342-1353. v2.2 adds support for multiple-hit models",
   "contact":"spond@temple.edu",
   "info":"aBSREL (Adaptive branch-site random effects likelihood)\n                            uses an adaptive random effects branch-site model framework\n                            to test whether each branch has evolved under positive selection,\n                            using a procedure which infers an optimal number of rate categories per branch.",
   "requirements":"in-frame codon alignment and a phylogenetic tree",
   "version":"2.2"
  },
 "branch attributes":{
   "0":{
     "ENSAMEP00000014637":{
       "Baseline MG94xREV":0.04714071438295344,
       "Baseline MG94xREV omega ratio":0.228006402454206,
       "Corrected P-value":0.5774210802135484,
       "Full adaptive model":0.1502879752451275,
       "Full adaptive model (non-synonymous subs/site)":0.1139718751598009,
       "Full adaptive model (synonymous subs/site)":0.03631610008532664,
       "LRT":3.89434633565088,
       "Nucleotide GTR":0.03930185993519922,
       "Rate Distributions":        [
[0.04717265939483496, 0.9744394893140095],
        [46.17142304051183, 0.02556051068599052] 
        ],
       "Rate classes":2,
       "Uncorrected P-value":0.05249282547395895,
       "original name":"ENSAMEP00000014637"
      },
     "ENSCAFP00000017566":{
       "Baseline MG94xREV":0.1019088761296517,
       "Baseline MG94xREV omega ratio":0.3114225540204146,
       "Corrected P-value":1,
       "Full adaptive model":0.1097475920007354,
       "Full adaptive model (non-synonymous subs/site)":0.0432709360952556,
       "Full adaptive model (synonymous subs/site)":0.06647665590547974,
       "LRT":0,
       "Nucleotide GTR":0.09580171715976905,
       "Rate Distributions":        [
[0.2543114318236168, 1] 
        ],
       "Rate classes":1,
       "Uncorrected P-value":1,
       "original name":"ENSCAFP00000017566"
      },
     "ENSOGAP00000005909":{
       "Baseline MG94xREV":0.1031019479253699,
       "Baseline MG94xREV omega ratio":0.2394761814863109,
       "Corrected P-value":1,
       "Full adaptive model":0.08816116775513784,
       "Full adaptive model (non-synonymous subs/site)":0.03505465761124023,
       "Full adaptive model (synonymous subs/site)":0.05310651014389762,
       "LRT":0,
       "Nucleotide GTR":0.09034106575953506,
       "Rate Distributions":        [
[0.2578913189544881, 1] 
        ],
       "Rate classes":1,
       "Uncorrected P-value":1,
       "original name":"ENSOGAP00000005909"
      },
     "ENSOGAP00000019848":{
       "Baseline MG94xREV":0.1503077277597678,
       "Baseline MG94xREV omega ratio":0.3376293045657996,
       "Corrected P-value":1,
       "Full adaptive model":0.1726082112843262,
       "Full adaptive model (non-synonymous subs/site)":0.06589680189513482,
       "Full adaptive model (synonymous subs/site)":0.1067114093891912,
       "LRT":0,
       "Nucleotide GTR":0.117997039674301,
       "Rate Distributions":        [
[0.2412638416208716, 1] 
        ],
       "Rate classes":1,
       "Uncorrected P-value":1,
       "original name":"ENSOGAP00000019848"
      },
     "ENSSSCP00000001281":{
       "Baseline MG94xREV":0.03710165091030451,
       "Baseline MG94xREV omega ratio":0.3848113056533775,
       "Corrected P-value":1,
       "Full adaptive model":0.03729829350191519,
       "Full adaptive model (non-synonymous subs/site)":0.0186549315826393,
       "Full adaptive model (synonymous subs/site)":0.01864336191927595,
       "LRT":0,
       "Nucleotide GTR":0.03330332777457483,
       "Rate Distributions":        [
[0.3909382700407828, 1] 
        ],
       "Rate classes":1,
       "Uncorrected P-value":1,
       "original name":"ENSSSCP00000001281"
      },
     "ENSTTRP00000014825":{
       "Baseline MG94xREV":0.04372368360100614,
       "Baseline MG94xREV omega ratio":0.3275555765500657,
       "Corrected P-value":1,
       "Full adaptive model":0.0454949842801449,
       "Full adaptive model (non-synonymous subs/site)":0.01911522971721507,
       "Full adaptive model (synonymous subs/site)":0.02637975456292982,
       "LRT":0,
       "Nucleotide GTR":0.04309231509403617,
       "Rate Distributions":        [
[0.2831049922183838, 1] 
        ],
       "Rate classes":1,
       "Uncorrected P-value":1,
       "original name":"ENSTTRP00000014825"
      },
     "ENSXETP00000058099":{
       "Baseline MG94xREV":0.623614699284276,
       "Baseline MG94xREV omega ratio":0.1931873619509052,
       "Corrected P-value":1,
       "Full adaptive model":2.149390418725269,
       "Full adaptive model (non-synonymous subs/site)":0.6804615483938243,
       "Full adaptive model (synonymous subs/site)":1.468928870331444,
       "LRT":0,
       "Nucleotide GTR":0.3846141609076374,
       "Rate Distributions":        [
[0, 0.6506502262574013],
        [0.5180612545870273, 0.3493497737425987] 
        ],
       "Rate classes":2,
       "Uncorrected P-value":1,
       "original name":"ENSXETP00000058099"
      },
     "NODE_3":{
       "Baseline MG94xREV":0.002760400413468913,
       "Baseline MG94xREV omega ratio":0,
       "Corrected P-value":1,
       "Full adaptive model":0,
       "Full adaptive model (non-synonymous subs/site)":1e-10,
       "Full adaptive model (synonymous subs/site)":1e-10,
       "LRT":0,
       "Nucleotide GTR":0.005551962878831754,
       "Rate Distributions":        [
[1, 1] 
        ],
       "Rate classes":1,
       "Uncorrected P-value":1
      },
     "NODE_6":{
       "Baseline MG94xREV":0.05557104380710387,
       "Baseline MG94xREV omega ratio":0.4676860225460399,
       "Corrected P-value":1,
       "Full adaptive model":0.05606027232261591,
       "Full adaptive model (non-synonymous subs/site)":0.02810911840474992,
       "Full adaptive model (synonymous subs/site)":0.02795115391786596,
       "LRT":0,
       "Nucleotide GTR":0.04478863426192518,
       "Rate Distributions":        [
[0.3929038097349059, 1] 
        ],
       "Rate classes":1,
       "Uncorrected P-value":1
      },
     "NODE_7":{
       "Baseline MG94xREV":0.02610881597512967,
       "Baseline MG94xREV omega ratio":0.2609644614332494,
       "Corrected P-value":1,
       "Full adaptive model":0.04570396102760274,
       "Full adaptive model (non-synonymous subs/site)":0.01350683234313138,
       "Full adaptive model (synonymous subs/site)":0.03219712868447137,
       "LRT":0,
       "Nucleotide GTR":0.01639661017596145,
       "Rate Distributions":        [
[0.1638985541749982, 1] 
        ],
       "Rate classes":1,
       "Uncorrected P-value":1
      },
     "NODE_9":{
       "Baseline MG94xREV":0.1637560446080341,
       "Baseline MG94xREV omega ratio":0.4466481314226995,
       "Corrected P-value":1,
       "Full adaptive model":0.1809811200508223,
       "Full adaptive model (non-synonymous subs/site)":0.08881684641595892,
       "Full adaptive model (synonymous subs/site)":0.09216427363486353,
       "LRT":0,
       "Nucleotide GTR":0.1455546451494668,
       "Rate Distributions":        [
[0.3765056526546103, 1] 
        ],
       "Rate classes":1,
       "Uncorrected P-value":1
      }
    },
   "attributes":{
     "Baseline MG94xREV":{
       "attribute type":"branch length",
       "display order":1
      },
     "Baseline MG94xREV omega ratio":{
       "attribute type":"branch label",
       "display order":1
      },
     "Corrected P-value":{
       "attribute type":"branch label",
       "display order":6
      },
     "Full adaptive model":{
       "attribute type":"branch length",
       "display order":2
      },
     "Full adaptive model (non-synonymous subs/site)":{
       "attribute type":"branch label",
       "display order":10
      },