{
 "analysis":{
   "authors":"Sergei L Kosakovsky Pond, Ben Murrell, Steven Weaver and Temple iGEM / UCSD viral evolution group",
   "citation":"Less Is More: An Adaptive Branch-Site Random Effects Model for Efficient Detection of Episodic Diversifying Selection (2015). Mol Biol Evol 32 (5): 1342-1353. v2.2 adds support for multiple-hit models",
   "contact":"spond@temple.edu",
   "info":"aBSREL (Adaptive branch-site random effects likelihood)\n                            uses an adaptive random effects branch-site model framework\n                            to test whether each branch has evolved under positive selection,\n                            using a procedure which infers an optimal number of rate categories per branch.",
   "requirements":"in-frame codon alignment and a phylogenetic tree",
   "version":"2.2"
  },
 "branch attributes":{
   "0":{
     "CR392006_2_DANRE":{
       "Baseline MG94xREV":0.2114984141725297,
       "Baseline MG94xREV omega ratio":0.1612092108371913,
       "Corrected P-value":0.593941304682859,
       "Full adaptive model":0.832385187527049,
       "Full adaptive model (non-synonymous subs/site)":0.8235263210936778,
       "Full adaptive model (synonymous subs/site)":0.008858866433371072,
       "LRT":3.655993701943771,
       "Nucleotide GTR":0.1480970563893932,
       "Rate Distributions":        [
[0.7653968755902117, 0.9088690707240837],
        [339.7908638663706, 0.09113092927591626] 
        ],
       "Rate classes":2,
       "Uncorrected P-value":0.0593941304682859,
       "original name":"CR392006.2_DANRE"
      },
     "ENSGACP00000012508":{
       "Baseline MG94xREV":0.04891002597490007,
       "Baseline MG94xREV omega ratio":0.1578373552322663,
       "Corrected P-value":1,
       "Full adaptive model":0.0535376755252035,
       "Full adaptive model (non-synonymous subs/site)":0.01480441600986317,
       "Full adaptive model (synonymous subs/site)":0.03873325951534034,
       "LRT":0,
       "Nucleotide GTR":0.04847085257817083,
       "Rate Distributions":        [
[0.1301769047793811, 1] 
        ],
       "Rate classes":1,
       "Uncorrected P-value":1,
       "original name":"ENSGACP00000012508"
      },
     "ENSGMOP00000019260":{
       "Baseline MG94xREV":0.2119828458427969,
       "Baseline MG94xREV omega ratio":0.165873215017002,
       "Corrected P-value":0.7527306439386972,
       "Full adaptive model":4.813632742082993,
       "Full adaptive model (non-synonymous subs/site)":4.637160122123523,
       "Full adaptive model (synonymous subs/site)":0.176472619959471,
       "LRT":2.998976541513912,
       "Nucleotide GTR":0.1657849578073729,
       "Rate Distributions":        [
[0.08899185126795124, 0.9650563463455269],
        [253.6561697630956, 0.03494365365447305] 
        ],
       "Rate classes":2,
       "Uncorrected P-value":0.08363673821541079,
       "original name":"ENSGMOP00000019260"
      },
     "ENSLACP00000014188":{
       "Baseline MG94xREV":0.5409826211381755,
       "Baseline MG94xREV omega ratio":0.05572205704354915,
       "Corrected P-value":1,
       "Full adaptive model":0.4882429880334334,
       "Full adaptive model (non-synonymous subs/site)":0.06809354204914612,
       "Full adaptive model (synonymous subs/site)":0.4201494459842874,
       "LRT":0,
       "Nucleotide GTR":0.2674953817027653,
       "Rate Distributions":        [
[0.05519869835739136, 1] 
        ],
       "Rate classes":1,
       "Uncorrected P-value":1,
       "original name":"ENSLACP00000014188"
      },
     "ENSONIP00000001077":{
       "Baseline MG94xREV":0.1112429627853764,
       "Baseline MG94xREV omega ratio":0.1019002193240897,
       "Corrected P-value":1,
       "Full adaptive model":0.1039347011672132,
       "Full adaptive model (non-synonymous subs/site)":0.02250965065090182,
       "Full adaptive model (synonymous subs/site)":0.08142505051631138,
       "LRT":0,
       "Nucleotide GTR":0.09587344908866979,
       "Rate Distributions":        [
[0.09415370717590051, 1] 
        ],
       "Rate classes":1,
       "Uncorrected P-value":1,
       "original name":"ENSONIP00000001077"
      },
     "ENSTRUP00000042432":{
       "Baseline MG94xREV":0.03291767991526339,
       "Baseline MG94xREV omega ratio":0.07838077692872338,
       "Corrected P-value":1,
       "Full adaptive model":0.0286947741997107,
       "Full adaptive model (non-synonymous subs/site)":0.005118693970045968,
       "Full adaptive model (synonymous subs/site)":0.02357608022966471,
       "LRT":0,
       "Nucleotide GTR":0.03441320883737056,
       "Rate Distributions":        [
[0.07394592923552946, 1] 
        ],
       "Rate classes":1,
       "Uncorrected P-value":1,
       "original name":"ENSTRUP00000042432"
      },
     "NODE_3":{
       "Baseline MG94xREV":0.02550688207329413,
       "Baseline MG94xREV omega ratio":0.6032856127719316,
       "Corrected P-value":1,
       "Full adaptive model":0.04095813939605241,
       "Full adaptive model (non-synonymous subs/site)":0.01478849875431429,
       "Full adaptive model (synonymous subs/site)":0.02616964064173814,
       "LRT":0,
       "Nucleotide GTR":0.04700628934233429,
       "Rate Distributions":        [
[0.192465563870305, 1] 
        ],
       "Rate classes":1,
       "Uncorrected P-value":1
      },
     "NODE_6":{
       "Baseline MG94xREV":0.1336185253390746,
       "Baseline MG94xREV omega ratio":0.03196258403122838,
       "Corrected P-value":1,
       "Full adaptive model":0.1126323245457359,
       "Full adaptive model (non-synonymous subs/site)":0.01151066748453794,
       "Full adaptive model (synonymous subs/site)":0.1011216570611979,
       "LRT":0,
       "Nucleotide GTR":0.07087247997173392,
       "Rate Distributions":        [
[0.03876886055741646, 1] 
        ],
       "Rate classes":1,
       "Uncorrected P-value":1
      },
     "NODE_7":{
       "Baseline MG94xREV":0.1409025178950081,
       "Baseline MG94xREV omega ratio":0.1412297376256934,
       "Corrected P-value":0.06072993358089657,
       "Full adaptive model":142.2801769405327,
       "Full adaptive model (non-synonymous subs/site)":142.2728152847563,
       "Full adaptive model (synonymous subs/site)":0.007361655776420184,
       "LRT":8.300472509829888,
       "Nucleotide GTR":0.0868774108740146,
       "Rate Distributions":        [
[0.3776812321027833, 0.9341812173609879],
        [100000, 0.06581878263901209] 
        ],
       "Rate classes":2,
       "Uncorrected P-value":0.005520903052808779
      },
     "NODE_9":{
       "Baseline MG94xREV":0.2482538010956135,
       "Baseline MG94xREV omega ratio":0.01401545419730415,
       "Corrected P-value":1,
       "Full adaptive model":0.2967063735026518,
       "Full adaptive model (non-synonymous subs/site)":0.003720908630452253,
       "Full adaptive model (synonymous subs/site)":0.2929854648721993,
       "LRT":0,
       "Nucleotide GTR":0.08782079037998834,
       "Rate Distributions":        [
[0.004325433472201272, 1] 
        ],
       "Rate classes":1,
       "Uncorrected P-value":1
      },
     "Q4RWH9_TETNG":{
       "Baseline MG94xREV":0.0656619722284708,
       "Baseline MG94xREV omega ratio":0.1423140260250808,
       "Corrected P-value":0.8549306912968158,
       "Full adaptive model":2.013064177287105,
       "Full adaptive model (non-synonymous subs/site)":1.96732041720813,
       "Full adaptive model (synonymous subs/site)":0.04574376007897485,
       "LRT":2.532577254261923,
       "Nucleotide GTR":0.05426829775428207,
       "Rate Distributions":        [
[0.1104691497635961, 0.9906633086748852],
        [1557.112569904637, 0.009336691325114832] 
        ],
       "Rate classes":2,
       "Uncorrected P-value":0.106866336412102,
       "original name":"Q4RWH9_TETNG"
      }
    },
   "attributes":{
     "Baseline MG94xREV":{
       "attribute type":"branch length",
       "display order":1
      },
     "Baseline MG94xREV omega ratio":{
       "attribute type":"branch label",