{
 "analysis":{
   "authors":"Sergei L Kosakovsky Pond, Ben Murrell, Steven Weaver and Temple iGEM / UCSD viral evolution group",
   "citation":"Less Is More: An Adaptive Branch-Site Random Effects Model for Efficient Detection of Episodic Diversifying Selection (2015). Mol Biol Evol 32 (5): 1342-1353. v2.2 adds support for multiple-hit models",
   "contact":"spond@temple.edu",
   "info":"aBSREL (Adaptive branch-site random effects likelihood)\n                            uses an adaptive random effects branch-site model framework\n                            to test whether each branch has evolved under positive selection,\n                            using a procedure which infers an optimal number of rate categories per branch.",
   "requirements":"in-frame codon alignment and a phylogenetic tree",
   "version":"2.2"
  },
 "branch attributes":{
   "0":{
     "ENSACAP00000017939":{
       "Baseline MG94xREV":0.563757080707377,
       "Baseline MG94xREV omega ratio":0.251066947363582,
       "Corrected P-value":1,
       "Full adaptive model":1.421143469604288,
       "Full adaptive model (non-synonymous subs/site)":1.143573843718052,
       "Full adaptive model (synonymous subs/site)":0.2775696258862361,
       "LRT":2.079210316319404,
       "Nucleotide GTR":0.4646429937235989,
       "Rate Distributions":        [
[0.03828842248495196, 0.6940815902313172],
        [4.797672421031833, 0.3059184097686828] 
        ],
       "Rate classes":2,
       "Uncorrected P-value":0.1359417619519442,
       "original name":"ENSACAP00000017939"
      },
     "ENSSARP00000000003":{
       "Baseline MG94xREV":0.03299011418796226,
       "Baseline MG94xREV omega ratio":2.632392929344072,
       "Corrected P-value":1,
       "Full adaptive model":0.03319497927166654,
       "Full adaptive model (non-synonymous subs/site)":0.02921352509006029,
       "Full adaptive model (synonymous subs/site)":0.003981454181606239,
       "LRT":1.045185151915121,
       "Nucleotide GTR":0.03279846359767549,
       "Rate Distributions":        [
[2.661212247994494, 1] 
        ],
       "Rate classes":1,
       "Uncorrected P-value":0.2392180816890867,
       "original name":"ENSSARP00000000003"
      },
     "ENSSARP00000002148":{
       "Baseline MG94xREV":0.003838824626146869,
       "Baseline MG94xREV omega ratio":10000000000,
       "Corrected P-value":1,
       "Full adaptive model":0.003784949736414234,
       "Full adaptive model (non-synonymous subs/site)":0.003784949736414234,
       "Full adaptive model (synonymous subs/site)":1e-10,
       "LRT":0.5709629694374598,
       "Nucleotide GTR":0.003528266696906837,
       "Rate Distributions":        [
[10000000000, 1] 
        ],
       "Rate classes":1,
       "Uncorrected P-value":0.3154709797460756,
       "original name":"ENSSARP00000002148"
      },
     "ENSSARP00000005407":{
       "Baseline MG94xREV":0.04836753479775806,
       "Baseline MG94xREV omega ratio":0.3678827314852299,
       "Corrected P-value":1,
       "Full adaptive model":0.04858877446548774,
       "Full adaptive model (non-synonymous subs/site)":0.02460668745962304,
       "Full adaptive model (synonymous subs/site)":0.02398208700586473,
       "LRT":0,
       "Nucleotide GTR":0.0484524409138181,
       "Rate Distributions":        [
[0.3721375120799562, 1] 
        ],
       "Rate classes":1,
       "Uncorrected P-value":1,
       "original name":"ENSSARP00000005407"
      },
     "ENSSARP00000005720":{
       "Baseline MG94xREV":0.03699728118259427,
       "Baseline MG94xREV omega ratio":0.2887207058323678,
       "Corrected P-value":1,
       "Full adaptive model":0.03710464280623507,
       "Full adaptive model (non-synonymous subs/site)":0.01667365111389827,
       "Full adaptive model (synonymous subs/site)":0.02043099169233675,
       "LRT":0,
       "Nucleotide GTR":0.03670229271579786,
       "Rate Distributions":        [
[0.2959910188788988, 1] 
        ],
       "Rate classes":1,
       "Uncorrected P-value":1,
       "original name":"ENSSARP00000005720"
      },
     "ENSSARP00000007459":{
       "Baseline MG94xREV":0.03243060214935094,
       "Baseline MG94xREV omega ratio":1.13435511026819,
       "Corrected P-value":1,
       "Full adaptive model":0.03270232774199829,
       "Full adaptive model (non-synonymous subs/site)":0.02487419472145437,
       "Full adaptive model (synonymous subs/site)":0.007828133020543937,
       "LRT":0.02975971051046145,
       "Nucleotide GTR":0.03209282710293451,
       "Rate Distributions":        [
[1.152465952660342, 1] 
        ],
       "Rate classes":1,
       "Uncorrected P-value":0.4681764061494431,
       "original name":"ENSSARP00000007459"
      },
     "ENSSARP00000007728":{
       "Baseline MG94xREV":0.04476493483185819,
       "Baseline MG94xREV omega ratio":10000000000,
       "Corrected P-value":0.2346421744739371,
       "Full adaptive model":0.04472810139027803,
       "Full adaptive model (non-synonymous subs/site)":0.04472810139027803,
       "Full adaptive model (synonymous subs/site)":1e-10,
       "LRT":6.252771287202449,
       "Nucleotide GTR":0.04336278998605279,
       "Rate Distributions":        [
[10000000000, 1] 
        ],
       "Rate classes":1,
       "Uncorrected P-value":0.01564281163159581,
       "original name":"ENSSARP00000007728"
      },
     "ENSSARP00000008260":{
       "Baseline MG94xREV":0.0198949027922867,
       "Baseline MG94xREV omega ratio":0.5597809827229736,
       "Corrected P-value":1,
       "Full adaptive model":0.02003192990908117,
       "Full adaptive model (non-synonymous subs/site)":0.01218455938073337,
       "Full adaptive model (synonymous subs/site)":0.007847370528347811,
       "LRT":0,
       "Nucleotide GTR":0.01982681861799941,
       "Rate Distributions":        [
[0.563148511631653, 1] 
        ],
       "Rate classes":1,
       "Uncorrected P-value":1,
       "original name":"ENSSARP00000008260"
      },
     "ENSSARP00000008703":{
       "Baseline MG94xREV":0.06132332079477542,
       "Baseline MG94xREV omega ratio":0.5605563339679479,
       "Corrected P-value":1,
       "Full adaptive model":0.07230887032503831,
       "Full adaptive model (non-synonymous subs/site)":0.04832275707994778,
       "Full adaptive model (synonymous subs/site)":0.02398611324509055,
       "LRT":3.01700006842475,
       "Nucleotide GTR":0.06096663457887035,
       "Rate Distributions":        [
[0, 0.8601654523105856],
        [5.225340724880692, 0.1398345476894144] 
        ],
       "Rate classes":2,
       "Uncorrected P-value":0.08285162610617552,
       "original name":"ENSSARP00000008703"
      },
     "ENSSARP00000009648":{
       "Baseline MG94xREV":0.01208207609808962,
       "Baseline MG94xREV omega ratio":0.7493011106493971,
       "Corrected P-value":1,
       "Full adaptive model":0.01213532736017026,
       "Full adaptive model (non-synonymous subs/site)":0.008199148880335202,
       "Full adaptive model (synonymous subs/site)":0.003936178479835056,
       "LRT":0,
       "Nucleotide GTR":0.01197827001196334,
       "Rate Distributions":        [
[0.7554944195246411, 1] 
        ],
       "Rate classes":1,
       "Uncorrected P-value":1,
       "original name":"ENSSARP00000009648"
      },
     "ENSSARP00000010782":{
       "Baseline MG94xREV":0.0657229067608834,
       "Baseline MG94xREV omega ratio":0.4660108024886707,
       "Corrected P-value":1,
       "Full adaptive model":0.06603613133429785,
       "Full adaptive model (non-synonymous subs/site)":0.0372219242400773,
       "Full adaptive model (synonymous subs/site)":0.02881420709422053,
       "LRT":0,
       "Nucleotide GTR":0.0650583111779237,
       "Rate Distributions":        [
[0.4685213851528647, 1] 
        ],
       "Rate classes":1,
       "Uncorrected P-value":1,
       "original name":"ENSSARP00000010782"
      },
     "NODE_15":{
       "Baseline MG94xREV":0.01434824403779472,
       "Baseline MG94xREV omega ratio":0.8271200572091351,
       "Corrected P-value":1,