{
 "analysis":{
   "authors":"Sergei L Kosakovsky Pond, Ben Murrell, Steven Weaver and Temple iGEM / UCSD viral evolution group",
   "citation":"Less Is More: An Adaptive Branch-Site Random Effects Model for Efficient Detection of Episodic Diversifying Selection (2015). Mol Biol Evol 32 (5): 1342-1353. v2.2 adds support for multiple-hit models",
   "contact":"spond@temple.edu",
   "info":"aBSREL (Adaptive branch-site random effects likelihood)\n                            uses an adaptive random effects branch-site model framework\n                            to test whether each branch has evolved under positive selection,\n                            using a procedure which infers an optimal number of rate categories per branch.",
   "requirements":"in-frame codon alignment and a phylogenetic tree",
   "version":"2.2"
  },
 "branch attributes":{
   "0":{
     "ENSGACP00000023877":{
       "Baseline MG94xREV":0.1141767004838885,
       "Baseline MG94xREV omega ratio":0.3625785947189586,
       "Corrected P-value":1,
       "Full adaptive model":0.116294365429821,
       "Full adaptive model (non-synonymous subs/site)":0.05537118507074369,
       "Full adaptive model (synonymous subs/site)":0.0609231803590773,
       "LRT":0.05767400700642611,
       "Nucleotide GTR":0.1172653614120579,
       "Rate Distributions":        [
[0.1641773894952284, 0.8659649244739095],
        [1.944205775007424, 0.1340350755260905] 
        ],
       "Rate classes":2,
       "Uncorrected P-value":0.4535145986072137,
       "original name":"ENSGACP00000023877"
      },
     "ENSONIP00000016229":{
       "Baseline MG94xREV":0.1329539126301323,
       "Baseline MG94xREV omega ratio":0.1974843867722201,
       "Corrected P-value":1,
       "Full adaptive model":0.1520399535747544,
       "Full adaptive model (non-synonymous subs/site)":0.05791063409878597,
       "Full adaptive model (synonymous subs/site)":0.09412931947596845,
       "LRT":1.007689258749451,
       "Nucleotide GTR":0.1161245814395927,
       "Rate Distributions":        [
[0.1517121535303285, 0.9864190831830869],
        [9.055627958557613, 0.01358091681691309] 
        ],
       "Rate classes":2,
       "Uncorrected P-value":0.2443523869444581,
       "original name":"ENSONIP00000016229"
      },
     "ENSORLP00000017410":{
       "Baseline MG94xREV":0.2324444537279272,
       "Baseline MG94xREV omega ratio":0.2050308424277361,
       "Corrected P-value":1,
       "Full adaptive model":0.2486489401635364,
       "Full adaptive model (non-synonymous subs/site)":0.09462872917337473,
       "Full adaptive model (synonymous subs/site)":0.1540202109901617,
       "LRT":0.5509403745018062,
       "Nucleotide GTR":0.1891552202114294,
       "Rate Distributions":        [
[0.1250295876458887, 0.9265410788251643],
        [2.129373771142276, 0.07345892117483566] 
        ],
       "Rate classes":2,
       "Uncorrected P-value":0.319351262224231,
       "original name":"ENSORLP00000017410"
      },
     "ENSPSIP00000016696":{
       "Baseline MG94xREV":0.4801426401781561,
       "Baseline MG94xREV omega ratio":0.1368899302379482,
       "Corrected P-value":1,
       "Full adaptive model":0.4212868423506233,
       "Full adaptive model (non-synonymous subs/site)":0.1178918703269931,
       "Full adaptive model (synonymous subs/site)":0.3033949720236302,
       "LRT":0,
       "Nucleotide GTR":0.2913287378488659,
       "Rate Distributions":        [
[0.07616898469414932, 0.6716175289732071],
        [0.3685949936412659, 0.3283824710267929] 
        ],
       "Rate classes":2,
       "Uncorrected P-value":1,
       "original name":"ENSPSIP00000016696"
      },
     "ENSTRUP00000005166":{
       "Baseline MG94xREV":0.1621695469346027,
       "Baseline MG94xREV omega ratio":0.3579441323545301,
       "Corrected P-value":1,
       "Full adaptive model":0.1631085280084248,
       "Full adaptive model (non-synonymous subs/site)":0.0672028116204038,
       "Full adaptive model (synonymous subs/site)":0.09590571638802116,
       "LRT":0,
       "Nucleotide GTR":0.1507084514124574,
       "Rate Distributions":        [
[0.3105216910656087, 1] 
        ],
       "Rate classes":1,
       "Uncorrected P-value":1,
       "original name":"ENSTRUP00000005166"
      },
     "ENSXETP00000021235":{
       "Baseline MG94xREV":0.4179119950418397,
       "Baseline MG94xREV omega ratio":0.1781055964331609,
       "Corrected P-value":1,
       "Full adaptive model":0.4576661088932718,
       "Full adaptive model (non-synonymous subs/site)":0.1591198705431703,
       "Full adaptive model (synonymous subs/site)":0.2985462383501015,
       "LRT":0,
       "Nucleotide GTR":0.2741029710406578,
       "Rate Distributions":        [
[0.01018471458726097, 0.6897857534644792],
        [0.7387310374929221, 0.3102142465355208] 
        ],
       "Rate classes":2,
       "Uncorrected P-value":1,
       "original name":"ENSXETP00000021235"
      },
     "NODE_12":{
       "Baseline MG94xREV":0.2180259575426202,
       "Baseline MG94xREV omega ratio":0.2911082622566787,
       "Corrected P-value":1,
       "Full adaptive model":0.206858555366473,
       "Full adaptive model (non-synonymous subs/site)":0.13619802164817,
       "Full adaptive model (synonymous subs/site)":0.07066053371830296,
       "LRT":2.487931905878213,
       "Nucleotide GTR":0.136759356927416,
       "Rate Distributions":        [
[0.1413060259433336, 0.8638551425045533],
        [5.377355070209149, 0.1361448574954467] 
        ],
       "Rate classes":2,
       "Uncorrected P-value":0.1094161189518414
      },
     "NODE_3":{
       "Baseline MG94xREV":0,
       "Baseline MG94xREV omega ratio":1,
       "Corrected P-value":1,
       "Full adaptive model":0,
       "Full adaptive model (non-synonymous subs/site)":1e-10,
       "Full adaptive model (synonymous subs/site)":1e-10,
       "LRT":0,
       "Nucleotide GTR":0.001466004361729592,
       "Rate Distributions":        [
[1, 1] 
        ],
       "Rate classes":1,
       "Uncorrected P-value":1
      },
     "NODE_5":{
       "Baseline MG94xREV":0.05602800218795653,
       "Baseline MG94xREV omega ratio":0.1257921796218799,
       "Corrected P-value":1,
       "Full adaptive model":0.05477794437040512,
       "Full adaptive model (non-synonymous subs/site)":0.01424147549761364,
       "Full adaptive model (synonymous subs/site)":0.04053646887279144,
       "LRT":0,
       "Nucleotide GTR":0.04808870365741793,
       "Rate Distributions":        [
[0.155689048814304, 1] 
        ],
       "Rate classes":1,
       "Uncorrected P-value":1
      },
     "NODE_7":{
       "Baseline MG94xREV":0.2410111655974633,
       "Baseline MG94xREV omega ratio":0.1507943265483858,
       "Corrected P-value":0.6827728583880293,
       "Full adaptive model":12.08277385132568,
       "Full adaptive model (non-synonymous subs/site)":11.94983323689859,
       "Full adaptive model (synonymous subs/site)":0.1329406144270924,
       "LRT":3.571095350529504,
       "Nucleotide GTR":0.1401722546603239,
       "Rate Distributions":        [
[0.1086530762457554, 0.9517394430093636],
        [823.2503532361567, 0.04826055699063636] 
        ],
       "Rate classes":2,
       "Uncorrected P-value":0.06207025985345721
      },
     "SI_DKEY_61L1_4_DANRE":{
       "Baseline MG94xREV":0.4345329776882645,
       "Baseline MG94xREV omega ratio":0.1614094867135282,
       "Corrected P-value":1,
       "Full adaptive model":0.4874625773003556,
       "Full adaptive model (non-synonymous subs/site)":0.1414607376997579,
       "Full adaptive model (synonymous subs/site)":0.3460018396005977,
       "LRT":0.009680725641374011,
       "Nucleotide GTR":0.2848659176682887,
       "Rate Distributions":        [
[0.1010548147425892, 0.9181420440111946],
        [1.079867676392874, 0.08185795598880541] 
        ],
       "Rate classes":2,
       "Uncorrected P-value":0.4828758150867929,
       "original name":"SI@DKEY-61L1.4_DANRE"
      }
    },