{
 "analysis":{
   "authors":"Sergei L Kosakovsky Pond, Ben Murrell, Steven Weaver and Temple iGEM / UCSD viral evolution group",
   "citation":"Less Is More: An Adaptive Branch-Site Random Effects Model for Efficient Detection of Episodic Diversifying Selection (2015). Mol Biol Evol 32 (5): 1342-1353. v2.2 adds support for multiple-hit models",
   "contact":"spond@temple.edu",
   "info":"aBSREL (Adaptive branch-site random effects likelihood)\n                            uses an adaptive random effects branch-site model framework\n                            to test whether each branch has evolved under positive selection,\n                            using a procedure which infers an optimal number of rate categories per branch.",
   "requirements":"in-frame codon alignment and a phylogenetic tree",
   "version":"2.2"
  },
 "branch attributes":{
   "0":{
     "ENSONIP00000005642":{
       "Baseline MG94xREV":0.229441772535204,
       "Baseline MG94xREV omega ratio":0.1903218063099235,
       "Corrected P-value":1,
       "Full adaptive model":0.2521600985845447,
       "Full adaptive model (non-synonymous subs/site)":0.1042106856863424,
       "Full adaptive model (synonymous subs/site)":0.1479494128982023,
       "LRT":0,
       "Nucleotide GTR":0.1886602376102424,
       "Rate Distributions":        [
[0, 0.6952963042277717],
        [0.8169540249739754, 0.3047036957722283] 
        ],
       "Rate classes":2,
       "Uncorrected P-value":1,
       "original name":"ENSONIP00000005642"
      },
     "ENSONIP00000006756":{
       "Baseline MG94xREV":0.1653372162077056,
       "Baseline MG94xREV omega ratio":0.5869153893012881,
       "Corrected P-value":0.3630066143197009,
       "Full adaptive model":0.7750331615267024,
       "Full adaptive model (non-synonymous subs/site)":0.7328573208691453,
       "Full adaptive model (synonymous subs/site)":0.04217584065755726,
       "LRT":4.404548944593444,
       "Nucleotide GTR":0.1606648583858911,
       "Rate Distributions":        [
[0.5031153249328689, 0.9236512649257065],
        [74.34565523081982, 0.07634873507429352] 
        ],
       "Rate classes":2,
       "Uncorrected P-value":0.04033406825774455,
       "original name":"ENSONIP00000006756"
      },
     "ENSONIP00000006759":{
       "Baseline MG94xREV":0.06323068624956717,
       "Baseline MG94xREV omega ratio":0.5489240391914799,
       "Corrected P-value":1,
       "Full adaptive model":0.06183371602737761,
       "Full adaptive model (non-synonymous subs/site)":0.03825057506069414,
       "Full adaptive model (synonymous subs/site)":0.02358314096668348,
       "LRT":0,
       "Nucleotide GTR":0.06192700048134607,
       "Rate Distributions":        [
[0.5732085411714815, 1] 
        ],
       "Rate classes":1,
       "Uncorrected P-value":1,
       "original name":"ENSONIP00000006759"
      },
     "ENSONIP00000006764":{
       "Baseline MG94xREV":0.04692366673071408,
       "Baseline MG94xREV omega ratio":0.181377362635043,
       "Corrected P-value":1,
       "Full adaptive model":0.04836369462277242,
       "Full adaptive model (non-synonymous subs/site)":0.01496164600167,
       "Full adaptive model (synonymous subs/site)":0.03340204862110249,
       "LRT":0,
       "Nucleotide GTR":0.04410497172923534,
       "Rate Distributions":        [
[0.1583006150917118, 1] 
        ],
       "Rate classes":1,
       "Uncorrected P-value":1,
       "original name":"ENSONIP00000006764"
      },
     "ENSONIP00000006767":{
       "Baseline MG94xREV":0.08809662399150132,
       "Baseline MG94xREV omega ratio":0.6756291261176657,
       "Corrected P-value":1,
       "Full adaptive model":0.08911216161150759,
       "Full adaptive model (non-synonymous subs/site)":0.05841789613062968,
       "Full adaptive model (synonymous subs/site)":0.03069426548087789,
       "LRT":0,
       "Nucleotide GTR":0.08704350402206658,
       "Rate Distributions":        [
[0.6726125995253813, 1] 
        ],
       "Rate classes":1,
       "Uncorrected P-value":1,
       "original name":"ENSONIP00000006767"
      },
     "ENSONIP00000019746":{
       "Baseline MG94xREV":0.1003798769501444,
       "Baseline MG94xREV omega ratio":0.3462082391961946,
       "Corrected P-value":1,
       "Full adaptive model":0.1001082186733725,
       "Full adaptive model (non-synonymous subs/site)":0.04806205975225925,
       "Full adaptive model (synonymous subs/site)":0.05204615892111317,
       "LRT":0,
       "Nucleotide GTR":0.09615029875716678,
       "Rate Distributions":        [
[0.3263548166529571, 1] 
        ],
       "Rate classes":1,
       "Uncorrected P-value":1,
       "original name":"ENSONIP00000019746"
      },
     "NODE_10":{
       "Baseline MG94xREV":0.05468067816762374,
       "Baseline MG94xREV omega ratio":0.07831033313130163,
       "Corrected P-value":1,
       "Full adaptive model":0.06819738446601682,
       "Full adaptive model (non-synonymous subs/site)":0.0123837674494469,
       "Full adaptive model (synonymous subs/site)":0.05581361701656996,
       "LRT":0,
       "Nucleotide GTR":0.04347089925223362,
       "Rate Distributions":        [
[0.07841315913641771, 1] 
        ],
       "Rate classes":1,
       "Uncorrected P-value":1
      },
     "NODE_3":{
       "Baseline MG94xREV":0.05332545406321986,
       "Baseline MG94xREV omega ratio":0.1838921609380799,
       "Corrected P-value":0.4286498232667251,
       "Full adaptive model":127.1675789808259,
       "Full adaptive model (non-synonymous subs/site)":127.1521315559243,
       "Full adaptive model (synonymous subs/site)":0.01544742490148946,
       "LRT":3.854704936979942,
       "Nucleotide GTR":0.04472631720857231,
       "Rate Distributions":        [
[0.07958732054360912, 0.9709107618382911],
        [100000, 0.02908923816170894] 
        ],
       "Rate classes":2,
       "Uncorrected P-value":0.05358122790834063
      },
     "NODE_8":{
       "Baseline MG94xREV":0.05730247560920295,
       "Baseline MG94xREV omega ratio":0.3400020511917216,
       "Corrected P-value":1,
       "Full adaptive model":0.05904870231831245,
       "Full adaptive model (non-synonymous subs/site)":0.02622812212573478,
       "Full adaptive model (synonymous subs/site)":0.0328205801925777,
       "LRT":0,
       "Nucleotide GTR":0.05420036399562938,
       "Rate Distributions":        [
[0.282421187223567, 1] 
        ],
       "Rate classes":1,
       "Uncorrected P-value":1
      }
    },
   "attributes":{
     "Baseline MG94xREV":{
       "attribute type":"branch length",
       "display order":1
      },
     "Baseline MG94xREV omega ratio":{
       "attribute type":"branch label",
       "display order":1
      },
     "Corrected P-value":{
       "attribute type":"branch label",
       "display order":6
      },
     "Full adaptive model":{
       "attribute type":"branch length",
       "display order":2
      },
     "Full adaptive model (non-synonymous subs/site)":{
       "attribute type":"branch label",
       "display order":10
      },
     "Full adaptive model (synonymous subs/site)":{
       "attribute type":"branch label",
       "display order":9
      },
     "LRT":{
       "attribute type":"branch label",
       "display order":4
      },
     "Nucleotide GTR":{
       "attribute type":"branch length",
       "display order":0
      },
     "Rate Distributions":{
       "attribute type":"branch label",
       "display order":3
      },
     "Rate classes":{
       "attribute type":"branch label",
       "display order":2
      },
     "Uncorrected P-value":{
       "attribute type":"branch label",
       "display order":5
      },
     "original name":{
       "attribute type":"node label",
       "display order":-1
      }
    }
  },