{
 "analysis":{
   "authors":"Sergei L Kosakovsky Pond, Ben Murrell, Steven Weaver and Temple iGEM / UCSD viral evolution group",
   "citation":"Less Is More: An Adaptive Branch-Site Random Effects Model for Efficient Detection of Episodic Diversifying Selection (2015). Mol Biol Evol 32 (5): 1342-1353. v2.2 adds support for multiple-hit models",
   "contact":"spond@temple.edu",
   "info":"aBSREL (Adaptive branch-site random effects likelihood)\n                            uses an adaptive random effects branch-site model framework\n                            to test whether each branch has evolved under positive selection,\n                            using a procedure which infers an optimal number of rate categories per branch.",
   "requirements":"in-frame codon alignment and a phylogenetic tree",
   "version":"2.2"
  },
 "branch attributes":{
   "0":{
     "ADPGK2_DANRE":{
       "Baseline MG94xREV":0.3411250962358688,
       "Baseline MG94xREV omega ratio":0.04477603213945437,
       "Corrected P-value":1,
       "Full adaptive model":0.4023910073484266,
       "Full adaptive model (non-synonymous subs/site)":0.05502280592993006,
       "Full adaptive model (synonymous subs/site)":0.3473682014184966,
       "LRT":0,
       "Nucleotide GTR":0.1491766985547716,
       "Rate Distributions":        [
[0, 0.8812417867551942],
        [0.4655723108131204, 0.1187582132448058] 
        ],
       "Rate classes":2,
       "Uncorrected P-value":1,
       "original name":"ADPGK2_DANRE"
      },
     "ENSGACP00000021374":{
       "Baseline MG94xREV":0.08719695771493746,
       "Baseline MG94xREV omega ratio":0.1309899273721651,
       "Corrected P-value":1,
       "Full adaptive model":0.1005971215037486,
       "Full adaptive model (non-synonymous subs/site)":0.04084292461775832,
       "Full adaptive model (synonymous subs/site)":0.05975419688599024,
       "LRT":1.690897947266421,
       "Nucleotide GTR":0.07740459889346475,
       "Rate Distributions":        [
[0.1007259643597916, 0.9915698590098625],
        [16.45405954649367, 0.008430140990137502] 
        ],
       "Rate classes":2,
       "Uncorrected P-value":0.1675058909265162,
       "original name":"ENSGACP00000021374"
      },
     "ENSGMOP00000014472":{
       "Baseline MG94xREV":0.1822972160314334,
       "Baseline MG94xREV omega ratio":0.1049153784825303,
       "Corrected P-value":1,
       "Full adaptive model":1.956276339680854,
       "Full adaptive model (non-synonymous subs/site)":1.831266911033872,
       "Full adaptive model (synonymous subs/site)":0.1250094286469818,
       "LRT":3.234082793082052,
       "Nucleotide GTR":0.1185890961086883,
       "Rate Distributions":        [
[0.08186959104513411, 0.98575945710177],
        [353.4039230044137, 0.01424054289822996] 
        ],
       "Rate classes":2,
       "Uncorrected P-value":0.07396965637497185,
       "original name":"ENSGMOP00000014472"
      },
     "ENSLACP00000019595":{
       "Baseline MG94xREV":0.4714671892043336,
       "Baseline MG94xREV omega ratio":0.03891918945175339,
       "Corrected P-value":1,
       "Full adaptive model":0.431240779836805,
       "Full adaptive model (non-synonymous subs/site)":0.04696148226042896,
       "Full adaptive model (synonymous subs/site)":0.3842792975763761,
       "LRT":0,
       "Nucleotide GTR":0.1648445310583505,
       "Rate Distributions":        [
[0.003825131972657608, 0.6797385448561523],
        [0.1250764567843373, 0.3202614551438477] 
        ],
       "Rate classes":2,
       "Uncorrected P-value":1,
       "original name":"ENSLACP00000019595"
      },
     "ENSONIP00000021564":{
       "Baseline MG94xREV":0.1078011926153944,
       "Baseline MG94xREV omega ratio":0.07036822757526272,
       "Corrected P-value":1,
       "Full adaptive model":0.1206211678184476,
       "Full adaptive model (non-synonymous subs/site)":0.03088481026846537,
       "Full adaptive model (synonymous subs/site)":0.08973635754998224,
       "LRT":0.8583440390902979,
       "Nucleotide GTR":0.09049942976410194,
       "Rate Distributions":        [
[0.04326014488971063, 0.986229030901619],
        [5.625747306705568, 0.01377096909838105] 
        ],
       "Rate classes":2,
       "Uncorrected P-value":0.2661548811216227,
       "original name":"ENSONIP00000021564"
      },
     "ENSORLP00000013880":{
       "Baseline MG94xREV":0.1399419912276704,
       "Baseline MG94xREV omega ratio":0.09760614265347653,
       "Corrected P-value":1,
       "Full adaptive model":0.1856977221604314,
       "Full adaptive model (non-synonymous subs/site)":0.07864892135091188,
       "Full adaptive model (synonymous subs/site)":0.1070488008095195,
       "LRT":0.6099110404684325,
       "Nucleotide GTR":0.1075820304753308,
       "Rate Distributions":        [
[0.07629258356621915, 0.9930572372871415],
        [26.02578767832304, 0.006942762712858541] 
        ],
       "Rate classes":2,
       "Uncorrected P-value":0.3081111100521902,
       "original name":"ENSORLP00000013880"
      },
     "ENSTNIP00000020844":{
       "Baseline MG94xREV":0.08221326348197266,
       "Baseline MG94xREV omega ratio":0.0718216886497392,
       "Corrected P-value":1,
       "Full adaptive model":0.08080632423111921,
       "Full adaptive model (non-synonymous subs/site)":0.01218909637337047,
       "Full adaptive model (synonymous subs/site)":0.06861722785774868,
       "LRT":0,
       "Nucleotide GTR":0.05854501430830418,
       "Rate Distributions":        [
[0.06200639274591106, 1] 
        ],
       "Rate classes":1,
       "Uncorrected P-value":1,
       "original name":"ENSTNIP00000020844"
      },
     "ENSTRUP00000023394":{
       "Baseline MG94xREV":0.09634760971735928,
       "Baseline MG94xREV omega ratio":0.04302359952033372,
       "Corrected P-value":1,
       "Full adaptive model":0.09668430079529321,
       "Full adaptive model (non-synonymous subs/site)":0.01016651622141749,
       "Full adaptive model (synonymous subs/site)":0.08651778457387561,
       "LRT":0,
       "Nucleotide GTR":0.08458345010129209,
       "Rate Distributions":        [
[0.04101709440795945, 1] 
        ],
       "Rate classes":1,
       "Uncorrected P-value":1,
       "original name":"ENSTRUP00000023394"
      },
     "NODE_11":{
       "Baseline MG94xREV":0.1388060410029852,
       "Baseline MG94xREV omega ratio":0.05655440087122447,
       "Corrected P-value":1,
       "Full adaptive model":3.234496855710105,
       "Full adaptive model (non-synonymous subs/site)":3.207176283349801,
       "Full adaptive model (synonymous subs/site)":0.02732057236030418,
       "LRT":2.343574731547051,
       "Nucleotide GTR":0.07739489491887205,
       "Rate Distributions":        [
[0.06693692445061966, 0.9737264056205611],
        [1557.113665899374, 0.02627359437943888] 
        ],
       "Rate classes":2,
       "Uncorrected P-value":0.1181039241113173
      },
     "NODE_16":{
       "Baseline MG94xREV":1446.962320492817,
       "Baseline MG94xREV omega ratio":1.730230682334301e-05,
       "Corrected P-value":1,
       "Full adaptive model":5.485556698107288,
       "Full adaptive model (non-synonymous subs/site)":0.08157557654760289,
       "Full adaptive model (synonymous subs/site)":5.403981121559685,
       "LRT":0,
       "Nucleotide GTR":0.1539339408898463,
       "Rate Distributions":        [
[0.001348597884946112, 0.8661786662854565],
        [0.03064586474556999, 0.1338213337145435] 
        ],
       "Rate classes":2,
       "Uncorrected P-value":1
      },
     "NODE_3":{
       "Baseline MG94xREV":0.04360698807878196,
       "Baseline MG94xREV omega ratio":0.181663475410406,
       "Corrected P-value":1,
       "Full adaptive model":0.04503593438030169,
       "Full adaptive model (non-synonymous subs/site)":0.01370546266528217,
       "Full adaptive model (synonymous subs/site)":0.03133047171501954,
       "LRT":0,
       "Nucleotide GTR":0.04177362970987343,