{
 "analysis":{
   "authors":"Sergei L Kosakovsky Pond, Ben Murrell, Steven Weaver and Temple iGEM / UCSD viral evolution group",
   "citation":"Less Is More: An Adaptive Branch-Site Random Effects Model for Efficient Detection of Episodic Diversifying Selection (2015). Mol Biol Evol 32 (5): 1342-1353. v2.2 adds support for multiple-hit models",
   "contact":"spond@temple.edu",
   "info":"aBSREL (Adaptive branch-site random effects likelihood)\n                            uses an adaptive random effects branch-site model framework\n                            to test whether each branch has evolved under positive selection,\n                            using a procedure which infers an optimal number of rate categories per branch.",
   "requirements":"in-frame codon alignment and a phylogenetic tree",
   "version":"2.2"
  },
 "branch attributes":{
   "0":{
     "NODE_10":{
       "Baseline MG94xREV":0.06566265226246963,
       "Baseline MG94xREV omega ratio":0.09307092895400375,
       "Corrected P-value":1,
       "Full adaptive model":0.06268244883277775,
       "Full adaptive model (non-synonymous subs/site)":0.0190600225281661,
       "Full adaptive model (synonymous subs/site)":0.04362242630461165,
       "LRT":0.9068372721048945,
       "Nucleotide GTR":0.04512136106160217,
       "Rate Distributions":        [
[0, 0.9334503566617492],
        [1.871216279786333, 0.06654964333825075] 
        ],
       "Rate classes":2,
       "Uncorrected P-value":0.2588266121358132
      },
     "NODE_12":{
       "Baseline MG94xREV":0.2300727576888506,
       "Baseline MG94xREV omega ratio":0.01372235690131295,
       "Corrected P-value":1,
       "Full adaptive model":0.7282983253683321,
       "Full adaptive model (non-synonymous subs/site)":0.5378195550540728,
       "Full adaptive model (synonymous subs/site)":0.1904787703142592,
       "LRT":0.7948561731209338,
       "Nucleotide GTR":0.0730760247037424,
       "Rate Distributions":        [
[0.009850856850720086, 0.9957056320749709],
        [185.1061549112061, 0.00429436792502913] 
        ],
       "Rate classes":2,
       "Uncorrected P-value":0.2761410315950572
      },
     "NODE_6":{
       "Baseline MG94xREV":0.02181166781671954,
       "Baseline MG94xREV omega ratio":0.07280454146699401,
       "Corrected P-value":1,
       "Full adaptive model":0.02264240308891286,
       "Full adaptive model (non-synonymous subs/site)":0.002935020366139575,
       "Full adaptive model (synonymous subs/site)":0.01970738272277325,
       "LRT":0,
       "Nucleotide GTR":0.01702733660990598,
       "Rate Distributions":        [
[0.04244614916108303, 1] 
        ],
       "Rate classes":1,
       "Uncorrected P-value":1
      },
     "NODE_9":{
       "Baseline MG94xREV":0.009510908618087352,
       "Baseline MG94xREV omega ratio":0.1678505508572395,
       "Corrected P-value":1,
       "Full adaptive model":0.006367870982376502,
       "Full adaptive model (non-synonymous subs/site)":0.003443524126543095,
       "Full adaptive model (synonymous subs/site)":0.002924346855833409,
       "LRT":0,
       "Nucleotide GTR":0.01208047647117345,
       "Rate Distributions":        [
[0.3356065086420267, 1] 
        ],
       "Rate classes":1,
       "Uncorrected P-value":1
      },
     "PDZRN3_2_OF_2_DANRE":{
       "Baseline MG94xREV":0.4425261381025476,
       "Baseline MG94xREV omega ratio":0.1643652849509495,
       "Corrected P-value":1,
       "Full adaptive model":0.3993316887277117,
       "Full adaptive model (non-synonymous subs/site)":0.1659960367713677,
       "Full adaptive model (synonymous subs/site)":0.233335651956344,
       "LRT":0,
       "Nucleotide GTR":0.3080364592237059,
       "Rate Distributions":        [
[0.09025874973827673, 0.7637804272804848],
        [0.5664970080907173, 0.2362195727195152] 
        ],
       "Rate classes":2,
       "Uncorrected P-value":1,
       "original name":"PDZRN3_2_OF_2_DANRE"
      },
     "PDZRN3_DANRE":{
       "Baseline MG94xREV":0.1514692681003646,
       "Baseline MG94xREV omega ratio":0.03047034053571031,
       "Corrected P-value":1,
       "Full adaptive model":0.113253231576595,
       "Full adaptive model (non-synonymous subs/site)":0.01221384523850309,
       "Full adaptive model (synonymous subs/site)":0.1010393863380921,
       "LRT":0,
       "Nucleotide GTR":0.1041300262255379,
       "Rate Distributions":        [
[0.0344522698658892, 1] 
        ],
       "Rate classes":1,
       "Uncorrected P-value":1,
       "original name":"PDZRN3_DANRE"
      },
     "PDZRN3_GADMO":{
       "Baseline MG94xREV":0.1525709337046139,
       "Baseline MG94xREV omega ratio":0.05710056647035778,
       "Corrected P-value":1,
       "Full adaptive model":0.1515076965675116,
       "Full adaptive model (non-synonymous subs/site)":0.02417915817078645,
       "Full adaptive model (synonymous subs/site)":0.1273285383967251,
       "LRT":0,
       "Nucleotide GTR":0.09349720311055996,
       "Rate Distributions":        [
[0, 0.8172760431973788],
        [0.2961938649906851, 0.1827239568026212] 
        ],
       "Rate classes":2,
       "Uncorrected P-value":1,
       "original name":"PDZRN3_GADMO"
      },
     "PDZRN3_GASAC":{
       "Baseline MG94xREV":0.06971433134532377,
       "Baseline MG94xREV omega ratio":0.2662227079877393,
       "Corrected P-value":1,
       "Full adaptive model":0.07978936524972588,
       "Full adaptive model (non-synonymous subs/site)":0.0398275018697055,
       "Full adaptive model (synonymous subs/site)":0.03996186338002038,
       "LRT":2.170930505479191,
       "Nucleotide GTR":0.05855055790251571,
       "Rate Distributions":        [
[0.1052896423633885, 0.9501739723174698],
        [3.6929625109191, 0.04982602768253019] 
        ],
       "Rate classes":2,
       "Uncorrected P-value":0.1294516062116927,
       "original name":"PDZRN3_GASAC"
      },
     "PDZRN3_ORENI":{
       "Baseline MG94xREV":0.07640636177403631,
       "Baseline MG94xREV omega ratio":0.01581248880588336,
       "Corrected P-value":1,
       "Full adaptive model":0.07625156836048859,
       "Full adaptive model (non-synonymous subs/site)":0.003951588510349734,
       "Full adaptive model (synonymous subs/site)":0.07229997985013889,
       "LRT":0,
       "Nucleotide GTR":0.057185407788115,
       "Rate Distributions":        [
[0.01557720965924382, 1] 
        ],
       "Rate classes":1,
       "Uncorrected P-value":1,
       "original name":"PDZRN3_ORENI"
      },
     "PDZRN3_ORYLA":{
       "Baseline MG94xREV":0.1404971966288139,
       "Baseline MG94xREV omega ratio":0.09496335919964945,
       "Corrected P-value":1,
       "Full adaptive model":0.1540979543179635,
       "Full adaptive model (non-synonymous subs/site)":0.05070635044473213,
       "Full adaptive model (synonymous subs/site)":0.1033916038732313,
       "LRT":1.537514588544582,
       "Nucleotide GTR":0.1026037547551103,
       "Rate Distributions":        [
[0.06150358863938214, 0.9821533825378016],
        [4.447354569164223, 0.0178466174621984] 
        ],
       "Rate classes":2,
       "Uncorrected P-value":0.182074271118934,
       "original name":"PDZRN3_ORYLA"
      },
     "PDZRN3_TAKRU":{
       "Baseline MG94xREV":0.07890983296785535,
       "Baseline MG94xREV omega ratio":0.06677319743976015,
       "Corrected P-value":1,
       "Full adaptive model":0.07806922678008328,
       "Full adaptive model (non-synonymous subs/site)":0.01213290284070966,
       "Full adaptive model (synonymous subs/site)":0.06593632393937369,
       "LRT":0,
       "Nucleotide GTR":0.05875852772905478,
       "Rate Distributions":        [
[0.05244403716688525, 1] 
        ],
       "Rate classes":1,
       "Uncorrected P-value":1,
       "original name":"PDZRN3_TAKRU"
      }
    },
   "attributes":{
     "Baseline MG94xREV":{
       "attribute type":"branch length",
       "display order":1
      },
     "Baseline MG94xREV omega ratio":{
       "attribute type":"branch label",