{
 "analysis":{
   "authors":"Sergei L Kosakovsky Pond, Ben Murrell, Steven Weaver and Temple iGEM / UCSD viral evolution group",
   "citation":"Less Is More: An Adaptive Branch-Site Random Effects Model for Efficient Detection of Episodic Diversifying Selection (2015). Mol Biol Evol 32 (5): 1342-1353. v2.2 adds support for multiple-hit models",
   "contact":"spond@temple.edu",
   "info":"aBSREL (Adaptive branch-site random effects likelihood)\n                            uses an adaptive random effects branch-site model framework\n                            to test whether each branch has evolved under positive selection,\n                            using a procedure which infers an optimal number of rate categories per branch.",
   "requirements":"in-frame codon alignment and a phylogenetic tree",
   "version":"2.2"
  },
 "branch attributes":{
   "0":{
     "CALUB_DANRE":{
       "Baseline MG94xREV":0.7480281093636024,
       "Baseline MG94xREV omega ratio":0.0452540578076281,
       "Corrected P-value":1,
       "Full adaptive model":0.4106789858595807,
       "Full adaptive model (non-synonymous subs/site)":0.1200062621346583,
       "Full adaptive model (synonymous subs/site)":0.2906727237249225,
       "LRT":0.07601226798124117,
       "Nucleotide GTR":0.2149574829157462,
       "Rate Distributions":        [
[0.03295886461036789, 0.9246853156348573],
        [1.419800303585115, 0.07531468436514266] 
        ],
       "Rate classes":2,
       "Uncorrected P-value":0.4453673144584024,
       "original name":"CALUB_DANRE"
      },
     "ENSGACP00000016939":{
       "Baseline MG94xREV":0.07070055497478525,
       "Baseline MG94xREV omega ratio":0.07757904576566511,
       "Corrected P-value":1,
       "Full adaptive model":0.0662056704907865,
       "Full adaptive model (non-synonymous subs/site)":0.008977641479060298,
       "Full adaptive model (synonymous subs/site)":0.05722802901172621,
       "LRT":0,
       "Nucleotide GTR":0.05568308280224047,
       "Rate Distributions":        [
[0.05221161069785644, 1] 
        ],
       "Rate classes":1,
       "Uncorrected P-value":1,
       "original name":"ENSGACP00000016939"
      },
     "ENSGMOP00000002405":{
       "Baseline MG94xREV":0.2413277927443072,
       "Baseline MG94xREV omega ratio":0.0402722702013263,
       "Corrected P-value":0.8552229582645136,
       "Full adaptive model":0.2573963751842719,
       "Full adaptive model (non-synonymous subs/site)":0.07953890398776313,
       "Full adaptive model (synonymous subs/site)":0.1778574711965088,
       "LRT":2.755558107390243,
       "Nucleotide GTR":0.09371325027078611,
       "Rate Distributions":        [
[0.01702159873704887, 1.470658181024409e-10],
        [0.02255522074218604, 0.9852934181897559],
        [8.609545656485531, 0.01470658166317827] 
        ],
       "Rate classes":3,
       "Uncorrected P-value":0.09502477314050151,
       "original name":"ENSGMOP00000002405"
      },
     "ENSONIP00000018880":{
       "Baseline MG94xREV":0.08909752073240929,
       "Baseline MG94xREV omega ratio":0.03079807154058463,
       "Corrected P-value":1,
       "Full adaptive model":0.07555197405193485,
       "Full adaptive model (non-synonymous subs/site)":0.005020455165556407,
       "Full adaptive model (synonymous subs/site)":0.07053151888637843,
       "LRT":0,
       "Nucleotide GTR":0.06121466859800688,
       "Rate Distributions":        [
[0.02369045917880598, 1] 
        ],
       "Rate classes":1,
       "Uncorrected P-value":1,
       "original name":"ENSONIP00000018880"
      },
     "ENSTNIP00000022404":{
       "Baseline MG94xREV":0.04661275984698643,
       "Baseline MG94xREV omega ratio":0.07211041044018184,
       "Corrected P-value":1,
       "Full adaptive model":0.05103742643931713,
       "Full adaptive model (non-synonymous subs/site)":0.0054416611393136,
       "Full adaptive model (synonymous subs/site)":0.04559576530000351,
       "LRT":0,
       "Nucleotide GTR":0.04061125846350913,
       "Rate Distributions":        [
[0.03972103959221315, 1] 
        ],
       "Rate classes":1,
       "Uncorrected P-value":1,
       "original name":"ENSTNIP00000022404"
      },
     "ENSTRUP00000037240":{
       "Baseline MG94xREV":0.07262537159514054,
       "Baseline MG94xREV omega ratio":0.04037084385650751,
       "Corrected P-value":1,
       "Full adaptive model":0.05629345979227238,
       "Full adaptive model (non-synonymous subs/site)":0.005323718854217166,
       "Full adaptive model (synonymous subs/site)":0.05096974093805522,
       "LRT":0,
       "Nucleotide GTR":0.05037980396390002,
       "Rate Distributions":        [
[0.03476292472079404, 1] 
        ],
       "Rate classes":1,
       "Uncorrected P-value":1,
       "original name":"ENSTRUP00000037240"
      },
     "NODE_3":{
       "Baseline MG94xREV":0.009608859696772455,
       "Baseline MG94xREV omega ratio":0.7206516021532483,
       "Corrected P-value":1,
       "Full adaptive model":0.008813922252516029,
       "Full adaptive model (non-synonymous subs/site)":0.00495418498377411,
       "Full adaptive model (synonymous subs/site)":0.003859737268741924,
       "LRT":0,
       "Nucleotide GTR":0.02248780332549269,
       "Rate Distributions":        [
[0.4271969045308924, 1] 
        ],
       "Rate classes":1,
       "Uncorrected P-value":1
      },
     "NODE_6":{
       "Baseline MG94xREV":0.1106408206624585,
       "Baseline MG94xREV omega ratio":0.1297303958336851,
       "Corrected P-value":1,
       "Full adaptive model":0.09027452835363509,
       "Full adaptive model (non-synonymous subs/site)":0.02245784608953135,
       "Full adaptive model (synonymous subs/site)":0.06781668226410377,
       "LRT":0,
       "Nucleotide GTR":0.06426324448280618,
       "Rate Distributions":        [
[0.1102161366057879, 1] 
        ],
       "Rate classes":1,
       "Uncorrected P-value":1
      },
     "NODE_7":{
       "Baseline MG94xREV":0.1704674412145077,
       "Baseline MG94xREV omega ratio":0.02576099737969467,
       "Corrected P-value":1,
       "Full adaptive model":0.06365006571724878,
       "Full adaptive model (non-synonymous subs/site)":0.006468070677377829,
       "Full adaptive model (synonymous subs/site)":0.05718199503987095,
       "LRT":0,
       "Nucleotide GTR":0.05214476451844295,
       "Rate Distributions":        [
[0.03764688741215606, 1] 
        ],
       "Rate classes":1,
       "Uncorrected P-value":1
      }
    },
   "attributes":{
     "Baseline MG94xREV":{
       "attribute type":"branch length",
       "display order":1
      },
     "Baseline MG94xREV omega ratio":{
       "attribute type":"branch label",
       "display order":1
      },
     "Corrected P-value":{
       "attribute type":"branch label",
       "display order":6
      },
     "Full adaptive model":{
       "attribute type":"branch length",
       "display order":2
      },
     "Full adaptive model (non-synonymous subs/site)":{
       "attribute type":"branch label",
       "display order":10
      },
     "Full adaptive model (synonymous subs/site)":{
       "attribute type":"branch label",
       "display order":9
      },
     "LRT":{
       "attribute type":"branch label",
       "display order":4
      },
     "Nucleotide GTR":{
       "attribute type":"branch length",
       "display order":0
      },
     "Rate Distributions":{
       "attribute type":"branch label",
       "display order":3
      },
     "Rate classes":{
       "attribute type":"branch label",
       "display order":2
      },
     "Uncorrected P-value":{
       "attribute type":"branch label",
       "display order":5
      },
     "original name":{
       "attribute type":"node label",
       "display order":-1
      }
    }
  },