{
 "analysis":{
   "authors":"Sergei L Kosakovsky Pond, Ben Murrell, Steven Weaver and Temple iGEM / UCSD viral evolution group",
   "citation":"Less Is More: An Adaptive Branch-Site Random Effects Model for Efficient Detection of Episodic Diversifying Selection (2015). Mol Biol Evol 32 (5): 1342-1353. v2.2 adds support for multiple-hit models",
   "contact":"spond@temple.edu",
   "info":"aBSREL (Adaptive branch-site random effects likelihood)\n                            uses an adaptive random effects branch-site model framework\n                            to test whether each branch has evolved under positive selection,\n                            using a procedure which infers an optimal number of rate categories per branch.",
   "requirements":"in-frame codon alignment and a phylogenetic tree",
   "version":"2.2"
  },
 "branch attributes":{
   "0":{
     "ENSDARP00000093526":{
       "Baseline MG94xREV":0.5096763063454167,
       "Baseline MG94xREV omega ratio":0.1419512971391954,
       "Corrected P-value":1,
       "Full adaptive model":0.5524107570373983,
       "Full adaptive model (non-synonymous subs/site)":0.2741235112779853,
       "Full adaptive model (synonymous subs/site)":0.278287245759413,
       "LRT":0.006290340942541661,
       "Nucleotide GTR":0.289585491637088,
       "Rate Distributions":        [
[0.00637890176165126, 0.6922027443514559],
        [1.124567629799009, 0.3077972556485441] 
        ],
       "Rate classes":2,
       "Uncorrected P-value":0.4864148760207411,
       "original name":"ENSDARP00000093526"
      },
     "ENSGACP00000009907":{
       "Baseline MG94xREV":0.2555919886898023,
       "Baseline MG94xREV omega ratio":0.2877334463292822,
       "Corrected P-value":1,
       "Full adaptive model":0.273331326613429,
       "Full adaptive model (non-synonymous subs/site)":0.1407968127156497,
       "Full adaptive model (synonymous subs/site)":0.1325345138977793,
       "LRT":0,
       "Nucleotide GTR":0.1913022732488462,
       "Rate Distributions":        [
[0, 0.5935808871869643],
        [0.9302336700190078, 0.4064191128130357] 
        ],
       "Rate classes":2,
       "Uncorrected P-value":1,
       "original name":"ENSGACP00000009907"
      },
     "ENSONIP00000005128":{
       "Baseline MG94xREV":0.09450442992285425,
       "Baseline MG94xREV omega ratio":10000000000,
       "Corrected P-value":1,
       "Full adaptive model":0.1117635252107409,
       "Full adaptive model (non-synonymous subs/site)":0.09022787173746899,
       "Full adaptive model (synonymous subs/site)":0.02153565347327195,
       "LRT":-0.002533972548462771,
       "Nucleotide GTR":0.18016858614239,
       "Rate Distributions":        [
[1.491025267869553, 1] 
        ],
       "Rate classes":1,
       "Uncorrected P-value":0.5,
       "original name":"ENSONIP00000005128"
      },
     "ENSORLP00000005099":{
       "Baseline MG94xREV":0.337112876669842,
       "Baseline MG94xREV omega ratio":0.4164492727473739,
       "Corrected P-value":1,
       "Full adaptive model":27.23207619315138,
       "Full adaptive model (non-synonymous subs/site)":27.08764896893748,
       "Full adaptive model (synonymous subs/site)":0.1444272242139079,
       "LRT":-0.02004676237947933,
       "Nucleotide GTR":0.3188891483849514,
       "Rate Distributions":        [
[0.2854547884093253, 0.8775879315711246],
        [543.209415809336, 0.1224120684288754] 
        ],
       "Rate classes":2,
       "Uncorrected P-value":0.5,
       "original name":"ENSORLP00000005099"
      },
     "ENSTNIP00000017827":{
       "Baseline MG94xREV":0.1097282929198629,
       "Baseline MG94xREV omega ratio":0.2971189478349449,
       "Corrected P-value":1,
       "Full adaptive model":0.1127705963678803,
       "Full adaptive model (non-synonymous subs/site)":0.05080757633641046,
       "Full adaptive model (synonymous subs/site)":0.06196302003146998,
       "LRT":0,
       "Nucleotide GTR":0.09588503492867183,
       "Rate Distributions":        [
[0.2918087067185453, 1] 
        ],
       "Rate classes":1,
       "Uncorrected P-value":1,
       "original name":"ENSTNIP00000017827"
      },
     "ENSTRUP00000037805":{
       "Baseline MG94xREV":0.1094202859007744,
       "Baseline MG94xREV omega ratio":0.4056946181067664,
       "Corrected P-value":1,
       "Full adaptive model":0.1279641026589135,
       "Full adaptive model (non-synonymous subs/site)":0.07947832567422652,
       "Full adaptive model (synonymous subs/site)":0.04848577698468697,
       "LRT":1.839134700503564,
       "Nucleotide GTR":0.1046146216497785,
       "Rate Distributions":        [
[0.04260607826641653, 0.8474220240315329],
        [3.586721680377006, 0.1525779759684671] 
        ],
       "Rate classes":2,
       "Uncorrected P-value":0.1546179291701113,
       "original name":"ENSTRUP00000037805"
      },
     "NODE_3":{
       "Baseline MG94xREV":0.2216674537022467,
       "Baseline MG94xREV omega ratio":0.2995064902892207,
       "Corrected P-value":0.4097563525025945,
       "Full adaptive model":0.32891992725766,
       "Full adaptive model (non-synonymous subs/site)":0.2269758794910965,
       "Full adaptive model (synonymous subs/site)":0.1019440477665636,
       "LRT":4.169694207856082,
       "Nucleotide GTR":0.1936225804467634,
       "Rate Distributions":        [
[0, 0.8376834182749838],
        [4.881544920566876, 0.1623165817250162] 
        ],
       "Rate classes":2,
       "Uncorrected P-value":0.04552848361139938
      },
     "NODE_5":{
       "Baseline MG94xREV":0.1120988115374891,
       "Baseline MG94xREV omega ratio":0.07122468654123718,
       "Corrected P-value":1,
       "Full adaptive model":0.1122494073569675,
       "Full adaptive model (non-synonymous subs/site)":0.02258336841295903,
       "Full adaptive model (synonymous subs/site)":0.08966603894400854,
       "LRT":0,
       "Nucleotide GTR":0.04553100874144686,
       "Rate Distributions":        [
[0.08963199827248358, 1] 
        ],
       "Rate classes":1,
       "Uncorrected P-value":1
      },
     "NODE_7":{
       "Baseline MG94xREV":0.1678772935535602,
       "Baseline MG94xREV omega ratio":0.02242356721151628,
       "Corrected P-value":1,
       "Full adaptive model":0.1083814898091929,
       "Full adaptive model (non-synonymous subs/site)":1e-10,
       "Full adaptive model (synonymous subs/site)":0.1083814898091929,
       "LRT":0,
       "Nucleotide GTR":0.03695486774560922,
       "Rate Distributions":        [
[0, 1] 
        ],
       "Rate classes":1,
       "Uncorrected P-value":1
      }
    },
   "attributes":{
     "Baseline MG94xREV":{
       "attribute type":"branch length",
       "display order":1
      },
     "Baseline MG94xREV omega ratio":{
       "attribute type":"branch label",
       "display order":1
      },
     "Corrected P-value":{
       "attribute type":"branch label",
       "display order":6
      },
     "Full adaptive model":{
       "attribute type":"branch length",
       "display order":2
      },
     "Full adaptive model (non-synonymous subs/site)":{
       "attribute type":"branch label",
       "display order":10
      },
     "Full adaptive model (synonymous subs/site)":{
       "attribute type":"branch label",
       "display order":9
      },
     "LRT":{
       "attribute type":"branch label",
       "display order":4
      },
     "Nucleotide GTR":{
       "attribute type":"branch length",
       "display order":0
      },
     "Rate Distributions":{
       "attribute type":"branch label",
       "display order":3
      },
     "Rate classes":{
       "attribute type":"branch label",
       "display order":2
      },
     "Uncorrected P-value":{
       "attribute type":"branch label",
       "display order":5
      },
     "original name":{
       "attribute type":"node label",
       "display order":-1
      }
    }
  },