{
 "analysis":{
   "authors":"Sergei L Kosakovsky Pond, Ben Murrell, Steven Weaver and Temple iGEM / UCSD viral evolution group",
   "citation":"Less Is More: An Adaptive Branch-Site Random Effects Model for Efficient Detection of Episodic Diversifying Selection (2015). Mol Biol Evol 32 (5): 1342-1353. v2.2 adds support for multiple-hit models",
   "contact":"spond@temple.edu",
   "info":"aBSREL (Adaptive branch-site random effects likelihood)\n                            uses an adaptive random effects branch-site model framework\n                            to test whether each branch has evolved under positive selection,\n                            using a procedure which infers an optimal number of rate categories per branch.",
   "requirements":"in-frame codon alignment and a phylogenetic tree",
   "version":"2.2"
  },
 "branch attributes":{
   "0":{
     "9230113P08RIK_MOUSE":{
       "Baseline MG94xREV":0.04061618659043083,
       "Baseline MG94xREV omega ratio":0.3508893636363216,
       "Corrected P-value":0.1070286542349193,
       "Full adaptive model":0.2193403658721539,
       "Full adaptive model (non-synonymous subs/site)":0.1960592200400244,
       "Full adaptive model (synonymous subs/site)":0.02328114583212943,
       "LRT":7.922197991793837,
       "Nucleotide GTR":0.03945430857253349,
       "Rate Distributions":        [
[0, 0.9587641003243975],
        [77.41231620079584, 0.04123589967560248] 
        ],
       "Rate classes":2,
       "Uncorrected P-value":0.006689290889682453,
       "original name":"9230113P08RIK_MOUSE"
      },
     "ENSAMEP00000000164":{
       "Baseline MG94xREV":0.1071586922694696,
       "Baseline MG94xREV omega ratio":1.148133964923516,
       "Corrected P-value":0.3624847347136076,
       "Full adaptive model":256.6229175748334,
       "Full adaptive model (non-synonymous subs/site)":256.6058863055449,
       "Full adaptive model (synonymous subs/site)":0.01703126928849178,
       "LRT":5.401886169354384,
       "Nucleotide GTR":0.1086173389539481,
       "Rate Distributions":        [
[1, 0.9428981066786275],
        [100000, 0.0571018933213725] 
        ],
       "Rate classes":2,
       "Uncorrected P-value":0.02416564898090717,
       "original name":"ENSAMEP00000000164"
      },
     "ENSBTAP00000044687":{
       "Baseline MG94xREV":0.2939320954202312,
       "Baseline MG94xREV omega ratio":0.6546785078083777,
       "Corrected P-value":0.5297058793370987,
       "Full adaptive model":0.4264332730133621,
       "Full adaptive model (non-synonymous subs/site)":0.3422851003348635,
       "Full adaptive model (synonymous subs/site)":0.08414817267849846,
       "LRT":4.384804011285269,
       "Nucleotide GTR":0.282503061604717,
       "Rate Distributions":        [
[0.2191650749431835, 0.7391126723113959],
        [5.28916374853111, 0.2608873276886041] 
        ],
       "Rate classes":2,
       "Uncorrected P-value":0.04074660610285374,
       "original name":"ENSBTAP00000044687"
      },
     "ENSCJAP00000043943":{
       "Baseline MG94xREV":0.04378401125702971,
       "Baseline MG94xREV omega ratio":1.337231570323122,
       "Corrected P-value":1,
       "Full adaptive model":0.04569306462319161,
       "Full adaptive model (non-synonymous subs/site)":0.03613031765869152,
       "Full adaptive model (synonymous subs/site)":0.009562746964500138,
       "LRT":0.1734035858858078,
       "Nucleotide GTR":0.04503867275200504,
       "Rate Distributions":        [
[1.432160635586599, 1] 
        ],
       "Rate classes":1,
       "Uncorrected P-value":0.4105060447431382,
       "original name":"ENSCJAP00000043943"
      },
     "ENSCPOP00000020758":{
       "Baseline MG94xREV":0.2242853129923831,
       "Baseline MG94xREV omega ratio":0.6414902987696217,
       "Corrected P-value":1,
       "Full adaptive model":0.2223686207578582,
       "Full adaptive model (non-synonymous subs/site)":0.1341940861669142,
       "Full adaptive model (synonymous subs/site)":0.08817453459094422,
       "LRT":0,
       "Nucleotide GTR":0.2259757845717145,
       "Rate Distributions":        [
[0.5768897439594874, 1] 
        ],
       "Rate classes":1,
       "Uncorrected P-value":1,
       "original name":"ENSCPOP00000020758"
      },
     "ENSLAFP00000022082":{
       "Baseline MG94xREV":0.1327240621858679,
       "Baseline MG94xREV omega ratio":0.4592063558267826,
       "Corrected P-value":1,
       "Full adaptive model":0.1312758351667817,
       "Full adaptive model (non-synonymous subs/site)":0.07266475415301622,
       "Full adaptive model (synonymous subs/site)":0.0586110810137656,
       "LRT":0,
       "Nucleotide GTR":0.1299474120866173,
       "Rate Distributions":        [
[0.469944632766824, 1] 
        ],
       "Rate classes":1,
       "Uncorrected P-value":1,
       "original name":"ENSLAFP00000022082"
      },
     "ENSMLUP00000022388":{
       "Baseline MG94xREV":0.1059748893845499,
       "Baseline MG94xREV omega ratio":0.2722796554873276,
       "Corrected P-value":1,
       "Full adaptive model":0.1086508938732326,
       "Full adaptive model (non-synonymous subs/site)":0.04662020849739763,
       "Full adaptive model (synonymous subs/site)":0.06203068537583514,
       "LRT":0,
       "Nucleotide GTR":0.1025026348007176,
       "Rate Distributions":        [
[0.2848854366281285, 1] 
        ],
       "Rate classes":1,
       "Uncorrected P-value":1,
       "original name":"ENSMLUP00000022388"
      },
     "ENSOGAP00000016556":{
       "Baseline MG94xREV":0.1395917945579249,
       "Baseline MG94xREV omega ratio":0.6284038086329169,
       "Corrected P-value":0.5599929957894687,
       "Full adaptive model":0.1867440541423587,
       "Full adaptive model (non-synonymous subs/site)":0.137728050648166,
       "Full adaptive model (synonymous subs/site)":0.04901600349419268,
       "LRT":4.42071319173283,
       "Nucleotide GTR":0.1371674605001058,
       "Rate Distributions":        [
[0, 0.7653196986909483],
        [4.538480587061329, 0.2346803013090517] 
        ],
       "Rate classes":2,
       "Uncorrected P-value":0.03999949969924776,
       "original name":"ENSOGAP00000016556"
      },
     "ENSSTOP00000015690":{
       "Baseline MG94xREV":0.1436537168844202,
       "Baseline MG94xREV omega ratio":0.4723239567983311,
       "Corrected P-value":0.04108885841505461,
       "Full adaptive model":0.2829373414485548,
       "Full adaptive model (non-synonymous subs/site)":0.2375104321146901,
       "Full adaptive model (synonymous subs/site)":0.04542690933386468,
       "LRT":9.931313697800761,
       "Nucleotide GTR":0.1416102203629332,
       "Rate Distributions":        [
[0, 0.849226730018116],
        [13.14461173822032, 0.150773269981884] 
        ],
       "Rate classes":2,
       "Uncorrected P-value":0.0024169916714738,
       "original name":"ENSSTOP00000015690"
      },
     "LOC100362356_RAT":{
       "Baseline MG94xREV":0.05151645521517424,
       "Baseline MG94xREV omega ratio":0.7760342137469886,
       "Corrected P-value":1,
       "Full adaptive model":0.03734645859251049,
       "Full adaptive model (non-synonymous subs/site)":0.03251078915091876,
       "Full adaptive model (synonymous subs/site)":0.004835669441591744,
       "LRT":0.4586636793701473,
       "Nucleotide GTR":0.05164710213352059,
       "Rate Distributions":        [
[2.548434775726678, 1] 
        ],
       "Rate classes":1,
       "Uncorrected P-value":0.338169230207501,
       "original name":"LOC100362356_RAT"
      },
     "NODE_10":{
       "Baseline MG94xREV":0.01151438147038943,
       "Baseline MG94xREV omega ratio":10000000000,
       "Corrected P-value":1,
       "Full adaptive model":0.01718993428601391,
       "Full adaptive model (non-synonymous subs/site)":0.01718993428601391,
       "Full adaptive model (synonymous subs/site)":1e-10,
       "LRT":1.593256430043766,
       "Nucleotide GTR":0.008359464889994853,
       "Rate Distributions":        [
[10000000000, 1] 
        ],