{
 "analysis":{
   "authors":"Sergei L Kosakovsky Pond, Ben Murrell, Steven Weaver and Temple iGEM / UCSD viral evolution group",
   "citation":"Less Is More: An Adaptive Branch-Site Random Effects Model for Efficient Detection of Episodic Diversifying Selection (2015). Mol Biol Evol 32 (5): 1342-1353. v2.2 adds support for multiple-hit models",
   "contact":"spond@temple.edu",
   "info":"aBSREL (Adaptive branch-site random effects likelihood)\n                            uses an adaptive random effects branch-site model framework\n                            to test whether each branch has evolved under positive selection,\n                            using a procedure which infers an optimal number of rate categories per branch.",
   "requirements":"in-frame codon alignment and a phylogenetic tree",
   "version":"2.2"
  },
 "branch attributes":{
   "0":{
     "ENSCPOP00000016172":{
       "Baseline MG94xREV":0.1031118505767137,
       "Baseline MG94xREV omega ratio":0.5521542749466907,
       "Corrected P-value":1,
       "Full adaptive model":0.1128490017479857,
       "Full adaptive model (non-synonymous subs/site)":0.0707398697947072,
       "Full adaptive model (synonymous subs/site)":0.04210913195327846,
       "LRT":1.077003662874631,
       "Nucleotide GTR":0.09834534532825238,
       "Rate Distributions":        [
[0, 0.6843260079049007],
        [1.958012810084678, 0.3156739920950993] 
        ],
       "Rate classes":2,
       "Uncorrected P-value":0.2349603536162585,
       "original name":"ENSCPOP00000016172"
      },
     "ENSCPOP00000016773":{
       "Baseline MG94xREV":0.1528070544168346,
       "Baseline MG94xREV omega ratio":0.5721377019485464,
       "Corrected P-value":1,
       "Full adaptive model":0.1522110743707791,
       "Full adaptive model (non-synonymous subs/site)":0.08870302427876958,
       "Full adaptive model (synonymous subs/site)":0.06350805009200954,
       "LRT":0,
       "Nucleotide GTR":0.1455422116149323,
       "Rate Distributions":        [
[0.5138969173059944, 1] 
        ],
       "Rate classes":1,
       "Uncorrected P-value":1,
       "original name":"ENSCPOP00000016773"
      },
     "ENSCPOP00000018332":{
       "Baseline MG94xREV":0.1115257525549335,
       "Baseline MG94xREV omega ratio":0.3403512632698194,
       "Corrected P-value":0.3036211040638608,
       "Full adaptive model":0.2108308000791872,
       "Full adaptive model (non-synonymous subs/site)":0.1586406390982114,
       "Full adaptive model (synonymous subs/site)":0.05219016098097588,
       "LRT":4.52269361487015,
       "Nucleotide GTR":0.1017254098752757,
       "Rate Distributions":        [
[0.2169142850757497, 0.9491276130917053],
        [17.93719330614981, 0.05087238690829465] 
        ],
       "Rate classes":2,
       "Uncorrected P-value":0.0379526380079826,
       "original name":"ENSCPOP00000018332"
      },
     "ENSCPOP00000020708":{
       "Baseline MG94xREV":0.1383659968635622,
       "Baseline MG94xREV omega ratio":0.4428477426693987,
       "Corrected P-value":0.2506282667359919,
       "Full adaptive model":0.606785379848541,
       "Full adaptive model (non-synonymous subs/site)":0.5496015489078234,
       "Full adaptive model (synonymous subs/site)":0.05718383094071752,
       "LRT":5.125185169452379,
       "Nucleotide GTR":0.1330126728511567,
       "Rate Distributions":        [
[0.349578701572118, 0.9698837649957797],
        [106.1614727083279, 0.03011623500422034] 
        ],
       "Rate classes":2,
       "Uncorrected P-value":0.02784758519288799,
       "original name":"ENSCPOP00000020708"
      },
     "ENSOCUP00000017320":{
       "Baseline MG94xREV":0.1301129000512352,
       "Baseline MG94xREV omega ratio":0.4432919602440973,
       "Corrected P-value":0.6280558751434555,
       "Full adaptive model":0.1578978186346284,
       "Full adaptive model (non-synonymous subs/site)":0.1024608619164785,
       "Full adaptive model (synonymous subs/site)":0.05543695671814998,
       "LRT":2.571823751351985,
       "Nucleotide GTR":0.1203063435364909,
       "Rate Distributions":        [
[0.02424492484075216, 0.7423739178229647],
        [2.569717960323608, 0.2576260821770353] 
        ],
       "Rate classes":2,
       "Uncorrected P-value":0.1046759791905759,
       "original name":"ENSOCUP00000017320"
      },
     "ENSOCUP00000019946":{
       "Baseline MG94xREV":0.08385095280033389,
       "Baseline MG94xREV omega ratio":2.343218271610823,
       "Corrected P-value":0.1130004377272206,
       "Full adaptive model":0.1002372662041146,
       "Full adaptive model (non-synonymous subs/site)":0.09224131559703455,
       "Full adaptive model (synonymous subs/site)":0.007995950607080077,
       "LRT":7.078126380873073,
       "Nucleotide GTR":0.0880748578413736,
       "Rate Distributions":        [
[1, 0.8282250114393619],
        [19.88780917366471, 0.1717749885606381] 
        ],
       "Rate classes":2,
       "Uncorrected P-value":0.01027276706611097,
       "original name":"ENSOCUP00000019946"
      },
     "ENSOCUP00000025278":{
       "Baseline MG94xREV":0.06442114781070903,
       "Baseline MG94xREV omega ratio":0.3307355501037725,
       "Corrected P-value":0.7070479700844825,
       "Full adaptive model":0.1491715109468539,
       "Full adaptive model (non-synonymous subs/site)":0.1136108751880051,
       "Full adaptive model (synonymous subs/site)":0.03556063575884882,
       "LRT":2.639519629044116,
       "Nucleotide GTR":0.0584303100579756,
       "Rate Distributions":        [
[0.1969058151423806, 0.9792574558296943],
        [47.37425588050073, 0.02074254417030574] 
        ],
       "Rate classes":2,
       "Uncorrected P-value":0.1010068528692118,
       "original name":"ENSOCUP00000025278"
      },
     "NODE_10":{
       "Baseline MG94xREV":0.02878482383416667,
       "Baseline MG94xREV omega ratio":0.1816252055558603,
       "Corrected P-value":1,
       "Full adaptive model":0.02719649371743861,
       "Full adaptive model (non-synonymous subs/site)":0.00530119051754873,
       "Full adaptive model (synonymous subs/site)":0.02189530319988988,
       "LRT":0,
       "Nucleotide GTR":0.02886240987218765,
       "Rate Distributions":        [
[0.08908176494442287, 1] 
        ],
       "Rate classes":1,
       "Uncorrected P-value":1
      },
     "NODE_12":{
       "Baseline MG94xREV":0.067269639977542,
       "Baseline MG94xREV omega ratio":0.453795256181593,
       "Corrected P-value":1,
       "Full adaptive model":0.06077019371093489,
       "Full adaptive model (non-synonymous subs/site)":0.02913545382681935,
       "Full adaptive model (synonymous subs/site)":0.03163473988411557,
       "LRT":0,
       "Nucleotide GTR":0.06183289326851722,
       "Rate Distributions":        [
[0.338862790954619, 1] 
        ],
       "Rate classes":1,
       "Uncorrected P-value":1
      },
     "NODE_3":{
       "Baseline MG94xREV":0.08554546842024414,
       "Baseline MG94xREV omega ratio":0.2506712656992388,
       "Corrected P-value":0.1957333391702437,
       "Full adaptive model":0.1275755487574749,
       "Full adaptive model (non-synonymous subs/site)":0.08204149794822374,
       "Full adaptive model (synonymous subs/site)":0.04553405080925117,
       "LRT":5.813830575481916,
       "Nucleotide GTR":0.07871325689703541,
       "Rate Distributions":        [
[0, 0.911785299689634],
        [7.514891151807776, 0.08821470031036605] 
        ],
       "Rate classes":2,
       "Uncorrected P-value":0.01957333391702437
      },
     "NODE_8":{
       "Baseline MG94xREV":0.02090488299478757,
       "Baseline MG94xREV omega ratio":0.8174886330917061,
       "Corrected P-value":1,
       "Full adaptive model":0.02263301378395563,
       "Full adaptive model (non-synonymous subs/site)":0.01931514842939194,
       "Full adaptive model (synonymous subs/site)":0.003317865354563666,
       "LRT":0.1539190426774439,
       "Nucleotide GTR":0.02227275146062993,