{
 "analysis":{
   "authors":"Sergei L Kosakovsky Pond, Ben Murrell, Steven Weaver and Temple iGEM / UCSD viral evolution group",
   "citation":"Less Is More: An Adaptive Branch-Site Random Effects Model for Efficient Detection of Episodic Diversifying Selection (2015). Mol Biol Evol 32 (5): 1342-1353. v2.2 adds support for multiple-hit models",
   "contact":"spond@temple.edu",
   "info":"aBSREL (Adaptive branch-site random effects likelihood)\n                            uses an adaptive random effects branch-site model framework\n                            to test whether each branch has evolved under positive selection,\n                            using a procedure which infers an optimal number of rate categories per branch.",
   "requirements":"in-frame codon alignment and a phylogenetic tree",
   "version":"2.2"
  },
 "branch attributes":{
   "0":{
     "NODE_10":{
       "Baseline MG94xREV":0.007606386007577054,
       "Baseline MG94xREV omega ratio":0.7181018175984077,
       "Corrected P-value":1,
       "Full adaptive model":0.00765728159288134,
       "Full adaptive model (non-synonymous subs/site)":0.004653519318622692,
       "Full adaptive model (synonymous subs/site)":0.003003762274258649,
       "LRT":0,
       "Nucleotide GTR":0.0075450893231301,
       "Rate Distributions":        [
[0.7093783574955418, 1] 
        ],
       "Rate classes":1,
       "Uncorrected P-value":1
      },
     "NODE_12":{
       "Baseline MG94xREV":0.09083499800291213,
       "Baseline MG94xREV omega ratio":0.994244557146014,
       "Corrected P-value":0.1816821522336822,
       "Full adaptive model":0.4836701378857656,
       "Full adaptive model (non-synonymous subs/site)":0.4596105766458414,
       "Full adaptive model (synonymous subs/site)":0.02405956123992411,
       "LRT":6.146268530238103,
       "Nucleotide GTR":0.09024911678950347,
       "Rate Distributions":        [
[1, 0.9796486328784393],
        [381.6674905435943, 0.02035136712156072] 
        ],
       "Rate classes":2,
       "Uncorrected P-value":0.01651655929397111
      },
     "NODE_3":{
       "Baseline MG94xREV":0.007281537149166992,
       "Baseline MG94xREV omega ratio":0.2862094945801892,
       "Corrected P-value":1,
       "Full adaptive model":0.007309403108767382,
       "Full adaptive model (non-synonymous subs/site)":0.002802383673970539,
       "Full adaptive model (synonymous subs/site)":0.004507019434796845,
       "LRT":0,
       "Nucleotide GTR":0.007207106518293065,
       "Rate Distributions":        [
[0.2847083045481277, 1] 
        ],
       "Rate classes":1,
       "Uncorrected P-value":1
      },
     "NODE_5":{
       "Baseline MG94xREV":0.006325150423157361,
       "Baseline MG94xREV omega ratio":0.1788688223972376,
       "Corrected P-value":1,
       "Full adaptive model":0.006286217282779502,
       "Full adaptive model (non-synonymous subs/site)":0.00172984765222409,
       "Full adaptive model (synonymous subs/site)":0.004556369630555419,
       "LRT":0,
       "Nucleotide GTR":0.006429173782249315,
       "Rate Distributions":        [
[0.1738404668658697, 1] 
        ],
       "Rate classes":1,
       "Uncorrected P-value":1
      },
     "SI_DKEY_31M5_2_DANRE":{
       "Baseline MG94xREV":0.01280589743057615,
       "Baseline MG94xREV omega ratio":0.5531474908490247,
       "Corrected P-value":1,
       "Full adaptive model":0.0128056051283174,
       "Full adaptive model (non-synonymous subs/site)":0.006981536596197564,
       "Full adaptive model (synonymous subs/site)":0.005824068532119811,
       "LRT":0,
       "Nucleotide GTR":0.01263990801439649,
       "Rate Distributions":        [
[0.5488915106175455, 1] 
        ],
       "Rate classes":1,
       "Uncorrected P-value":1,
       "original name":"SI@DKEY-31M5.2_DANRE"
      },
     "SI_DKEY_31M5_4_DANRE":{
       "Baseline MG94xREV":0,
       "Baseline MG94xREV omega ratio":1,
       "Corrected P-value":1,
       "Full adaptive model":0,
       "Full adaptive model (non-synonymous subs/site)":1e-10,
       "Full adaptive model (synonymous subs/site)":1e-10,
       "LRT":0,
       "Nucleotide GTR":0,
       "Rate Distributions":        [
[1, 1] 
        ],
       "Rate classes":1,
       "Uncorrected P-value":1,
       "original name":"SI@DKEY-31M5.4_DANRE"
      },
     "SI_DKEY_31M5_6_DANRE":{
       "Baseline MG94xREV":0,
       "Baseline MG94xREV omega ratio":1,
       "Corrected P-value":1,
       "Full adaptive model":0,
       "Full adaptive model (non-synonymous subs/site)":1e-10,
       "Full adaptive model (synonymous subs/site)":1e-10,
       "LRT":0,
       "Nucleotide GTR":0,
       "Rate Distributions":        [
[1, 1] 
        ],
       "Rate classes":1,
       "Uncorrected P-value":1,
       "original name":"SI@DKEY-31M5.6_DANRE"
      },
     "SI_DKEY_40M6_11_DANRE":{
       "Baseline MG94xREV":0.009894569189745402,
       "Baseline MG94xREV omega ratio":1.053335683740999,
       "Corrected P-value":1,
       "Full adaptive model":0.009972702243131466,
       "Full adaptive model (non-synonymous subs/site)":0.006949329495389812,
       "Full adaptive model (synonymous subs/site)":0.003023372747741657,
       "LRT":0.003115283876013564,
       "Nucleotide GTR":0.009663828018912048,
       "Rate Distributions":        [
[1.052478375326025, 1] 
        ],
       "Rate classes":1,
       "Uncorrected P-value":0.4906309515446526,
       "original name":"SI@DKEY-40M6.11_DANRE"
      },
     "SI_DKEY_58B18_2_DANRE":{
       "Baseline MG94xREV":0.001514046705756276,
       "Baseline MG94xREV omega ratio":0,
       "Corrected P-value":1,
       "Full adaptive model":0.001514095402639517,
       "Full adaptive model (non-synonymous subs/site)":1e-10,
       "Full adaptive model (synonymous subs/site)":0.001514095402639517,
       "LRT":0,
       "Nucleotide GTR":0.001505052682255866,
       "Rate Distributions":        [
[0, 1] 
        ],
       "Rate classes":1,
       "Uncorrected P-value":1,
       "original name":"SI@DKEY-58B18.2_DANRE"
      },
     "SI_DKEY_58B18_5_DANRE":{
       "Baseline MG94xREV":0.001518947622287925,
       "Baseline MG94xREV omega ratio":10000000000,
       "Corrected P-value":1,
       "Full adaptive model":0.001518537367760985,
       "Full adaptive model (non-synonymous subs/site)":0.001518537367760985,
       "Full adaptive model (synonymous subs/site)":1e-10,
       "LRT":0.7502114986691595,
       "Nucleotide GTR":0.001518277970348425,
       "Rate Distributions":        [
[10000000000, 1] 
        ],
       "Rate classes":1,
       "Uncorrected P-value":0.2834468361410897,
       "original name":"SI@DKEY-58B18.5_DANRE"
      },
     "SI_DKEY_58B18_8_DANRE":{
       "Baseline MG94xREV":0.007643084891813447,
       "Baseline MG94xREV omega ratio":0.6487602440027956,
       "Corrected P-value":1,
       "Full adaptive model":0.007598896100674882,
       "Full adaptive model (non-synonymous subs/site)":0.004461695708897488,
       "Full adaptive model (synonymous subs/site)":0.003137200391777399,
       "LRT":0,
       "Nucleotide GTR":0.007636774384564386,
       "Rate Distributions":        [
[0.6512078975713254, 1] 
        ],
       "Rate classes":1,
       "Uncorrected P-value":1,
       "original name":"SI@DKEY-58B18.8_DANRE"
      }
    },
   "attributes":{
     "Baseline MG94xREV":{
       "attribute type":"branch length",
       "display order":1
      },
     "Baseline MG94xREV omega ratio":{
       "attribute type":"branch label",
       "display order":1
      },
     "Corrected P-value":{
       "attribute type":"branch label",
       "display order":6
      },
     "Full adaptive model":{
       "attribute type":"branch length",
       "display order":2
      },
     "Full adaptive model (non-synonymous subs/site)":{
       "attribute type":"branch label",
       "display order":10
      },
     "Full adaptive model (synonymous subs/site)":{
       "attribute type":"branch label",
       "display order":9
      },