{
 "analysis":{
   "authors":"Sergei L Kosakovsky Pond, Ben Murrell, Steven Weaver and Temple iGEM / UCSD viral evolution group",
   "citation":"Less Is More: An Adaptive Branch-Site Random Effects Model for Efficient Detection of Episodic Diversifying Selection (2015). Mol Biol Evol 32 (5): 1342-1353. v2.2 adds support for multiple-hit models",
   "contact":"spond@temple.edu",
   "info":"aBSREL (Adaptive branch-site random effects likelihood)\n                            uses an adaptive random effects branch-site model framework\n                            to test whether each branch has evolved under positive selection,\n                            using a procedure which infers an optimal number of rate categories per branch.",
   "requirements":"in-frame codon alignment and a phylogenetic tree",
   "version":"2.2"
  },
 "branch attributes":{
   "0":{
     "ENSGACP00000003424":{
       "Baseline MG94xREV":0.1473293598456001,
       "Baseline MG94xREV omega ratio":0.228077461687488,
       "Corrected P-value":1,
       "Full adaptive model":0.15432788903599,
       "Full adaptive model (non-synonymous subs/site)":0.05811160312024553,
       "Full adaptive model (synonymous subs/site)":0.09621628591574445,
       "LRT":0,
       "Nucleotide GTR":0.1271453167402952,
       "Rate Distributions":        [
[0, 0.7603007783965355],
        [0.9380209780668647, 0.2396992216034645] 
        ],
       "Rate classes":2,
       "Uncorrected P-value":1,
       "original name":"ENSGACP00000003424"
      },
     "ENSGMOP00000007355":{
       "Baseline MG94xREV":0.4618867747342879,
       "Baseline MG94xREV omega ratio":0.1202381203399476,
       "Corrected P-value":1,
       "Full adaptive model":0.370917159547688,
       "Full adaptive model (non-synonymous subs/site)":0.1480072808040429,
       "Full adaptive model (synonymous subs/site)":0.2229098787436452,
       "LRT":0.3271351461626182,
       "Nucleotide GTR":0.2297830377490732,
       "Rate Distributions":        [
[0.08217794485345868, 0.8901630069590437],
        [1.584450464259418, 0.1098369930409563] 
        ],
       "Rate classes":2,
       "Uncorrected P-value":0.368202917493934,
       "original name":"ENSGMOP00000007355"
      },
     "ENSLACP00000003457":{
       "Baseline MG94xREV":9.989261406323939,
       "Baseline MG94xREV omega ratio":0.01115838284794182,
       "Corrected P-value":1,
       "Full adaptive model":0.9084527707244329,
       "Full adaptive model (non-synonymous subs/site)":0.3569793446215533,
       "Full adaptive model (synonymous subs/site)":0.5514734261028795,
       "LRT":0,
       "Nucleotide GTR":0.446080074269084,
       "Rate Distributions":        [
[0.008546206353810513, 0.5991749505153803],
        [0.5884379280481705, 0.4008250494846197] 
        ],
       "Rate classes":2,
       "Uncorrected P-value":1,
       "original name":"ENSLACP00000003457"
      },
     "ENSORLP00000001805":{
       "Baseline MG94xREV":0.3473381455777347,
       "Baseline MG94xREV omega ratio":0.2378566679079931,
       "Corrected P-value":1,
       "Full adaptive model":0.3156831534763174,
       "Full adaptive model (non-synonymous subs/site)":0.1317030142792303,
       "Full adaptive model (synonymous subs/site)":0.1839801391970871,
       "LRT":0,
       "Nucleotide GTR":0.2371129343077487,
       "Rate Distributions":        [
[0, 0.5838267369105542],
        [0.640347182331868, 0.4161732630894458] 
        ],
       "Rate classes":2,
       "Uncorrected P-value":1,
       "original name":"ENSORLP00000001805"
      },
     "ENSTNIP00000020233":{
       "Baseline MG94xREV":0.08502612437760122,
       "Baseline MG94xREV omega ratio":0.2232447353138839,
       "Corrected P-value":1,
       "Full adaptive model":0.09146748568430346,
       "Full adaptive model (non-synonymous subs/site)":0.0350951117507555,
       "Full adaptive model (synonymous subs/site)":0.05637237393354796,
       "LRT":2.184303189238562,
       "Nucleotide GTR":0.07100613245161932,
       "Rate Distributions":        [
[0, 0.8822467858455066],
        [1.968214568818021, 0.1177532141544934] 
        ],
       "Rate classes":2,
       "Uncorrected P-value":0.1285329912294566,
       "original name":"ENSTNIP00000020233"
      },
     "ENSTRUP00000021744":{
       "Baseline MG94xREV":0.05683248963711524,
       "Baseline MG94xREV omega ratio":0.3204664148934726,
       "Corrected P-value":1,
       "Full adaptive model":0.05725023893885681,
       "Full adaptive model (non-synonymous subs/site)":0.02378003880057316,
       "Full adaptive model (synonymous subs/site)":0.03347020013828365,
       "LRT":0.1180971985741053,
       "Nucleotide GTR":0.05830701935739177,
       "Rate Distributions":        [
[0, 0.7951255148270089],
        [1.291014979243267, 0.2048744851729911] 
        ],
       "Rate classes":2,
       "Uncorrected P-value":0.4290197795373366,
       "original name":"ENSTRUP00000021744"
      },
     "NODE_3":{
       "Baseline MG94xREV":0.02260476715599724,
       "Baseline MG94xREV omega ratio":0.7240858317538024,
       "Corrected P-value":1,
       "Full adaptive model":0.0202707773727522,
       "Full adaptive model (non-synonymous subs/site)":0.01247464744325689,
       "Full adaptive model (synonymous subs/site)":0.007796129929495278,
       "LRT":0,
       "Nucleotide GTR":0.02860200389399097,
       "Rate Distributions":        [
[0.5956815089170059, 1] 
        ],
       "Rate classes":1,
       "Uncorrected P-value":1
      },
     "NODE_6":{
       "Baseline MG94xREV":0.1345760107817906,
       "Baseline MG94xREV omega ratio":0.1971570136331762,
       "Corrected P-value":1,
       "Full adaptive model":0.1194178960239833,
       "Full adaptive model (non-synonymous subs/site)":0.04541566078870955,
       "Full adaptive model (synonymous subs/site)":0.07400223523527374,
       "LRT":0,
       "Nucleotide GTR":0.09123737879813158,
       "Rate Distributions":        [
[0, 0.7502724826832931],
        [0.9148698321527123, 0.2497275173167069] 
        ],
       "Rate classes":2,
       "Uncorrected P-value":1
      },
     "NODE_7":{
       "Baseline MG94xREV":0.08980551110055406,
       "Baseline MG94xREV omega ratio":0.2949945830335519,
       "Corrected P-value":0.4880344757519267,
       "Full adaptive model":0.1044948282107774,
       "Full adaptive model (non-synonymous subs/site)":0.06219965721723573,
       "Full adaptive model (synonymous subs/site)":0.04229517099354163,
       "LRT":4.035235566218034,
       "Nucleotide GTR":0.0751090553579518,
       "Rate Distributions":        [
[0.06098848105110152, 0.9482240008082384],
        [9.456920563234027, 0.05177599919176157] 
        ],
       "Rate classes":2,
       "Uncorrected P-value":0.04880344757519267
      },
     "NODE_9":{
       "Baseline MG94xREV":0.7294975073222543,
       "Baseline MG94xREV omega ratio":0.02174646029908282,
       "Corrected P-value":1,
       "Full adaptive model":0.4199656815034917,
       "Full adaptive model (non-synonymous subs/site)":0.04613691765369143,
       "Full adaptive model (synonymous subs/site)":0.3738287638498003,
       "LRT":0.02864760954980738,
       "Nucleotide GTR":0.1149846938177115,
       "Rate Distributions":        [
[0.01971043007158786, 0.9799704909122282],
        [1.329519655052819, 0.02002950908777179] 
        ],
       "Rate classes":2,
       "Uncorrected P-value":0.468852537116991
      },
     "SI_CH73_105B23_1_DANRE":{
       "Baseline MG94xREV":0.2435713066563031,
       "Baseline MG94xREV omega ratio":0.2745652473808232,
       "Corrected P-value":0.2206132148640995,
       "Full adaptive model":0.1813401719333737,
       "Full adaptive model (non-synonymous subs/site)":0.1691656874063103,
       "Full adaptive model (synonymous subs/site)":0.01217448452706335,
       "LRT":5.766202187925956,
       "Nucleotide GTR":0.1860431860359824,
       "Rate Distributions":        [
[0, 0.8067359465321852],
        [26.7655097289515, 0.1932640534678148] 
        ],