{
 "analysis":{
   "authors":"Sergei L Kosakovsky Pond, Ben Murrell, Steven Weaver and Temple iGEM / UCSD viral evolution group",
   "citation":"Less Is More: An Adaptive Branch-Site Random Effects Model for Efficient Detection of Episodic Diversifying Selection (2015). Mol Biol Evol 32 (5): 1342-1353. v2.2 adds support for multiple-hit models",
   "contact":"spond@temple.edu",
   "info":"aBSREL (Adaptive branch-site random effects likelihood)\n                            uses an adaptive random effects branch-site model framework\n                            to test whether each branch has evolved under positive selection,\n                            using a procedure which infers an optimal number of rate categories per branch.",
   "requirements":"in-frame codon alignment and a phylogenetic tree",
   "version":"2.2"
  },
 "branch attributes":{
   "0":{
     "CCDC48_ANOCA":{
       "Baseline MG94xREV":1202.136086032792,
       "Baseline MG94xREV omega ratio":4.627312644487015e-05,
       "Corrected P-value":1,
       "Full adaptive model":1.570118449174068,
       "Full adaptive model (non-synonymous subs/site)":0.2771808539562269,
       "Full adaptive model (synonymous subs/site)":1.292937595217841,
       "LRT":0,
       "Nucleotide GTR":0.3724869160244886,
       "Rate Distributions":        [
[0.02965616100277173, 0.8927721209833063],
        [0.5112523374120689, 0.1072278790166937] 
        ],
       "Rate classes":2,
       "Uncorrected P-value":1,
       "original name":"CCDC48_ANOCA"
      },
     "ENSDARP00000102004":{
       "Baseline MG94xREV":0.1719228599757609,
       "Baseline MG94xREV omega ratio":0.6243683675149058,
       "Corrected P-value":0.9886713271353487,
       "Full adaptive model":0.1960510554086759,
       "Full adaptive model (non-synonymous subs/site)":0.195914844386337,
       "Full adaptive model (synonymous subs/site)":0.0001362110223388457,
       "LRT":2.680186668696479,
       "Nucleotide GTR":0.2515792739712881,
       "Rate Distributions":        [
[1, 0.7402688985481344],
        [2097.145407235428, 0.2597311014518656] 
        ],
       "Rate classes":2,
       "Uncorrected P-value":0.09886713271353487,
       "original name":"ENSDARP00000102004"
      },
     "ENSGACP00000014473":{
       "Baseline MG94xREV":0.127953205552003,
       "Baseline MG94xREV omega ratio":0.1478266996414439,
       "Corrected P-value":1,
       "Full adaptive model":0.1343957359555201,
       "Full adaptive model (non-synonymous subs/site)":0.03678161135327207,
       "Full adaptive model (synonymous subs/site)":0.09761412460224794,
       "LRT":0,
       "Nucleotide GTR":0.1015514038242736,
       "Rate Distributions":        [
[0.1428911483702033, 1] 
        ],
       "Rate classes":1,
       "Uncorrected P-value":1,
       "original name":"ENSGACP00000014473"
      },
     "ENSGMOP00000002181":{
       "Baseline MG94xREV":0.2086658251742809,
       "Baseline MG94xREV omega ratio":0.0368374606504324,
       "Corrected P-value":1,
       "Full adaptive model":0.2692012904831616,
       "Full adaptive model (non-synonymous subs/site)":0.01667876165070558,
       "Full adaptive model (synonymous subs/site)":0.2525225288324563,
       "LRT":0,
       "Nucleotide GTR":0.1168637404996768,
       "Rate Distributions":        [
[0.02504672294466412, 1] 
        ],
       "Rate classes":1,
       "Uncorrected P-value":1,
       "original name":"ENSGMOP00000002181"
      },
     "ENSONIP00000004114":{
       "Baseline MG94xREV":0.02126851385819977,
       "Baseline MG94xREV omega ratio":0.3454451165729334,
       "Corrected P-value":1,
       "Full adaptive model":0.04485527889312097,
       "Full adaptive model (non-synonymous subs/site)":0.01250854871789327,
       "Full adaptive model (synonymous subs/site)":0.03234673017522768,
       "LRT":0,
       "Nucleotide GTR":0.06220936969524254,
       "Rate Distributions":        [
[0.1466438242367912, 1] 
        ],
       "Rate classes":1,
       "Uncorrected P-value":1,
       "original name":"ENSONIP00000004114"
      },
     "ENSTNIP00000010181":{
       "Baseline MG94xREV":0.04941972106774611,
       "Baseline MG94xREV omega ratio":0.1981941781360476,
       "Corrected P-value":1,
       "Full adaptive model":0.05035976524407568,
       "Full adaptive model (non-synonymous subs/site)":0.01736789229411719,
       "Full adaptive model (synonymous subs/site)":0.03299187294995844,
       "LRT":0,
       "Nucleotide GTR":0.04747338889015367,
       "Rate Distributions":        [
[0.1996307255977849, 1] 
        ],
       "Rate classes":1,
       "Uncorrected P-value":1,
       "original name":"ENSTNIP00000010181"
      },
     "ENSTRUP00000000302":{
       "Baseline MG94xREV":0.06340903044706213,
       "Baseline MG94xREV omega ratio":0.1055638075009176,
       "Corrected P-value":1,
       "Full adaptive model":0.06364931534778641,
       "Full adaptive model (non-synonymous subs/site)":0.01421095622044407,
       "Full adaptive model (synonymous subs/site)":0.04943835912734233,
       "LRT":0,
       "Nucleotide GTR":0.05670336168191289,
       "Rate Distributions":        [
[0.1090050184638568, 1] 
        ],
       "Rate classes":1,
       "Uncorrected P-value":1,
       "original name":"ENSTRUP00000000302"
      },
     "NODE_3":{
       "Baseline MG94xREV":0.1288276302201343,
       "Baseline MG94xREV omega ratio":0.06406003880118988,
       "Corrected P-value":1,
       "Full adaptive model":0.1341328028744195,
       "Full adaptive model (non-synonymous subs/site)":0.01937367761666426,
       "Full adaptive model (synonymous subs/site)":0.1147591252577552,
       "LRT":0,
       "Nucleotide GTR":0.0873053091712557,
       "Rate Distributions":        [
[0.06401947063539222, 1] 
        ],
       "Rate classes":1,
       "Uncorrected P-value":1
      },
     "NODE_5":{
       "Baseline MG94xREV":0.06519361183105915,
       "Baseline MG94xREV omega ratio":0.0390521670307068,
       "Corrected P-value":1,
       "Full adaptive model":0.04081416482848745,
       "Full adaptive model (non-synonymous subs/site)":0.005923625581397884,
       "Full adaptive model (synonymous subs/site)":0.0348905392470896,
       "LRT":0,
       "Nucleotide GTR":0.0164979783969731,
       "Rate Distributions":        [
[0.06438239934362151, 1] 
        ],
       "Rate classes":1,
       "Uncorrected P-value":1
      },
     "NODE_7":{
       "Baseline MG94xREV":0.1315200073621082,
       "Baseline MG94xREV omega ratio":0.07939655888191945,
       "Corrected P-value":0.01520144592222117,
       "Full adaptive model":2.702603589669378,
       "Full adaptive model (non-synonymous subs/site)":2.702390504337982,
       "Full adaptive model (synonymous subs/site)":0.0002130853313960293,
       "LRT":11.03733131323224,
       "Nucleotide GTR":0.0725753671509088,
       "Rate Distributions":        [
[0, 0.9519070086012761],
        [100000, 0.04809299139872392] 
        ],
       "Rate classes":2,
       "Uncorrected P-value":0.001381949629292833
      },
     "NODE_9":{
       "Baseline MG94xREV":0.5777329511510385,
       "Baseline MG94xREV omega ratio":0.0350030589670248,
       "Corrected P-value":1,
       "Full adaptive model":0.6077448341857057,
       "Full adaptive model (non-synonymous subs/site)":0.1234178680747168,
       "Full adaptive model (synonymous subs/site)":0.4843269661109889,
       "LRT":0,
       "Nucleotide GTR":0.1302781549698437,
       "Rate Distributions":        [
[0.01120894397489657, 0.9055650488807122],
        [0.9157926241327919, 0.09443495111928779] 
        ],
       "Rate classes":2,
       "Uncorrected P-value":1
      }
    },
   "attributes":{
     "Baseline MG94xREV":{
       "attribute type":"branch length",
       "display order":1
      },
     "Baseline MG94xREV omega ratio":{
       "attribute type":"branch label",
       "display order":1
      },
     "Corrected P-value":{
       "attribute type":"branch label",
       "display order":6
      },