{
 "analysis":{
   "authors":"Sergei L Kosakovsky Pond, Ben Murrell, Steven Weaver and Temple iGEM / UCSD viral evolution group",
   "citation":"Less Is More: An Adaptive Branch-Site Random Effects Model for Efficient Detection of Episodic Diversifying Selection (2015). Mol Biol Evol 32 (5): 1342-1353. v2.2 adds support for multiple-hit models",
   "contact":"spond@temple.edu",
   "info":"aBSREL (Adaptive branch-site random effects likelihood)\n                            uses an adaptive random effects branch-site model framework\n                            to test whether each branch has evolved under positive selection,\n                            using a procedure which infers an optimal number of rate categories per branch.",
   "requirements":"in-frame codon alignment and a phylogenetic tree",
   "version":"2.2"
  },
 "branch attributes":{
   "0":{
     "BX005082_2_DANRE":{
       "Baseline MG94xREV":0.3715841418283974,
       "Baseline MG94xREV omega ratio":0.05584244376675198,
       "Corrected P-value":0.2131995698926246,
       "Full adaptive model":6.529956112425452,
       "Full adaptive model (non-synonymous subs/site)":6.321101060662073,
       "Full adaptive model (synonymous subs/site)":0.2088550517633799,
       "LRT":5.210911915251927,
       "Nucleotide GTR":0.1661508317706205,
       "Rate Distributions":        [
[0.03748447351833087, 0.9519479940454924],
        [219.2574714814993, 0.04805200595450765] 
        ],
       "Rate classes":2,
       "Uncorrected P-value":0.02664994623657807,
       "original name":"BX005082.2_DANRE"
      },
     "ENSACAP00000002472":{
       "Baseline MG94xREV":0.3627997954808418,
       "Baseline MG94xREV omega ratio":0.1183911491423587,
       "Corrected P-value":0.4211145441592047,
       "Full adaptive model":6.070266159514624,
       "Full adaptive model (non-synonymous subs/site)":5.867117841720977,
       "Full adaptive model (synonymous subs/site)":0.2031483177936466,
       "LRT":3.334830544783472,
       "Nucleotide GTR":0.2136702520731447,
       "Rate Distributions":        [
[0.05918599809109062, 0.7783005966449124],
        [0.3735140665894201, 0.1783137531175187],
        [229.9187030365522, 0.04338565023756891] 
        ],
       "Rate classes":3,
       "Uncorrected P-value":0.07018575735986746,
       "original name":"ENSACAP00000002472"
      },
     "ENSLACP00000002312":{
       "Baseline MG94xREV":0.2212383127710938,
       "Baseline MG94xREV omega ratio":0.04223284034105845,
       "Corrected P-value":0.9889253204964253,
       "Full adaptive model":0.5198389508576425,
       "Full adaptive model (non-synonymous subs/site)":0.283428706564409,
       "Full adaptive model (synonymous subs/site)":0.2364102442932336,
       "LRT":0.001131842160248198,
       "Nucleotide GTR":0.1483219863748642,
       "Rate Distributions":        [
[0.02777316836671604, 0.9997489934532992],
        [1557.699535943612, 0.0002510065467008493] 
        ],
       "Rate classes":2,
       "Uncorrected P-value":0.4944626602482127,
       "original name":"ENSLACP00000002312"
      },
     "ENSMGAP00000001550":{
       "Baseline MG94xREV":0.04154330105820506,
       "Baseline MG94xREV omega ratio":0.06838219874937439,
       "Corrected P-value":0.5078910207929926,
       "Full adaptive model":0.03807028494226836,
       "Full adaptive model (non-synonymous subs/site)":0.01097220158767742,
       "Full adaptive model (synonymous subs/site)":0.02709808335459094,
       "LRT":2.628811820355622,
       "Nucleotide GTR":0.03697042634529277,
       "Rate Distributions":        [
[0, 0.9757336833624742],
        [5.828246776810181, 0.02426631663752576] 
        ],
       "Rate classes":2,
       "Uncorrected P-value":0.1015782041585985,
       "original name":"ENSMGAP00000001550"
      },
     "ENSTGUP00000005941":{
       "Baseline MG94xREV":0.06235465139123716,
       "Baseline MG94xREV omega ratio":0.05135767954635926,
       "Corrected P-value":1,
       "Full adaptive model":0.0701484217773425,
       "Full adaptive model (non-synonymous subs/site)":0.0068835085763232,
       "Full adaptive model (synonymous subs/site)":0.06326491320101929,
       "LRT":0,
       "Nucleotide GTR":0.05166233659245015,
       "Rate Distributions":        [
[0.03800436932409341, 1] 
        ],
       "Rate classes":1,
       "Uncorrected P-value":1,
       "original name":"ENSTGUP00000005941"
      },
     "NODE_3":{
       "Baseline MG94xREV":0.07758976485867249,
       "Baseline MG94xREV omega ratio":0.07792213204980017,
       "Corrected P-value":0.2081242857903556,
       "Full adaptive model":4.63346837554087,
       "Full adaptive model (non-synonymous subs/site)":4.578601869817522,
       "Full adaptive model (synonymous subs/site)":0.05486650572334757,
       "LRT":5.48785982517802,
       "Nucleotide GTR":0.07395097167092399,
       "Rate Distributions":        [
[0.02370433691116084, 0.9813087628968632],
        [1558.215072452064, 0.0186912371031368] 
        ],
       "Rate classes":2,
       "Uncorrected P-value":0.02312492064337285
      },
     "NODE_5":{
       "Baseline MG94xREV":0.0006197556654008418,
       "Baseline MG94xREV omega ratio":10000000000,
       "Corrected P-value":1,
       "Full adaptive model":0.0005592299738466982,
       "Full adaptive model (non-synonymous subs/site)":0.0005592299738466982,
       "Full adaptive model (synonymous subs/site)":1e-10,
       "LRT":0.01186399653670378,
       "Nucleotide GTR":0.004055348479477608,
       "Rate Distributions":        [
[10000000000, 1] 
        ],
       "Rate classes":1,
       "Uncorrected P-value":0.4808785438260667
      },
     "NODE_8":{
       "Baseline MG94xREV":0.1911376935362886,
       "Baseline MG94xREV omega ratio":0.03873832866082617,
       "Corrected P-value":0.4377669364571545,
       "Full adaptive model":11.84259655284103,
       "Full adaptive model (non-synonymous subs/site)":11.72881436439909,
       "Full adaptive model (synonymous subs/site)":0.1137821884419368,
       "LRT":3.55663723917678,
       "Nucleotide GTR":0.06695579619446401,
       "Rate Distributions":        [
[0.03427531201436157, 0.9906537085732898],
        [3848.729097997258, 0.009346291426710174] 
        ],
       "Rate classes":2,
       "Uncorrected P-value":0.0625381337795935
      },
     "Q0D2E2_XENTR":{
       "Baseline MG94xREV":0.668163895993664,
       "Baseline MG94xREV omega ratio":0.03092709450501556,
       "Corrected P-value":1,
       "Full adaptive model":4.092998501799488,
       "Full adaptive model (non-synonymous subs/site)":3.613232228187394,
       "Full adaptive model (synonymous subs/site)":0.479766273612093,
       "LRT":0.2375500871421536,
       "Nucleotide GTR":0.2280284302590722,
       "Rate Distributions":        [
[0.02482297587771076, 0.9691540267885567],
        [0.02499390364920547, 0.002059966425815502],
        [90.54672732817217, 0.02878600678562783] 
        ],
       "Rate classes":3,
       "Uncorrected P-value":0.3915985018765087,
       "original name":"Q0D2E2_XENTR"
      }
    },
   "attributes":{
     "Baseline MG94xREV":{
       "attribute type":"branch length",
       "display order":1
      },
     "Baseline MG94xREV omega ratio":{
       "attribute type":"branch label",
       "display order":1
      },
     "Corrected P-value":{
       "attribute type":"branch label",
       "display order":6
      },
     "Full adaptive model":{
       "attribute type":"branch length",
       "display order":2
      },
     "Full adaptive model (non-synonymous subs/site)":{
       "attribute type":"branch label",
       "display order":10
      },
     "Full adaptive model (synonymous subs/site)":{
       "attribute type":"branch label",
       "display order":9
      },
     "LRT":{
       "attribute type":"branch label",
       "display order":4
      },
     "Nucleotide GTR":{
       "attribute type":"branch length",
       "display order":0
      },