{
 "analysis":{
   "authors":"Sergei L Kosakovsky Pond, Ben Murrell, Steven Weaver and Temple iGEM / UCSD viral evolution group",
   "citation":"Less Is More: An Adaptive Branch-Site Random Effects Model for Efficient Detection of Episodic Diversifying Selection (2015). Mol Biol Evol 32 (5): 1342-1353. v2.2 adds support for multiple-hit models",
   "contact":"spond@temple.edu",
   "info":"aBSREL (Adaptive branch-site random effects likelihood)\n                            uses an adaptive random effects branch-site model framework\n                            to test whether each branch has evolved under positive selection,\n                            using a procedure which infers an optimal number of rate categories per branch.",
   "requirements":"in-frame codon alignment and a phylogenetic tree",
   "version":"2.2"
  },
 "branch attributes":{
   "0":{
     "CU896602_4_DANRE":{
       "Baseline MG94xREV":0.2371962302631968,
       "Baseline MG94xREV omega ratio":0.2194042916085395,
       "Corrected P-value":0.7878045718653834,
       "Full adaptive model":2612.749621894352,
       "Full adaptive model (non-synonymous subs/site)":2612.642863220918,
       "Full adaptive model (synonymous subs/site)":0.1067586734343158,
       "LRT":4.246145235113545,
       "Nucleotide GTR":0.1895365001774388,
       "Rate Distributions":        [
[0.1364224973059971, 0.9140657002528397],
        [100000, 0.08593429974716027] 
        ],
       "Rate classes":2,
       "Uncorrected P-value":0.04376692065918797,
       "original name":"CU896602.4_DANRE"
      },
     "ENSGACP00000010723":{
       "Baseline MG94xREV":0.2894978986451914,
       "Baseline MG94xREV omega ratio":0.1272867887867134,
       "Corrected P-value":1,
       "Full adaptive model":0.2872339685692863,
       "Full adaptive model (non-synonymous subs/site)":0.07314474629400854,
       "Full adaptive model (synonymous subs/site)":0.2140892222752779,
       "LRT":0,
       "Nucleotide GTR":0.1843133254221398,
       "Rate Distributions":        [
[0.1199732154733427, 1] 
        ],
       "Rate classes":1,
       "Uncorrected P-value":1,
       "original name":"ENSGACP00000010723"
      },
     "ENSGACP00000017790":{
       "Baseline MG94xREV":0.06256678217603524,
       "Baseline MG94xREV omega ratio":0.4550494909861352,
       "Corrected P-value":1,
       "Full adaptive model":0.07097845576030069,
       "Full adaptive model (non-synonymous subs/site)":0.03093203253844025,
       "Full adaptive model (synonymous subs/site)":0.04004642322186031,
       "LRT":0,
       "Nucleotide GTR":0.06559376505587079,
       "Rate Distributions":        [
[0.2712318529950275, 1] 
        ],
       "Rate classes":1,
       "Uncorrected P-value":1,
       "original name":"ENSGACP00000017790"
      },
     "ENSGMOP00000007691":{
       "Baseline MG94xREV":0.3000529167522872,
       "Baseline MG94xREV omega ratio":0.1476480495684248,
       "Corrected P-value":1,
       "Full adaptive model":0.3138314186321784,
       "Full adaptive model (non-synonymous subs/site)":0.1065840058819018,
       "Full adaptive model (synonymous subs/site)":0.2072474127502766,
       "LRT":0,
       "Nucleotide GTR":0.1627212702245883,
       "Rate Distributions":        [
[0, 0.7019059527336112],
        [0.6058227571118106, 0.2980940472663888] 
        ],
       "Rate classes":2,
       "Uncorrected P-value":1,
       "original name":"ENSGMOP00000007691"
      },
     "ENSGMOP00000013813":{
       "Baseline MG94xREV":0.4090748066354217,
       "Baseline MG94xREV omega ratio":0.05136382715487119,
       "Corrected P-value":1,
       "Full adaptive model":0.3988494454749954,
       "Full adaptive model (non-synonymous subs/site)":0.07523282812985288,
       "Full adaptive model (synonymous subs/site)":0.3236166173451425,
       "LRT":0,
       "Nucleotide GTR":0.1634809262937956,
       "Rate Distributions":        [
[0, 0.8460089097420126],
        [0.5301233644452295, 0.1539910902579874] 
        ],
       "Rate classes":2,
       "Uncorrected P-value":1,
       "original name":"ENSGMOP00000013813"
      },
     "ENSONIP00000012287":{
       "Baseline MG94xREV":0.06845448816499081,
       "Baseline MG94xREV omega ratio":0.5353878532619826,
       "Corrected P-value":1,
       "Full adaptive model":0.06901468448079505,
       "Full adaptive model (non-synonymous subs/site)":0.04299914819473136,
       "Full adaptive model (synonymous subs/site)":0.02601553628606375,
       "LRT":0,
       "Nucleotide GTR":0.1117934738389071,
       "Rate Distributions":        [
[0.5803941613685152, 1] 
        ],
       "Rate classes":1,
       "Uncorrected P-value":1,
       "original name":"ENSONIP00000012287"
      },
     "ENSONIP00000025246":{
       "Baseline MG94xREV":0.08817520630088399,
       "Baseline MG94xREV omega ratio":0.07513958037620361,
       "Corrected P-value":1,
       "Full adaptive model":0.09148807053840169,
       "Full adaptive model (non-synonymous subs/site)":0.02166517489551519,
       "Full adaptive model (synonymous subs/site)":0.06982289564288648,
       "LRT":0.6660553055044147,
       "Nucleotide GTR":0.1081500416911189,
       "Rate Distributions":        [
[0.001756228571910975, 0.9582950563109601],
        [2.572244510307427, 0.04170494368903988] 
        ],
       "Rate classes":2,
       "Uncorrected P-value":0.2979111715319738,
       "original name":"ENSONIP00000025246"
      },
     "ENSORLP00000008760":{
       "Baseline MG94xREV":0.1515910691195073,
       "Baseline MG94xREV omega ratio":0.242088152061524,
       "Corrected P-value":1,
       "Full adaptive model":0.1435291232612956,
       "Full adaptive model (non-synonymous subs/site)":0.05805900403645533,
       "Full adaptive model (synonymous subs/site)":0.08547011922484044,
       "LRT":0,
       "Nucleotide GTR":0.1712770982531543,
       "Rate Distributions":        [
[0.2385345197001191, 1] 
        ],
       "Rate classes":1,
       "Uncorrected P-value":1,
       "original name":"ENSORLP00000008760"
      },
     "ENSTNIP00000003817":{
       "Baseline MG94xREV":0.1966978641298416,
       "Baseline MG94xREV omega ratio":0.141549009427247,
       "Corrected P-value":1,
       "Full adaptive model":0.2000601827286065,
       "Full adaptive model (non-synonymous subs/site)":0.08137158407083252,
       "Full adaptive model (synonymous subs/site)":0.118688598657774,
       "LRT":0.01717921188082983,
       "Nucleotide GTR":0.1430577487905198,
       "Rate Distributions":        [
[0.001028718503860976, 0.7824381744706033],
        [1.102865602284111, 0.2175618255293967] 
        ],
       "Rate classes":2,
       "Uncorrected P-value":0.4765782206672343,
       "original name":"ENSTNIP00000003817"
      },
     "ENSTNIP00000009452":{
       "Baseline MG94xREV":0.2174241697058097,
       "Baseline MG94xREV omega ratio":0.08506992580515459,
       "Corrected P-value":1,
       "Full adaptive model":0.2163936556804445,
       "Full adaptive model (non-synonymous subs/site)":0.04085374389284346,
       "Full adaptive model (synonymous subs/site)":0.1755399117876012,
       "LRT":0,
       "Nucleotide GTR":0.1442192084161131,
       "Rate Distributions":        [
[0.08172443968376843, 1] 
        ],
       "Rate classes":1,
       "Uncorrected P-value":1,
       "original name":"ENSTNIP00000009452"
      },
     "NODE_14":{
       "Baseline MG94xREV":0.1214580137594129,
       "Baseline MG94xREV omega ratio":0,
       "Corrected P-value":1,
       "Full adaptive model":0.1074346319846101,
       "Full adaptive model (non-synonymous subs/site)":1e-10,
       "Full adaptive model (synonymous subs/site)":0.1074346319846101,
       "LRT":0,
       "Nucleotide GTR":0.02365004243127144,
       "Rate Distributions":        [
[0, 1] 
        ],
       "Rate classes":1,
       "Uncorrected P-value":1
      },
     "NODE_16":{
       "Baseline MG94xREV":0.09623353526053537,
       "Baseline MG94xREV omega ratio":0.1099445322944054,