{
 "analysis":{
   "authors":"Sergei L Kosakovsky Pond, Ben Murrell, Steven Weaver and Temple iGEM / UCSD viral evolution group",
   "citation":"Less Is More: An Adaptive Branch-Site Random Effects Model for Efficient Detection of Episodic Diversifying Selection (2015). Mol Biol Evol 32 (5): 1342-1353. v2.2 adds support for multiple-hit models",
   "contact":"spond@temple.edu",
   "info":"aBSREL (Adaptive branch-site random effects likelihood)\n                            uses an adaptive random effects branch-site model framework\n                            to test whether each branch has evolved under positive selection,\n                            using a procedure which infers an optimal number of rate categories per branch.",
   "requirements":"in-frame codon alignment and a phylogenetic tree",
   "version":"2.2"
  },
 "branch attributes":{
   "0":{
     "ENSGACP00000013590":{
       "Baseline MG94xREV":0.09337900548199808,
       "Baseline MG94xREV omega ratio":0.0951142889767118,
       "Corrected P-value":1,
       "Full adaptive model":0.7530061368107136,
       "Full adaptive model (non-synonymous subs/site)":0.6794557452203628,
       "Full adaptive model (synonymous subs/site)":0.07355039159035079,
       "LRT":2.301542655513913,
       "Nucleotide GTR":0.07689014354368022,
       "Rate Distributions":        [
[0.07123611315286411, 0.9950747328563936],
        [649.0608361940592, 0.004925267143606415] 
        ],
       "Rate classes":2,
       "Uncorrected P-value":0.120766905408332,
       "original name":"ENSGACP00000013590"
      },
     "ENSLACP00000009662":{
       "Baseline MG94xREV":0.8353508833512963,
       "Baseline MG94xREV omega ratio":0.05048809318591036,
       "Corrected P-value":1,
       "Full adaptive model":36.45513125228494,
       "Full adaptive model (non-synonymous subs/site)":36.07794287930186,
       "Full adaptive model (synonymous subs/site)":0.3771883729830914,
       "LRT":0.7821519373264891,
       "Nucleotide GTR":0.2608852312238167,
       "Rate Distributions":        [
[0.03984381366709309, 0.9053316402991378],
        [357.0089571186135, 0.09466835970086218] 
        ],
       "Rate classes":2,
       "Uncorrected P-value":0.2781953938637804,
       "original name":"ENSLACP00000009662"
      },
     "ENSONIP00000020085":{
       "Baseline MG94xREV":0.06821238777605594,
       "Baseline MG94xREV omega ratio":0.03338458198306937,
       "Corrected P-value":1,
       "Full adaptive model":0.06493086012337347,
       "Full adaptive model (non-synonymous subs/site)":0.005175638749576322,
       "Full adaptive model (synonymous subs/site)":0.05975522137379713,
       "LRT":0,
       "Nucleotide GTR":0.05332563479297249,
       "Rate Distributions":        [
[0.03063739701060821, 1] 
        ],
       "Rate classes":1,
       "Uncorrected P-value":1,
       "original name":"ENSONIP00000020085"
      },
     "ENSORLP00000012638":{
       "Baseline MG94xREV":0.1226506100036481,
       "Baseline MG94xREV omega ratio":0.0201557618965837,
       "Corrected P-value":1,
       "Full adaptive model":0.1147669110037806,
       "Full adaptive model (non-synonymous subs/site)":0.00582689734809995,
       "Full adaptive model (synonymous subs/site)":0.1089400136556807,
       "LRT":0,
       "Nucleotide GTR":0.08965138821544075,
       "Rate Distributions":        [
[0.01891967666717007, 1] 
        ],
       "Rate classes":1,
       "Uncorrected P-value":1,
       "original name":"ENSORLP00000012638"
      },
     "ENSTNIP00000018512":{
       "Baseline MG94xREV":0.05426869481209404,
       "Baseline MG94xREV omega ratio":0.02832227557971168,
       "Corrected P-value":1,
       "Full adaptive model":0.05293952927190551,
       "Full adaptive model (non-synonymous subs/site)":0.003519763251138957,
       "Full adaptive model (synonymous subs/site)":0.04941976602076648,
       "LRT":0,
       "Nucleotide GTR":0.04533773423289239,
       "Rate Distributions":        [
[0.02519280563303734, 1] 
        ],
       "Rate classes":1,
       "Uncorrected P-value":1,
       "original name":"ENSTNIP00000018512"
      },
     "ENSTRUP00000015499":{
       "Baseline MG94xREV":0.03307596631525931,
       "Baseline MG94xREV omega ratio":0,
       "Corrected P-value":1,
       "Full adaptive model":0.03385424744857351,
       "Full adaptive model (non-synonymous subs/site)":1e-10,
       "Full adaptive model (synonymous subs/site)":0.03385424744857351,
       "LRT":0,
       "Nucleotide GTR":0.03082104109133137,
       "Rate Distributions":        [
[0, 1] 
        ],
       "Rate classes":1,
       "Uncorrected P-value":1,
       "original name":"ENSTRUP00000015499"
      },
     "NODE_3":{
       "Baseline MG94xREV":0.02393000832102875,
       "Baseline MG94xREV omega ratio":0.1029659931977846,
       "Corrected P-value":1,
       "Full adaptive model":0.03099901259194701,
       "Full adaptive model (non-synonymous subs/site)":0.00499039835107024,
       "Full adaptive model (synonymous subs/site)":0.02600861424087674,
       "LRT":0,
       "Nucleotide GTR":0.03057531766318949,
       "Rate Distributions":        [
[0.06787061256551609, 1] 
        ],
       "Rate classes":1,
       "Uncorrected P-value":1
      },
     "NODE_6":{
       "Baseline MG94xREV":0.004327854747241486,
       "Baseline MG94xREV omega ratio":0.2976317827041425,
       "Corrected P-value":1,
       "Full adaptive model":0.00458702503891368,
       "Full adaptive model (non-synonymous subs/site)":0.001756640069613682,
       "Full adaptive model (synonymous subs/site)":0.002830384969299997,
       "LRT":0,
       "Nucleotide GTR":0.01326403316278559,
       "Rate Distributions":        [
[0.219533622634686, 1] 
        ],
       "Rate classes":1,
       "Uncorrected P-value":1
      },
     "NODE_8":{
       "Baseline MG94xREV":0.04263887993122666,
       "Baseline MG94xREV omega ratio":0,
       "Corrected P-value":1,
       "Full adaptive model":0.03538932762102889,
       "Full adaptive model (non-synonymous subs/site)":1e-10,
       "Full adaptive model (synonymous subs/site)":0.03538932762102889,
       "LRT":0,
       "Nucleotide GTR":0.0266855881989221,
       "Rate Distributions":        [
[0, 1] 
        ],
       "Rate classes":1,
       "Uncorrected P-value":1
      },
     "NODE_9":{
       "Baseline MG94xREV":0.1299713507601262,
       "Baseline MG94xREV omega ratio":0.03409603114932275,
       "Corrected P-value":1,
       "Full adaptive model":0.08484094932710985,
       "Full adaptive model (non-synonymous subs/site)":0.01999337074250478,
       "Full adaptive model (synonymous subs/site)":0.06484757858460508,
       "LRT":1.382735656858131,
       "Nucleotide GTR":0.07680699404947824,
       "Rate Distributions":        [
[0, 0.9680303810859432],
        [3.411289394531276, 0.03196961891405681] 
        ],
       "Rate classes":2,
       "Uncorrected P-value":0.1981942833382556
      },
     "RHOBTB2A_DANRE":{
       "Baseline MG94xREV":0.3309907242874109,
       "Baseline MG94xREV omega ratio":0.02231667592214032,
       "Corrected P-value":1,
       "Full adaptive model":3.417946523144981,
       "Full adaptive model (non-synonymous subs/site)":3.151071612438346,
       "Full adaptive model (synonymous subs/site)":0.2668749107066356,
       "LRT":0.6237366803325131,
       "Nucleotide GTR":0.1325661562670234,
       "Rate Distributions":        [
[0.01720425545860489, 0.99391831518744],
        [683.9252439920316, 0.006081684812559995] 
        ],
       "Rate classes":2,
       "Uncorrected P-value":0.3055557905716444,
       "original name":"RHOBTB2A_DANRE"
      }
    },
   "attributes":{
     "Baseline MG94xREV":{
       "attribute type":"branch length",
       "display order":1
      },
     "Baseline MG94xREV omega ratio":{
       "attribute type":"branch label",
       "display order":1
      },
     "Corrected P-value":{
       "attribute type":"branch label",
       "display order":6
      },