{
 "analysis":{
   "authors":"Sergei L Kosakovsky Pond, Ben Murrell, Steven Weaver and Temple iGEM / UCSD viral evolution group",
   "citation":"Less Is More: An Adaptive Branch-Site Random Effects Model for Efficient Detection of Episodic Diversifying Selection (2015). Mol Biol Evol 32 (5): 1342-1353. v2.2 adds support for multiple-hit models",
   "contact":"spond@temple.edu",
   "info":"aBSREL (Adaptive branch-site random effects likelihood)\n                            uses an adaptive random effects branch-site model framework\n                            to test whether each branch has evolved under positive selection,\n                            using a procedure which infers an optimal number of rate categories per branch.",
   "requirements":"in-frame codon alignment and a phylogenetic tree",
   "version":"2.2"
  },
 "branch attributes":{
   "0":{
     "ENSDORP00000012296":{
       "Baseline MG94xREV":0.1595280261095104,
       "Baseline MG94xREV omega ratio":0.2561442610063459,
       "Corrected P-value":0.8863332080797026,
       "Full adaptive model":4.123238378580608,
       "Full adaptive model (non-synonymous subs/site)":4.026964384331489,
       "Full adaptive model (synonymous subs/site)":0.09627399424911948,
       "LRT":2.464295068350111,
       "Nucleotide GTR":0.1369512983368159,
       "Rate Distributions":        [
[0.2045379596014973, 0.9830644886887732],
        [872.9535141922453, 0.01693551131122684] 
        ],
       "Rate classes":2,
       "Uncorrected P-value":0.1107916510099628,
       "original name":"ENSDORP00000012296"
      },
     "ENSFCAP00000010622":{
       "Baseline MG94xREV":0.09190844247827289,
       "Baseline MG94xREV omega ratio":0.2702445999355961,
       "Corrected P-value":1,
       "Full adaptive model":0.08918492078650565,
       "Full adaptive model (non-synonymous subs/site)":0.03666512529322973,
       "Full adaptive model (synonymous subs/site)":0.052519795493276,
       "LRT":0,
       "Nucleotide GTR":0.08286260433749469,
       "Rate Distributions":        [
[0.2501023380998298, 1] 
        ],
       "Rate classes":1,
       "Uncorrected P-value":1,
       "original name":"ENSFCAP00000010622"
      },
     "ENSMEUP00000013576":{
       "Baseline MG94xREV":0.1765934472328393,
       "Baseline MG94xREV omega ratio":0.1093008355415728,
       "Corrected P-value":1,
       "Full adaptive model":0.1951860920933825,
       "Full adaptive model (non-synonymous subs/site)":0.05030243414513905,
       "Full adaptive model (synonymous subs/site)":0.1448836579482434,
       "LRT":0,
       "Nucleotide GTR":0.1142235544211426,
       "Rate Distributions":        [
[0, 0.7932344987355401],
        [0.6015602414070206, 0.2067655012644599] 
        ],
       "Rate classes":2,
       "Uncorrected P-value":1,
       "original name":"ENSMEUP00000013576"
      },
     "ENSMICP00000011923":{
       "Baseline MG94xREV":0.08998502881612387,
       "Baseline MG94xREV omega ratio":0.1983412094363278,
       "Corrected P-value":1,
       "Full adaptive model":0.09321463705047763,
       "Full adaptive model (non-synonymous subs/site)":0.03129771148981459,
       "Full adaptive model (synonymous subs/site)":0.06191692556066297,
       "LRT":0,
       "Nucleotide GTR":0.07776655841924938,
       "Rate Distributions":        [
[0.1810884718401522, 1] 
        ],
       "Rate classes":1,
       "Uncorrected P-value":1,
       "original name":"ENSMICP00000011923"
      },
     "ENSOPRP00000011832":{
       "Baseline MG94xREV":0.1361482867611799,
       "Baseline MG94xREV omega ratio":0.1483898156352842,
       "Corrected P-value":1,
       "Full adaptive model":0.1488566832916297,
       "Full adaptive model (non-synonymous subs/site)":0.04888968397090775,
       "Full adaptive model (synonymous subs/site)":0.09996699932072191,
       "LRT":0,
       "Nucleotide GTR":0.1111100295252041,
       "Rate Distributions":        [
[0, 0.7813963641225997],
        [0.8014765082062119, 0.2186036358774003] 
        ],
       "Rate classes":2,
       "Uncorrected P-value":1,
       "original name":"ENSOPRP00000011832"
      },
     "ENSTNIP00000011630":{
       "Baseline MG94xREV":1093.336095754001,
       "Baseline MG94xREV omega ratio":7.634927918035511e-05,
       "Corrected P-value":1,
       "Full adaptive model":6.244577164652611,
       "Full adaptive model (non-synonymous subs/site)":2.485204090336449,
       "Full adaptive model (synonymous subs/site)":3.759373074316162,
       "LRT":-0.0003307141796540236,
       "Nucleotide GTR":0.4734267057207653,
       "Rate Distributions":        [
[0, 0.3886170950195766],
        [0.02400150893102559, 0.422308549246669],
        [1.198960091031773, 0.1890743557337544] 
        ],
       "Rate classes":3,
       "Uncorrected P-value":0.5,
       "original name":"ENSTNIP00000011630"
      },
     "NODE_3":{
       "Baseline MG94xREV":0.01468903524272683,
       "Baseline MG94xREV omega ratio":0.4653518101100282,
       "Corrected P-value":0.7771833834710753,
       "Full adaptive model":0.01510346961498106,
       "Full adaptive model (non-synonymous subs/site)":0.009419038477113621,
       "Full adaptive model (synonymous subs/site)":0.005684431137867438,
       "LRT":2.93792280537491,
       "Nucleotide GTR":0.01701499869355543,
       "Rate Distributions":        [
[0, 0.956408533276779],
        [13.61776025376764, 0.04359146672322101] 
        ],
       "Rate classes":2,
       "Uncorrected P-value":0.08635370927456393
      },
     "NODE_5":{
       "Baseline MG94xREV":0.01560071406777237,
       "Baseline MG94xREV omega ratio":0.05180203352577096,
       "Corrected P-value":1,
       "Full adaptive model":0.02111555922270684,
       "Full adaptive model (non-synonymous subs/site)":0.003421061175941943,
       "Full adaptive model (synonymous subs/site)":0.01769449804676489,
       "LRT":0,
       "Nucleotide GTR":0.01647610602938165,
       "Rate Distributions":        [
[0.06926441935517932, 1] 
        ],
       "Rate classes":1,
       "Uncorrected P-value":1
      },
     "NODE_7":{
       "Baseline MG94xREV":0.1203119773337376,
       "Baseline MG94xREV omega ratio":0.1989675218072734,
       "Corrected P-value":1,
       "Full adaptive model":0.1359457622637261,
       "Full adaptive model (non-synonymous subs/site)":0.06862380575296939,
       "Full adaptive model (synonymous subs/site)":0.06732195651075665,
       "LRT":1.317421245916194,
       "Nucleotide GTR":0.1105386890626457,
       "Rate Distributions":        [
[0.07968316631898002, 0.9278761669436946],
        [4.038093596324082, 0.07212383305630543] 
        ],
       "Rate classes":2,
       "Uncorrected P-value":0.2054665304302016
      }
    },
   "attributes":{
     "Baseline MG94xREV":{
       "attribute type":"branch length",
       "display order":1
      },
     "Baseline MG94xREV omega ratio":{
       "attribute type":"branch label",
       "display order":1
      },
     "Corrected P-value":{
       "attribute type":"branch label",
       "display order":6
      },
     "Full adaptive model":{
       "attribute type":"branch length",
       "display order":2
      },
     "Full adaptive model (non-synonymous subs/site)":{
       "attribute type":"branch label",
       "display order":10
      },
     "Full adaptive model (synonymous subs/site)":{
       "attribute type":"branch label",
       "display order":9
      },
     "LRT":{
       "attribute type":"branch label",
       "display order":4
      },
     "Nucleotide GTR":{
       "attribute type":"branch length",
       "display order":0
      },
     "Rate Distributions":{
       "attribute type":"branch label",
       "display order":3
      },
     "Rate classes":{
       "attribute type":"branch label",
       "display order":2
      },
     "Uncorrected P-value":{
       "attribute type":"branch label",
       "display order":5
      },
     "original name":{
       "attribute type":"node label",