{
 "analysis":{
   "authors":"Sergei L Kosakovsky Pond, Ben Murrell, Steven Weaver and Temple iGEM / UCSD viral evolution group",
   "citation":"Less Is More: An Adaptive Branch-Site Random Effects Model for Efficient Detection of Episodic Diversifying Selection (2015). Mol Biol Evol 32 (5): 1342-1353. v2.2 adds support for multiple-hit models",
   "contact":"spond@temple.edu",
   "info":"aBSREL (Adaptive branch-site random effects likelihood)\n                            uses an adaptive random effects branch-site model framework\n                            to test whether each branch has evolved under positive selection,\n                            using a procedure which infers an optimal number of rate categories per branch.",
   "requirements":"in-frame codon alignment and a phylogenetic tree",
   "version":"2.2"
  },
 "branch attributes":{
   "0":{
     "ENSTGUP00000014061":{
       "Baseline MG94xREV":0.02126946877025201,
       "Baseline MG94xREV omega ratio":0.2776086467713897,
       "Corrected P-value":1,
       "Full adaptive model":0.02193713253379487,
       "Full adaptive model (non-synonymous subs/site)":0.00940570072271244,
       "Full adaptive model (synonymous subs/site)":0.01253143181108242,
       "LRT":0,
       "Nucleotide GTR":0.02035110241760041,
       "Rate Distributions":        [
[0.2483780620490375, 1] 
        ],
       "Rate classes":1,
       "Uncorrected P-value":1,
       "original name":"ENSTGUP00000014061"
      },
     "ENSTGUP00000014324":{
       "Baseline MG94xREV":0.01490801942285657,
       "Baseline MG94xREV omega ratio":0.2156259281361993,
       "Corrected P-value":0.1430295742654903,
       "Full adaptive model":1.097342422137738,
       "Full adaptive model (non-synonymous subs/site)":1.088345667903193,
       "Full adaptive model (synonymous subs/site)":0.008996754234545719,
       "LRT":6.615309636581514,
       "Nucleotide GTR":0.01484695307512964,
       "Rate Distributions":        [
[0.1193464095019576, 0.9956091470520145],
        [9090.000000003736, 0.004390852947985469] 
        ],
       "Rate classes":2,
       "Uncorrected P-value":0.01300268856959003,
       "original name":"ENSTGUP00000014324"
      },
     "ENSTGUP00000014638":{
       "Baseline MG94xREV":0.007851929040959486,
       "Baseline MG94xREV omega ratio":0.05513812418415222,
       "Corrected P-value":1,
       "Full adaptive model":0.007880531276680794,
       "Full adaptive model (non-synonymous subs/site)":0.001109595930197712,
       "Full adaptive model (synonymous subs/site)":0.006770935346483087,
       "LRT":0,
       "Nucleotide GTR":0.007438893769640929,
       "Rate Distributions":        [
[0.05422991975642041, 1] 
        ],
       "Rate classes":1,
       "Uncorrected P-value":1,
       "original name":"ENSTGUP00000014638"
      },
     "ENSTGUP00000015527":{
       "Baseline MG94xREV":0.01559574913700258,
       "Baseline MG94xREV omega ratio":0.256644648579603,
       "Corrected P-value":1,
       "Full adaptive model":0.0155677407679868,
       "Full adaptive model (non-synonymous subs/site)":0.006587195730028397,
       "Full adaptive model (synonymous subs/site)":0.008980545037958412,
       "LRT":0,
       "Nucleotide GTR":0.01591702310880032,
       "Rate Distributions":        [
[0.2427284297912329, 1] 
        ],
       "Rate classes":1,
       "Uncorrected P-value":1,
       "original name":"ENSTGUP00000015527"
      },
     "ENSTGUP00000016771":{
       "Baseline MG94xREV":0.01158230669078441,
       "Baseline MG94xREV omega ratio":0.7787096593349507,
       "Corrected P-value":0.4191696176181892,
       "Full adaptive model":0.01373155850549812,
       "Full adaptive model (non-synonymous subs/site)":0.01017373683438922,
       "Full adaptive model (synonymous subs/site)":0.003557821671108904,
       "LRT":3.897905896030352,
       "Nucleotide GTR":0.01142726522695002,
       "Rate Distributions":        [
[0.226634512112764, 0.9766344259751274],
        [31.02597449596594, 0.0233655740248726] 
        ],
       "Rate classes":2,
       "Uncorrected P-value":0.05239620220227365,
       "original name":"ENSTGUP00000016771"
      },
     "ENSTGUP00000017195":{
       "Baseline MG94xREV":0.01599128196217184,
       "Baseline MG94xREV omega ratio":0.2891395246557336,
       "Corrected P-value":1,
       "Full adaptive model":0.01601177262457695,
       "Full adaptive model (non-synonymous subs/site)":0.007280739887302026,
       "Full adaptive model (synonymous subs/site)":0.008731032737274923,
       "LRT":0,
       "Nucleotide GTR":0.01589628823544881,
       "Rate Distributions":        [
[0.2759514450132068, 1] 
        ],
       "Rate classes":1,
       "Uncorrected P-value":1,
       "original name":"ENSTGUP00000017195"
      },
     "ENSTGUP00000017889":{
       "Baseline MG94xREV":0.01150976756908598,
       "Baseline MG94xREV omega ratio":0.252021806835134,
       "Corrected P-value":1,
       "Full adaptive model":0.01145315411931705,
       "Full adaptive model (non-synonymous subs/site)":0.004785532778519685,
       "Full adaptive model (synonymous subs/site)":0.006667621340797361,
       "LRT":0,
       "Nucleotide GTR":0.01168948029141891,
       "Rate Distributions":        [
[0.2375101319135089, 1] 
        ],
       "Rate classes":1,
       "Uncorrected P-value":1,
       "original name":"ENSTGUP00000017889"
      },
     "ENSTGUP00000017941":{
       "Baseline MG94xREV":0.02385325578210637,
       "Baseline MG94xREV omega ratio":0.2601865419020513,
       "Corrected P-value":0.2393662491288751,
       "Full adaptive model":0.1170803040645221,
       "Full adaptive model (non-synonymous subs/site)":0.1067733255575849,
       "Full adaptive model (synonymous subs/site)":0.01030697850693719,
       "LRT":5.420480375401894,
       "Nucleotide GTR":0.02397547876655419,
       "Rate Distributions":        [
[0.20588953505046, 0.9888438485997962],
        [289.0345186575978, 0.01115615140020376] 
        ],
       "Rate classes":2,
       "Uncorrected P-value":0.02393662491288751,
       "original name":"ENSTGUP00000017941"
      },
     "NODE_11":{
       "Baseline MG94xREV":0.01019838626685854,
       "Baseline MG94xREV omega ratio":0.3262290728270996,
       "Corrected P-value":0.3714205649518755,
       "Full adaptive model":0.01108241973049183,
       "Full adaptive model (non-synonymous subs/site)":0.006693332561756721,
       "Full adaptive model (synonymous subs/site)":0.004389087168735113,
       "LRT":4.360092529500434,
       "Nucleotide GTR":0.01055750072673678,
       "Rate Distributions":        [
[0, 0.9811191849589462],
        [26.72823205570063, 0.01888081504105377] 
        ],
       "Rate classes":2,
       "Uncorrected P-value":0.0412689516613195
      },
     "NODE_13":{
       "Baseline MG94xREV":0.03210820234480001,
       "Baseline MG94xREV omega ratio":0.4481290758361639,
       "Corrected P-value":0.09917809928061438,
       "Full adaptive model":62.25353202254963,
       "Full adaptive model (non-synonymous subs/site)":62.24264126426186,
       "Full adaptive model (synonymous subs/site)":0.01089075828777333,
       "LRT":7.505815162930958,
       "Nucleotide GTR":0.03220415618188318,
       "Rate Distributions":        [
[0.3187543179444987, 0.9810904649723597],
        [100000, 0.01890953502764026] 
        ],
       "Rate classes":2,
       "Uncorrected P-value":0.008264841606717865
      },
     "NODE_14":{
       "Baseline MG94xREV":0.009603067150654503,
       "Baseline MG94xREV omega ratio":1.090018297129779,
       "Corrected P-value":1,
       "Full adaptive model":0.00895304969407543,
       "Full adaptive model (non-synonymous subs/site)":0.007277199953587736,
       "Full adaptive model (synonymous subs/site)":0.001675849740487704,
       "LRT":0.06892741438150551,
       "Nucleotide GTR":0.01004915634790211,
       "Rate Distributions":        [
[1.436984240243485, 1] 
        ],
       "Rate classes":1,