{
 "analysis":{
   "authors":"Sergei L Kosakovsky Pond, Ben Murrell, Steven Weaver and Temple iGEM / UCSD viral evolution group",
   "citation":"Less Is More: An Adaptive Branch-Site Random Effects Model for Efficient Detection of Episodic Diversifying Selection (2015). Mol Biol Evol 32 (5): 1342-1353. v2.2 adds support for multiple-hit models",
   "contact":"spond@temple.edu",
   "info":"aBSREL (Adaptive branch-site random effects likelihood)\n                            uses an adaptive random effects branch-site model framework\n                            to test whether each branch has evolved under positive selection,\n                            using a procedure which infers an optimal number of rate categories per branch.",
   "requirements":"in-frame codon alignment and a phylogenetic tree",
   "version":"2.2"
  },
 "branch attributes":{
   "0":{
     "ENSDARP00000088022":{
       "Baseline MG94xREV":1168.382385037869,
       "Baseline MG94xREV omega ratio":6.518390700161901e-05,
       "Corrected P-value":1,
       "Full adaptive model":2.077478722305377,
       "Full adaptive model (non-synonymous subs/site)":0.6270817219300506,
       "Full adaptive model (synonymous subs/site)":1.450397000375327,
       "LRT":0,
       "Nucleotide GTR":0.4975539655653653,
       "Rate Distributions":        [
[0.0274210569084023, 0.8128355110199031],
        [0.6777912895614945, 0.1871644889800969] 
        ],
       "Rate classes":2,
       "Uncorrected P-value":1,
       "original name":"ENSDARP00000088022"
      },
     "ENSGACP00000014809":{
       "Baseline MG94xREV":0.1439243964911338,
       "Baseline MG94xREV omega ratio":0.2344995206226096,
       "Corrected P-value":0.07207905003298853,
       "Full adaptive model":0.5361508217723485,
       "Full adaptive model (non-synonymous subs/site)":0.4724908921625093,
       "Full adaptive model (synonymous subs/site)":0.06365992960983913,
       "LRT":7.567745677955827,
       "Nucleotide GTR":0.1197406253104139,
       "Rate Distributions":        [
[0.1517029058558021, 0.9389005049616427],
        [39.57400097239068, 0.06109949503835732] 
        ],
       "Rate classes":2,
       "Uncorrected P-value":0.008008783336998726,
       "original name":"ENSGACP00000014809"
      },
     "ENSONIP00000025801":{
       "Baseline MG94xREV":0.1025334978088707,
       "Baseline MG94xREV omega ratio":0.106478702805632,
       "Corrected P-value":1,
       "Full adaptive model":0.150841864858864,
       "Full adaptive model (non-synonymous subs/site)":0.04935069023805004,
       "Full adaptive model (synonymous subs/site)":0.101491174620814,
       "LRT":0.2095978701481727,
       "Nucleotide GTR":0.08662343439252687,
       "Rate Distributions":        [
[0.03193478186022991, 0.939566573711874],
        [2.279162631447136, 0.06043342628812598] 
        ],
       "Rate classes":2,
       "Uncorrected P-value":0.3995682237336627,
       "original name":"ENSONIP00000025801"
      },
     "ENSORLP00000014836":{
       "Baseline MG94xREV":0.2751324842632574,
       "Baseline MG94xREV omega ratio":0.1324447051165352,
       "Corrected P-value":1,
       "Full adaptive model":0.3355741564159963,
       "Full adaptive model (non-synonymous subs/site)":0.1258835637317725,
       "Full adaptive model (synonymous subs/site)":0.2096905926842237,
       "LRT":0.8736322295385435,
       "Nucleotide GTR":0.2153229875005316,
       "Rate Distributions":        [
[0.08408210523226885, 0.9560038630686372],
        [2.880059206306965, 0.04399613693136284] 
        ],
       "Rate classes":2,
       "Uncorrected P-value":0.26381741063667,
       "original name":"ENSORLP00000014836"
      },
     "ENSTRUP00000002566":{
       "Baseline MG94xREV":0.1085755468833315,
       "Baseline MG94xREV omega ratio":0.2229586163574589,
       "Corrected P-value":1,
       "Full adaptive model":0.1127975579096325,
       "Full adaptive model (non-synonymous subs/site)":0.04258383073033034,
       "Full adaptive model (synonymous subs/site)":0.07021372717930226,
       "LRT":0,
       "Nucleotide GTR":0.09414431455360317,
       "Rate Distributions":        [
[0.2092188237144666, 1] 
        ],
       "Rate classes":1,
       "Uncorrected P-value":1,
       "original name":"ENSTRUP00000002566"
      },
     "NODE_3":{
       "Baseline MG94xREV":0.005424626894666928,
       "Baseline MG94xREV omega ratio":10000000000,
       "Corrected P-value":1,
       "Full adaptive model":0.003657212969023131,
       "Full adaptive model (non-synonymous subs/site)":0.003657212969023131,
       "Full adaptive model (synonymous subs/site)":1e-10,
       "LRT":0.0317414017054034,
       "Nucleotide GTR":0.007301519824217587,
       "Rate Distributions":        [
[10000000000, 1] 
        ],
       "Rate classes":1,
       "Uncorrected P-value":0.4669956536126161
      },
     "NODE_6":{
       "Baseline MG94xREV":0.09938514705833941,
       "Baseline MG94xREV omega ratio":0.1957392828675898,
       "Corrected P-value":1,
       "Full adaptive model":0.105629731724239,
       "Full adaptive model (non-synonymous subs/site)":0.03314607965659901,
       "Full adaptive model (synonymous subs/site)":0.07248365206764006,
       "LRT":0,
       "Nucleotide GTR":0.07769365738044533,
       "Rate Distributions":        [
[0.157750287468668, 1] 
        ],
       "Rate classes":1,
       "Uncorrected P-value":1
      },
     "NODE_7":{
       "Baseline MG94xREV":0.02987122239999112,
       "Baseline MG94xREV omega ratio":0.3274720676061054,
       "Corrected P-value":1,
       "Full adaptive model":0.009440297267748704,
       "Full adaptive model (non-synonymous subs/site)":0.009440297267748704,
       "Full adaptive model (synonymous subs/site)":1e-10,
       "LRT":-0.002130014947852032,
       "Nucleotide GTR":0.02575708776873015,
       "Rate Distributions":        [
[10000000000, 1] 
        ],
       "Rate classes":1,
       "Uncorrected P-value":0.5
      },
     "Q4SW62_TETNG":{
       "Baseline MG94xREV":0.09704663697689193,
       "Baseline MG94xREV omega ratio":0.1688411257840355,
       "Corrected P-value":1,
       "Full adaptive model":0.1020030392347121,
       "Full adaptive model (non-synonymous subs/site)":0.04189734737382442,
       "Full adaptive model (synonymous subs/site)":0.06010569186088772,
       "LRT":0.5958337829297307,
       "Nucleotide GTR":0.0848434643950889,
       "Rate Distributions":        [
[0.08785885657294702, 0.9510406575528855],
        [3.204823584691666, 0.04895934244711453] 
        ],
       "Rate classes":2,
       "Uncorrected P-value":0.3107433214279508,
       "original name":"Q4SW62_TETNG"
      }
    },
   "attributes":{
     "Baseline MG94xREV":{
       "attribute type":"branch length",
       "display order":1
      },
     "Baseline MG94xREV omega ratio":{
       "attribute type":"branch label",
       "display order":1
      },
     "Corrected P-value":{
       "attribute type":"branch label",
       "display order":6
      },
     "Full adaptive model":{
       "attribute type":"branch length",
       "display order":2
      },
     "Full adaptive model (non-synonymous subs/site)":{
       "attribute type":"branch label",
       "display order":10
      },
     "Full adaptive model (synonymous subs/site)":{
       "attribute type":"branch label",
       "display order":9
      },
     "LRT":{
       "attribute type":"branch label",
       "display order":4
      },
     "Nucleotide GTR":{
       "attribute type":"branch length",
       "display order":0
      },
     "Rate Distributions":{
       "attribute type":"branch label",
       "display order":3
      },
     "Rate classes":{
       "attribute type":"branch label",
       "display order":2
      },
     "Uncorrected P-value":{
       "attribute type":"branch label",
       "display order":5
      },
     "original name":{
       "attribute type":"node label",
       "display order":-1
      }
    }
  },