{
 "analysis":{
   "authors":"Sergei L Kosakovsky Pond, Ben Murrell, Steven Weaver and Temple iGEM / UCSD viral evolution group",
   "citation":"Less Is More: An Adaptive Branch-Site Random Effects Model for Efficient Detection of Episodic Diversifying Selection (2015). Mol Biol Evol 32 (5): 1342-1353. v2.2 adds support for multiple-hit models",
   "contact":"spond@temple.edu",
   "info":"aBSREL (Adaptive branch-site random effects likelihood)\n                            uses an adaptive random effects branch-site model framework\n                            to test whether each branch has evolved under positive selection,\n                            using a procedure which infers an optimal number of rate categories per branch.",
   "requirements":"in-frame codon alignment and a phylogenetic tree",
   "version":"2.2"
  },
 "branch attributes":{
   "0":{
     "B1H2J1_XENTR":{
       "Baseline MG94xREV":0.5559396195129115,
       "Baseline MG94xREV omega ratio":0.1146275303481688,
       "Corrected P-value":1,
       "Full adaptive model":0.5476582574826595,
       "Full adaptive model (non-synonymous subs/site)":0.1585193510117825,
       "Full adaptive model (synonymous subs/site)":0.389138906470877,
       "LRT":0,
       "Nucleotide GTR":0.2728975305739909,
       "Rate Distributions":        [
[0.05554993555892324, 0.7866565041344978],
        [0.479518069204348, 0.2133434958655022] 
        ],
       "Rate classes":2,
       "Uncorrected P-value":1,
       "original name":"B1H2J1_XENTR"
      },
     "ENSGACP00000021928":{
       "Baseline MG94xREV":0.1127533643764108,
       "Baseline MG94xREV omega ratio":0.2250167036908841,
       "Corrected P-value":1,
       "Full adaptive model":537.7583183785569,
       "Full adaptive model (non-synonymous subs/site)":537.6986003647252,
       "Full adaptive model (synonymous subs/site)":0.059718013831719,
       "LRT":3.033909445461177,
       "Nucleotide GTR":0.1063534134809601,
       "Rate Distributions":        [
[0.1547536770035687, 0.9677305964190006],
        [100000, 0.03226940358099939] 
        ],
       "Rate classes":2,
       "Uncorrected P-value":0.08212194732738762,
       "original name":"ENSGACP00000021928"
      },
     "ENSGALP00000008468":{
       "Baseline MG94xREV":0.01979666157827871,
       "Baseline MG94xREV omega ratio":0.1446159994155277,
       "Corrected P-value":1,
       "Full adaptive model":0.02091260793769615,
       "Full adaptive model (non-synonymous subs/site)":0.006719596287958405,
       "Full adaptive model (synonymous subs/site)":0.01419301164973774,
       "LRT":0,
       "Nucleotide GTR":0.01912241122362431,
       "Rate Distributions":        [
[0.1696860596104526, 1] 
        ],
       "Rate classes":1,
       "Uncorrected P-value":1,
       "original name":"ENSGALP00000008468"
      },
     "ENSGMOP00000008198":{
       "Baseline MG94xREV":0.3097013233467742,
       "Baseline MG94xREV omega ratio":0.1555880185705288,
       "Corrected P-value":1,
       "Full adaptive model":0.3212376792744165,
       "Full adaptive model (non-synonymous subs/site)":0.1045394845742619,
       "Full adaptive model (synonymous subs/site)":0.2166981947001546,
       "LRT":0,
       "Nucleotide GTR":0.2152505167533078,
       "Rate Distributions":        [
[0, 0.6836742267828204],
        [0.5465979838479987, 0.3163257732171796] 
        ],
       "Rate classes":2,
       "Uncorrected P-value":1,
       "original name":"ENSGMOP00000008198"
      },
     "ENSMGAP00000005291":{
       "Baseline MG94xREV":0.01382783935980815,
       "Baseline MG94xREV omega ratio":0.281795985448174,
       "Corrected P-value":1,
       "Full adaptive model":0.01283356527507155,
       "Full adaptive model (non-synonymous subs/site)":0.004585708120669729,
       "Full adaptive model (synonymous subs/site)":0.008247857154401831,
       "LRT":0,
       "Nucleotide GTR":0.01399586752326109,
       "Rate Distributions":        [
[0.1992704127055814, 1] 
        ],
       "Rate classes":1,
       "Uncorrected P-value":1,
       "original name":"ENSMGAP00000005291"
      },
     "ENSONIP00000003975":{
       "Baseline MG94xREV":0.1655886425319298,
       "Baseline MG94xREV omega ratio":0.1472919480597266,
       "Corrected P-value":0.1781795901921247,
       "Full adaptive model":14.13289172220571,
       "Full adaptive model (non-synonymous subs/site)":14.02483213407513,
       "Full adaptive model (synonymous subs/site)":0.1080595881305699,
       "LRT":7.038660652902763,
       "Nucleotide GTR":0.1317464595825155,
       "Rate Distributions":        [
[0.09658909597285778, 0.970188316778685],
        [1557.218770327074, 0.029811683221315] 
        ],
       "Rate classes":2,
       "Uncorrected P-value":0.01048115236424263,
       "original name":"ENSONIP00000003975"
      },
     "ENSPSIP00000006710":{
       "Baseline MG94xREV":0.1239503560546585,
       "Baseline MG94xREV omega ratio":0.1345313177841809,
       "Corrected P-value":1,
       "Full adaptive model":0.1229768192621511,
       "Full adaptive model (non-synonymous subs/site)":0.03174655551695257,
       "Full adaptive model (synonymous subs/site)":0.09123026374519845,
       "LRT":0,
       "Nucleotide GTR":0.08977393074978798,
       "Rate Distributions":        [
[0.1247197476797447, 1] 
        ],
       "Rate classes":1,
       "Uncorrected P-value":1,
       "original name":"ENSPSIP00000006710"
      },
     "ENSTGUP00000007026":{
       "Baseline MG94xREV":0.2077503930283383,
       "Baseline MG94xREV omega ratio":0.1487762351259617,
       "Corrected P-value":1,
       "Full adaptive model":0.2238917670915967,
       "Full adaptive model (non-synonymous subs/site)":0.0736316676388821,
       "Full adaptive model (synonymous subs/site)":0.1502600994527146,
       "LRT":0,
       "Nucleotide GTR":0.16200426733458,
       "Rate Distributions":        [
[0.008409998051190956, 0.7664427266468657],
        [0.724379665956329, 0.2335572733531343] 
        ],
       "Rate classes":2,
       "Uncorrected P-value":1,
       "original name":"ENSTGUP00000007026"
      },
     "ENSTNIP00000011102":{
       "Baseline MG94xREV":0.1830260949581127,
       "Baseline MG94xREV omega ratio":0.313487442011928,
       "Corrected P-value":1,
       "Full adaptive model":0.1808009809460893,
       "Full adaptive model (non-synonymous subs/site)":0.08284402244416338,
       "Full adaptive model (synonymous subs/site)":0.09795695850192566,
       "LRT":0,
       "Nucleotide GTR":0.1627452120488547,
       "Rate Distributions":        [
[0.3031122079126065, 1] 
        ],
       "Rate classes":1,
       "Uncorrected P-value":1,
       "original name":"ENSTNIP00000011102"
      },
     "NODE_12":{
       "Baseline MG94xREV":0.0505512736574145,
       "Baseline MG94xREV omega ratio":0.3004777740320931,
       "Corrected P-value":1,
       "Full adaptive model":0.05227921202577764,
       "Full adaptive model (non-synonymous subs/site)":0.02285566069635321,
       "Full adaptive model (synonymous subs/site)":0.02942355132942438,
       "LRT":0,
       "Nucleotide GTR":0.05743446130298738,
       "Rate Distributions":        [
[0.2784044886771991, 1] 
        ],
       "Rate classes":1,
       "Uncorrected P-value":1
      },
     "NODE_14":{
       "Baseline MG94xREV":0.008370964659268407,
       "Baseline MG94xREV omega ratio":10000000000,
       "Corrected P-value":1,
       "Full adaptive model":0.007867569205769693,
       "Full adaptive model (non-synonymous subs/site)":0.007867569205769693,
       "Full adaptive model (synonymous subs/site)":1e-10,
       "LRT":0.05830764457459736,
       "Nucleotide GTR":0.02410279887064855,
       "Rate Distributions":        [
[10000000000, 1] 
        ],
       "Rate classes":1,
       "Uncorrected P-value":0.4532183255056029
      },
     "NODE_16":{
       "Baseline MG94xREV":0.3634400067699146,
       "Baseline MG94xREV omega ratio":0.05937426470370071,
       "Corrected P-value":1,