{
 "analysis":{
   "authors":"Sergei L Kosakovsky Pond, Ben Murrell, Steven Weaver and Temple iGEM / UCSD viral evolution group",
   "citation":"Less Is More: An Adaptive Branch-Site Random Effects Model for Efficient Detection of Episodic Diversifying Selection (2015). Mol Biol Evol 32 (5): 1342-1353. v2.2 adds support for multiple-hit models",
   "contact":"spond@temple.edu",
   "info":"aBSREL (Adaptive branch-site random effects likelihood)\n                            uses an adaptive random effects branch-site model framework\n                            to test whether each branch has evolved under positive selection,\n                            using a procedure which infers an optimal number of rate categories per branch.",
   "requirements":"in-frame codon alignment and a phylogenetic tree",
   "version":"2.2"
  },
 "branch attributes":{
   "0":{
     "ENSTGUP00000014452":{
       "Baseline MG94xREV":0.03349615288469766,
       "Baseline MG94xREV omega ratio":1.267087642821533,
       "Corrected P-value":0.9393195758559548,
       "Full adaptive model":0.03039422189328641,
       "Full adaptive model (non-synonymous subs/site)":0.02459952872162587,
       "Full adaptive model (synonymous subs/site)":0.005794693171660516,
       "LRT":0.02734178321770742,
       "Nucleotide GTR":0.03346599862153762,
       "Rate Distributions":        [
[1.104513913340708, 1] 
        ],
       "Rate classes":1,
       "Uncorrected P-value":0.4696597879279774,
       "original name":"ENSTGUP00000014452"
      },
     "ENSTGUP00000015684":{
       "Baseline MG94xREV":0.1056522807191373,
       "Baseline MG94xREV omega ratio":0.55090065386429,
       "Corrected P-value":7.211591167582965e-05,
       "Full adaptive model":0.8094620709485445,
       "Full adaptive model (non-synonymous subs/site)":0.784352289957605,
       "Full adaptive model (synonymous subs/site)":0.02510978099093955,
       "LRT":21.27066680473035,
       "Nucleotide GTR":0.1051770757162344,
       "Rate Distributions":        [
[0.3930450754825505, 0.9413962608971552],
        [132.3674753522253, 0.05860373910284478] 
        ],
       "Rate classes":2,
       "Uncorrected P-value":8.012879075092183e-06,
       "original name":"ENSTGUP00000015684"
      },
     "ENSTGUP00000016121":{
       "Baseline MG94xREV":0.0209517343761543,
       "Baseline MG94xREV omega ratio":0.1987521557797033,
       "Corrected P-value":1,
       "Full adaptive model":0.01965933173624964,
       "Full adaptive model (non-synonymous subs/site)":0.007769698046144707,
       "Full adaptive model (synonymous subs/site)":0.01188963369010493,
       "LRT":0,
       "Nucleotide GTR":0.01969457846449731,
       "Rate Distributions":        [
[0.1700241121348486, 1] 
        ],
       "Rate classes":1,
       "Uncorrected P-value":1,
       "original name":"ENSTGUP00000016121"
      },
     "ENSTGUP00000016597":{
       "Baseline MG94xREV":0.03592828429171314,
       "Baseline MG94xREV omega ratio":1.401619377725695,
       "Corrected P-value":0.07257633489557991,
       "Full adaptive model":15.86432025005844,
       "Full adaptive model (non-synonymous subs/site)":15.85832124719562,
       "Full adaptive model (synonymous subs/site)":0.005999002862817585,
       "LRT":6.399432711808913,
       "Nucleotide GTR":0.03525341266673264,
       "Rate Distributions":        [
[1, 0.9931320767101945],
        [100000, 0.006867923289805455] 
        ],
       "Rate classes":2,
       "Uncorrected P-value":0.01451526697911598,
       "original name":"ENSTGUP00000016597"
      },
     "ENSTGUP00000018062":{
       "Baseline MG94xREV":0.05251734225693089,
       "Baseline MG94xREV omega ratio":0.3266603034405844,
       "Corrected P-value":0.007305369908496728,
       "Full adaptive model":0.07572334966535033,
       "Full adaptive model (non-synonymous subs/site)":0.05706039261606893,
       "Full adaptive model (synonymous subs/site)":0.01866295704928138,
       "LRT":11.28810294086452,
       "Nucleotide GTR":0.0509468988415135,
       "Rate Distributions":        [
[0.07301688904563571, 0.9308327295461574],
        [10.51817240729405, 0.06916727045384263] 
        ],
       "Rate classes":2,
       "Uncorrected P-value":0.001217561651416121,
       "original name":"ENSTGUP00000018062"
      },
     "ENSTGUP00000018225":{
       "Baseline MG94xREV":0.03460968704857791,
       "Baseline MG94xREV omega ratio":0.4897719640641182,
       "Corrected P-value":0.8755233918058269,
       "Full adaptive model":0.03702633995098276,
       "Full adaptive model (non-synonymous subs/site)":0.02348257887109521,
       "Full adaptive model (synonymous subs/site)":0.01354376107988755,
       "LRT":0.7007059823727104,
       "Nucleotide GTR":0.03452663302290707,
       "Rate Distributions":        [
[0.03307671565007865, 0.8428454736315022],
        [2.693083727755283, 0.1571545263684978] 
        ],
       "Rate classes":2,
       "Uncorrected P-value":0.2918411306019423,
       "original name":"ENSTGUP00000018225"
      },
     "NODE_10":{
       "Baseline MG94xREV":0.02359299529854273,
       "Baseline MG94xREV omega ratio":0.4976308335943658,
       "Corrected P-value":0.003003543371128958,
       "Full adaptive model":0.04202931111539715,
       "Full adaptive model (non-synonymous subs/site)":0.03541562371303952,
       "Full adaptive model (synonymous subs/site)":0.006613687402357627,
       "LRT":13.3556735821403,
       "Nucleotide GTR":0.02390094119842793,
       "Rate Distributions":        [
[0, 0.9545484731808891],
        [30.65332592951894, 0.04545152681911091] 
        ],
       "Rate classes":2,
       "Uncorrected P-value":0.000429077624446994
      },
     "NODE_3":{
       "Baseline MG94xREV":0.02194443697283391,
       "Baseline MG94xREV omega ratio":0.2382545718077182,
       "Corrected P-value":0.8202047685739311,
       "Full adaptive model":0.02770535805127134,
       "Full adaptive model (non-synonymous subs/site)":0.01753523628056126,
       "Full adaptive model (synonymous subs/site)":0.01017012177071008,
       "LRT":1.32108144848371,
       "Nucleotide GTR":0.02225990100516346,
       "Rate Distributions":        [
[0, 0.8998390299293171],
        [4.478801306999321, 0.1001609700706829] 
        ],
       "Rate classes":2,
       "Uncorrected P-value":0.2050511921434828
      },
     "NODE_8":{
       "Baseline MG94xREV":0.02558385756200354,
       "Baseline MG94xREV omega ratio":0.198126024678793,
       "Corrected P-value":0.0002919448834322047,
       "Full adaptive model":0.2196685071861605,
       "Full adaptive model (non-synonymous subs/site)":0.2112174429443141,
       "Full adaptive model (synonymous subs/site)":0.008451064241846468,
       "LRT":18.2529438390593,
       "Nucleotide GTR":0.02420189402603512,
       "Rate Distributions":        [
[0.02774008650399979, 0.9774460310774806],
        [287.1147965637263, 0.02255396892251937] 
        ],
       "Rate classes":2,
       "Uncorrected P-value":3.649311042902559e-05
      }
    },
   "attributes":{
     "Baseline MG94xREV":{
       "attribute type":"branch length",
       "display order":1
      },
     "Baseline MG94xREV omega ratio":{
       "attribute type":"branch label",
       "display order":1
      },
     "Corrected P-value":{
       "attribute type":"branch label",
       "display order":6
      },
     "Full adaptive model":{
       "attribute type":"branch length",
       "display order":2
      },
     "Full adaptive model (non-synonymous subs/site)":{
       "attribute type":"branch label",
       "display order":10
      },
     "Full adaptive model (synonymous subs/site)":{
       "attribute type":"branch label",
       "display order":9
      },
     "LRT":{
       "attribute type":"branch label",
       "display order":4
      },
     "Nucleotide GTR":{
       "attribute type":"branch length",
       "display order":0
      },
     "Rate Distributions":{
       "attribute type":"branch label",
       "display order":3
      },