{
 "analysis":{
   "authors":"Sergei L Kosakovsky Pond, Ben Murrell, Steven Weaver and Temple iGEM / UCSD viral evolution group",
   "citation":"Less Is More: An Adaptive Branch-Site Random Effects Model for Efficient Detection of Episodic Diversifying Selection (2015). Mol Biol Evol 32 (5): 1342-1353. v2.2 adds support for multiple-hit models",
   "contact":"spond@temple.edu",
   "info":"aBSREL (Adaptive branch-site random effects likelihood)\n                            uses an adaptive random effects branch-site model framework\n                            to test whether each branch has evolved under positive selection,\n                            using a procedure which infers an optimal number of rate categories per branch.",
   "requirements":"in-frame codon alignment and a phylogenetic tree",
   "version":"2.2"
  },
 "branch attributes":{
   "0":{
     "ENSGACP00000017756":{
       "Baseline MG94xREV":0.08360276101523255,
       "Baseline MG94xREV omega ratio":0.1081989180786241,
       "Corrected P-value":1,
       "Full adaptive model":0.07906731914238997,
       "Full adaptive model (non-synonymous subs/site)":0.01578211907086988,
       "Full adaptive model (synonymous subs/site)":0.06328520007152007,
       "LRT":0,
       "Nucleotide GTR":0.0773688473851933,
       "Rate Distributions":        [
[0.0907178942324325, 1] 
        ],
       "Rate classes":1,
       "Uncorrected P-value":1,
       "original name":"ENSGACP00000017756"
      },
     "ENSONIP00000001576":{
       "Baseline MG94xREV":0.08670625343850129,
       "Baseline MG94xREV omega ratio":0.04617279072578667,
       "Corrected P-value":1,
       "Full adaptive model":0.08377950626788395,
       "Full adaptive model (non-synonymous subs/site)":0.01280047600621014,
       "Full adaptive model (synonymous subs/site)":0.07097903026167382,
       "LRT":0.7643184979647231,
       "Nucleotide GTR":0.06826422985655656,
       "Rate Distributions":        [
[0, 0.9784325316135484],
        [3.041772229913056, 0.02156746838645163] 
        ],
       "Rate classes":2,
       "Uncorrected P-value":0.2811119984793433,
       "original name":"ENSONIP00000001576"
      },
     "ENSORLP00000000648":{
       "Baseline MG94xREV":0.1342716473175954,
       "Baseline MG94xREV omega ratio":0.02630769847739495,
       "Corrected P-value":1,
       "Full adaptive model":0.1250971226416857,
       "Full adaptive model (non-synonymous subs/site)":0.00852852327111102,
       "Full adaptive model (synonymous subs/site)":0.1165685993705747,
       "LRT":0,
       "Nucleotide GTR":0.08416110079231141,
       "Rate Distributions":        [
[0.02661472989787574, 1] 
        ],
       "Rate classes":1,
       "Uncorrected P-value":1,
       "original name":"ENSORLP00000000648"
      },
     "ENSPSIP00000015003":{
       "Baseline MG94xREV":0.5062213321028336,
       "Baseline MG94xREV omega ratio":0.02275535484731035,
       "Corrected P-value":1,
       "Full adaptive model":0.3942884195878285,
       "Full adaptive model (non-synonymous subs/site)":0.02672469332877014,
       "Full adaptive model (synonymous subs/site)":0.367563726259058,
       "LRT":0,
       "Nucleotide GTR":0.1276646792765171,
       "Rate Distributions":        [
[0.02644903839945108, 1] 
        ],
       "Rate classes":1,
       "Uncorrected P-value":1,
       "original name":"ENSPSIP00000015003"
      },
     "ENSTNIP00000014106":{
       "Baseline MG94xREV":0.1198659257161727,
       "Baseline MG94xREV omega ratio":0.07076039953554948,
       "Corrected P-value":1,
       "Full adaptive model":0.1674582596700693,
       "Full adaptive model (non-synonymous subs/site)":0.06972303785363362,
       "Full adaptive model (synonymous subs/site)":0.09773522181643574,
       "LRT":1.219846198085179,
       "Nucleotide GTR":0.0658410961078183,
       "Rate Distributions":        [
[0.002267573567315369, 0.9601598718992638],
        [6.459148569983975, 0.03984012810073623] 
        ],
       "Rate classes":2,
       "Uncorrected P-value":0.2168959640324231,
       "original name":"ENSTNIP00000014106"
      },
     "F7CZV2_XENTR":{
       "Baseline MG94xREV":0.3520704615004226,
       "Baseline MG94xREV omega ratio":0.07799328850210481,
       "Corrected P-value":1,
       "Full adaptive model":0.2921447347878708,
       "Full adaptive model (non-synonymous subs/site)":0.05485168910628951,
       "Full adaptive model (synonymous subs/site)":0.237293045681581,
       "LRT":0,
       "Nucleotide GTR":0.2233887286507383,
       "Rate Distributions":        [
[0.08408814998023945, 1] 
        ],
       "Rate classes":1,
       "Uncorrected P-value":1,
       "original name":"F7CZV2_XENTR"
      },
     "NODE_12":{
       "Baseline MG94xREV":0.2459861083168058,
       "Baseline MG94xREV omega ratio":0.03349406111515306,
       "Corrected P-value":1,
       "Full adaptive model":0.1791628813278393,
       "Full adaptive model (non-synonymous subs/site)":0.01946601605923306,
       "Full adaptive model (synonymous subs/site)":0.1596968652686064,
       "LRT":0,
       "Nucleotide GTR":0.05614108677827484,
       "Rate Distributions":        [
[0.04434151102287391, 1] 
        ],
       "Rate classes":1,
       "Uncorrected P-value":1
      },
     "NODE_3":{
       "Baseline MG94xREV":0.04545728228398039,
       "Baseline MG94xREV omega ratio":0.2802629597326754,
       "Corrected P-value":1,
       "Full adaptive model":0.04685768408336797,
       "Full adaptive model (non-synonymous subs/site)":0.01982655860242976,
       "Full adaptive model (synonymous subs/site)":0.02703112548093813,
       "LRT":0,
       "Nucleotide GTR":0.0406061281793098,
       "Rate Distributions":        [
[0.2668167021089338, 1] 
        ],
       "Rate classes":1,
       "Uncorrected P-value":1
      },
     "NODE_5":{
       "Baseline MG94xREV":0.02561705308835635,
       "Baseline MG94xREV omega ratio":0.1596343351135387,
       "Corrected P-value":1,
       "Full adaptive model":0.00694222593117914,
       "Full adaptive model (non-synonymous subs/site)":0.005782902732674921,
       "Full adaptive model (synonymous subs/site)":0.001159323198504213,
       "LRT":0.0007696684447182633,
       "Nucleotide GTR":0.02860183774980365,
       "Rate Distributions":        [
[1.814559292369625, 1] 
        ],
       "Rate classes":1,
       "Uncorrected P-value":0.4954580136268525
      },
     "NODE_7":{
       "Baseline MG94xREV":0.01077124050986871,
       "Baseline MG94xREV omega ratio":10000000000,
       "Corrected P-value":1,
       "Full adaptive model":0.04412860083224121,
       "Full adaptive model (non-synonymous subs/site)":0.01232663927882234,
       "Full adaptive model (synonymous subs/site)":0.03180196155341896,
       "LRT":0,
       "Nucleotide GTR":0.04165011449833767,
       "Rate Distributions":        [
[0.1410004768607691, 1] 
        ],
       "Rate classes":1,
       "Uncorrected P-value":1
      },
     "ZGC_101731_DANRE":{
       "Baseline MG94xREV":0.8035498389727224,
       "Baseline MG94xREV omega ratio":0.02560204126786773,
       "Corrected P-value":1,
       "Full adaptive model":0.5978259012165404,
       "Full adaptive model (non-synonymous subs/site)":0.07100305653034067,
       "Full adaptive model (synonymous subs/site)":0.5268228446861998,
       "LRT":0,
       "Nucleotide GTR":0.220952094858384,
       "Rate Distributions":        [
[0, 0.8508936221767138],
        [0.3288107651659277, 0.1491063778232862] 
        ],
       "Rate classes":2,
       "Uncorrected P-value":1,
       "original name":"ZGC@101731_DANRE"
      }
    },
   "attributes":{
     "Baseline MG94xREV":{
       "attribute type":"branch length",
       "display order":1
      },
     "Baseline MG94xREV omega ratio":{
       "attribute type":"branch label",
       "display order":1
      },
     "Corrected P-value":{
       "attribute type":"branch label",
       "display order":6
      },
     "Full adaptive model":{
       "attribute type":"branch length",