{
 "analysis":{
   "authors":"Sergei L Kosakovsky Pond, Ben Murrell, Steven Weaver and Temple iGEM / UCSD viral evolution group",
   "citation":"Less Is More: An Adaptive Branch-Site Random Effects Model for Efficient Detection of Episodic Diversifying Selection (2015). Mol Biol Evol 32 (5): 1342-1353. v2.2 adds support for multiple-hit models",
   "contact":"spond@temple.edu",
   "info":"aBSREL (Adaptive branch-site random effects likelihood)\n                            uses an adaptive random effects branch-site model framework\n                            to test whether each branch has evolved under positive selection,\n                            using a procedure which infers an optimal number of rate categories per branch.",
   "requirements":"in-frame codon alignment and a phylogenetic tree",
   "version":"2.2"
  },
 "branch attributes":{
   "0":{
     "ENSCJAP00000049373":{
       "Baseline MG94xREV":0.3846294014447089,
       "Baseline MG94xREV omega ratio":0.09992017342682424,
       "Corrected P-value":1,
       "Full adaptive model":1.761954730766807,
       "Full adaptive model (non-synonymous subs/site)":1.23033824279933,
       "Full adaptive model (synonymous subs/site)":0.5316164879674776,
       "LRT":1.971748080707812,
       "Nucleotide GTR":0.2122233064918227,
       "Rate Distributions":        [
[0.01087388489030776, 0.893421442801811],
        [7.789191525771281, 0.106578557198189] 
        ],
       "Rate classes":2,
       "Uncorrected P-value":0.1439863776306044,
       "original name":"ENSCJAP00000049373"
      },
     "ENSMODP00000020409":{
       "Baseline MG94xREV":0.1536991612257186,
       "Baseline MG94xREV omega ratio":0.07639063218063313,
       "Corrected P-value":1,
       "Full adaptive model":0.2108420850713337,
       "Full adaptive model (non-synonymous subs/site)":0.02483662894073003,
       "Full adaptive model (synonymous subs/site)":0.1860054561306036,
       "LRT":0,
       "Nucleotide GTR":0.1361792809653423,
       "Rate Distributions":        [
[0.04845693372116833, 1] 
        ],
       "Rate classes":1,
       "Uncorrected P-value":1,
       "original name":"ENSMODP00000020409"
      },
     "ENSOANP00000004699":{
       "Baseline MG94xREV":0.248659287443755,
       "Baseline MG94xREV omega ratio":0.100161242874385,
       "Corrected P-value":1,
       "Full adaptive model":0.3788870150873933,
       "Full adaptive model (non-synonymous subs/site)":0.04968680816046439,
       "Full adaptive model (synonymous subs/site)":0.3292002069269296,
       "LRT":0,
       "Nucleotide GTR":0.1651952996655174,
       "Rate Distributions":        [
[0.0547734331826886, 1] 
        ],
       "Rate classes":1,
       "Uncorrected P-value":1,
       "original name":"ENSOANP00000004699"
      },
     "ENSTGUP00000016414":{
       "Baseline MG94xREV":0.2150143721691842,
       "Baseline MG94xREV omega ratio":0.04236933016232605,
       "Corrected P-value":1,
       "Full adaptive model":0.2381790841246461,
       "Full adaptive model (non-synonymous subs/site)":0.04872653449654485,
       "Full adaptive model (synonymous subs/site)":0.1894525496281012,
       "LRT":0.3703973840088111,
       "Nucleotide GTR":0.1687633940031123,
       "Rate Distributions":        [
[0, 0.9646948801589462],
        [2.643725404222399, 0.03530511984105378] 
        ],
       "Rate classes":2,
       "Uncorrected P-value":0.3578392978426502,
       "original name":"ENSTGUP00000016414"
      },
     "ENSTNIP00000002585":{
       "Baseline MG94xREV":1.048697706486573,
       "Baseline MG94xREV omega ratio":0.03747876149892433,
       "Corrected P-value":1,
       "Full adaptive model":1.689519395420973,
       "Full adaptive model (non-synonymous subs/site)":0.09374942172702501,
       "Full adaptive model (synonymous subs/site)":1.595769973693946,
       "LRT":0,
       "Nucleotide GTR":0.2878903791178093,
       "Rate Distributions":        [
[0.02132000353411721, 1] 
        ],
       "Rate classes":1,
       "Uncorrected P-value":1,
       "original name":"ENSTNIP00000002585"
      },
     "ENSTNIP00000022725":{
       "Baseline MG94xREV":30.42469494611914,
       "Baseline MG94xREV omega ratio":0,
       "Corrected P-value":1,
       "Full adaptive model":780.4103225286399,
       "Full adaptive model (non-synonymous subs/site)":1e-10,
       "Full adaptive model (synonymous subs/site)":780.4103225286399,
       "LRT":0,
       "Nucleotide GTR":0.1706846270889443,
       "Rate Distributions":        [
[0, 1] 
        ],
       "Rate classes":1,
       "Uncorrected P-value":1,
       "original name":"ENSTNIP00000022725"
      },
     "NODE_10":{
       "Baseline MG94xREV":0.1728438514616228,
       "Baseline MG94xREV omega ratio":0.2071058251790164,
       "Corrected P-value":1,
       "Full adaptive model":0.05671642468451615,
       "Full adaptive model (non-synonymous subs/site)":0.05671642468451615,
       "Full adaptive model (synonymous subs/site)":1e-10,
       "LRT":0.05453751235222626,
       "Nucleotide GTR":0.06728016887144386,
       "Rate Distributions":        [
[10000000000, 1] 
        ],
       "Rate classes":1,
       "Uncorrected P-value":0.4549994632452691
      },
     "NODE_3":{
       "Baseline MG94xREV":0.008548618518883765,
       "Baseline MG94xREV omega ratio":10000000000,
       "Corrected P-value":1,
       "Full adaptive model":0.008378409670025644,
       "Full adaptive model (non-synonymous subs/site)":0.008378409670025644,
       "Full adaptive model (synonymous subs/site)":1e-10,
       "LRT":0.03351182340111336,
       "Nucleotide GTR":0.004981529084158883,
       "Rate Distributions":        [
[10000000000, 1] 
        ],
       "Rate classes":1,
       "Uncorrected P-value":0.4659649259650595
      },
     "NODE_5":{
       "Baseline MG94xREV":0,
       "Baseline MG94xREV omega ratio":1,
       "Corrected P-value":1,
       "Full adaptive model":0,
       "Full adaptive model (non-synonymous subs/site)":1e-10,
       "Full adaptive model (synonymous subs/site)":1e-10,
       "LRT":0,
       "Nucleotide GTR":0.1165835302455014,
       "Rate Distributions":        [
[1, 1] 
        ],
       "Rate classes":1,
       "Uncorrected P-value":1
      }
    },
   "attributes":{
     "Baseline MG94xREV":{
       "attribute type":"branch length",
       "display order":1
      },
     "Baseline MG94xREV omega ratio":{
       "attribute type":"branch label",
       "display order":1
      },
     "Corrected P-value":{
       "attribute type":"branch label",
       "display order":6
      },
     "Full adaptive model":{
       "attribute type":"branch length",
       "display order":2
      },
     "Full adaptive model (non-synonymous subs/site)":{
       "attribute type":"branch label",
       "display order":10
      },
     "Full adaptive model (synonymous subs/site)":{
       "attribute type":"branch label",
       "display order":9
      },
     "LRT":{
       "attribute type":"branch label",
       "display order":4
      },
     "Nucleotide GTR":{
       "attribute type":"branch length",
       "display order":0
      },
     "Rate Distributions":{
       "attribute type":"branch label",
       "display order":3
      },
     "Rate classes":{
       "attribute type":"branch label",
       "display order":2
      },
     "Uncorrected P-value":{
       "attribute type":"branch label",
       "display order":5
      },
     "original name":{
       "attribute type":"node label",
       "display order":-1
      }
    }
  },
 "data partitions":{
   "0":{
     "coverage":      [
[0, 1, 2, 3, 4, 5, 6, 7, 8, 9, 10, 11, 12, 13, 14, 15, 16, 17, 18, 19, 20, 21, 22, 23, 24, 25, 26, 27, 28, 29, 30, 31, 32, 33, 34, 35, 36, 37, 38, 39, 40, 41, 42, 43, 44, 45, 46, 47, 48, 49, 50, 51, 52, 53, 54, 55, 56, 57, 58, 59, 60, 61, 62] 
      ],
     "name":"absrel.filter.default"
    }
  },
 "fits":{
   "Baseline MG94xREV":{
     "AIC-c":1230.989813433355,