{
 "analysis":{
   "authors":"Sergei L Kosakovsky Pond, Ben Murrell, Steven Weaver and Temple iGEM / UCSD viral evolution group",
   "citation":"Less Is More: An Adaptive Branch-Site Random Effects Model for Efficient Detection of Episodic Diversifying Selection (2015). Mol Biol Evol 32 (5): 1342-1353. v2.2 adds support for multiple-hit models",
   "contact":"spond@temple.edu",
   "info":"aBSREL (Adaptive branch-site random effects likelihood)\n                            uses an adaptive random effects branch-site model framework\n                            to test whether each branch has evolved under positive selection,\n                            using a procedure which infers an optimal number of rate categories per branch.",
   "requirements":"in-frame codon alignment and a phylogenetic tree",
   "version":"2.2"
  },
 "branch attributes":{
   "0":{
     "ENSGMOP00000011479":{
       "Baseline MG94xREV":1519.183199047064,
       "Baseline MG94xREV omega ratio":2.648814066385256e-05,
       "Corrected P-value":1,
       "Full adaptive model":3.814616310459586,
       "Full adaptive model (non-synonymous subs/site)":1.202056469987561,
       "Full adaptive model (synonymous subs/site)":2.612559840472025,
       "LRT":0.001424984553068498,
       "Nucleotide GTR":0.2917936166337144,
       "Rate Distributions":        [
[0.005895259526712292, 0.8886407391075555],
        [1.552070745603161, 0.1113592608924445] 
        ],
       "Rate classes":2,
       "Uncorrected P-value":0.4937638951095355,
       "original name":"ENSGMOP00000011479"
      },
     "ENSONIP00000018504":{
       "Baseline MG94xREV":0.1593809730780672,
       "Baseline MG94xREV omega ratio":0.3883829737464373,
       "Corrected P-value":1,
       "Full adaptive model":0.1435871427851524,
       "Full adaptive model (non-synonymous subs/site)":0.07429576986287841,
       "Full adaptive model (synonymous subs/site)":0.06929137292227401,
       "LRT":0,
       "Nucleotide GTR":0.1514810387586243,
       "Rate Distributions":        [
[0.4149848316275425, 1] 
        ],
       "Rate classes":1,
       "Uncorrected P-value":1,
       "original name":"ENSONIP00000018504"
      },
     "ENSORLP00000016095":{
       "Baseline MG94xREV":0.08587739249949466,
       "Baseline MG94xREV omega ratio":10000000000,
       "Corrected P-value":1,
       "Full adaptive model":0.08794850531148879,
       "Full adaptive model (non-synonymous subs/site)":0.08794850531148879,
       "Full adaptive model (synonymous subs/site)":1e-10,
       "LRT":0.24010800443466,
       "Nucleotide GTR":0.176569841593854,
       "Rate Distributions":        [
[10000000000, 1] 
        ],
       "Rate classes":1,
       "Uncorrected P-value":0.3908873865391977,
       "original name":"ENSORLP00000016095"
      },
     "ENSORLP00000018458":{
       "Baseline MG94xREV":0,
       "Baseline MG94xREV omega ratio":1,
       "Corrected P-value":1,
       "Full adaptive model":0,
       "Full adaptive model (non-synonymous subs/site)":1e-10,
       "Full adaptive model (synonymous subs/site)":1e-10,
       "LRT":0,
       "Nucleotide GTR":0,
       "Rate Distributions":        [
[1, 1] 
        ],
       "Rate classes":1,
       "Uncorrected P-value":1,
       "original name":"ENSORLP00000018458"
      },
     "ENSORLP00000024340":{
       "Baseline MG94xREV":0,
       "Baseline MG94xREV omega ratio":1,
       "Corrected P-value":1,
       "Full adaptive model":0,
       "Full adaptive model (non-synonymous subs/site)":1e-10,
       "Full adaptive model (synonymous subs/site)":1e-10,
       "LRT":0,
       "Nucleotide GTR":0,
       "Rate Distributions":        [
[1, 1] 
        ],
       "Rate classes":1,
       "Uncorrected P-value":1,
       "original name":"ENSORLP00000024340"
      },
     "NODE_3":{
       "Baseline MG94xREV":0.1695197955065658,
       "Baseline MG94xREV omega ratio":0.3591774803856871,
       "Corrected P-value":1,
       "Full adaptive model":0.2370275238020195,
       "Full adaptive model (non-synonymous subs/site)":0.1391650473370441,
       "Full adaptive model (synonymous subs/site)":0.0978624764649754,
       "LRT":2.089949503189473,
       "Nucleotide GTR":0.1433526665269966,
       "Rate Distributions":        [
[0.1961702364777948, 0.9617889285134689],
        [9.465944968280576, 0.03821107148653113] 
        ],
       "Rate classes":2,
       "Uncorrected P-value":0.1351644039722034
      },
     "NODE_5":{
       "Baseline MG94xREV":0.1649172895966524,
       "Baseline MG94xREV omega ratio":6.391583959331087e-18,
       "Corrected P-value":1,
       "Full adaptive model":0.1684107133256813,
       "Full adaptive model (non-synonymous subs/site)":1e-10,
       "Full adaptive model (synonymous subs/site)":0.1684107133256813,
       "LRT":0,
       "Nucleotide GTR":0.02882413450139362,
       "Rate Distributions":        [
[0, 1] 
        ],
       "Rate classes":1,
       "Uncorrected P-value":1
      },
     "NODE_7":{
       "Baseline MG94xREV":0.02643579075295071,
       "Baseline MG94xREV omega ratio":10000000000,
       "Corrected P-value":1,
       "Full adaptive model":0.01129465339388785,
       "Full adaptive model (non-synonymous subs/site)":0.01129465339388785,
       "Full adaptive model (synonymous subs/site)":1e-10,
       "LRT":0.02179248193169769,
       "Nucleotide GTR":0.05162577633388687,
       "Rate Distributions":        [
[10000000000, 1] 
        ],
       "Rate classes":1,
       "Uncorrected P-value":0.4732769693939593
      },
     "SI_DKEY_205H13_2_DANRE":{
       "Baseline MG94xREV":0.7809516912220001,
       "Baseline MG94xREV omega ratio":0.1247221533681868,
       "Corrected P-value":1,
       "Full adaptive model":0.8696740857709614,
       "Full adaptive model (non-synonymous subs/site)":0.4125599455564574,
       "Full adaptive model (synonymous subs/site)":0.457114140214504,
       "LRT":0.09086559858087639,
       "Nucleotide GTR":0.3860934165335387,
       "Rate Distributions":        [
[0.03032750808933467, 0.7482115787116421],
        [1.297190517211281, 0.2517884212883579] 
        ],
       "Rate classes":2,
       "Uncorrected P-value":0.4392910643119786,
       "original name":"SI@DKEY-205H13.2_DANRE"
      }
    },
   "attributes":{
     "Baseline MG94xREV":{
       "attribute type":"branch length",
       "display order":1
      },
     "Baseline MG94xREV omega ratio":{
       "attribute type":"branch label",
       "display order":1
      },
     "Corrected P-value":{
       "attribute type":"branch label",
       "display order":6
      },
     "Full adaptive model":{
       "attribute type":"branch length",
       "display order":2
      },
     "Full adaptive model (non-synonymous subs/site)":{
       "attribute type":"branch label",
       "display order":10
      },
     "Full adaptive model (synonymous subs/site)":{
       "attribute type":"branch label",
       "display order":9
      },
     "LRT":{
       "attribute type":"branch label",
       "display order":4
      },
     "Nucleotide GTR":{
       "attribute type":"branch length",
       "display order":0
      },
     "Rate Distributions":{
       "attribute type":"branch label",
       "display order":3
      },
     "Rate classes":{
       "attribute type":"branch label",
       "display order":2
      },
     "Uncorrected P-value":{
       "attribute type":"branch label",
       "display order":5
      },
     "original name":{
       "attribute type":"node label",
       "display order":-1
      }
    }
  },