{
 "analysis":{
   "authors":"Sergei L Kosakovsky Pond, Ben Murrell, Steven Weaver and Temple iGEM / UCSD viral evolution group",
   "citation":"Less Is More: An Adaptive Branch-Site Random Effects Model for Efficient Detection of Episodic Diversifying Selection (2015). Mol Biol Evol 32 (5): 1342-1353. v2.2 adds support for multiple-hit models",
   "contact":"spond@temple.edu",
   "info":"aBSREL (Adaptive branch-site random effects likelihood)\n                            uses an adaptive random effects branch-site model framework\n                            to test whether each branch has evolved under positive selection,\n                            using a procedure which infers an optimal number of rate categories per branch.",
   "requirements":"in-frame codon alignment and a phylogenetic tree",
   "version":"2.2"
  },
 "branch attributes":{
   "0":{
     "NODE_11":{
       "Baseline MG94xREV":0.1477344969532899,
       "Baseline MG94xREV omega ratio":0.009624402995830219,
       "Corrected P-value":1,
       "Full adaptive model":1.329614670857601,
       "Full adaptive model (non-synonymous subs/site)":1.218805604365905,
       "Full adaptive model (synonymous subs/site)":0.1108090664916969,
       "LRT":3.280019080215425,
       "Nucleotide GTR":0.03272855864274777,
       "Rate Distributions":        [
[0, 0.9915636856944519],
        [415.0767453092637, 0.008436314305548143] 
        ],
       "Rate classes":2,
       "Uncorrected P-value":0.07221908023912976
      },
     "NODE_14":{
       "Baseline MG94xREV":0.05820284065923731,
       "Baseline MG94xREV omega ratio":10000000000,
       "Corrected P-value":0.0004589126058091031,
       "Full adaptive model":0.08821130797501447,
       "Full adaptive model (non-synonymous subs/site)":0.08820970768461558,
       "Full adaptive model (synonymous subs/site)":1.600290398891715e-06,
       "LRT":18.85278762080634,
       "Nucleotide GTR":0.09752748151697907,
       "Rate Distributions":        [
[0, 0.3281127421744126],
        [0, 0.4800976357646332],
        [91498.60815743133, 0.1917896220609542] 
        ],
       "Rate classes":3,
       "Uncorrected P-value":2.699485916524136e-05
      },
     "NODE_15":{
       "Baseline MG94xREV":1188.225199287116,
       "Baseline MG94xREV omega ratio":4.314903356742334e-06,
       "Corrected P-value":1,
       "Full adaptive model":767.8211113644076,
       "Full adaptive model (non-synonymous subs/site)":0.01115791667055537,
       "Full adaptive model (synonymous subs/site)":767.8099534477374,
       "LRT":0,
       "Nucleotide GTR":0.07047487882840671,
       "Rate Distributions":        [
[4.626487401049339e-06, 1] 
        ],
       "Rate classes":1,
       "Uncorrected P-value":1
      },
     "NODE_3":{
       "Baseline MG94xREV":0,
       "Baseline MG94xREV omega ratio":1,
       "Corrected P-value":1,
       "Full adaptive model":0,
       "Full adaptive model (non-synonymous subs/site)":1e-10,
       "Full adaptive model (synonymous subs/site)":1e-10,
       "LRT":0,
       "Nucleotide GTR":0.002827086685894522,
       "Rate Distributions":        [
[1, 1] 
        ],
       "Rate classes":1,
       "Uncorrected P-value":1
      },
     "NODE_5":{
       "Baseline MG94xREV":0.01134324132154949,
       "Baseline MG94xREV omega ratio":0.1267030465936414,
       "Corrected P-value":1,
       "Full adaptive model":0.009375480574081808,
       "Full adaptive model (non-synonymous subs/site)":0.00225900834325999,
       "Full adaptive model (synonymous subs/site)":0.007116472230821816,
       "LRT":0,
       "Nucleotide GTR":0.02009107576366493,
       "Rate Distributions":        [
[0.1010590203114463, 1] 
        ],
       "Rate classes":1,
       "Uncorrected P-value":1
      },
     "NODE_8":{
       "Baseline MG94xREV":0.1231086512413991,
       "Baseline MG94xREV omega ratio":0.07091636737020843,
       "Corrected P-value":1,
       "Full adaptive model":0.1254345259039644,
       "Full adaptive model (non-synonymous subs/site)":0.02054987162515084,
       "Full adaptive model (synonymous subs/site)":0.1048846542788138,
       "LRT":0,
       "Nucleotide GTR":0.06923939276418448,
       "Rate Distributions":        [
[0.06237623681821391, 1] 
        ],
       "Rate classes":1,
       "Uncorrected P-value":1
      },
     "NODE_9":{
       "Baseline MG94xREV":0.03508032733910556,
       "Baseline MG94xREV omega ratio":0.0310397118791865,
       "Corrected P-value":1,
       "Full adaptive model":0.02853795416368339,
       "Full adaptive model (non-synonymous subs/site)":0.002376442936811493,
       "Full adaptive model (synonymous subs/site)":0.02616151122687188,
       "LRT":0,
       "Nucleotide GTR":0.02300122839036296,
       "Rate Distributions":        [
[0.02891921971496896, 1] 
        ],
       "Rate classes":1,
       "Uncorrected P-value":1
      },
     "SC5DL_1_OF_2_GADMO":{
       "Baseline MG94xREV":0.1417289181052852,
       "Baseline MG94xREV omega ratio":0.1157756676954034,
       "Corrected P-value":1,
       "Full adaptive model":0.1505325659304852,
       "Full adaptive model (non-synonymous subs/site)":0.04347216115599521,
       "Full adaptive model (synonymous subs/site)":0.10706040477449,
       "LRT":0,
       "Nucleotide GTR":0.09537494446594995,
       "Rate Distributions":        [
[0, 0.8332041047907509],
        [0.7750308668426513, 0.1667958952092491] 
        ],
       "Rate classes":2,
       "Uncorrected P-value":1,
       "original name":"SC5DL_1_OF_2_GADMO"
      },
     "SC5DL_1_OF_2_GASAC":{
       "Baseline MG94xREV":0.09300683535584624,
       "Baseline MG94xREV omega ratio":0.1385617535037554,
       "Corrected P-value":1,
       "Full adaptive model":0.09372405757964801,
       "Full adaptive model (non-synonymous subs/site)":0.02410365661789251,
       "Full adaptive model (synonymous subs/site)":0.06962040096175552,
       "LRT":0,
       "Nucleotide GTR":0.07733841314971859,
       "Rate Distributions":        [
[0.1102220335848383, 1] 
        ],
       "Rate classes":1,
       "Uncorrected P-value":1,
       "original name":"SC5DL_1_OF_2_GASAC"
      },
     "SC5DL_2_OF_2_GADMO":{
       "Baseline MG94xREV":0.3408391975069094,
       "Baseline MG94xREV omega ratio":0.05751134822232534,
       "Corrected P-value":1,
       "Full adaptive model":46.48922435089284,
       "Full adaptive model (non-synonymous subs/site)":46.25596738765213,
       "Full adaptive model (synonymous subs/site)":0.2332569632407054,
       "LRT":1.459242400342191,
       "Nucleotide GTR":0.1646348845163557,
       "Rate Distributions":        [
[0.05016966875938364, 0.9835961687886856],
        [3845.65459975173, 0.01640383121131439] 
        ],
       "Rate classes":2,
       "Uncorrected P-value":0.1900376117663116,
       "original name":"SC5DL_2_OF_2_GADMO"
      },
     "SC5DL_2_OF_2_GASAC":{
       "Baseline MG94xREV":0.109866764788643,
       "Baseline MG94xREV omega ratio":0.2350518272225742,
       "Corrected P-value":1,
       "Full adaptive model":0.1301639608344314,
       "Full adaptive model (non-synonymous subs/site)":0.04512380472630376,
       "Full adaptive model (synonymous subs/site)":0.08504015610812764,
       "LRT":0,
       "Nucleotide GTR":0.1259693277547539,
       "Rate Distributions":        [
[0.1689287896003693, 1] 
        ],
       "Rate classes":1,
       "Uncorrected P-value":1,
       "original name":"SC5DL_2_OF_2_GASAC"
      },
     "SC5DL_DANRE":{
       "Baseline MG94xREV":1.88323482945831,
       "Baseline MG94xREV omega ratio":0.005088119299003995,
       "Corrected P-value":1,
       "Full adaptive model":0.6056026032715999,
       "Full adaptive model (non-synonymous subs/site)":0.03504316287702383,
       "Full adaptive model (synonymous subs/site)":0.570559440394576,
       "LRT":0,
       "Nucleotide GTR":0.1283562784583175,
       "Rate Distributions":        [
[0, 0.8577752268425217],
        [0.1374830505089999, 0.1422247731574783] 
        ],
       "Rate classes":2,