{
 "analysis":{
   "authors":"Sergei L Kosakovsky Pond, Ben Murrell, Steven Weaver and Temple iGEM / UCSD viral evolution group",
   "citation":"Less Is More: An Adaptive Branch-Site Random Effects Model for Efficient Detection of Episodic Diversifying Selection (2015). Mol Biol Evol 32 (5): 1342-1353. v2.2 adds support for multiple-hit models",
   "contact":"spond@temple.edu",
   "info":"aBSREL (Adaptive branch-site random effects likelihood)\n                            uses an adaptive random effects branch-site model framework\n                            to test whether each branch has evolved under positive selection,\n                            using a procedure which infers an optimal number of rate categories per branch.",
   "requirements":"in-frame codon alignment and a phylogenetic tree",
   "version":"2.2"
  },
 "branch attributes":{
   "0":{
     "ENSGACP00000006915":{
       "Baseline MG94xREV":0.08874476622325217,
       "Baseline MG94xREV omega ratio":0.05331979281429312,
       "Corrected P-value":1,
       "Full adaptive model":0.08610370243648446,
       "Full adaptive model (non-synonymous subs/site)":0.009638222436232155,
       "Full adaptive model (synonymous subs/site)":0.07646548000025227,
       "LRT":0,
       "Nucleotide GTR":0.0738240888515635,
       "Rate Distributions":        [
[0.04878684151482088, 1] 
        ],
       "Rate classes":1,
       "Uncorrected P-value":1,
       "original name":"ENSGACP00000006915"
      },
     "ENSGMOP00000017024":{
       "Baseline MG94xREV":0.1873589783951287,
       "Baseline MG94xREV omega ratio":0.02809631692311879,
       "Corrected P-value":1,
       "Full adaptive model":0.1777485832189366,
       "Full adaptive model (non-synonymous subs/site)":0.01835249622487122,
       "Full adaptive model (synonymous subs/site)":0.1593960869940653,
       "LRT":0.006022196648700628,
       "Nucleotide GTR":0.1048556478409863,
       "Rate Distributions":        [
[0, 0.9586244183199549],
        [1.077071543848762, 0.04137558168004507] 
        ],
       "Rate classes":2,
       "Uncorrected P-value":0.4867268300181107,
       "original name":"ENSGMOP00000017024"
      },
     "ENSONIP00000001464":{
       "Baseline MG94xREV":0.05204840838736915,
       "Baseline MG94xREV omega ratio":0.2361994273284349,
       "Corrected P-value":1,
       "Full adaptive model":0.05315023958036569,
       "Full adaptive model (non-synonymous subs/site)":0.01815225948362493,
       "Full adaptive model (synonymous subs/site)":0.03499798009674072,
       "LRT":0,
       "Nucleotide GTR":0.05627531122291327,
       "Rate Distributions":        [
[0.200751541128855, 1] 
        ],
       "Rate classes":1,
       "Uncorrected P-value":1,
       "original name":"ENSONIP00000001464"
      },
     "ENSORLP00000013438":{
       "Baseline MG94xREV":0.128694536179306,
       "Baseline MG94xREV omega ratio":0.06671802288907061,
       "Corrected P-value":1,
       "Full adaptive model":0.1234223636332943,
       "Full adaptive model (non-synonymous subs/site)":0.01698908538703545,
       "Full adaptive model (synonymous subs/site)":0.106433278246259,
       "LRT":0,
       "Nucleotide GTR":0.09838231130206929,
       "Rate Distributions":        [
[0.06178225231583243, 1] 
        ],
       "Rate classes":1,
       "Uncorrected P-value":1,
       "original name":"ENSORLP00000013438"
      },
     "ENSTNIP00000012583":{
       "Baseline MG94xREV":0.0449636787460552,
       "Baseline MG94xREV omega ratio":0.1187049644160506,
       "Corrected P-value":1,
       "Full adaptive model":0.04349797361766969,
       "Full adaptive model (non-synonymous subs/site)":0.009589227201307554,
       "Full adaptive model (synonymous subs/site)":0.03390874641636216,
       "LRT":0,
       "Nucleotide GTR":0.03980601664436275,
       "Rate Distributions":        [
[0.1094568765130107, 1] 
        ],
       "Rate classes":1,
       "Uncorrected P-value":1,
       "original name":"ENSTNIP00000012583"
      },
     "ENSTRUP00000046040":{
       "Baseline MG94xREV":0.03417778864014637,
       "Baseline MG94xREV omega ratio":0.1012438022092688,
       "Corrected P-value":1,
       "Full adaptive model":0.03747302896012567,
       "Full adaptive model (non-synonymous subs/site)":0.009421277948446704,
       "Full adaptive model (synonymous subs/site)":0.02805175101167897,
       "LRT":1.952955116898011,
       "Nucleotide GTR":0.03254602623688137,
       "Rate Distributions":        [
[0, 0.9794311308213659],
        [6.319905754019875, 0.0205688691786341] 
        ],
       "Rate classes":2,
       "Uncorrected P-value":0.1454443852754445,
       "original name":"ENSTRUP00000046040"
      },
     "GTF2A1_DANRE":{
       "Baseline MG94xREV":0.01079918351605685,
       "Baseline MG94xREV omega ratio":10000000000,
       "Corrected P-value":1,
       "Full adaptive model":0.01510514806861174,
       "Full adaptive model (non-synonymous subs/site)":0.01508878382109201,
       "Full adaptive model (synonymous subs/site)":1.636424751972598e-05,
       "LRT":1.768271444834681,
       "Nucleotide GTR":0.07258494452804223,
       "Rate Distributions":        [
[1, 0.9607873923000914],
        [9076.802582114315, 0.03921260769990864] 
        ],
       "Rate classes":2,
       "Uncorrected P-value":0.1606405373453682,
       "original name":"GTF2A1_DANRE"
      },
     "GTF2A1_XENTR":{
       "Baseline MG94xREV":0.6835581672086654,
       "Baseline MG94xREV omega ratio":0.02872678129772788,
       "Corrected P-value":1,
       "Full adaptive model":1.091060641224491,
       "Full adaptive model (non-synonymous subs/site)":0.639653477727089,
       "Full adaptive model (synonymous subs/site)":0.4514071634974022,
       "LRT":1.39002512793013,
       "Nucleotide GTR":0.2118527721214887,
       "Rate Distributions":        [
[0.01920855561487466, 0.9608742751489072],
        [13.5462332731241, 0.03912572485109278] 
        ],
       "Rate classes":2,
       "Uncorrected P-value":0.1974006245396822,
       "original name":"GTF2A1_XENTR"
      },
     "NODE_11":{
       "Baseline MG94xREV":0.2398275016497136,
       "Baseline MG94xREV omega ratio":0.02648272324355317,
       "Corrected P-value":1,
       "Full adaptive model":0.2216946829027982,
       "Full adaptive model (non-synonymous subs/site)":0.01332597558262059,
       "Full adaptive model (synonymous subs/site)":0.2083687073201776,
       "LRT":0,
       "Nucleotide GTR":0.08375842170947209,
       "Rate Distributions":        [
[0.02475356144853563, 1] 
        ],
       "Rate classes":1,
       "Uncorrected P-value":1
      },
     "NODE_6":{
       "Baseline MG94xREV":0.07413412428863629,
       "Baseline MG94xREV omega ratio":0.07984210637281995,
       "Corrected P-value":1,
       "Full adaptive model":0.07094992691358855,
       "Full adaptive model (non-synonymous subs/site)":0.01139065151623745,
       "Full adaptive model (synonymous subs/site)":0.05955927539735108,
       "LRT":0,
       "Nucleotide GTR":0.05987819672963839,
       "Rate Distributions":        [
[0.07402362287256843, 1] 
        ],
       "Rate classes":1,
       "Uncorrected P-value":1
      },
     "NODE_9":{
       "Baseline MG94xREV":0.0239013320183202,
       "Baseline MG94xREV omega ratio":0.0713007404878517,
       "Corrected P-value":1,
       "Full adaptive model":0.02038504585753565,
       "Full adaptive model (non-synonymous subs/site)":0.003446617346002623,
       "Full adaptive model (synonymous subs/site)":0.01693842851153302,
       "LRT":0,
       "Nucleotide GTR":0.03000007403850624,
       "Rate Distributions":        [
[0.07875735649640345, 1] 
        ],
       "Rate classes":1,
       "Uncorrected P-value":1
      }
    },
   "attributes":{
     "Baseline MG94xREV":{
       "attribute type":"branch length",
       "display order":1
      },
     "Baseline MG94xREV omega ratio":{
       "attribute type":"branch label",
       "display order":1
      },