{
 "analysis":{
   "authors":"Sergei L Kosakovsky Pond, Ben Murrell, Steven Weaver and Temple iGEM / UCSD viral evolution group",
   "citation":"Less Is More: An Adaptive Branch-Site Random Effects Model for Efficient Detection of Episodic Diversifying Selection (2015). Mol Biol Evol 32 (5): 1342-1353. v2.2 adds support for multiple-hit models",
   "contact":"spond@temple.edu",
   "info":"aBSREL (Adaptive branch-site random effects likelihood)\n                            uses an adaptive random effects branch-site model framework\n                            to test whether each branch has evolved under positive selection,\n                            using a procedure which infers an optimal number of rate categories per branch.",
   "requirements":"in-frame codon alignment and a phylogenetic tree",
   "version":"2.2"
  },
 "branch attributes":{
   "0":{
     "COL28A1_DANRE":{
       "Baseline MG94xREV":0.3061544734397282,
       "Baseline MG94xREV omega ratio":0.1160898650358724,
       "Corrected P-value":1,
       "Full adaptive model":3.336384219899719,
       "Full adaptive model (non-synonymous subs/site)":3.092579571923805,
       "Full adaptive model (synonymous subs/site)":0.2438046479759139,
       "LRT":2.829496120968543,
       "Nucleotide GTR":0.1984002619659342,
       "Rate Distributions":        [
[0.08739044112427473, 0.07650829943759797],
        [0.08802682800901272, 0.90065742117313],
        [229.5849533596547, 0.02283427938927206] 
        ],
       "Rate classes":3,
       "Uncorrected P-value":0.09140552559812218,
       "original name":"COL28A1_DANRE"
      },
     "ENSGACP00000000111":{
       "Baseline MG94xREV":0.1688842502660149,
       "Baseline MG94xREV omega ratio":0.2164475895146052,
       "Corrected P-value":1,
       "Full adaptive model":0.1657377727119346,
       "Full adaptive model (non-synonymous subs/site)":0.05481869240506487,
       "Full adaptive model (synonymous subs/site)":0.1109190803068696,
       "LRT":0,
       "Nucleotide GTR":0.1434458229612606,
       "Rate Distributions":        [
[0.2076052340684546, 1] 
        ],
       "Rate classes":1,
       "Uncorrected P-value":1,
       "original name":"ENSGACP00000000111"
      },
     "ENSGACP00000017079":{
       "Baseline MG94xREV":0.1980445763467727,
       "Baseline MG94xREV omega ratio":0.5437763307491238,
       "Corrected P-value":1,
       "Full adaptive model":0.2011625267214377,
       "Full adaptive model (non-synonymous subs/site)":0.1160978501134556,
       "Full adaptive model (synonymous subs/site)":0.08506467660798203,
       "LRT":0,
       "Nucleotide GTR":0.1973293643773051,
       "Rate Distributions":        [
[0, 0.4184998188594528],
        [0.985918360483288, 0.5815001811405471] 
        ],
       "Rate classes":2,
       "Uncorrected P-value":1,
       "original name":"ENSGACP00000017079"
      },
     "ENSONIP00000008203":{
       "Baseline MG94xREV":0.08687439275635971,
       "Baseline MG94xREV omega ratio":0.3126375247112946,
       "Corrected P-value":1,
       "Full adaptive model":0.09728332066568775,
       "Full adaptive model (non-synonymous subs/site)":0.03551241006930134,
       "Full adaptive model (synonymous subs/site)":0.06177091059638643,
       "LRT":0,
       "Nucleotide GTR":0.0827480568418954,
       "Rate Distributions":        [
[0.2414971611314616, 1] 
        ],
       "Rate classes":1,
       "Uncorrected P-value":1,
       "original name":"ENSONIP00000008203"
      },
     "ENSORLP00000012874":{
       "Baseline MG94xREV":0.2553418233680825,
       "Baseline MG94xREV omega ratio":0.2263057315546086,
       "Corrected P-value":0.1270781440405178,
       "Full adaptive model":4.704510922146569,
       "Full adaptive model (non-synonymous subs/site)":4.557154095767112,
       "Full adaptive model (synonymous subs/site)":0.1473568263794564,
       "LRT":7.018387552081549,
       "Nucleotide GTR":0.208295567751957,
       "Rate Distributions":        [
[0.1919869050463438, 0.9627213214372004],
        [343.5227222598025, 0.03727867856279965] 
        ],
       "Rate classes":2,
       "Uncorrected P-value":0.01058984533670981,
       "original name":"ENSORLP00000012874"
      },
     "ENSORLP00000020463":{
       "Baseline MG94xREV":0.2171413228732766,
       "Baseline MG94xREV omega ratio":0.2185893862419851,
       "Corrected P-value":1,
       "Full adaptive model":0.2294435773068516,
       "Full adaptive model (non-synonymous subs/site)":0.09491488304198648,
       "Full adaptive model (synonymous subs/site)":0.1345286942648651,
       "LRT":0.2944176041310129,
       "Nucleotide GTR":0.1817216349890661,
       "Rate Distributions":        [
[0.08362525253567983, 0.8634806852852084],
        [1.641979505074461, 0.1365193147147916] 
        ],
       "Rate classes":2,
       "Uncorrected P-value":0.37641480842544,
       "original name":"ENSORLP00000020463"
      },
     "ENSTNIP00000000535":{
       "Baseline MG94xREV":0.07623203317707102,
       "Baseline MG94xREV omega ratio":0.2881850478215386,
       "Corrected P-value":1,
       "Full adaptive model":0.07594974957327606,
       "Full adaptive model (non-synonymous subs/site)":0.0301086393075491,
       "Full adaptive model (synonymous subs/site)":0.04584111026572688,
       "LRT":0,
       "Nucleotide GTR":0.07598146203421784,
       "Rate Distributions":        [
[0.2759001190103658, 1] 
        ],
       "Rate classes":1,
       "Uncorrected P-value":1,
       "original name":"ENSTNIP00000000535"
      },
     "ENSTRUP00000012771":{
       "Baseline MG94xREV":0.07722669023981503,
       "Baseline MG94xREV omega ratio":0.2230602381110247,
       "Corrected P-value":1,
       "Full adaptive model":0.07722332438322298,
       "Full adaptive model (non-synonymous subs/site)":0.0256418155624437,
       "Full adaptive model (synonymous subs/site)":0.05158150882077932,
       "LRT":0,
       "Nucleotide GTR":0.06965461443219743,
       "Rate Distributions":        [
[0.2088192910081247, 1] 
        ],
       "Rate classes":1,
       "Uncorrected P-value":1,
       "original name":"ENSTRUP00000012771"
      },
     "NODE_12":{
       "Baseline MG94xREV":0.02596187496407788,
       "Baseline MG94xREV omega ratio":0.1754436102846713,
       "Corrected P-value":1,
       "Full adaptive model":0.0165654473801495,
       "Full adaptive model (non-synonymous subs/site)":0.007429304261602553,
       "Full adaptive model (synonymous subs/site)":0.009136143118546944,
       "LRT":0,
       "Nucleotide GTR":0.02317710532291086,
       "Rate Distributions":        [
[0.3415868451022652, 1] 
        ],
       "Rate classes":1,
       "Uncorrected P-value":1
      },
     "NODE_14":{
       "Baseline MG94xREV":0.3566440749237418,
       "Baseline MG94xREV omega ratio":0.1444133233303766,
       "Corrected P-value":1,
       "Full adaptive model":0.3723082184981062,
       "Full adaptive model (non-synonymous subs/site)":0.1361627502130391,
       "Full adaptive model (synonymous subs/site)":0.2361454682850671,
       "LRT":0.2070029746755608,
       "Nucleotide GTR":0.2188957864980332,
       "Rate Distributions":        [
[0.05038280890383835, 0.8544384135918975],
        [1.368234578047529, 0.1455615864081025] 
        ],
       "Rate classes":2,
       "Uncorrected P-value":0.4003277349166464
      },
     "NODE_3":{
       "Baseline MG94xREV":0.09449522406066935,
       "Baseline MG94xREV omega ratio":0.2972740589687717,
       "Corrected P-value":1,
       "Full adaptive model":1.679736217808307,
       "Full adaptive model (non-synonymous subs/site)":1.626428982695796,
       "Full adaptive model (synonymous subs/site)":0.05330723511251049,
       "LRT":0.8160059041074419,
       "Nucleotide GTR":0.08726055355135615,
       "Rate Distributions":        [
[0.2510384242554492, 0.9869550126285618],
        [963.4812222578664, 0.01304498737143822] 
        ],
       "Rate classes":2,
       "Uncorrected P-value":0.2727631826710259
      },