{
 "analysis":{
   "authors":"Sergei L Kosakovsky Pond, Ben Murrell, Steven Weaver and Temple iGEM / UCSD viral evolution group",
   "citation":"Less Is More: An Adaptive Branch-Site Random Effects Model for Efficient Detection of Episodic Diversifying Selection (2015). Mol Biol Evol 32 (5): 1342-1353. v2.2 adds support for multiple-hit models",
   "contact":"spond@temple.edu",
   "info":"aBSREL (Adaptive branch-site random effects likelihood)\n                            uses an adaptive random effects branch-site model framework\n                            to test whether each branch has evolved under positive selection,\n                            using a procedure which infers an optimal number of rate categories per branch.",
   "requirements":"in-frame codon alignment and a phylogenetic tree",
   "version":"2.2"
  },
 "branch attributes":{
   "0":{
     "CRY4_DANRE":{
       "Baseline MG94xREV":0.9130121910996443,
       "Baseline MG94xREV omega ratio":0.02798747194698193,
       "Corrected P-value":1,
       "Full adaptive model":0.8415585005612345,
       "Full adaptive model (non-synonymous subs/site)":0.1089870551823573,
       "Full adaptive model (synonymous subs/site)":0.7325714453788772,
       "LRT":0,
       "Nucleotide GTR":0.2329398645013112,
       "Rate Distributions":        [
[0.01145365858597622, 0.9124805721322556],
        [0.5344844869162304, 0.08751942786774436] 
        ],
       "Rate classes":2,
       "Uncorrected P-value":1,
       "original name":"CRY4_DANRE"
      },
     "ENSLACP00000014053":{
       "Baseline MG94xREV":0.102615095019508,
       "Baseline MG94xREV omega ratio":0.2669425732088925,
       "Corrected P-value":1,
       "Full adaptive model":0.1150599112474514,
       "Full adaptive model (non-synonymous subs/site)":0.07511927818232335,
       "Full adaptive model (synonymous subs/site)":0.03994063306512803,
       "LRT":1.971049409939951,
       "Nucleotide GTR":0.1424870980695073,
       "Rate Distributions":        [
[0.2243079251766838, 0.9579367571038103],
        [12.09153901149736, 0.04206324289618968] 
        ],
       "Rate classes":2,
       "Uncorrected P-value":0.1440403032927939,
       "original name":"ENSLACP00000014053"
      },
     "ENSMGAP00000005212":{
       "Baseline MG94xREV":0.02061292624973779,
       "Baseline MG94xREV omega ratio":0.03984596318703193,
       "Corrected P-value":1,
       "Full adaptive model":0.02037153119037466,
       "Full adaptive model (non-synonymous subs/site)":0.001767136668027936,
       "Full adaptive model (synonymous subs/site)":0.01860439452234672,
       "LRT":0,
       "Nucleotide GTR":0.01784187957735187,
       "Rate Distributions":        [
[0.03653809965325739, 1] 
        ],
       "Rate classes":1,
       "Uncorrected P-value":1,
       "original name":"ENSMGAP00000005212"
      },
     "ENSPSIP00000014447":{
       "Baseline MG94xREV":0.07523064274903249,
       "Baseline MG94xREV omega ratio":0.148536619609522,
       "Corrected P-value":1,
       "Full adaptive model":0.08062321632931499,
       "Full adaptive model (non-synonymous subs/site)":0.02297000189365281,
       "Full adaptive model (synonymous subs/site)":0.05765321443566219,
       "LRT":0.1690365722533897,
       "Nucleotide GTR":0.09879459260153781,
       "Rate Distributions":        [
[0, 0.890782935117052],
        [1.403260697270188, 0.109217064882948] 
        ],
       "Rate classes":2,
       "Uncorrected P-value":0.4118803472291878,
       "original name":"ENSPSIP00000014447"
      },
     "ENSTGUP00000001452":{
       "Baseline MG94xREV":0.07990895766404793,
       "Baseline MG94xREV omega ratio":0.180726283985305,
       "Corrected P-value":1,
       "Full adaptive model":5.718112036501876,
       "Full adaptive model (non-synonymous subs/site)":5.673117877619843,
       "Full adaptive model (synonymous subs/site)":0.04499415888203366,
       "LRT":2.767110783346652,
       "Nucleotide GTR":0.07708762905748651,
       "Rate Distributions":        [
[0.1582693364830665, 0.9874390545702519],
        [3848.868416359902, 0.01256094542974806] 
        ],
       "Rate classes":2,
       "Uncorrected P-value":0.0944496429419881,
       "original name":"ENSTGUP00000001452"
      },
     "NODE_3":{
       "Baseline MG94xREV":0.09644400539796394,
       "Baseline MG94xREV omega ratio":0.03724440724414492,
       "Corrected P-value":1,
       "Full adaptive model":0.09940023491431849,
       "Full adaptive model (non-synonymous subs/site)":0.007770560746463473,
       "Full adaptive model (synonymous subs/site)":0.09162967416785499,
       "LRT":0,
       "Nucleotide GTR":0.06540660680389765,
       "Rate Distributions":        [
[0.03262177406890752, 1] 
        ],
       "Rate classes":1,
       "Uncorrected P-value":1
      },
     "NODE_5":{
       "Baseline MG94xREV":0.1694755838189826,
       "Baseline MG94xREV omega ratio":0.05947173938328709,
       "Corrected P-value":1,
       "Full adaptive model":2.401653834066402,
       "Full adaptive model (non-synonymous subs/site)":2.257089386249569,
       "Full adaptive model (synonymous subs/site)":0.1445644478168329,
       "LRT":-0.311746152707201,
       "Nucleotide GTR":0.08371432659934935,
       "Rate Distributions":        [
[0.04569519730248077, 0.9913442194867979],
        [688.6273842039652, 0.008655780513202149] 
        ],
       "Rate classes":2,
       "Uncorrected P-value":0.5
      },
     "NODE_7":{
       "Baseline MG94xREV":0.1917249576640761,
       "Baseline MG94xREV omega ratio":0.01740581469366319,
       "Corrected P-value":1,
       "Full adaptive model":0.1942381568166642,
       "Full adaptive model (non-synonymous subs/site)":0.008320609608113642,
       "Full adaptive model (synonymous subs/site)":0.1859175472085507,
       "LRT":0,
       "Nucleotide GTR":0.06168321080520555,
       "Rate Distributions":        [
[0.01721575695074773, 1] 
        ],
       "Rate classes":1,
       "Uncorrected P-value":1
      },
     "NODE_9":{
       "Baseline MG94xREV":0.1124253465087872,
       "Baseline MG94xREV omega ratio":0.04266277529204262,
       "Corrected P-value":1,
       "Full adaptive model":0.1166455941927475,
       "Full adaptive model (non-synonymous subs/site)":0.007459937202089185,
       "Full adaptive model (synonymous subs/site)":0.1091856569906583,
       "LRT":0,
       "Nucleotide GTR":0.03947023021683706,
       "Rate Distributions":        [
[0.02628215291705645, 1] 
        ],
       "Rate classes":1,
       "Uncorrected P-value":1
      },
     "Q2TV23_CHICK":{
       "Baseline MG94xREV":0.00896583343122973,
       "Baseline MG94xREV omega ratio":0.1581464962755481,
       "Corrected P-value":1,
       "Full adaptive model":0.009002579994633138,
       "Full adaptive model (non-synonymous subs/site)":0.002578326519470591,
       "Full adaptive model (synonymous subs/site)":0.00642425347516255,
       "LRT":0,
       "Nucleotide GTR":0.009797567511392926,
       "Rate Distributions":        [
[0.1543855343808109, 1] 
        ],
       "Rate classes":1,
       "Uncorrected P-value":1,
       "original name":"Q2TV23_CHICK"
      },
     "XB_GENE_5945160_XENTR":{
       "Baseline MG94xREV":0.4818577682846498,
       "Baseline MG94xREV omega ratio":0.06797085626583665,
       "Corrected P-value":1,
       "Full adaptive model":0.4877440125991826,
       "Full adaptive model (non-synonymous subs/site)":0.1138198982417274,
       "Full adaptive model (synonymous subs/site)":0.3739241143574552,
       "LRT":0,
       "Nucleotide GTR":0.2490874998508924,
       "Rate Distributions":        [
[0.02652605005103899, 0.8907084838078569],
        [0.855187266350532, 0.1092915161921431] 
        ],
       "Rate classes":2,
       "Uncorrected P-value":1,
       "original name":"XB-GENE-5945160_XENTR"
      }
    },
   "attributes":{
     "Baseline MG94xREV":{
       "attribute type":"branch length",
       "display order":1
      },