{
 "analysis":{
   "authors":"Sergei L Kosakovsky Pond, Ben Murrell, Steven Weaver and Temple iGEM / UCSD viral evolution group",
   "citation":"Less Is More: An Adaptive Branch-Site Random Effects Model for Efficient Detection of Episodic Diversifying Selection (2015). Mol Biol Evol 32 (5): 1342-1353. v2.2 adds support for multiple-hit models",
   "contact":"spond@temple.edu",
   "info":"aBSREL (Adaptive branch-site random effects likelihood)\n                            uses an adaptive random effects branch-site model framework\n                            to test whether each branch has evolved under positive selection,\n                            using a procedure which infers an optimal number of rate categories per branch.",
   "requirements":"in-frame codon alignment and a phylogenetic tree",
   "version":"2.2"
  },
 "branch attributes":{
   "0":{
     "ENSGACP00000018748":{
       "Baseline MG94xREV":0.1460575332169286,
       "Baseline MG94xREV omega ratio":0.2189020376175582,
       "Corrected P-value":1,
       "Full adaptive model":0.1600896945272446,
       "Full adaptive model (non-synonymous subs/site)":0.06902491677731323,
       "Full adaptive model (synonymous subs/site)":0.09106477774993134,
       "LRT":0.02257576971351227,
       "Nucleotide GTR":0.1357911825180784,
       "Rate Distributions":        [
[0.07318590675628715, 0.9111880124448299],
        [2.084631840966022, 0.08881198755517006] 
        ],
       "Rate classes":2,
       "Uncorrected P-value":0.4727457798057355,
       "original name":"ENSGACP00000018748"
      },
     "ENSONIP00000001624":{
       "Baseline MG94xREV":0.08656159750386481,
       "Baseline MG94xREV omega ratio":0.0532770257058071,
       "Corrected P-value":1,
       "Full adaptive model":0.08173859589929662,
       "Full adaptive model (non-synonymous subs/site)":0.0100908080966675,
       "Full adaptive model (synonymous subs/site)":0.0716477878026292,
       "LRT":0,
       "Nucleotide GTR":0.0735091065802025,
       "Rate Distributions":        [
[0.04679171787002945, 1] 
        ],
       "Rate classes":1,
       "Uncorrected P-value":1,
       "original name":"ENSONIP00000001624"
      },
     "ENSONIP00000011915":{
       "Baseline MG94xREV":0.05668835786347674,
       "Baseline MG94xREV omega ratio":0.03117102574024193,
       "Corrected P-value":1,
       "Full adaptive model":0.1006980724561947,
       "Full adaptive model (non-synonymous subs/site)":0.01000875225525848,
       "Full adaptive model (synonymous subs/site)":0.09068932020093619,
       "LRT":1.133366848044716,
       "Nucleotide GTR":0.07738015244652643,
       "Rate Distributions":        [
[0, 0.9934070962106851],
        [5.561512059186186, 0.006592903789314875] 
        ],
       "Rate classes":2,
       "Uncorrected P-value":0.227632912545628,
       "original name":"ENSONIP00000011915"
      },
     "ENSORLP00000005689":{
       "Baseline MG94xREV":0.1312992272486549,
       "Baseline MG94xREV omega ratio":0.01274625744953765,
       "Corrected P-value":1,
       "Full adaptive model":0.1194237690117537,
       "Full adaptive model (non-synonymous subs/site)":0.004007187913291035,
       "Full adaptive model (synonymous subs/site)":0.1154165810984627,
       "LRT":0,
       "Nucleotide GTR":0.08656427602933042,
       "Rate Distributions":        [
[0.01153499290747886, 1] 
        ],
       "Rate classes":1,
       "Uncorrected P-value":1,
       "original name":"ENSORLP00000005689"
      },
     "ENSORLP00000022011":{
       "Baseline MG94xREV":0.1678170154492728,
       "Baseline MG94xREV omega ratio":0.004778103673608067,
       "Corrected P-value":1,
       "Full adaptive model":0.1043196294167459,
       "Full adaptive model (non-synonymous subs/site)":0.00198844851506663,
       "Full adaptive model (synonymous subs/site)":0.1023311809016791,
       "LRT":0,
       "Nucleotide GTR":0.07512069265400649,
       "Rate Distributions":        [
[0.006455831599064913, 1] 
        ],
       "Rate classes":1,
       "Uncorrected P-value":1,
       "original name":"ENSORLP00000022011"
      },
     "ENSSHAP00000011160":{
       "Baseline MG94xREV":0.7889619285850134,
       "Baseline MG94xREV omega ratio":0.04562683577343099,
       "Corrected P-value":1,
       "Full adaptive model":0.591591422073852,
       "Full adaptive model (non-synonymous subs/site)":0.07960934110300587,
       "Full adaptive model (synonymous subs/site)":0.5119820809708466,
       "LRT":0,
       "Nucleotide GTR":0.2440945154433434,
       "Rate Distributions":        [
[0.05166008265140716, 1] 
        ],
       "Rate classes":1,
       "Uncorrected P-value":1,
       "original name":"ENSSHAP00000011160"
      },
     "ENSTRUP00000036650":{
       "Baseline MG94xREV":0.04743802634459779,
       "Baseline MG94xREV omega ratio":0.02614719524035009,
       "Corrected P-value":1,
       "Full adaptive model":0.04524040208309826,
       "Full adaptive model (non-synonymous subs/site)":1e-10,
       "Full adaptive model (synonymous subs/site)":0.04524040208309826,
       "LRT":0,
       "Nucleotide GTR":0.04042537456863896,
       "Rate Distributions":        [
[0, 1] 
        ],
       "Rate classes":1,
       "Uncorrected P-value":1,
       "original name":"ENSTRUP00000036650"
      },
     "NODE_11":{
       "Baseline MG94xREV":0.08306797580985995,
       "Baseline MG94xREV omega ratio":0.05525286002182703,
       "Corrected P-value":0.1476731631579298,
       "Full adaptive model":0.1012350208357991,
       "Full adaptive model (non-synonymous subs/site)":0.03403480469699278,
       "Full adaptive model (synonymous subs/site)":0.06720021613880633,
       "LRT":6.723384351126697,
       "Nucleotide GTR":0.05141646494105359,
       "Rate Distributions":        [
[0, 0.9799199867979552],
        [8.379814932381091, 0.02008001320204478] 
        ],
       "Rate classes":2,
       "Uncorrected P-value":0.01230609692982748
      },
     "NODE_12":{
       "Baseline MG94xREV":0.2979420518752519,
       "Baseline MG94xREV omega ratio":0.003588214399496937,
       "Corrected P-value":1,
       "Full adaptive model":0.2512566721280412,
       "Full adaptive model (non-synonymous subs/site)":0.003147453692389659,
       "Full adaptive model (synonymous subs/site)":0.2481092184356516,
       "LRT":0,
       "Nucleotide GTR":0.05957619196353475,
       "Rate Distributions":        [
[0.004214657393972348, 1] 
        ],
       "Rate classes":1,
       "Uncorrected P-value":1
      },
     "NODE_3":{
       "Baseline MG94xREV":0.0974163212091157,
       "Baseline MG94xREV omega ratio":0.1069730444518813,
       "Corrected P-value":1,
       "Full adaptive model":0.04238344228177353,
       "Full adaptive model (non-synonymous subs/site)":0.0362042424726632,
       "Full adaptive model (synonymous subs/site)":0.006179199809110331,
       "LRT":2.04394519739526,
       "Nucleotide GTR":0.08390593769630525,
       "Rate Distributions":        [
[0, 0.9404712237981288],
        [32.6998755829859, 0.05952877620187125] 
        ],
       "Rate classes":2,
       "Uncorrected P-value":0.1385278737108333
      },
     "NODE_8":{
       "Baseline MG94xREV":0,
       "Baseline MG94xREV omega ratio":1,
       "Corrected P-value":1,
       "Full adaptive model":0,
       "Full adaptive model (non-synonymous subs/site)":1e-10,
       "Full adaptive model (synonymous subs/site)":1e-10,
       "LRT":0,
       "Nucleotide GTR":0.01813725326217864,
       "Rate Distributions":        [
[1, 1] 
        ],
       "Rate classes":1,
       "Uncorrected P-value":1
      },
     "Q4S991_TETNG":{
       "Baseline MG94xREV":0.06173390429266512,
       "Baseline MG94xREV omega ratio":0.03839988242027803,
       "Corrected P-value":1,
       "Full adaptive model":0.06261029126729721,
       "Full adaptive model (non-synonymous subs/site)":0.008117945140407375,
       "Full adaptive model (synonymous subs/site)":0.05449234612688986,
       "LRT":0,