{
 "analysis":{
   "authors":"Sergei L Kosakovsky Pond, Ben Murrell, Steven Weaver and Temple iGEM / UCSD viral evolution group",
   "citation":"Less Is More: An Adaptive Branch-Site Random Effects Model for Efficient Detection of Episodic Diversifying Selection (2015). Mol Biol Evol 32 (5): 1342-1353. v2.2 adds support for multiple-hit models",
   "contact":"spond@temple.edu",
   "info":"aBSREL (Adaptive branch-site random effects likelihood)\n                            uses an adaptive random effects branch-site model framework\n                            to test whether each branch has evolved under positive selection,\n                            using a procedure which infers an optimal number of rate categories per branch.",
   "requirements":"in-frame codon alignment and a phylogenetic tree",
   "version":"2.2"
  },
 "branch attributes":{
   "0":{
     "1700011I03RIK_MOUSE":{
       "Baseline MG94xREV":0.0447093457309382,
       "Baseline MG94xREV omega ratio":0.2831002263354554,
       "Corrected P-value":0.4757389946258518,
       "Full adaptive model":0.05148082132853957,
       "Full adaptive model (non-synonymous subs/site)":0.02531737635805596,
       "Full adaptive model (synonymous subs/site)":0.02616344497048362,
       "LRT":3.396650374709679,
       "Nucleotide GTR":0.04586274563791354,
       "Rate Distributions":        [
[0, 0.9382193376254947],
        [5.810719583740331, 0.0617806623745053] 
        ],
       "Rate classes":2,
       "Uncorrected P-value":0.06796271351797883,
       "original name":"1700011I03RIK_MOUSE"
      },
     "ENSAMEP00000002540":{
       "Baseline MG94xREV":0.0574704771743593,
       "Baseline MG94xREV omega ratio":0.2896141606926212,
       "Corrected P-value":1,
       "Full adaptive model":0.05730010159896015,
       "Full adaptive model (non-synonymous subs/site)":0.02411299612403597,
       "Full adaptive model (synonymous subs/site)":0.0331871054749241,
       "LRT":0,
       "Nucleotide GTR":0.05486221336103533,
       "Rate Distributions":        [
[0.2695507274976928, 1] 
        ],
       "Rate classes":1,
       "Uncorrected P-value":1,
       "original name":"ENSAMEP00000002540"
      },
     "ENSGGOP00000024157":{
       "Baseline MG94xREV":0.07086459074473535,
       "Baseline MG94xREV omega ratio":0.2422705947449885,
       "Corrected P-value":1,
       "Full adaptive model":0.07196154394027064,
       "Full adaptive model (non-synonymous subs/site)":0.02788908420405707,
       "Full adaptive model (synonymous subs/site)":0.0440724597362136,
       "LRT":0,
       "Nucleotide GTR":0.06801987676427335,
       "Rate Distributions":        [
[0.2347608489893726, 1] 
        ],
       "Rate classes":1,
       "Uncorrected P-value":1,
       "original name":"ENSGGOP00000024157"
      },
     "ENSLACP00000023360":{
       "Baseline MG94xREV":0.51652062232138,
       "Baseline MG94xREV omega ratio":0.4327156909581042,
       "Corrected P-value":1,
       "Full adaptive model":0.5122834585506321,
       "Full adaptive model (non-synonymous subs/site)":0.2703204325472209,
       "Full adaptive model (synonymous subs/site)":0.2419630260034107,
       "LRT":0,
       "Nucleotide GTR":0.4683368864392107,
       "Rate Distributions":        [
[0.4144656796504917, 1] 
        ],
       "Rate classes":1,
       "Uncorrected P-value":1,
       "original name":"ENSLACP00000023360"
      },
     "ENSOCUP00000018949":{
       "Baseline MG94xREV":0.2082538913480208,
       "Baseline MG94xREV omega ratio":0.2424218133399854,
       "Corrected P-value":0.9345052232029323,
       "Full adaptive model":797.9687519214491,
       "Full adaptive model (non-synonymous subs/site)":797.8463204045566,
       "Full adaptive model (synonymous subs/site)":0.122431516892663,
       "LRT":1.825580654251098,
       "Nucleotide GTR":0.1878746903624175,
       "Rate Distributions":        [
[0.2018720897291516, 0.9758259545166756],
        [100000, 0.02417404548332436] 
        ],
       "Rate classes":2,
       "Uncorrected P-value":0.1557508705338221,
       "original name":"ENSOCUP00000018949"
      },
     "LOC682142_RAT":{
       "Baseline MG94xREV":0.01249533834383553,
       "Baseline MG94xREV omega ratio":0.1318991768132727,
       "Corrected P-value":0.1177921221996508,
       "Full adaptive model":14.43693811297578,
       "Full adaptive model (non-synonymous subs/site)":14.43072097173038,
       "Full adaptive model (synonymous subs/site)":0.006217141245397633,
       "LRT":6.602474173851533,
       "Nucleotide GTR":0.01138738945701088,
       "Rate Distributions":        [
[0, 0.99138895214366],
        [100000, 0.008611047856340037] 
        ],
       "Rate classes":2,
       "Uncorrected P-value":0.01308801357773898,
       "original name":"LOC682142_RAT"
      },
     "NODE_3":{
       "Baseline MG94xREV":0.05683677079640434,
       "Baseline MG94xREV omega ratio":10000000000,
       "Corrected P-value":0.4289579169495319,
       "Full adaptive model":0.05712207840514234,
       "Full adaptive model (non-synonymous subs/site)":0.05712207840514234,
       "Full adaptive model (synonymous subs/site)":1e-10,
       "LRT":3.853317349783538,
       "Nucleotide GTR":0.05642190487294617,
       "Rate Distributions":        [
[10000000000, 1] 
        ],
       "Rate classes":1,
       "Uncorrected P-value":0.05361973961869149
      },
     "NODE_6":{
       "Baseline MG94xREV":7.985484060133257e-20,
       "Baseline MG94xREV omega ratio":10000000000,
       "Corrected P-value":1,
       "Full adaptive model":0,
       "Full adaptive model (non-synonymous subs/site)":1e-10,
       "Full adaptive model (synonymous subs/site)":1e-10,
       "LRT":0,
       "Nucleotide GTR":0.006124320681574588,
       "Rate Distributions":        [
[1, 1] 
        ],
       "Rate classes":1,
       "Uncorrected P-value":1
      },
     "NODE_8":{
       "Baseline MG94xREV":0.05223547370427106,
       "Baseline MG94xREV omega ratio":0.06104106529362688,
       "Corrected P-value":1,
       "Full adaptive model":0.05090697213418387,
       "Full adaptive model (non-synonymous subs/site)":0.00605600317686247,
       "Full adaptive model (synonymous subs/site)":0.04485096895732135,
       "LRT":0,
       "Nucleotide GTR":0.0501414863968397,
       "Rate Distributions":        [
[0.05009253057395485, 1] 
        ],
       "Rate classes":1,
       "Uncorrected P-value":1
      }
    },
   "attributes":{
     "Baseline MG94xREV":{
       "attribute type":"branch length",
       "display order":1
      },
     "Baseline MG94xREV omega ratio":{
       "attribute type":"branch label",
       "display order":1
      },
     "Corrected P-value":{
       "attribute type":"branch label",
       "display order":6
      },
     "Full adaptive model":{
       "attribute type":"branch length",
       "display order":2
      },
     "Full adaptive model (non-synonymous subs/site)":{
       "attribute type":"branch label",
       "display order":10
      },
     "Full adaptive model (synonymous subs/site)":{
       "attribute type":"branch label",
       "display order":9
      },
     "LRT":{
       "attribute type":"branch label",
       "display order":4
      },
     "Nucleotide GTR":{
       "attribute type":"branch length",
       "display order":0
      },
     "Rate Distributions":{
       "attribute type":"branch label",
       "display order":3
      },
     "Rate classes":{
       "attribute type":"branch label",
       "display order":2
      },
     "Uncorrected P-value":{
       "attribute type":"branch label",
       "display order":5
      },
     "original name":{
       "attribute type":"node label",
       "display order":-1
      }
    }
  },