{
 "analysis":{
   "authors":"Sergei L Kosakovsky Pond, Ben Murrell, Steven Weaver and Temple iGEM / UCSD viral evolution group",
   "citation":"Less Is More: An Adaptive Branch-Site Random Effects Model for Efficient Detection of Episodic Diversifying Selection (2015). Mol Biol Evol 32 (5): 1342-1353. v2.2 adds support for multiple-hit models",
   "contact":"spond@temple.edu",
   "info":"aBSREL (Adaptive branch-site random effects likelihood)\n                            uses an adaptive random effects branch-site model framework\n                            to test whether each branch has evolved under positive selection,\n                            using a procedure which infers an optimal number of rate categories per branch.",
   "requirements":"in-frame codon alignment and a phylogenetic tree",
   "version":"2.2"
  },
 "branch attributes":{
   "0":{
     "ENSACAP00000007729":{
       "Baseline MG94xREV":0.2264286096408307,
       "Baseline MG94xREV omega ratio":0.2190545592388555,
       "Corrected P-value":0.9345840652775643,
       "Full adaptive model":0.2441386798059161,
       "Full adaptive model (non-synonymous subs/site)":0.1099360156533878,
       "Full adaptive model (synonymous subs/site)":0.1342026641525284,
       "LRT":0.03123928756031091,
       "Nucleotide GTR":0.1857569246169599,
       "Rate Distributions":        [
[0, 0.7150565344727726],
        [1.050328771869983, 0.2849434655272274] 
        ],
       "Rate classes":2,
       "Uncorrected P-value":0.4672920326387822,
       "original name":"ENSACAP00000007729"
      },
     "ENSGALP00000011397":{
       "Baseline MG94xREV":0.1127506788157185,
       "Baseline MG94xREV omega ratio":0.1709992388742191,
       "Corrected P-value":1,
       "Full adaptive model":0.1217692963412486,
       "Full adaptive model (non-synonymous subs/site)":0.04460446801392655,
       "Full adaptive model (synonymous subs/site)":0.07716482832732209,
       "LRT":0.9466564972190099,
       "Nucleotide GTR":0.09722943237875785,
       "Rate Distributions":        [
[0.04395802376383433, 0.9210301717901878],
        [2.161570172032443, 0.07896982820981224] 
        ],
       "Rate classes":2,
       "Uncorrected P-value":0.2529920329265382,
       "original name":"ENSGALP00000011397"
      },
     "ENSMLUP00000015744":{
       "Baseline MG94xREV":0.2574635226372796,
       "Baseline MG94xREV omega ratio":0.1098922637073284,
       "Corrected P-value":1,
       "Full adaptive model":0.2593979289282897,
       "Full adaptive model (non-synonymous subs/site)":0.07395881436018908,
       "Full adaptive model (synonymous subs/site)":0.1854391145681006,
       "LRT":0,
       "Nucleotide GTR":0.1790743586520894,
       "Rate Distributions":        [
[0, 0.768445442792777],
        [0.6292748449720315, 0.231554557207223] 
        ],
       "Rate classes":2,
       "Uncorrected P-value":1,
       "original name":"ENSMLUP00000015744"
      },
     "ENSPSIP00000013899":{
       "Baseline MG94xREV":0.08700297384651058,
       "Baseline MG94xREV omega ratio":0.1865487615661049,
       "Corrected P-value":0.8906757068159323,
       "Full adaptive model":0.09999601113692581,
       "Full adaptive model (non-synonymous subs/site)":0.03813480814546165,
       "Full adaptive model (synonymous subs/site)":0.06186120299146414,
       "LRT":1.577632219730731,
       "Nucleotide GTR":0.08073500233852142,
       "Rate Distributions":        [
[0.006952776785881396, 0.8818976381887392],
        [1.855077781742956, 0.1181023618112608] 
        ],
       "Rate classes":2,
       "Uncorrected P-value":0.1781351413631865,
       "original name":"ENSPSIP00000013899"
      },
     "ENSTGUP00000003629":{
       "Baseline MG94xREV":0.01154786833068248,
       "Baseline MG94xREV omega ratio":0.5369396624996444,
       "Corrected P-value":0.07749665952297535,
       "Full adaptive model":0.03976892456788202,
       "Full adaptive model (non-synonymous subs/site)":0.03530646675168878,
       "Full adaptive model (synonymous subs/site)":0.004462457816193245,
       "LRT":7.193516397803251,
       "Nucleotide GTR":0.01151238097464746,
       "Rate Distributions":        [
[0.3297778787525714, 0.9934354815467823],
        [390.4275134607113, 0.006564518453217705] 
        ],
       "Rate classes":2,
       "Uncorrected P-value":0.009687082440371919,
       "original name":"ENSTGUP00000003629"
      },
     "ENSTGUP00000003693":{
       "Baseline MG94xREV":0.008768059903024735,
       "Baseline MG94xREV omega ratio":0.4104704256139238,
       "Corrected P-value":0.01480684266212595,
       "Full adaptive model":0.0107157206973955,
       "Full adaptive model (non-synonymous subs/site)":0.006868029804979308,
       "Full adaptive model (synonymous subs/site)":0.003847690892416193,
       "LRT":10.6921796888837,
       "Nucleotide GTR":0.008740213472992878,
       "Rate Distributions":        [
[0, 0.9875062114953642],
        [52.19668892878489, 0.01249378850463578] 
        ],
       "Rate classes":2,
       "Uncorrected P-value":0.001645204740236217,
       "original name":"ENSTGUP00000003693"
      },
     "NODE_10":{
       "Baseline MG94xREV":0.135691205207026,
       "Baseline MG94xREV omega ratio":0.09824256689583305,
       "Corrected P-value":0.2258882044255276,
       "Full adaptive model":0.1847715067333819,
       "Full adaptive model (non-synonymous subs/site)":0.08286287529971342,
       "Full adaptive model (synonymous subs/site)":0.1019086314336685,
       "LRT":4.538345109507645,
       "Nucleotide GTR":0.09210285791616216,
       "Rate Distributions":        [
[0.05652105621835169, 0.9778461836158283],
        [10.91450387617052, 0.02215381638417169] 
        ],
       "Rate classes":2,
       "Uncorrected P-value":0.03764803407092127
      },
     "NODE_3":{
       "Baseline MG94xREV":0.009321680227376394,
       "Baseline MG94xREV omega ratio":10000000000,
       "Corrected P-value":1,
       "Full adaptive model":0.006008539036010128,
       "Full adaptive model (non-synonymous subs/site)":0.006008539036010128,
       "Full adaptive model (synonymous subs/site)":1e-10,
       "LRT":0.3433091200113267,
       "Nucleotide GTR":0.01901767204356684,
       "Rate Distributions":        [
[10000000000, 1] 
        ],
       "Rate classes":1,
       "Uncorrected P-value":0.3642660899322664
      },
     "NODE_8":{
       "Baseline MG94xREV":0.09145541413244236,
       "Baseline MG94xREV omega ratio":0.3200342458497921,
       "Corrected P-value":0.1430216101996818,
       "Full adaptive model":0.1020653663817073,
       "Full adaptive model (non-synonymous subs/site)":0.0557320587916092,
       "Full adaptive model (synonymous subs/site)":0.04633330759009813,
       "LRT":5.729882960002215,
       "Nucleotide GTR":0.0883896306778298,
       "Rate Distributions":        [
[0, 0.8314771775624545],
        [2.607703241858145, 0.1685228224375455] 
        ],
       "Rate classes":2,
       "Uncorrected P-value":0.02043165859995455
      }
    },
   "attributes":{
     "Baseline MG94xREV":{
       "attribute type":"branch length",
       "display order":1
      },
     "Baseline MG94xREV omega ratio":{
       "attribute type":"branch label",
       "display order":1
      },
     "Corrected P-value":{
       "attribute type":"branch label",
       "display order":6
      },
     "Full adaptive model":{
       "attribute type":"branch length",
       "display order":2
      },
     "Full adaptive model (non-synonymous subs/site)":{
       "attribute type":"branch label",
       "display order":10
      },
     "Full adaptive model (synonymous subs/site)":{
       "attribute type":"branch label",
       "display order":9
      },
     "LRT":{
       "attribute type":"branch label",
       "display order":4
      },
     "Nucleotide GTR":{
       "attribute type":"branch length",
       "display order":0
      },
     "Rate Distributions":{
       "attribute type":"branch label",
       "display order":3
      },