{
 "analysis":{
   "authors":"Sergei L Kosakovsky Pond, Ben Murrell, Steven Weaver and Temple iGEM / UCSD viral evolution group",
   "citation":"Less Is More: An Adaptive Branch-Site Random Effects Model for Efficient Detection of Episodic Diversifying Selection (2015). Mol Biol Evol 32 (5): 1342-1353. v2.2 adds support for multiple-hit models",
   "contact":"spond@temple.edu",
   "info":"aBSREL (Adaptive branch-site random effects likelihood)\n                            uses an adaptive random effects branch-site model framework\n                            to test whether each branch has evolved under positive selection,\n                            using a procedure which infers an optimal number of rate categories per branch.",
   "requirements":"in-frame codon alignment and a phylogenetic tree",
   "version":"2.2"
  },
 "branch attributes":{
   "0":{
     "ENSMMUP00000002291":{
       "Baseline MG94xREV":0.06212071764003374,
       "Baseline MG94xREV omega ratio":0.2627093591955137,
       "Corrected P-value":1,
       "Full adaptive model":0.06105612544217257,
       "Full adaptive model (non-synonymous subs/site)":0.02318699867122381,
       "Full adaptive model (synonymous subs/site)":0.03786912677094883,
       "LRT":0,
       "Nucleotide GTR":0.05824439797326022,
       "Rate Distributions":        [
[0.2692528357684331, 1] 
        ],
       "Rate classes":1,
       "Uncorrected P-value":1,
       "original name":"ENSMMUP00000002291"
      },
     "ENSMMUP00000008915":{
       "Baseline MG94xREV":0.06598262754999078,
       "Baseline MG94xREV omega ratio":0.2617327746440439,
       "Corrected P-value":0.1639671828502317,
       "Full adaptive model":0.1458414993937716,
       "Full adaptive model (non-synonymous subs/site)":0.1035072239528947,
       "Full adaptive model (synonymous subs/site)":0.04233427544087695,
       "LRT":6.347334654908991,
       "Nucleotide GTR":0.06406001951359729,
       "Rate Distributions":        [
[0, 0.9497757048276407],
        [21.40748846980405, 0.05022429517235927] 
        ],
       "Rate classes":2,
       "Uncorrected P-value":0.01490610753183924,
       "original name":"ENSMMUP00000008915"
      },
     "ENSMMUP00000011076":{
       "Baseline MG94xREV":0.03830911727292944,
       "Baseline MG94xREV omega ratio":0.6651777588777907,
       "Corrected P-value":1,
       "Full adaptive model":0.03884052245089033,
       "Full adaptive model (non-synonymous subs/site)":0.02284518717858203,
       "Full adaptive model (synonymous subs/site)":0.01599533527230839,
       "LRT":0,
       "Nucleotide GTR":0.03840430656221184,
       "Rate Distributions":        [
[0.6280618480621241, 1] 
        ],
       "Rate classes":1,
       "Uncorrected P-value":1,
       "original name":"ENSMMUP00000011076"
      },
     "ENSMMUP00000022297":{
       "Baseline MG94xREV":0.05523332679852925,
       "Baseline MG94xREV omega ratio":0.1908037156909621,
       "Corrected P-value":1,
       "Full adaptive model":0.05592278840895756,
       "Full adaptive model (non-synonymous subs/site)":0.01577953733682433,
       "Full adaptive model (synonymous subs/site)":0.04014325107213321,
       "LRT":0,
       "Nucleotide GTR":0.05334362670593886,
       "Rate Distributions":        [
[0.1728553251170244, 1] 
        ],
       "Rate classes":1,
       "Uncorrected P-value":1,
       "original name":"ENSMMUP00000022297"
      },
     "ENSMMUP00000024848":{
       "Baseline MG94xREV":0.1184144595481064,
       "Baseline MG94xREV omega ratio":0.4386597198999259,
       "Corrected P-value":1,
       "Full adaptive model":0.1412661944632443,
       "Full adaptive model (non-synonymous subs/site)":0.08557130309176955,
       "Full adaptive model (synonymous subs/site)":0.0556948913714748,
       "LRT":2.400664229598533,
       "Nucleotide GTR":0.1146157693923667,
       "Rate Distributions":        [
[0, 0.8389982962891593],
        [4.19646255451475, 0.1610017037108407] 
        ],
       "Rate classes":2,
       "Uncorrected P-value":0.1145850078941601,
       "original name":"ENSMMUP00000024848"
      },
     "ENSMMUP00000024849":{
       "Baseline MG94xREV":0.03454511137129034,
       "Baseline MG94xREV omega ratio":0.8768345073446225,
       "Corrected P-value":1,
       "Full adaptive model":0.03799040302057537,
       "Full adaptive model (non-synonymous subs/site)":0.02260348167243707,
       "Full adaptive model (synonymous subs/site)":0.01538692134813826,
       "LRT":0,
       "Nucleotide GTR":0.03442417517907698,
       "Rate Distributions":        [
[0.6459882901271712, 1] 
        ],
       "Rate classes":1,
       "Uncorrected P-value":1,
       "original name":"ENSMMUP00000024849"
      },
     "ENSMMUP00000026030":{
       "Baseline MG94xREV":0.03920368213798292,
       "Baseline MG94xREV omega ratio":10000000000,
       "Corrected P-value":0.6012039909568251,
       "Full adaptive model":0.03837810898202807,
       "Full adaptive model (non-synonymous subs/site)":0.03837810898202807,
       "Full adaptive model (synonymous subs/site)":1e-10,
       "LRT":3.632572937579653,
       "Nucleotide GTR":0.0389062903497909,
       "Rate Distributions":        [
[10000000000, 1] 
        ],
       "Rate classes":1,
       "Uncorrected P-value":0.06012039909568251,
       "original name":"ENSMMUP00000026030"
      },
     "ENSMMUP00000026032":{
       "Baseline MG94xREV":0.07534784520318159,
       "Baseline MG94xREV omega ratio":0.4471415408798164,
       "Corrected P-value":1,
       "Full adaptive model":0.07418841659401113,
       "Full adaptive model (non-synonymous subs/site)":0.03365738879803307,
       "Full adaptive model (synonymous subs/site)":0.04053102779597802,
       "LRT":0,
       "Nucleotide GTR":0.07362226170620122,
       "Rate Distributions":        [
[0.3651689496978561, 1] 
        ],
       "Rate classes":1,
       "Uncorrected P-value":1,
       "original name":"ENSMMUP00000026032"
      },
     "ENSMMUP00000028590":{
       "Baseline MG94xREV":0.09754276781801115,
       "Baseline MG94xREV omega ratio":0.2201140563530415,
       "Corrected P-value":1,
       "Full adaptive model":0.09899772100680572,
       "Full adaptive model (non-synonymous subs/site)":0.03279965823389094,
       "Full adaptive model (synonymous subs/site)":0.06619806277291475,
       "LRT":0,
       "Nucleotide GTR":0.09572646374382175,
       "Rate Distributions":        [
[0.2178838686036564, 1] 
        ],
       "Rate classes":1,
       "Uncorrected P-value":1,
       "original name":"ENSMMUP00000028590"
      },
     "NODE_12":{
       "Baseline MG94xREV":0.01742614988467269,
       "Baseline MG94xREV omega ratio":10000000000,
       "Corrected P-value":1,
       "Full adaptive model":0.01775391421062435,
       "Full adaptive model (non-synonymous subs/site)":0.01775391421062435,
       "Full adaptive model (synonymous subs/site)":1e-10,
       "LRT":0.6561577475085869,
       "Nucleotide GTR":0.01940794389029854,
       "Rate Distributions":        [
[10000000000, 1] 
        ],
       "Rate classes":1,
       "Uncorrected P-value":0.2996757990752877
      },
     "NODE_13":{
       "Baseline MG94xREV":0.04302266269932475,
       "Baseline MG94xREV omega ratio":0.338785879484626,
       "Corrected P-value":1,
       "Full adaptive model":0.04469256507292069,
       "Full adaptive model (non-synonymous subs/site)":0.02104694289982987,
       "Full adaptive model (synonymous subs/site)":0.02364562217309089,
       "LRT":0,
       "Nucleotide GTR":0.04200595807411444,
       "Rate Distributions":        [
[0.3914166689118089, 1] 
        ],
       "Rate classes":1,
       "Uncorrected P-value":1
      },
     "NODE_3":{
       "Baseline MG94xREV":0.06439082668737107,
       "Baseline MG94xREV omega ratio":1.196627893489038,
       "Corrected P-value":0.004150413325425817,
       "Full adaptive model":84.96376541262039,
       "Full adaptive model (non-synonymous subs/site)":84.95004437931763,