{
 "analysis":{
   "authors":"Sergei L Kosakovsky Pond, Ben Murrell, Steven Weaver and Temple iGEM / UCSD viral evolution group",
   "citation":"Less Is More: An Adaptive Branch-Site Random Effects Model for Efficient Detection of Episodic Diversifying Selection (2015). Mol Biol Evol 32 (5): 1342-1353. v2.2 adds support for multiple-hit models",
   "contact":"spond@temple.edu",
   "info":"aBSREL (Adaptive branch-site random effects likelihood)\n                            uses an adaptive random effects branch-site model framework\n                            to test whether each branch has evolved under positive selection,\n                            using a procedure which infers an optimal number of rate categories per branch.",
   "requirements":"in-frame codon alignment and a phylogenetic tree",
   "version":"2.2"
  },
 "branch attributes":{
   "0":{
     "ENSGACP00000025163":{
       "Baseline MG94xREV":0.09757095616635532,
       "Baseline MG94xREV omega ratio":0.07315259591858049,
       "Corrected P-value":1,
       "Full adaptive model":0.1062727219170238,
       "Full adaptive model (non-synonymous subs/site)":0.02438786770923546,
       "Full adaptive model (synonymous subs/site)":0.08188485420778832,
       "LRT":0.161533230158966,
       "Nucleotide GTR":0.06797843354182101,
       "Rate Distributions":        [
[0.02067374090994998, 0.9637858257571043],
        [1.806914609242275, 0.03621417424289575] 
        ],
       "Rate classes":2,
       "Uncorrected P-value":0.4142724456886684,
       "original name":"ENSGACP00000025163"
      },
     "ENSGMOP00000010381":{
       "Baseline MG94xREV":0.1265653779600797,
       "Baseline MG94xREV omega ratio":0.05244599762408084,
       "Corrected P-value":1,
       "Full adaptive model":0.1343782123708975,
       "Full adaptive model (non-synonymous subs/site)":0.02624673218756546,
       "Full adaptive model (synonymous subs/site)":0.108131480183332,
       "LRT":0,
       "Nucleotide GTR":0.07581511175321322,
       "Rate Distributions":        [
[0, 0.9177620548750021],
        [0.8459408133958134, 0.08223794512499794] 
        ],
       "Rate classes":2,
       "Uncorrected P-value":1,
       "original name":"ENSGMOP00000010381"
      },
     "ENSONIP00000016381":{
       "Baseline MG94xREV":0.1011151811305115,
       "Baseline MG94xREV omega ratio":0.0725275091877665,
       "Corrected P-value":1,
       "Full adaptive model":0.09448036842946357,
       "Full adaptive model (non-synonymous subs/site)":0.01923901199791841,
       "Full adaptive model (synonymous subs/site)":0.07524135643154513,
       "LRT":0,
       "Nucleotide GTR":0.08868019592401793,
       "Rate Distributions":        [
[0.002380394687802654, 0.8792316049092805],
        [0.5894929247614361, 0.1207683950907195] 
        ],
       "Rate classes":2,
       "Uncorrected P-value":1,
       "original name":"ENSONIP00000016381"
      },
     "ENSORLP00000010043":{
       "Baseline MG94xREV":0.1480184150881791,
       "Baseline MG94xREV omega ratio":0.0654367239017242,
       "Corrected P-value":1,
       "Full adaptive model":0.1316281937843355,
       "Full adaptive model (non-synonymous subs/site)":0.02319499875285171,
       "Full adaptive model (synonymous subs/site)":0.1084331950314836,
       "LRT":0,
       "Nucleotide GTR":0.1253601794439411,
       "Rate Distributions":        [
[0.06130857692703239, 1] 
        ],
       "Rate classes":1,
       "Uncorrected P-value":1,
       "original name":"ENSORLP00000010043"
      },
     "ENSPSIP00000003191":{
       "Baseline MG94xREV":0.3039726967162051,
       "Baseline MG94xREV omega ratio":0.05727007773983719,
       "Corrected P-value":1,
       "Full adaptive model":0.2982944496315048,
       "Full adaptive model (non-synonymous subs/site)":0.07582184893102323,
       "Full adaptive model (synonymous subs/site)":0.2224726007004816,
       "LRT":0,
       "Nucleotide GTR":0.1506835951191916,
       "Rate Distributions":        [
[0.002325717602315881, 0.8841551941445608],
        [0.8254492026628186, 0.1158448058554392] 
        ],
       "Rate classes":2,
       "Uncorrected P-value":1,
       "original name":"ENSPSIP00000003191"
      },
     "ENSTNIP00000006252":{
       "Baseline MG94xREV":0.06048326632871937,
       "Baseline MG94xREV omega ratio":0.0311016751034784,
       "Corrected P-value":1,
       "Full adaptive model":0.06690137979510369,
       "Full adaptive model (non-synonymous subs/site)":0.009964349300399952,
       "Full adaptive model (synonymous subs/site)":0.05693703049470374,
       "LRT":0.6425573687720316,
       "Nucleotide GTR":0.04607824617931273,
       "Rate Distributions":        [
[0.01230512087263374, 0.9939960029246601],
        [6.316977087909811, 0.00600399707533994] 
        ],
       "Rate classes":2,
       "Uncorrected P-value":0.3021235847721468,
       "original name":"ENSTNIP00000006252"
      },
     "ENSTRUP00000011495":{
       "Baseline MG94xREV":0.05000229039890428,
       "Baseline MG94xREV omega ratio":0.06698977774156097,
       "Corrected P-value":1,
       "Full adaptive model":0.04663150262340729,
       "Full adaptive model (non-synonymous subs/site)":0.007940338225417959,
       "Full adaptive model (synonymous subs/site)":0.03869116439798935,
       "LRT":0,
       "Nucleotide GTR":0.04788716063488882,
       "Rate Distributions":        [
[0.05881882422135604, 1] 
        ],
       "Rate classes":1,
       "Uncorrected P-value":1,
       "original name":"ENSTRUP00000011495"
      },
     "NODE_11":{
       "Baseline MG94xREV":0.05983517991412186,
       "Baseline MG94xREV omega ratio":0.09312367477217338,
       "Corrected P-value":1,
       "Full adaptive model":0.03842159917556455,
       "Full adaptive model (non-synonymous subs/site)":0.009975312944584185,
       "Full adaptive model (synonymous subs/site)":0.02844628623098032,
       "LRT":0,
       "Nucleotide GTR":0.04038111793931405,
       "Rate Distributions":        [
[0.1005055605814532, 1] 
        ],
       "Rate classes":1,
       "Uncorrected P-value":1
      },
     "NODE_3":{
       "Baseline MG94xREV":0,
       "Baseline MG94xREV omega ratio":1,
       "Corrected P-value":1,
       "Full adaptive model":0,
       "Full adaptive model (non-synonymous subs/site)":1e-10,
       "Full adaptive model (synonymous subs/site)":1e-10,
       "LRT":0,
       "Nucleotide GTR":0.003842815233783082,
       "Rate Distributions":        [
[1, 1] 
        ],
       "Rate classes":1,
       "Uncorrected P-value":1
      },
     "NODE_6":{
       "Baseline MG94xREV":0.06652742384052854,
       "Baseline MG94xREV omega ratio":0.07973859615731867,
       "Corrected P-value":1,
       "Full adaptive model":0.06508038580877126,
       "Full adaptive model (non-synonymous subs/site)":0.0125651989131377,
       "Full adaptive model (synonymous subs/site)":0.05251518689563359,
       "LRT":0,
       "Nucleotide GTR":0.05154381870702293,
       "Rate Distributions":        [
[0.06857622737505559, 1] 
        ],
       "Rate classes":1,
       "Uncorrected P-value":1
      },
     "NODE_7":{
       "Baseline MG94xREV":0.003720600520466174,
       "Baseline MG94xREV omega ratio":10000000000,
       "Corrected P-value":1,
       "Full adaptive model":0.004035923396455399,
       "Full adaptive model (non-synonymous subs/site)":0.004035923396455399,
       "Full adaptive model (synonymous subs/site)":1e-10,
       "LRT":0.2359047376376111,
       "Nucleotide GTR":0.007722351001565503,
       "Rate Distributions":        [
[10000000000, 1] 
        ],
       "Rate classes":1,
       "Uncorrected P-value":0.3920574555609551
      },
     "NODE_9":{
       "Baseline MG94xREV":0.09481868482347088,
       "Baseline MG94xREV omega ratio":0.03047421772278355,
       "Corrected P-value":1,
       "Full adaptive model":2.337026680186938,
       "Full adaptive model (non-synonymous subs/site)":2.260430393080396,