{
 "analysis":{
   "authors":"Sergei L Kosakovsky Pond, Ben Murrell, Steven Weaver and Temple iGEM / UCSD viral evolution group",
   "citation":"Less Is More: An Adaptive Branch-Site Random Effects Model for Efficient Detection of Episodic Diversifying Selection (2015). Mol Biol Evol 32 (5): 1342-1353. v2.2 adds support for multiple-hit models",
   "contact":"spond@temple.edu",
   "info":"aBSREL (Adaptive branch-site random effects likelihood)\n                            uses an adaptive random effects branch-site model framework\n                            to test whether each branch has evolved under positive selection,\n                            using a procedure which infers an optimal number of rate categories per branch.",
   "requirements":"in-frame codon alignment and a phylogenetic tree",
   "version":"2.2"
  },
 "branch attributes":{
   "0":{
     "4930524B15RIK_MOUSE":{
       "Baseline MG94xREV":0.06071117745630636,
       "Baseline MG94xREV omega ratio":1.183575637735138,
       "Corrected P-value":1,
       "Full adaptive model":0.05980347567698393,
       "Full adaptive model (non-synonymous subs/site)":0.04667495916006483,
       "Full adaptive model (synonymous subs/site)":0.01312851651691912,
       "LRT":0.05072281614820895,
       "Nucleotide GTR":0.07137552129686525,
       "Rate Distributions":        [
[1.310341128538657, 1] 
        ],
       "Rate classes":1,
       "Uncorrected P-value":0.4568492991436035,
       "original name":"4930524B15RIK_MOUSE"
      },
     "C5ORF47_CALJA":{
       "Baseline MG94xREV":0.1923534544599354,
       "Baseline MG94xREV omega ratio":0.3856919848686041,
       "Corrected P-value":0.0004486195573276675,
       "Full adaptive model":1.419125085928113,
       "Full adaptive model (non-synonymous subs/site)":1.374637294713922,
       "Full adaptive model (synonymous subs/site)":0.04448779121419189,
       "LRT":18.77729168603082,
       "Nucleotide GTR":0.1854369091591194,
       "Rate Distributions":        [
[0.1748350580452759, 0.8617667344039854],
        [81.2955541216587, 0.1382332655960146] 
        ],
       "Rate classes":2,
       "Uncorrected P-value":2.803872233297922e-05,
       "original name":"C5ORF47_CALJA"
      },
     "C5ORF47_CAVPO":{
       "Baseline MG94xREV":0.09296842859794507,
       "Baseline MG94xREV omega ratio":0.5817349658035929,
       "Corrected P-value":1,
       "Full adaptive model":0.09203304033977876,
       "Full adaptive model (non-synonymous subs/site)":0.05726507387556867,
       "Full adaptive model (synonymous subs/site)":0.03476796646421,
       "LRT":0,
       "Nucleotide GTR":0.09111079234615999,
       "Rate Distributions":        [
[0.6070530091413034, 1] 
        ],
       "Rate classes":1,
       "Uncorrected P-value":1,
       "original name":"C5ORF47_CAVPO"
      },
     "C5ORF47_GGOR":{
       "Baseline MG94xREV":0.00483300384220534,
       "Baseline MG94xREV omega ratio":0,
       "Corrected P-value":1,
       "Full adaptive model":0.004835838159677467,
       "Full adaptive model (non-synonymous subs/site)":1e-10,
       "Full adaptive model (synonymous subs/site)":0.004835838159677467,
       "LRT":0,
       "Nucleotide GTR":0.004853031612520323,
       "Rate Distributions":        [
[0, 1] 
        ],
       "Rate classes":1,
       "Uncorrected P-value":1,
       "original name":"C5ORF47_GGOR"
      },
     "C5ORF47_HUMAN":{
       "Baseline MG94xREV":0,
       "Baseline MG94xREV omega ratio":1,
       "Corrected P-value":1,
       "Full adaptive model":0,
       "Full adaptive model (non-synonymous subs/site)":1e-10,
       "Full adaptive model (synonymous subs/site)":1e-10,
       "LRT":0,
       "Nucleotide GTR":0,
       "Rate Distributions":        [
[1, 1] 
        ],
       "Rate classes":1,
       "Uncorrected P-value":1,
       "original name":"C5ORF47_HUMAN"
      },
     "C5ORF47_NOMLE":{
       "Baseline MG94xREV":0.004900027873248666,
       "Baseline MG94xREV omega ratio":10000000000,
       "Corrected P-value":1,
       "Full adaptive model":0.004898934541666587,
       "Full adaptive model (non-synonymous subs/site)":0.004898934541666587,
       "Full adaptive model (synonymous subs/site)":1e-10,
       "LRT":0.6373402853782864,
       "Nucleotide GTR":0.004852013834292811,
       "Rate Distributions":        [
[10000000000, 1] 
        ],
       "Rate classes":1,
       "Uncorrected P-value":0.3030697187339423,
       "original name":"C5ORF47_NOMLE"
      },
     "C5ORF47_PROCA":{
       "Baseline MG94xREV":0.1403614800086601,
       "Baseline MG94xREV omega ratio":0.3105303173341216,
       "Corrected P-value":1,
       "Full adaptive model":0.1426504039296394,
       "Full adaptive model (non-synonymous subs/site)":0.06469851499285502,
       "Full adaptive model (synonymous subs/site)":0.07795188893678442,
       "LRT":0,
       "Nucleotide GTR":0.1286650636047189,
       "Rate Distributions":        [
[0.3059030097700176, 1] 
        ],
       "Rate classes":1,
       "Uncorrected P-value":1,
       "original name":"C5ORF47_PROCA"
      },
     "LOC100443498_PONAB":{
       "Baseline MG94xREV":0.01467251360776648,
       "Baseline MG94xREV omega ratio":0.7583339074511826,
       "Corrected P-value":1,
       "Full adaptive model":0.01467831811726582,
       "Full adaptive model (non-synonymous subs/site)":0.009830852311601039,
       "Full adaptive model (synonymous subs/site)":0.004847465805664775,
       "LRT":0,
       "Nucleotide GTR":0.01463860448515169,
       "Rate Distributions":        [
[0.7474678172277067, 1] 
        ],
       "Rate classes":1,
       "Uncorrected P-value":1,
       "original name":"LOC100443498_PONAB"
      },
     "LOC462278_PANTR":{
       "Baseline MG94xREV":0,
       "Baseline MG94xREV omega ratio":1,
       "Corrected P-value":1,
       "Full adaptive model":0,
       "Full adaptive model (non-synonymous subs/site)":1e-10,
       "Full adaptive model (synonymous subs/site)":1e-10,
       "LRT":0,
       "Nucleotide GTR":0,
       "Rate Distributions":        [
[1, 1] 
        ],
       "Rate classes":1,
       "Uncorrected P-value":1,
       "original name":"LOC462278_PANTR"
      },
     "LOC693364_MACMU":{
       "Baseline MG94xREV":0.01467914115816541,
       "Baseline MG94xREV omega ratio":0.7598518413645819,
       "Corrected P-value":1,
       "Full adaptive model":0.01467794163270633,
       "Full adaptive model (non-synonymous subs/site)":0.009834029491439538,
       "Full adaptive model (synonymous subs/site)":0.004843912141266797,
       "LRT":0,
       "Nucleotide GTR":0.01466230523982646,
       "Rate Distributions":        [
[0.7482579332149474, 1] 
        ],
       "Rate classes":1,
       "Uncorrected P-value":1,
       "original name":"LOC693364_MACMU"
      },
     "NODE_10":{
       "Baseline MG94xREV":0.004798837310118475,
       "Baseline MG94xREV omega ratio":0,
       "Corrected P-value":1,
       "Full adaptive model":0.004801635052083283,
       "Full adaptive model (non-synonymous subs/site)":1e-10,
       "Full adaptive model (synonymous subs/site)":0.004801635052083283,
       "LRT":0,
       "Nucleotide GTR":0.004852729858423263,
       "Rate Distributions":        [
[0, 1] 
        ],
       "Rate classes":1,
       "Uncorrected P-value":1
      },
     "NODE_16":{
       "Baseline MG94xREV":0.04417811276274543,
       "Baseline MG94xREV omega ratio":0.1935601208260443,
       "Corrected P-value":1,
       "Full adaptive model":0.04766659492468927,
       "Full adaptive model (non-synonymous subs/site)":0.0180408524877469,
       "Full adaptive model (synonymous subs/site)":0.02962574243694236,
       "LRT":0,
       "Nucleotide GTR":0.03837702848546567,
       "Rate Distributions":        [
[0.2244418778432399, 1] 
        ],
       "Rate classes":1,
       "Uncorrected P-value":1
      },
     "NODE_18":{
       "Baseline MG94xREV":0.01337556731963304,
       "Baseline MG94xREV omega ratio":0.05966695256959257,
       "Corrected P-value":1,