{
 "analysis":{
   "authors":"Sergei L Kosakovsky Pond, Ben Murrell, Steven Weaver and Temple iGEM / UCSD viral evolution group",
   "citation":"Less Is More: An Adaptive Branch-Site Random Effects Model for Efficient Detection of Episodic Diversifying Selection (2015). Mol Biol Evol 32 (5): 1342-1353. v2.2 adds support for multiple-hit models",
   "contact":"spond@temple.edu",
   "info":"aBSREL (Adaptive branch-site random effects likelihood)\n                            uses an adaptive random effects branch-site model framework\n                            to test whether each branch has evolved under positive selection,\n                            using a procedure which infers an optimal number of rate categories per branch.",
   "requirements":"in-frame codon alignment and a phylogenetic tree",
   "version":"2.2"
  },
 "branch attributes":{
   "0":{
     "ENSGACP00000005706":{
       "Baseline MG94xREV":0.1577928876606422,
       "Baseline MG94xREV omega ratio":0.1506022439738281,
       "Corrected P-value":1,
       "Full adaptive model":0.1707647844568904,
       "Full adaptive model (non-synonymous subs/site)":0.06218909551397251,
       "Full adaptive model (synonymous subs/site)":0.1085756889429179,
       "LRT":0,
       "Nucleotide GTR":0.1215900406286572,
       "Rate Distributions":        [
[0, 0.7526294666569241],
        [0.708446618778219, 0.2473705333430759] 
        ],
       "Rate classes":2,
       "Uncorrected P-value":1,
       "original name":"ENSGACP00000005706"
      },
     "ENSGACP00000019310":{
       "Baseline MG94xREV":0.2018873776223377,
       "Baseline MG94xREV omega ratio":0.1161499663241148,
       "Corrected P-value":1,
       "Full adaptive model":0.5570485026140783,
       "Full adaptive model (non-synonymous subs/site)":0.4295056628624215,
       "Full adaptive model (synonymous subs/site)":0.1275428397516569,
       "LRT":1.396253740323118,
       "Nucleotide GTR":0.1211173879593489,
       "Rate Distributions":        [
[0.08211642926613269, 0.9685778697449102],
        [30.25948158598865, 0.03142213025508978] 
        ],
       "Rate classes":2,
       "Uncorrected P-value":0.196725268278996,
       "original name":"ENSGACP00000019310"
      },
     "ENSONIP00000012226":{
       "Baseline MG94xREV":0.1873893577430617,
       "Baseline MG94xREV omega ratio":0.2051834879862185,
       "Corrected P-value":1,
       "Full adaptive model":0.236324726417405,
       "Full adaptive model (non-synonymous subs/site)":0.09839720099498851,
       "Full adaptive model (synonymous subs/site)":0.1379275254224165,
       "LRT":-0.0001108440055759274,
       "Nucleotide GTR":0.1616544628890266,
       "Rate Distributions":        [
[0, 0.7878742228964624],
        [1.028991540658805, 0.2121257771035376] 
        ],
       "Rate classes":2,
       "Uncorrected P-value":0.5,
       "original name":"ENSONIP00000012226"
      },
     "ENSONIP00000022826":{
       "Baseline MG94xREV":0.1411284120956858,
       "Baseline MG94xREV omega ratio":0.09891292284245068,
       "Corrected P-value":1,
       "Full adaptive model":0.1584626059091237,
       "Full adaptive model (non-synonymous subs/site)":0.02571015996045983,
       "Full adaptive model (synonymous subs/site)":0.1327524459486638,
       "LRT":0,
       "Nucleotide GTR":0.1063840301508395,
       "Rate Distributions":        [
[0.05925645926951979, 1] 
        ],
       "Rate classes":1,
       "Uncorrected P-value":1,
       "original name":"ENSONIP00000022826"
      },
     "ENSORLP00000001887":{
       "Baseline MG94xREV":0.1702598510962387,
       "Baseline MG94xREV omega ratio":0.2051042756759273,
       "Corrected P-value":1,
       "Full adaptive model":50.44921875282569,
       "Full adaptive model (non-synonymous subs/site)":50.3587727835238,
       "Full adaptive model (synonymous subs/site)":0.09044596930189926,
       "LRT":1.276280704295459,
       "Nucleotide GTR":0.135836831451998,
       "Rate Distributions":        [
[0.1074791237261538, 0.9557357409073025],
        [3846.309453376983, 0.04426425909269749] 
        ],
       "Rate classes":2,
       "Uncorrected P-value":0.2102005188706959,
       "original name":"ENSORLP00000001887"
      },
     "ENSORLP00000017716":{
       "Baseline MG94xREV":0.1216909917010202,
       "Baseline MG94xREV omega ratio":0.4377333036368604,
       "Corrected P-value":1,
       "Full adaptive model":0.1375269504165609,
       "Full adaptive model (non-synonymous subs/site)":0.1012406652439547,
       "Full adaptive model (synonymous subs/site)":0.03628628517260623,
       "LRT":2.08871753990843,
       "Nucleotide GTR":0.1215495089891566,
       "Rate Distributions":        [
[0, 0.7389685885064119],
        [3.27034190817769, 0.2610314114935881] 
        ],
       "Rate classes":2,
       "Uncorrected P-value":0.1352533407395462,
       "original name":"ENSORLP00000017716"
      },
     "ENSTRUP00000018799":{
       "Baseline MG94xREV":0.1650428062244844,
       "Baseline MG94xREV omega ratio":0.1857064857118352,
       "Corrected P-value":1,
       "Full adaptive model":0.1944313039381192,
       "Full adaptive model (non-synonymous subs/site)":0.09185704096139879,
       "Full adaptive model (synonymous subs/site)":0.1025742629767204,
       "LRT":0.1957703333673635,
       "Nucleotide GTR":0.1306014125829343,
       "Rate Distributions":        [
[0, 0.7879355173027538],
        [1.292050710490839, 0.2120644826972462] 
        ],
       "Rate classes":2,
       "Uncorrected P-value":0.4036572655932745,
       "original name":"ENSTRUP00000018799"
      },
     "GRNA_DANRE":{
       "Baseline MG94xREV":4.906448448639535,
       "Baseline MG94xREV omega ratio":0.007482760441358004,
       "Corrected P-value":1,
       "Full adaptive model":0.642239569082546,
       "Full adaptive model (non-synonymous subs/site)":0.2247762060502208,
       "Full adaptive model (synonymous subs/site)":0.4174633630323252,
       "LRT":0.07441243381072127,
       "Nucleotide GTR":0.2605336397228912,
       "Rate Distributions":        [
[0.03386795631192954, 0.8987507346640662],
        [1.326464550427569, 0.1012492653359338] 
        ],
       "Rate classes":2,
       "Uncorrected P-value":0.44604670786791,
       "original name":"GRNA_DANRE"
      },
     "GRNB_DANRE":{
       "Baseline MG94xREV":0.1904453157345089,
       "Baseline MG94xREV omega ratio":0.1909335965062515,
       "Corrected P-value":1,
       "Full adaptive model":0.2258125939946162,
       "Full adaptive model (non-synonymous subs/site)":0.07766914401337532,
       "Full adaptive model (synonymous subs/site)":0.148143449981241,
       "LRT":0,
       "Nucleotide GTR":0.1755611295865878,
       "Rate Distributions":        [
[0.001571956421714125, 0.7256092959431942],
        [0.5804582827884631, 0.2743907040568058] 
        ],
       "Rate classes":2,
       "Uncorrected P-value":1,
       "original name":"GRNB_DANRE"
      },
     "NODE_10":{
       "Baseline MG94xREV":0.02912205291177676,
       "Baseline MG94xREV omega ratio":0,
       "Corrected P-value":1,
       "Full adaptive model":0.01937293574116654,
       "Full adaptive model (non-synonymous subs/site)":1e-10,
       "Full adaptive model (synonymous subs/site)":0.01937293574116654,
       "LRT":0,
       "Nucleotide GTR":0.01988759550193586,
       "Rate Distributions":        [
[0, 1] 
        ],
       "Rate classes":1,
       "Uncorrected P-value":1
      },
     "NODE_12":{
       "Baseline MG94xREV":0.040986883092854,
       "Baseline MG94xREV omega ratio":0.1926033277186768,
       "Corrected P-value":1,
       "Full adaptive model":0.06262083542738428,
       "Full adaptive model (non-synonymous subs/site)":0.02648108746296102,
       "Full adaptive model (synonymous subs/site)":0.03613974796442325,
       "LRT":1.779421180699501,
       "Nucleotide GTR":0.03921290164083086,
       "Rate Distributions":        [
[0, 0.9807901753792716],
        [11.67080323066405, 0.0192098246207284] 
        ],