{
 "analysis":{
   "authors":"Sergei L Kosakovsky Pond, Ben Murrell, Steven Weaver and Temple iGEM / UCSD viral evolution group",
   "citation":"Less Is More: An Adaptive Branch-Site Random Effects Model for Efficient Detection of Episodic Diversifying Selection (2015). Mol Biol Evol 32 (5): 1342-1353. v2.2 adds support for multiple-hit models",
   "contact":"spond@temple.edu",
   "info":"aBSREL (Adaptive branch-site random effects likelihood)\n                            uses an adaptive random effects branch-site model framework\n                            to test whether each branch has evolved under positive selection,\n                            using a procedure which infers an optimal number of rate categories per branch.",
   "requirements":"in-frame codon alignment and a phylogenetic tree",
   "version":"2.2"
  },
 "branch attributes":{
   "0":{
     "ENSGACP00000026240":{
       "Baseline MG94xREV":0.09250504601623279,
       "Baseline MG94xREV omega ratio":0.1250982881751075,
       "Corrected P-value":1,
       "Full adaptive model":0.1006578547996047,
       "Full adaptive model (non-synonymous subs/site)":0.03141036772732993,
       "Full adaptive model (synonymous subs/site)":0.06924748707227471,
       "LRT":-0.1129103227958694,
       "Nucleotide GTR":0.07397536947638167,
       "Rate Distributions":        [
[0.07721466912342674, 0.9770459014386857],
        [3.087288664977049, 0.02295409856131425] 
        ],
       "Rate classes":2,
       "Uncorrected P-value":0.5,
       "original name":"ENSGACP00000026240"
      },
     "ENSGMOP00000010074":{
       "Baseline MG94xREV":0.2845277445621567,
       "Baseline MG94xREV omega ratio":0.08733526390745502,
       "Corrected P-value":1,
       "Full adaptive model":0.2925283585872667,
       "Full adaptive model (non-synonymous subs/site)":0.07046555059264391,
       "Full adaptive model (synonymous subs/site)":0.2220628079946228,
       "LRT":0,
       "Nucleotide GTR":0.1535619590530904,
       "Rate Distributions":        [
[0, 0.7104311165561349],
        [0.3534669464809143, 0.2895688834438651] 
        ],
       "Rate classes":2,
       "Uncorrected P-value":1,
       "original name":"ENSGMOP00000010074"
      },
     "ENSLACP00000002516":{
       "Baseline MG94xREV":0.6495363013912593,
       "Baseline MG94xREV omega ratio":0.09374420993173047,
       "Corrected P-value":1,
       "Full adaptive model":0.5692706127426763,
       "Full adaptive model (non-synonymous subs/site)":0.1607882118979825,
       "Full adaptive model (synonymous subs/site)":0.4084824008446939,
       "LRT":0,
       "Nucleotide GTR":0.3176383929809682,
       "Rate Distributions":        [
[0, 0.4912387223733535],
        [0.2495551193479569, 0.5087612776266466] 
        ],
       "Rate classes":2,
       "Uncorrected P-value":1,
       "original name":"ENSLACP00000002516"
      },
     "ENSONIP00000000069":{
       "Baseline MG94xREV":0.1024627793806333,
       "Baseline MG94xREV omega ratio":0.09950965830887613,
       "Corrected P-value":1,
       "Full adaptive model":0.09974123151667234,
       "Full adaptive model (non-synonymous subs/site)":0.02131991227447884,
       "Full adaptive model (synonymous subs/site)":0.07842131924219346,
       "LRT":0,
       "Nucleotide GTR":0.08594507599604255,
       "Rate Distributions":        [
[0.08769017697511293, 1] 
        ],
       "Rate classes":1,
       "Uncorrected P-value":1,
       "original name":"ENSONIP00000000069"
      },
     "ENSORLP00000019579":{
       "Baseline MG94xREV":0.1393884215913898,
       "Baseline MG94xREV omega ratio":0.08789691649291215,
       "Corrected P-value":1,
       "Full adaptive model":0.1405600475787373,
       "Full adaptive model (non-synonymous subs/site)":0.03198900879205466,
       "Full adaptive model (synonymous subs/site)":0.1085710387866826,
       "LRT":0,
       "Nucleotide GTR":0.109903138148734,
       "Rate Distributions":        [
[0.0009764288540642143, 0.8311815888156086],
        [0.558138426309863, 0.1688184111843914] 
        ],
       "Rate classes":2,
       "Uncorrected P-value":1,
       "original name":"ENSORLP00000019579"
      },
     "ENSTRUP00000031459":{
       "Baseline MG94xREV":0.05210590309806414,
       "Baseline MG94xREV omega ratio":0.0731659761792155,
       "Corrected P-value":1,
       "Full adaptive model":0.05105217445313228,
       "Full adaptive model (non-synonymous subs/site)":0.009243224741381072,
       "Full adaptive model (synonymous subs/site)":0.04180894971175122,
       "LRT":0,
       "Nucleotide GTR":0.04574351999774993,
       "Rate Distributions":        [
[0.07131057398071208, 1] 
        ],
       "Rate classes":1,
       "Uncorrected P-value":1,
       "original name":"ENSTRUP00000031459"
      },
     "NODE_11":{
       "Baseline MG94xREV":0.2362658884332138,
       "Baseline MG94xREV omega ratio":0.0564573679778913,
       "Corrected P-value":1,
       "Full adaptive model":0.2078756075600126,
       "Full adaptive model (non-synonymous subs/site)":0.0327220541655325,
       "Full adaptive model (synonymous subs/site)":0.1751535533944802,
       "LRT":0,
       "Nucleotide GTR":0.08939096282448616,
       "Rate Distributions":        [
[0.06025891170930462, 1] 
        ],
       "Rate classes":1,
       "Uncorrected P-value":1
      },
     "NODE_3":{
       "Baseline MG94xREV":0.004741253804558359,
       "Baseline MG94xREV omega ratio":0.4110576909540273,
       "Corrected P-value":1,
       "Full adaptive model":0.003956370287529055,
       "Full adaptive model (non-synonymous subs/site)":0.002571755433545425,
       "Full adaptive model (synonymous subs/site)":0.00138461485398363,
       "LRT":0,
       "Nucleotide GTR":0.01142967622599292,
       "Rate Distributions":        [
[0.5991014309002892, 1] 
        ],
       "Rate classes":1,
       "Uncorrected P-value":1
      },
     "NODE_5":{
       "Baseline MG94xREV":0.03282144397570264,
       "Baseline MG94xREV omega ratio":0.03819900554598139,
       "Corrected P-value":1,
       "Full adaptive model":0.03648481680915285,
       "Full adaptive model (non-synonymous subs/site)":0.003216483072958922,
       "Full adaptive model (synonymous subs/site)":0.03326833373619392,
       "LRT":0,
       "Nucleotide GTR":0.01991846045024571,
       "Rate Distributions":        [
[0.03118529795861333, 1] 
        ],
       "Rate classes":1,
       "Uncorrected P-value":1
      },
     "NODE_8":{
       "Baseline MG94xREV":0.06430837027481813,
       "Baseline MG94xREV omega ratio":0.1537427899328482,
       "Corrected P-value":1,
       "Full adaptive model":0.06264116107436385,
       "Full adaptive model (non-synonymous subs/site)":0.01932307500946634,
       "Full adaptive model (synonymous subs/site)":0.04331808606489745,
       "LRT":0,
       "Nucleotide GTR":0.05681845450806017,
       "Rate Distributions":        [
[0.1438820633027941, 1] 
        ],
       "Rate classes":1,
       "Uncorrected P-value":1
      },
     "NODE_9":{
       "Baseline MG94xREV":0.01402157806123108,
       "Baseline MG94xREV omega ratio":10000000000,
       "Corrected P-value":1,
       "Full adaptive model":0.01400441523305469,
       "Full adaptive model (non-synonymous subs/site)":0.01230560400626922,
       "Full adaptive model (synonymous subs/site)":0.001698811226785471,
       "LRT":-0.3469791316838382,
       "Nucleotide GTR":0.03883959245114595,
       "Rate Distributions":        [
[2.336455372222847, 1] 
        ],
       "Rate classes":1,
       "Uncorrected P-value":0.5
      },
     "Q4SA95_TETNG":{
       "Baseline MG94xREV":0.03883203160059178,
       "Baseline MG94xREV omega ratio":0.1290537141800924,
       "Corrected P-value":1,
       "Full adaptive model":0.04048947228744593,
       "Full adaptive model (non-synonymous subs/site)":0.009960187330549599,
       "Full adaptive model (synonymous subs/site)":0.03052928495689634,
       "LRT":0,
       "Nucleotide GTR":0.0363080166940348,