{
 "analysis":{
   "authors":"Sergei L Kosakovsky Pond, Ben Murrell, Steven Weaver and Temple iGEM / UCSD viral evolution group",
   "citation":"Less Is More: An Adaptive Branch-Site Random Effects Model for Efficient Detection of Episodic Diversifying Selection (2015). Mol Biol Evol 32 (5): 1342-1353. v2.2 adds support for multiple-hit models",
   "contact":"spond@temple.edu",
   "info":"aBSREL (Adaptive branch-site random effects likelihood)\n                            uses an adaptive random effects branch-site model framework\n                            to test whether each branch has evolved under positive selection,\n                            using a procedure which infers an optimal number of rate categories per branch.",
   "requirements":"in-frame codon alignment and a phylogenetic tree",
   "version":"2.2"
  },
 "branch attributes":{
   "0":{
     "ENSGACP00000015505":{
       "Baseline MG94xREV":0.1114860887480263,
       "Baseline MG94xREV omega ratio":0.1068554761296945,
       "Corrected P-value":1,
       "Full adaptive model":0.1193448814333824,
       "Full adaptive model (non-synonymous subs/site)":0.02344573137517513,
       "Full adaptive model (synonymous subs/site)":0.09589915005820736,
       "LRT":0,
       "Nucleotide GTR":0.09330111504405264,
       "Rate Distributions":        [
[0.08125406078860159, 1] 
        ],
       "Rate classes":1,
       "Uncorrected P-value":1,
       "original name":"ENSGACP00000015505"
      },
     "ENSGMOP00000000374":{
       "Baseline MG94xREV":0.1765194534456535,
       "Baseline MG94xREV omega ratio":0.1380147203052484,
       "Corrected P-value":1,
       "Full adaptive model":0.4985955093148084,
       "Full adaptive model (non-synonymous subs/site)":0.3877760462934391,
       "Full adaptive model (synonymous subs/site)":0.1108194630213693,
       "LRT":2.033488362120806,
       "Nucleotide GTR":0.1356007632635139,
       "Rate Distributions":        [
[0.08239009351255937, 0.965189771437869],
        [31.1238338091282, 0.03481022856213101] 
        ],
       "Rate classes":2,
       "Uncorrected P-value":0.1393046837709658,
       "original name":"ENSGMOP00000000374"
      },
     "ENSONIP00000001808":{
       "Baseline MG94xREV":0.1470082272240478,
       "Baseline MG94xREV omega ratio":0.05838967736659798,
       "Corrected P-value":1,
       "Full adaptive model":0.1401318548392612,
       "Full adaptive model (non-synonymous subs/site)":0.01915021251413334,
       "Full adaptive model (synonymous subs/site)":0.1209816423251277,
       "LRT":0,
       "Nucleotide GTR":0.110055474498112,
       "Rate Distributions":        [
[0.05260780357533885, 1] 
        ],
       "Rate classes":1,
       "Uncorrected P-value":1,
       "original name":"ENSONIP00000001808"
      },
     "ENSORLP00000023233":{
       "Baseline MG94xREV":0.2399521713938809,
       "Baseline MG94xREV omega ratio":0.135772288861691,
       "Corrected P-value":0.9924348983431132,
       "Full adaptive model":0.5002556611573512,
       "Full adaptive model (non-synonymous subs/site)":0.3585234007765664,
       "Full adaptive model (synonymous subs/site)":0.1417322603807848,
       "LRT":2.4732134656374,
       "Nucleotide GTR":0.1795663128419464,
       "Rate Distributions":        [
[0.1016974582496335, 0.9682857721056237],
        [23.40385349209241, 0.03171422789437628] 
        ],
       "Rate classes":2,
       "Uncorrected P-value":0.1102705442603459,
       "original name":"ENSORLP00000023233"
      },
     "ENSTNIP00000012744":{
       "Baseline MG94xREV":0.05991657389029833,
       "Baseline MG94xREV omega ratio":0.2074780637317813,
       "Corrected P-value":1,
       "Full adaptive model":0.0585687525699159,
       "Full adaptive model (non-synonymous subs/site)":0.02033599945418671,
       "Full adaptive model (synonymous subs/site)":0.03823275311572915,
       "LRT":0,
       "Nucleotide GTR":0.0583810255337017,
       "Rate Distributions":        [
[0.1767770967419779, 1] 
        ],
       "Rate classes":1,
       "Uncorrected P-value":1,
       "original name":"ENSTNIP00000012744"
      },
     "FRRUNT_TAKRU":{
       "Baseline MG94xREV":0.05581269340681153,
       "Baseline MG94xREV omega ratio":0.1146971376780596,
       "Corrected P-value":1,
       "Full adaptive model":0.05632018551117592,
       "Full adaptive model (non-synonymous subs/site)":0.01246569140004186,
       "Full adaptive model (synonymous subs/site)":0.04385449411113405,
       "LRT":0,
       "Nucleotide GTR":0.04885501679145424,
       "Rate Distributions":        [
[0.0944709567650877, 1] 
        ],
       "Rate classes":1,
       "Uncorrected P-value":1,
       "original name":"FRRUNT_TAKRU"
      },
     "NODE_3":{
       "Baseline MG94xREV":0,
       "Baseline MG94xREV omega ratio":1,
       "Corrected P-value":1,
       "Full adaptive model":0,
       "Full adaptive model (non-synonymous subs/site)":1e-10,
       "Full adaptive model (synonymous subs/site)":1e-10,
       "LRT":0,
       "Nucleotide GTR":0.00365291627568816,
       "Rate Distributions":        [
[1, 1] 
        ],
       "Rate classes":1,
       "Uncorrected P-value":1
      },
     "NODE_5":{
       "Baseline MG94xREV":0.003505632223181968,
       "Baseline MG94xREV omega ratio":10000000000,
       "Corrected P-value":1,
       "Full adaptive model":0.003904568149084768,
       "Full adaptive model (non-synonymous subs/site)":0.003904568149084768,
       "Full adaptive model (synonymous subs/site)":1e-10,
       "LRT":0.07426264182049636,
       "Nucleotide GTR":0.009200638881977532,
       "Rate Distributions":        [
[10000000000, 1] 
        ],
       "Rate classes":1,
       "Uncorrected P-value":0.4461105928250084
      },
     "NODE_8":{
       "Baseline MG94xREV":0.1638842543770789,
       "Baseline MG94xREV omega ratio":0.04484939151684245,
       "Corrected P-value":1,
       "Full adaptive model":0.1457191127698083,
       "Full adaptive model (non-synonymous subs/site)":0.01636492726630492,
       "Full adaptive model (synonymous subs/site)":0.1293541855035033,
       "LRT":0,
       "Nucleotide GTR":0.1016967054977075,
       "Rate Distributions":        [
[0.04204647978529628, 1] 
        ],
       "Rate classes":1,
       "Uncorrected P-value":1
      }
    },
   "attributes":{
     "Baseline MG94xREV":{
       "attribute type":"branch length",
       "display order":1
      },
     "Baseline MG94xREV omega ratio":{
       "attribute type":"branch label",
       "display order":1
      },
     "Corrected P-value":{
       "attribute type":"branch label",
       "display order":6
      },
     "Full adaptive model":{
       "attribute type":"branch length",
       "display order":2
      },
     "Full adaptive model (non-synonymous subs/site)":{
       "attribute type":"branch label",
       "display order":10
      },
     "Full adaptive model (synonymous subs/site)":{
       "attribute type":"branch label",
       "display order":9
      },
     "LRT":{
       "attribute type":"branch label",
       "display order":4
      },
     "Nucleotide GTR":{
       "attribute type":"branch length",
       "display order":0
      },
     "Rate Distributions":{
       "attribute type":"branch label",
       "display order":3
      },
     "Rate classes":{
       "attribute type":"branch label",
       "display order":2
      },
     "Uncorrected P-value":{
       "attribute type":"branch label",
       "display order":5
      },
     "original name":{
       "attribute type":"node label",
       "display order":-1
      }
    }
  },