{
 "analysis":{
   "authors":"Sergei L Kosakovsky Pond, Ben Murrell, Steven Weaver and Temple iGEM / UCSD viral evolution group",
   "citation":"Less Is More: An Adaptive Branch-Site Random Effects Model for Efficient Detection of Episodic Diversifying Selection (2015). Mol Biol Evol 32 (5): 1342-1353. v2.2 adds support for multiple-hit models",
   "contact":"spond@temple.edu",
   "info":"aBSREL (Adaptive branch-site random effects likelihood)\n                            uses an adaptive random effects branch-site model framework\n                            to test whether each branch has evolved under positive selection,\n                            using a procedure which infers an optimal number of rate categories per branch.",
   "requirements":"in-frame codon alignment and a phylogenetic tree",
   "version":"2.2"
  },
 "branch attributes":{
   "0":{
     "ENSGALP00000025252":{
       "Baseline MG94xREV":0.01219067630869467,
       "Baseline MG94xREV omega ratio":0.8614448946995419,
       "Corrected P-value":0.4865616041697987,
       "Full adaptive model":0.01383339953714544,
       "Full adaptive model (non-synonymous subs/site)":0.009964847182115752,
       "Full adaptive model (synonymous subs/site)":0.003868552355029694,
       "LRT":3.610277439422134,
       "Nucleotide GTR":0.01226310350875108,
       "Rate Distributions":        [
[0, 0.9511835851128888],
        [20.99882803056287, 0.04881641488711119] 
        ],
       "Rate classes":2,
       "Uncorrected P-value":0.06082020052122483,
       "original name":"ENSGALP00000025252"
      },
     "ENSLACP00000010992":{
       "Baseline MG94xREV":0.2969278822113968,
       "Baseline MG94xREV omega ratio":0.2143991667140601,
       "Corrected P-value":1,
       "Full adaptive model":0.3026335195077528,
       "Full adaptive model (non-synonymous subs/site)":0.1424273886500367,
       "Full adaptive model (synonymous subs/site)":0.1602061308577161,
       "LRT":1.157068657188574,
       "Nucleotide GTR":0.2297191414781546,
       "Rate Distributions":        [
[0.1813576518899428, 0.9424540194523469],
        [3.177892567589411, 0.05754598054765314] 
        ],
       "Rate classes":2,
       "Uncorrected P-value":0.2246307397305642,
       "original name":"ENSLACP00000010992"
      },
     "ENSMGAP00000013735":{
       "Baseline MG94xREV":0.01281429653011525,
       "Baseline MG94xREV omega ratio":0.2864107939855721,
       "Corrected P-value":1,
       "Full adaptive model":0.01304730466982186,
       "Full adaptive model (non-synonymous subs/site)":0.005375331631042074,
       "Full adaptive model (synonymous subs/site)":0.007671973038779794,
       "LRT":0,
       "Nucleotide GTR":0.01254944714181887,
       "Rate Distributions":        [
[0.278828376098282, 1] 
        ],
       "Rate classes":1,
       "Uncorrected P-value":1,
       "original name":"ENSMGAP00000013735"
      },
     "ENSNLEP00000000176":{
       "Baseline MG94xREV":0.9518395323158232,
       "Baseline MG94xREV omega ratio":0.07471052737997352,
       "Corrected P-value":1,
       "Full adaptive model":0.863809664065406,
       "Full adaptive model (non-synonymous subs/site)":0.2125283834747763,
       "Full adaptive model (synonymous subs/site)":0.6512812805906296,
       "LRT":0,
       "Nucleotide GTR":0.3965620795723294,
       "Rate Distributions":        [
[0.0537324264988424, 0.8704371142530325],
        [0.6413318552146795, 0.1295628857469675] 
        ],
       "Rate classes":2,
       "Uncorrected P-value":1,
       "original name":"ENSNLEP00000000176"
      },
     "ENSPSIP00000017360":{
       "Baseline MG94xREV":0.06101452491407436,
       "Baseline MG94xREV omega ratio":0.329191123848389,
       "Corrected P-value":1,
       "Full adaptive model":0.06046117166328982,
       "Full adaptive model (non-synonymous subs/site)":0.02772998720144434,
       "Full adaptive model (synonymous subs/site)":0.03273118446184545,
       "LRT":0,
       "Nucleotide GTR":0.07334206181461934,
       "Rate Distributions":        [
[0.3371527618481778, 1] 
        ],
       "Rate classes":1,
       "Uncorrected P-value":1,
       "original name":"ENSPSIP00000017360"
      },
     "ENSTGUP00000010850":{
       "Baseline MG94xREV":0.08736129017016696,
       "Baseline MG94xREV omega ratio":0.5049605551402513,
       "Corrected P-value":0.109522925288485,
       "Full adaptive model":0.1101461486233168,
       "Full adaptive model (non-synonymous subs/site)":0.07292706049586027,
       "Full adaptive model (synonymous subs/site)":0.0372190881274565,
       "LRT":6.745344061346259,
       "Nucleotide GTR":0.08242418305111671,
       "Rate Distributions":        [
[0.2191335737471199, 0.929840585339653],
        [8.209905264531116, 0.07015941466034703] 
        ],
       "Rate classes":2,
       "Uncorrected P-value":0.01216921392094278,
       "original name":"ENSTGUP00000010850"
      },
     "NODE_3":{
       "Baseline MG94xREV":0.04197096647616477,
       "Baseline MG94xREV omega ratio":0.3833709995420139,
       "Corrected P-value":1,
       "Full adaptive model":0.04194200203751941,
       "Full adaptive model (non-synonymous subs/site)":0.01988901167046294,
       "Full adaptive model (synonymous subs/site)":0.02205299036705646,
       "LRT":0,
       "Nucleotide GTR":0.04327514906076278,
       "Rate Distributions":        [
[0.35890911581634, 1] 
        ],
       "Rate classes":1,
       "Uncorrected P-value":1
      },
     "NODE_5":{
       "Baseline MG94xREV":0.1236095149641929,
       "Baseline MG94xREV omega ratio":0.1577757739968642,
       "Corrected P-value":1,
       "Full adaptive model":0.1235373864421008,
       "Full adaptive model (non-synonymous subs/site)":0.0330718189652567,
       "Full adaptive model (synonymous subs/site)":0.09046556747684424,
       "LRT":0,
       "Nucleotide GTR":0.08921185569300802,
       "Rate Distributions":        [
[0.145483434234194, 1] 
        ],
       "Rate classes":1,
       "Uncorrected P-value":1
      },
     "NODE_7":{
       "Baseline MG94xREV":0.07316305704252291,
       "Baseline MG94xREV omega ratio":0.06796792727882899,
       "Corrected P-value":1,
       "Full adaptive model":0.09648663503628642,
       "Full adaptive model (non-synonymous subs/site)":0.01102885999628742,
       "Full adaptive model (synonymous subs/site)":0.08545777503999903,
       "LRT":0,
       "Nucleotide GTR":0.05497485739185044,
       "Rate Distributions":        [
[0.05135914868874184, 1] 
        ],
       "Rate classes":1,
       "Uncorrected P-value":1
      }
    },
   "attributes":{
     "Baseline MG94xREV":{
       "attribute type":"branch length",
       "display order":1
      },
     "Baseline MG94xREV omega ratio":{
       "attribute type":"branch label",
       "display order":1
      },
     "Corrected P-value":{
       "attribute type":"branch label",
       "display order":6
      },
     "Full adaptive model":{
       "attribute type":"branch length",
       "display order":2
      },
     "Full adaptive model (non-synonymous subs/site)":{
       "attribute type":"branch label",
       "display order":10
      },
     "Full adaptive model (synonymous subs/site)":{
       "attribute type":"branch label",
       "display order":9
      },
     "LRT":{
       "attribute type":"branch label",
       "display order":4
      },
     "Nucleotide GTR":{
       "attribute type":"branch length",
       "display order":0
      },
     "Rate Distributions":{
       "attribute type":"branch label",
       "display order":3
      },
     "Rate classes":{
       "attribute type":"branch label",
       "display order":2
      },
     "Uncorrected P-value":{
       "attribute type":"branch label",
       "display order":5
      },
     "original name":{
       "attribute type":"node label",
       "display order":-1
      }
    }
  },