{
 "analysis":{
   "authors":"Sergei L Kosakovsky Pond, Ben Murrell, Steven Weaver and Temple iGEM / UCSD viral evolution group",
   "citation":"Less Is More: An Adaptive Branch-Site Random Effects Model for Efficient Detection of Episodic Diversifying Selection (2015). Mol Biol Evol 32 (5): 1342-1353. v2.2 adds support for multiple-hit models",
   "contact":"spond@temple.edu",
   "info":"aBSREL (Adaptive branch-site random effects likelihood)\n                            uses an adaptive random effects branch-site model framework\n                            to test whether each branch has evolved under positive selection,\n                            using a procedure which infers an optimal number of rate categories per branch.",
   "requirements":"in-frame codon alignment and a phylogenetic tree",
   "version":"2.2"
  },
 "branch attributes":{
   "0":{
     "ENSGACP00000014097":{
       "Baseline MG94xREV":0.06871616877239152,
       "Baseline MG94xREV omega ratio":0.2798112002049141,
       "Corrected P-value":1,
       "Full adaptive model":0.06341401427985596,
       "Full adaptive model (non-synonymous subs/site)":0.02976746859846262,
       "Full adaptive model (synonymous subs/site)":0.03364654568139343,
       "LRT":0,
       "Nucleotide GTR":0.06892594293553615,
       "Rate Distributions":        [
[0.2771417108632195, 1] 
        ],
       "Rate classes":1,
       "Uncorrected P-value":1,
       "original name":"ENSGACP00000014097"
      },
     "ENSGMOP00000004971":{
       "Baseline MG94xREV":0.1130921551779411,
       "Baseline MG94xREV omega ratio":0.1355491132758701,
       "Corrected P-value":1,
       "Full adaptive model":16.55540170043534,
       "Full adaptive model (non-synonymous subs/site)":16.47595459225397,
       "Full adaptive model (synonymous subs/site)":0.07944710818136874,
       "LRT":1.376390463571624,
       "Nucleotide GTR":0.09976488023561259,
       "Rate Distributions":        [
[0.08103421381753881, 0.9831361020730128],
        [3847.530612109431, 0.01686389792698717] 
        ],
       "Rate classes":2,
       "Uncorrected P-value":0.1988880226528531,
       "original name":"ENSGMOP00000004971"
      },
     "ENSLACP00000004688":{
       "Baseline MG94xREV":1139.231256588609,
       "Baseline MG94xREV omega ratio":3.345467995273026e-05,
       "Corrected P-value":1,
       "Full adaptive model":1.682193583762087,
       "Full adaptive model (non-synonymous subs/site)":0.2648567970784664,
       "Full adaptive model (synonymous subs/site)":1.417336786683621,
       "LRT":0,
       "Nucleotide GTR":0.2810788185089103,
       "Rate Distributions":        [
[0.009249823867349219, 0.8664837394860315],
        [0.3784053444294712, 0.1335162605139685] 
        ],
       "Rate classes":2,
       "Uncorrected P-value":1,
       "original name":"ENSLACP00000004688"
      },
     "ENSONIP00000016092":{
       "Baseline MG94xREV":0.09417090839502096,
       "Baseline MG94xREV omega ratio":0.06629562130946338,
       "Corrected P-value":1,
       "Full adaptive model":0.09903809558188491,
       "Full adaptive model (non-synonymous subs/site)":0.01571795445479111,
       "Full adaptive model (synonymous subs/site)":0.08332014112709363,
       "LRT":0,
       "Nucleotide GTR":0.07954305824523988,
       "Rate Distributions":        [
[0.05909442383274408, 1] 
        ],
       "Rate classes":1,
       "Uncorrected P-value":1,
       "original name":"ENSONIP00000016092"
      },
     "ENSORLP00000014322":{
       "Baseline MG94xREV":0.1705450128967121,
       "Baseline MG94xREV omega ratio":0.09449499005303204,
       "Corrected P-value":1,
       "Full adaptive model":0.1729541474556897,
       "Full adaptive model (non-synonymous subs/site)":0.0367757283497069,
       "Full adaptive model (synonymous subs/site)":0.1361784191059829,
       "LRT":0,
       "Nucleotide GTR":0.1317213547972444,
       "Rate Distributions":        [
[0.08459670896136316, 1] 
        ],
       "Rate classes":1,
       "Uncorrected P-value":1,
       "original name":"ENSORLP00000014322"
      },
     "ENSTRUP00000010429":{
       "Baseline MG94xREV":0.2009065865395653,
       "Baseline MG94xREV omega ratio":0.1650078700191889,
       "Corrected P-value":1,
       "Full adaptive model":0.2120246826131071,
       "Full adaptive model (non-synonymous subs/site)":0.076244472566359,
       "Full adaptive model (synonymous subs/site)":0.1357802100467481,
       "LRT":0,
       "Nucleotide GTR":0.1527649387845799,
       "Rate Distributions":        [
[0.01917607168028673, 0.7310744353902545],
        [0.6019639902918499, 0.2689255646097455] 
        ],
       "Rate classes":2,
       "Uncorrected P-value":1,
       "original name":"ENSTRUP00000010429"
      },
     "NODE_10":{
       "Baseline MG94xREV":0.104539325054593,
       "Baseline MG94xREV omega ratio":0.1503784146037573,
       "Corrected P-value":1,
       "Full adaptive model":0.1237072478978422,
       "Full adaptive model (non-synonymous subs/site)":0.06114351670665708,
       "Full adaptive model (synonymous subs/site)":0.06256373119118516,
       "LRT":1.964637788709297,
       "Nucleotide GTR":0.07417483843496547,
       "Rate Distributions":        [
[0.02963448225189069, 0.9276392239463801],
        [3.850921244108939, 0.0723607760536199] 
        ],
       "Rate classes":2,
       "Uncorrected P-value":0.1445361766353029
      },
     "NODE_12":{
       "Baseline MG94xREV":0.1607228969239012,
       "Baseline MG94xREV omega ratio":0.1105192629264546,
       "Corrected P-value":1,
       "Full adaptive model":0.1872726781816383,
       "Full adaptive model (non-synonymous subs/site)":0.03685750022603965,
       "Full adaptive model (synonymous subs/site)":0.1504151779555988,
       "LRT":0,
       "Nucleotide GTR":0.1007589873323425,
       "Rate Distributions":        [
[0.07675995095163171, 1] 
        ],
       "Rate classes":1,
       "Uncorrected P-value":1
      },
     "NODE_14":{
       "Baseline MG94xREV":0.3696379042377193,
       "Baseline MG94xREV omega ratio":0.07870505151276148,
       "Corrected P-value":1,
       "Full adaptive model":0.4494751773268217,
       "Full adaptive model (non-synonymous subs/site)":0.1517586077120294,
       "Full adaptive model (synonymous subs/site)":0.2977165696147923,
       "LRT":0.001936574220053444,
       "Nucleotide GTR":0.106500642652337,
       "Rate Distributions":        [
[0, 0.8467488797283043],
        [1.041950633105971, 0.1532511202716957] 
        ],
       "Rate classes":2,
       "Uncorrected P-value":0.4926894950419617
      },
     "NODE_6":{
       "Baseline MG94xREV":0.0004893863970805434,
       "Baseline MG94xREV omega ratio":10000000000,
       "Corrected P-value":1,
       "Full adaptive model":0.001030975113241997,
       "Full adaptive model (non-synonymous subs/site)":0.001030975113241997,
       "Full adaptive model (synonymous subs/site)":1e-10,
       "LRT":0.01954262512572313,
       "Nucleotide GTR":0.004074238342255433,
       "Rate Distributions":        [
[10000000000, 1] 
        ],
       "Rate classes":1,
       "Uncorrected P-value":0.4748472838179258
      },
     "NODE_8":{
       "Baseline MG94xREV":0.005413408078270142,
       "Baseline MG94xREV omega ratio":10000000000,
       "Corrected P-value":1,
       "Full adaptive model":0.004417644338018131,
       "Full adaptive model (non-synonymous subs/site)":0.004417644338018131,
       "Full adaptive model (synonymous subs/site)":1e-10,
       "LRT":0.2160653646851642,
       "Nucleotide GTR":0.009711940970869295,
       "Rate Distributions":        [
[10000000000, 1] 
        ],
       "Rate classes":1,
       "Uncorrected P-value":0.3976903595603876
      },
     "PITPNC1_XENTR":{
       "Baseline MG94xREV":0.05419850602050111,
       "Baseline MG94xREV omega ratio":10000000000,
       "Corrected P-value":1,
       "Full adaptive model":0.0504302205576023,
       "Full adaptive model (non-synonymous subs/site)":0.0504302205576023,