{
 "analysis":{
   "authors":"Sergei L Kosakovsky Pond, Ben Murrell, Steven Weaver and Temple iGEM / UCSD viral evolution group",
   "citation":"Less Is More: An Adaptive Branch-Site Random Effects Model for Efficient Detection of Episodic Diversifying Selection (2015). Mol Biol Evol 32 (5): 1342-1353. v2.2 adds support for multiple-hit models",
   "contact":"spond@temple.edu",
   "info":"aBSREL (Adaptive branch-site random effects likelihood)\n                            uses an adaptive random effects branch-site model framework\n                            to test whether each branch has evolved under positive selection,\n                            using a procedure which infers an optimal number of rate categories per branch.",
   "requirements":"in-frame codon alignment and a phylogenetic tree",
   "version":"2.2"
  },
 "branch attributes":{
   "0":{
     "ENSDARP00000026328":{
       "Baseline MG94xREV":0.08601693602284882,
       "Baseline MG94xREV omega ratio":0.210183639178286,
       "Corrected P-value":1,
       "Full adaptive model":11.63793342212039,
       "Full adaptive model (non-synonymous subs/site)":11.52183723757975,
       "Full adaptive model (synonymous subs/site)":0.116096184540649,
       "LRT":2.47355589068502,
       "Nucleotide GTR":0.1115942938575006,
       "Rate Distributions":        [
[0.03125139357901877, 0.9578648169051287],
        [792.9989886658441, 0.0421351830948713] 
        ],
       "Rate classes":2,
       "Uncorrected P-value":0.1102505871998744,
       "original name":"ENSDARP00000026328"
      },
     "ENSGACP00000026947":{
       "Baseline MG94xREV":0.1017593504442357,
       "Baseline MG94xREV omega ratio":0.1583998003305418,
       "Corrected P-value":0.4272820631014027,
       "Full adaptive model":86.41780831586391,
       "Full adaptive model (non-synonymous subs/site)":86.35663808699367,
       "Full adaptive model (synonymous subs/site)":0.06117022887023038,
       "LRT":5.081034554787038,
       "Nucleotide GTR":0.09430091226759646,
       "Rate Distributions":        [
[0.1144490312042393, 0.9714615939600623],
        [16665.83333333177, 0.02853840603993774] 
        ],
       "Rate classes":2,
       "Uncorrected P-value":0.02848547087342684,
       "original name":"ENSGACP00000026947"
      },
     "ENSGMOP00000016847":{
       "Baseline MG94xREV":0.2594782415620498,
       "Baseline MG94xREV omega ratio":0.1149431620971375,
       "Corrected P-value":1,
       "Full adaptive model":0.1962406435899494,
       "Full adaptive model (non-synonymous subs/site)":0.06744042361279776,
       "Full adaptive model (synonymous subs/site)":0.1288002199771517,
       "LRT":0,
       "Nucleotide GTR":0.1482379195210603,
       "Rate Distributions":        [
[0.00186696179432126, 0.6662012534212393],
        [0.5248671447322959, 0.3337987465787607] 
        ],
       "Rate classes":2,
       "Uncorrected P-value":1,
       "original name":"ENSGMOP00000016847"
      },
     "ENSLACP00000002157":{
       "Baseline MG94xREV":0.308206112778532,
       "Baseline MG94xREV omega ratio":0.1579910620418109,
       "Corrected P-value":1,
       "Full adaptive model":0.8052702724622082,
       "Full adaptive model (non-synonymous subs/site)":0.6816500542841044,
       "Full adaptive model (synonymous subs/site)":0.1236202181781036,
       "LRT":2.369998195823428,
       "Nucleotide GTR":0.209328453818912,
       "Rate Distributions":        [
[0.1084259137725713, 0.908477768128739],
        [19.2261602069448, 0.09152223187126096] 
        ],
       "Rate classes":2,
       "Uncorrected P-value":0.1164613754807367,
       "original name":"ENSLACP00000002157"
      },
     "ENSONIP00000005347":{
       "Baseline MG94xREV":0.1113877272831094,
       "Baseline MG94xREV omega ratio":0.180195405235641,
       "Corrected P-value":1,
       "Full adaptive model":0.1003315581083819,
       "Full adaptive model (non-synonymous subs/site)":0.03238187442871438,
       "Full adaptive model (synonymous subs/site)":0.06794968367966754,
       "LRT":0,
       "Nucleotide GTR":0.09445549494632643,
       "Rate Distributions":        [
[0.1605895134123236, 1] 
        ],
       "Rate classes":1,
       "Uncorrected P-value":1,
       "original name":"ENSONIP00000005347"
      },
     "ENSORLP00000010220":{
       "Baseline MG94xREV":0.147566195273718,
       "Baseline MG94xREV omega ratio":0.1364427050825345,
       "Corrected P-value":1,
       "Full adaptive model":0.1436718997540821,
       "Full adaptive model (non-synonymous subs/site)":0.03738709672127745,
       "Full adaptive model (synonymous subs/site)":0.1062848030328045,
       "LRT":0,
       "Nucleotide GTR":0.1194183049611489,
       "Rate Distributions":        [
[0.1185368021150682, 1] 
        ],
       "Rate classes":1,
       "Uncorrected P-value":1,
       "original name":"ENSORLP00000010220"
      },
     "ENSPSIP00000004324":{
       "Baseline MG94xREV":0.3645121882492532,
       "Baseline MG94xREV omega ratio":0.1061787879345938,
       "Corrected P-value":1,
       "Full adaptive model":0.4044238888414903,
       "Full adaptive model (non-synonymous subs/site)":0.1474138620149437,
       "Full adaptive model (synonymous subs/site)":0.2570100268265466,
       "LRT":0.06817225979739305,
       "Nucleotide GTR":0.212763682368468,
       "Rate Distributions":        [
[0.02744900345918449, 0.8736133142264165],
        [1.339555303968655, 0.1263866857735835] 
        ],
       "Rate classes":2,
       "Uncorrected P-value":0.4487498362324249,
       "original name":"ENSPSIP00000004324"
      },
     "ENSTNIP00000014733":{
       "Baseline MG94xREV":0.07813848927403623,
       "Baseline MG94xREV omega ratio":0.0787921767377226,
       "Corrected P-value":1,
       "Full adaptive model":0.07241250056806893,
       "Full adaptive model (non-synonymous subs/site)":0.01208030981076931,
       "Full adaptive model (synonymous subs/site)":0.06033219075729964,
       "LRT":0,
       "Nucleotide GTR":0.05868260165623894,
       "Rate Distributions":        [
[0.06747324760142934, 1] 
        ],
       "Rate classes":1,
       "Uncorrected P-value":1,
       "original name":"ENSTNIP00000014733"
      },
     "ENSTRUP00000041079":{
       "Baseline MG94xREV":0.01050502444836623,
       "Baseline MG94xREV omega ratio":0.803380131380005,
       "Corrected P-value":1,
       "Full adaptive model":0.0148505074700567,
       "Full adaptive model (non-synonymous subs/site)":0.008416934396927171,
       "Full adaptive model (synonymous subs/site)":0.006433573073129524,
       "LRT":0,
       "Nucleotide GTR":0.02263440864602217,
       "Rate Distributions":        [
[0.4408637001404433, 1] 
        ],
       "Rate classes":1,
       "Uncorrected P-value":1,
       "original name":"ENSTRUP00000041079"
      },
     "NODE_10":{
       "Baseline MG94xREV":0.008906595548882077,
       "Baseline MG94xREV omega ratio":10000000000,
       "Corrected P-value":1,
       "Full adaptive model":0.01453918515890839,
       "Full adaptive model (non-synonymous subs/site)":0.008702845748137022,
       "Full adaptive model (synonymous subs/site)":0.005836339410771393,
       "LRT":0,
       "Nucleotide GTR":0.02395504131095618,
       "Rate Distributions":        [
[0.5024853252344736, 1] 
        ],
       "Rate classes":1,
       "Uncorrected P-value":1
      },
     "NODE_12":{
       "Baseline MG94xREV":0.03398298317036842,
       "Baseline MG94xREV omega ratio":0.003114583574343604,
       "Corrected P-value":1,
       "Full adaptive model":0.09359675497811198,
       "Full adaptive model (non-synonymous subs/site)":0.0003560255430827195,
       "Full adaptive model (synonymous subs/site)":0.09324072943502926,
       "LRT":0,
       "Nucleotide GTR":0.04982010242972099,
       "Rate Distributions":        [
[0.001286702463262197, 1] 
        ],
       "Rate classes":1,
       "Uncorrected P-value":1
      },
     "NODE_14":{
       "Baseline MG94xREV":0.3763408873562609,