{
 "analysis":{
   "authors":"Sergei L Kosakovsky Pond, Ben Murrell, Steven Weaver and Temple iGEM / UCSD viral evolution group",
   "citation":"Less Is More: An Adaptive Branch-Site Random Effects Model for Efficient Detection of Episodic Diversifying Selection (2015). Mol Biol Evol 32 (5): 1342-1353. v2.2 adds support for multiple-hit models",
   "contact":"spond@temple.edu",
   "info":"aBSREL (Adaptive branch-site random effects likelihood)\n                            uses an adaptive random effects branch-site model framework\n                            to test whether each branch has evolved under positive selection,\n                            using a procedure which infers an optimal number of rate categories per branch.",
   "requirements":"in-frame codon alignment and a phylogenetic tree",
   "version":"2.2"
  },
 "branch attributes":{
   "0":{
     "4933403O08RIK_MOUSE":{
       "Baseline MG94xREV":0.03111236640469229,
       "Baseline MG94xREV omega ratio":0.8200079047829386,
       "Corrected P-value":1,
       "Full adaptive model":0.03106730858920584,
       "Full adaptive model (non-synonymous subs/site)":0.02119049513104989,
       "Full adaptive model (synonymous subs/site)":0.009876813458155867,
       "LRT":0,
       "Nucleotide GTR":0.03071102933969616,
       "Rate Distributions":        [
[0.8106792426453112, 1] 
        ],
       "Rate classes":1,
       "Uncorrected P-value":1,
       "original name":"4933403O08RIK_MOUSE"
      },
     "ENSLAFP00000027070":{
       "Baseline MG94xREV":0.1376290572655232,
       "Baseline MG94xREV omega ratio":0.5963040806975504,
       "Corrected P-value":0.0007464683544579076,
       "Full adaptive model":0.6847522065623814,
       "Full adaptive model (non-synonymous subs/site)":0.6380654252167366,
       "Full adaptive model (synonymous subs/site)":0.04668678134564481,
       "LRT":16.6201358455146,
       "Nucleotide GTR":0.1365121845930417,
       "Rate Distributions":        [
[0.5217999421369734, 0.9638042932869602],
        [128.7778153174484, 0.03619570671303984] 
        ],
       "Rate classes":2,
       "Uncorrected P-value":8.294092827310084e-05,
       "original name":"ENSLAFP00000027070"
      },
     "ENSMLUP00000020333":{
       "Baseline MG94xREV":0.1283818599057426,
       "Baseline MG94xREV omega ratio":0.7738467935528429,
       "Corrected P-value":1,
       "Full adaptive model":0.1301446222304149,
       "Full adaptive model (non-synonymous subs/site)":0.08654798551608985,
       "Full adaptive model (synonymous subs/site)":0.04359663671432495,
       "LRT":0,
       "Nucleotide GTR":0.1274322668144041,
       "Rate Distributions":        [
[0.7501166011117684, 1] 
        ],
       "Rate classes":1,
       "Uncorrected P-value":1,
       "original name":"ENSMLUP00000020333"
      },
     "ENSOCUP00000022398":{
       "Baseline MG94xREV":0.05388019003132786,
       "Baseline MG94xREV omega ratio":0.4367432608923823,
       "Corrected P-value":1,
       "Full adaptive model":0.05870509790062699,
       "Full adaptive model (non-synonymous subs/site)":0.03445861354000197,
       "Full adaptive model (synonymous subs/site)":0.02424648436062501,
       "LRT":1.658608561653637,
       "Nucleotide GTR":0.05360710373098782,
       "Rate Distributions":        [
[0, 0.7984760714716348],
        [2.664693129081152, 0.2015239285283652] 
        ],
       "Rate classes":2,
       "Uncorrected P-value":0.1704640874861031,
       "original name":"ENSOCUP00000022398"
      },
     "ENSSTOP00000015129":{
       "Baseline MG94xREV":0.05135856700307578,
       "Baseline MG94xREV omega ratio":0.7997507230585102,
       "Corrected P-value":0.2070408053198275,
       "Full adaptive model":0.06908746150118733,
       "Full adaptive model (non-synonymous subs/site)":0.05345203845282825,
       "Full adaptive model (synonymous subs/site)":0.01563542304835906,
       "LRT":5.00773809153452,
       "Nucleotide GTR":0.0505888868244515,
       "Rate Distributions":        [
[0.6677018335929235, 0.9885681508297631],
        [55.25651148183728, 0.01143184917023687] 
        ],
       "Rate classes":2,
       "Uncorrected P-value":0.0295772579028325,
       "original name":"ENSSTOP00000015129"
      },
     "F1LTZ0_RAT":{
       "Baseline MG94xREV":0.0355187704572531,
       "Baseline MG94xREV omega ratio":0.5372356892739595,
       "Corrected P-value":1,
       "Full adaptive model":0.03588342156617547,
       "Full adaptive model (non-synonymous subs/site)":0.02105055981201255,
       "Full adaptive model (synonymous subs/site)":0.01483286175416296,
       "LRT":0,
       "Nucleotide GTR":0.03541317992919531,
       "Rate Distributions":        [
[0.5362453025801044, 1] 
        ],
       "Rate classes":1,
       "Uncorrected P-value":1,
       "original name":"F1LTZ0_RAT"
      },
     "NODE_10":{
       "Baseline MG94xREV":0.02108059466932856,
       "Baseline MG94xREV omega ratio":0.2762546565760662,
       "Corrected P-value":1,
       "Full adaptive model":0.01999202382975216,
       "Full adaptive model (non-synonymous subs/site)":0.008562407326681551,
       "Full adaptive model (synonymous subs/site)":0.01142961650307059,
       "LRT":0,
       "Nucleotide GTR":0.01971154698021627,
       "Rate Distributions":        [
[0.2830668586347197, 1] 
        ],
       "Rate classes":1,
       "Uncorrected P-value":1
      },
     "NODE_6":{
       "Baseline MG94xREV":0.1189049585246057,
       "Baseline MG94xREV omega ratio":0.6005128198207628,
       "Corrected P-value":0.09325360144064465,
       "Full adaptive model":0.5625826801769338,
       "Full adaptive model (non-synonymous subs/site)":0.5219884641646774,
       "Full adaptive model (synonymous subs/site)":0.04059421601225633,
       "LRT":6.829832722724859,
       "Nucleotide GTR":0.1169498029411868,
       "Rate Distributions":        [
[0.5201257240913729, 0.9703386039808575],
        [146.7907407531987, 0.02966139601914253] 
        ],
       "Rate classes":2,
       "Uncorrected P-value":0.01165670018008058
      },
     "NODE_8":{
       "Baseline MG94xREV":0.004384730556289971,
       "Baseline MG94xREV omega ratio":10000000000,
       "Corrected P-value":1,
       "Full adaptive model":0.005458714996509502,
       "Full adaptive model (non-synonymous subs/site)":0.005458714996509502,
       "Full adaptive model (synonymous subs/site)":1e-10,
       "LRT":0.5871263479220943,
       "Nucleotide GTR":0.005276711779552048,
       "Rate Distributions":        [
[10000000000, 1] 
        ],
       "Rate classes":1,
       "Uncorrected P-value":0.3123871353244629
      }
    },
   "attributes":{
     "Baseline MG94xREV":{
       "attribute type":"branch length",
       "display order":1
      },
     "Baseline MG94xREV omega ratio":{
       "attribute type":"branch label",
       "display order":1
      },
     "Corrected P-value":{
       "attribute type":"branch label",
       "display order":6
      },
     "Full adaptive model":{
       "attribute type":"branch length",
       "display order":2
      },
     "Full adaptive model (non-synonymous subs/site)":{
       "attribute type":"branch label",
       "display order":10
      },
     "Full adaptive model (synonymous subs/site)":{
       "attribute type":"branch label",
       "display order":9
      },
     "LRT":{
       "attribute type":"branch label",
       "display order":4
      },
     "Nucleotide GTR":{
       "attribute type":"branch length",
       "display order":0
      },
     "Rate Distributions":{
       "attribute type":"branch label",
       "display order":3
      },
     "Rate classes":{
       "attribute type":"branch label",
       "display order":2
      },
     "Uncorrected P-value":{
       "attribute type":"branch label",
       "display order":5
      },
     "original name":{
       "attribute type":"node label",
       "display order":-1
      }
    }
  },