{
 "analysis":{
   "authors":"Sergei L Kosakovsky Pond, Ben Murrell, Steven Weaver and Temple iGEM / UCSD viral evolution group",
   "citation":"Less Is More: An Adaptive Branch-Site Random Effects Model for Efficient Detection of Episodic Diversifying Selection (2015). Mol Biol Evol 32 (5): 1342-1353. v2.2 adds support for multiple-hit models",
   "contact":"spond@temple.edu",
   "info":"aBSREL (Adaptive branch-site random effects likelihood)\n                            uses an adaptive random effects branch-site model framework\n                            to test whether each branch has evolved under positive selection,\n                            using a procedure which infers an optimal number of rate categories per branch.",
   "requirements":"in-frame codon alignment and a phylogenetic tree",
   "version":"2.2"
  },
 "branch attributes":{
   "0":{
     "ENSONIP00000000151":{
       "Baseline MG94xREV":0.01008739119785392,
       "Baseline MG94xREV omega ratio":1.206892392029093,
       "Corrected P-value":1,
       "Full adaptive model":0.01005358398859719,
       "Full adaptive model (non-synonymous subs/site)":0.00767757134945551,
       "Full adaptive model (synonymous subs/site)":0.002376012639141678,
       "LRT":0.02232292530652558,
       "Nucleotide GTR":0.01011439211761687,
       "Rate Distributions":        [
[1.185940788825633, 1] 
        ],
       "Rate classes":1,
       "Uncorrected P-value":0.4729164261777795,
       "original name":"ENSONIP00000000151"
      },
     "ENSONIP00000004234":{
       "Baseline MG94xREV":0.02156965855978442,
       "Baseline MG94xREV omega ratio":2.322571387072354,
       "Corrected P-value":1,
       "Full adaptive model":0.02161987309022615,
       "Full adaptive model (non-synonymous subs/site)":0.01862988505729868,
       "Full adaptive model (synonymous subs/site)":0.002989988032927447,
       "LRT":0.7463202705457661,
       "Nucleotide GTR":0.02247048197804855,
       "Rate Distributions":        [
[2.286802282227292, 1] 
        ],
       "Rate classes":1,
       "Uncorrected P-value":0.2840952409272439,
       "original name":"ENSONIP00000004234"
      },
     "ENSONIP00000007172":{
       "Baseline MG94xREV":0.02254767601768979,
       "Baseline MG94xREV omega ratio":2.901153096600632,
       "Corrected P-value":0.0555256995978487,
       "Full adaptive model":0.03224423975221682,
       "Full adaptive model (non-synonymous subs/site)":0.02929606907151759,
       "Full adaptive model (synonymous subs/site)":0.002948170680699241,
       "LRT":8.28919769598042,
       "Nucleotide GTR":0.02271134964794572,
       "Rate Distributions":        [
[1, 0.9712246715046313],
        [92.99110874407299, 0.02877532849536868] 
        ],
       "Rate classes":2,
       "Uncorrected P-value":0.00555256995978487,
       "original name":"ENSONIP00000007172"
      },
     "ENSONIP00000008311":{
       "Baseline MG94xREV":0.04131348665414537,
       "Baseline MG94xREV omega ratio":1.051115893301299,
       "Corrected P-value":1,
       "Full adaptive model":0.04152358516730488,
       "Full adaptive model (non-synonymous subs/site)":0.03076722982725567,
       "Full adaptive model (synonymous subs/site)":0.01075635534004922,
       "LRT":0.006781442380088265,
       "Nucleotide GTR":0.04256143733977003,
       "Rate Distributions":        [
[1.049811066396444, 1] 
        ],
       "Rate classes":1,
       "Uncorrected P-value":0.4858582626411737,
       "original name":"ENSONIP00000008311"
      },
     "ENSONIP00000012765":{
       "Baseline MG94xREV":0.01669033372541523,
       "Baseline MG94xREV omega ratio":0.6548372221049311,
       "Corrected P-value":1,
       "Full adaptive model":0.016688317260274,
       "Full adaptive model (non-synonymous subs/site)":0.0106550678088692,
       "Full adaptive model (synonymous subs/site)":0.00603324945140483,
       "LRT":0,
       "Nucleotide GTR":0.0170005777553712,
       "Rate Distributions":        [
[0.6481758226093273, 1] 
        ],
       "Rate classes":1,
       "Uncorrected P-value":1,
       "original name":"ENSONIP00000012765"
      },
     "ENSONIP00000018914":{
       "Baseline MG94xREV":0.02345101413332407,
       "Baseline MG94xREV omega ratio":0.7876523353527214,
       "Corrected P-value":1,
       "Full adaptive model":0.0234810533915469,
       "Full adaptive model (non-synonymous subs/site)":0.01595860412995315,
       "Full adaptive model (synonymous subs/site)":0.007522449261593746,
       "LRT":0,
       "Nucleotide GTR":0.02374205382866191,
       "Rate Distributions":        [
[0.7786163628140285, 1] 
        ],
       "Rate classes":1,
       "Uncorrected P-value":1,
       "original name":"ENSONIP00000018914"
      },
     "ENSONIP00000023022":{
       "Baseline MG94xREV":0.02198214985523566,
       "Baseline MG94xREV omega ratio":0.7167630145137522,
       "Corrected P-value":1,
       "Full adaptive model":0.0220281640191106,
       "Full adaptive model (non-synonymous subs/site)":0.014511181997109,
       "Full adaptive model (synonymous subs/site)":0.007516982022001584,
       "LRT":0,
       "Nucleotide GTR":0.0222386070726654,
       "Rate Distributions":        [
[0.7085119329061306, 1] 
        ],
       "Rate classes":1,
       "Uncorrected P-value":1,
       "original name":"ENSONIP00000023022"
      },
     "NODE_3":{
       "Baseline MG94xREV":0.00618294179416828,
       "Baseline MG94xREV omega ratio":0.5813017326525671,
       "Corrected P-value":1,
       "Full adaptive model":0.00638014939062823,
       "Full adaptive model (non-synonymous subs/site)":0.003969845232877902,
       "Full adaptive model (synonymous subs/site)":0.002410304157750332,
       "LRT":0,
       "Nucleotide GTR":0.006750225088761316,
       "Rate Distributions":        [
[0.6044906915190341, 1] 
        ],
       "Rate classes":1,
       "Uncorrected P-value":1
      },
     "NODE_6":{
       "Baseline MG94xREV":0.005395168805326453,
       "Baseline MG94xREV omega ratio":10000000000,
       "Corrected P-value":1,
       "Full adaptive model":0.005177237339124716,
       "Full adaptive model (non-synonymous subs/site)":0.005177237339124716,
       "Full adaptive model (synonymous subs/site)":1e-10,
       "LRT":1.541696689651872,
       "Nucleotide GTR":0.004960322819524052,
       "Rate Distributions":        [
[10000000000, 1] 
        ],
       "Rate classes":1,
       "Uncorrected P-value":0.1816592186262486
      },
     "NODE_7":{
       "Baseline MG94xREV":0.001973976473964517,
       "Baseline MG94xREV omega ratio":12337426208097246,
       "Corrected P-value":1,
       "Full adaptive model":0.001967523056016976,
       "Full adaptive model (non-synonymous subs/site)":0.001967523056016976,
       "Full adaptive model (synonymous subs/site)":1e-10,
       "LRT":0.6021484344464625,
       "Nucleotide GTR":0.001934882923062555,
       "Rate Distributions":        [
[11431094509501464, 1] 
        ],
       "Rate classes":1,
       "Uncorrected P-value":0.3095587491112746
      }
    },
   "attributes":{
     "Baseline MG94xREV":{
       "attribute type":"branch length",
       "display order":1
      },
     "Baseline MG94xREV omega ratio":{
       "attribute type":"branch label",
       "display order":1
      },
     "Corrected P-value":{
       "attribute type":"branch label",
       "display order":6
      },
     "Full adaptive model":{
       "attribute type":"branch length",
       "display order":2
      },
     "Full adaptive model (non-synonymous subs/site)":{
       "attribute type":"branch label",
       "display order":10
      },
     "Full adaptive model (synonymous subs/site)":{
       "attribute type":"branch label",
       "display order":9
      },
     "LRT":{
       "attribute type":"branch label",
       "display order":4
      },
     "Nucleotide GTR":{
       "attribute type":"branch length",
       "display order":0
      },
     "Rate Distributions":{
       "attribute type":"branch label",