{
 "analysis":{
   "authors":"Sergei L Kosakovsky Pond, Ben Murrell, Steven Weaver and Temple iGEM / UCSD viral evolution group",
   "citation":"Less Is More: An Adaptive Branch-Site Random Effects Model for Efficient Detection of Episodic Diversifying Selection (2015). Mol Biol Evol 32 (5): 1342-1353. v2.2 adds support for multiple-hit models",
   "contact":"spond@temple.edu",
   "info":"aBSREL (Adaptive branch-site random effects likelihood)\n                            uses an adaptive random effects branch-site model framework\n                            to test whether each branch has evolved under positive selection,\n                            using a procedure which infers an optimal number of rate categories per branch.",
   "requirements":"in-frame codon alignment and a phylogenetic tree",
   "version":"2.2"
  },
 "branch attributes":{
   "0":{
     "ENSGACP00000024759":{
       "Baseline MG94xREV":0.1143326500400452,
       "Baseline MG94xREV omega ratio":0.1593532629295721,
       "Corrected P-value":1,
       "Full adaptive model":0.1108871482617425,
       "Full adaptive model (non-synonymous subs/site)":0.03262300977362544,
       "Full adaptive model (synonymous subs/site)":0.07826413848811702,
       "LRT":0,
       "Nucleotide GTR":0.1035599416253897,
       "Rate Distributions":        [
[0.1429297792350024, 1] 
        ],
       "Rate classes":1,
       "Uncorrected P-value":1,
       "original name":"ENSGACP00000024759"
      },
     "ENSGMOP00000006245":{
       "Baseline MG94xREV":0.2109001711246698,
       "Baseline MG94xREV omega ratio":0.1545637937170993,
       "Corrected P-value":1,
       "Full adaptive model":0.2686535912900544,
       "Full adaptive model (non-synonymous subs/site)":0.132443980194488,
       "Full adaptive model (synonymous subs/site)":0.1362096110955665,
       "LRT":1.06047949515596,
       "Nucleotide GTR":0.1498659509914375,
       "Rate Distributions":        [
[0.05773243029125386, 0.9017841577792268],
        [2.864644328597918, 0.09821584222077318] 
        ],
       "Rate classes":2,
       "Uncorrected P-value":0.2371603307415588,
       "original name":"ENSGMOP00000006245"
      },
     "ENSLACP00000007491":{
       "Baseline MG94xREV":0.6528221945595244,
       "Baseline MG94xREV omega ratio":0.05686744941607062,
       "Corrected P-value":1,
       "Full adaptive model":0.721701372114633,
       "Full adaptive model (non-synonymous subs/site)":0.1099470339249081,
       "Full adaptive model (synonymous subs/site)":0.611754338189725,
       "LRT":0,
       "Nucleotide GTR":0.268249464431393,
       "Rate Distributions":        [
[0.0007234304805931082, 0.6923598966317571],
        [0.1986922078705348, 0.3076401033682429] 
        ],
       "Rate classes":2,
       "Uncorrected P-value":1,
       "original name":"ENSLACP00000007491"
      },
     "ENSONIP00000019886":{
       "Baseline MG94xREV":0.12408305498181,
       "Baseline MG94xREV omega ratio":0.0890053168404495,
       "Corrected P-value":0.812781251588812,
       "Full adaptive model":0.1865808146548344,
       "Full adaptive model (non-synonymous subs/site)":0.08081885672077999,
       "Full adaptive model (synonymous subs/site)":0.1057619579340545,
       "LRT":3.053657900398321,
       "Nucleotide GTR":0.1055358291132398,
       "Rate Distributions":        [
[0.06302388704739936, 0.9831013940474869],
        [11.83928034388913, 0.01689860595251313] 
        ],
       "Rate classes":2,
       "Uncorrected P-value":0.08127812515888119,
       "original name":"ENSONIP00000019886"
      },
     "ENSORLP00000011692":{
       "Baseline MG94xREV":0.133580050468948,
       "Baseline MG94xREV omega ratio":0.1607616849262657,
       "Corrected P-value":1,
       "Full adaptive model":0.1440541502781569,
       "Full adaptive model (non-synonymous subs/site)":0.05338078254615303,
       "Full adaptive model (synonymous subs/site)":0.09067336773200382,
       "LRT":0,
       "Nucleotide GTR":0.1084384107406858,
       "Rate Distributions":        [
[0, 0.7800503445831555],
        [0.9177901862723828, 0.2199496554168445] 
        ],
       "Rate classes":2,
       "Uncorrected P-value":1,
       "original name":"ENSORLP00000011692"
      },
     "ENSPSIP00000004115":{
       "Baseline MG94xREV":0.2548111437898182,
       "Baseline MG94xREV omega ratio":0.2102663903151323,
       "Corrected P-value":1,
       "Full adaptive model":0.305750609308444,
       "Full adaptive model (non-synonymous subs/site)":0.1348251098522906,
       "Full adaptive model (synonymous subs/site)":0.1709254994561534,
       "LRT":0,
       "Nucleotide GTR":0.2120955550585456,
       "Rate Distributions":        [
[0, 0.6678927225595996],
        [0.8144173901501501, 0.3321072774404004] 
        ],
       "Rate classes":2,
       "Uncorrected P-value":1,
       "original name":"ENSPSIP00000004115"
      },
     "NODE_10":{
       "Baseline MG94xREV":0.143000683187466,
       "Baseline MG94xREV omega ratio":0.1179051659707058,
       "Corrected P-value":1,
       "Full adaptive model":0.1575229606367032,
       "Full adaptive model (non-synonymous subs/site)":0.05772722674069612,
       "Full adaptive model (synonymous subs/site)":0.0997957338960071,
       "LRT":0.4336271949614456,
       "Nucleotide GTR":0.07539554061640485,
       "Rate Distributions":        [
[0, 0.8913119299672932],
        [1.824938975040287, 0.1086880700327068] 
        ],
       "Rate classes":2,
       "Uncorrected P-value":0.3435669043148609
      },
     "NODE_12":{
       "Baseline MG94xREV":0.1625117511369717,
       "Baseline MG94xREV omega ratio":0.5436100050700763,
       "Corrected P-value":0.6352815861586072,
       "Full adaptive model":2.312383175812576,
       "Full adaptive model (non-synonymous subs/site)":2.303821533948411,
       "Full adaptive model (synonymous subs/site)":0.008561641864165765,
       "LRT":3.71001634527056,
       "Nucleotide GTR":0.1351575984164296,
       "Rate Distributions":        [
[1, 0.8695206396313008],
        [700.4858175354998, 0.1304793603686992] 
        ],
       "Rate classes":2,
       "Uncorrected P-value":0.0577528714689643
      },
     "NODE_6":{
       "Baseline MG94xREV":0.007497813251948957,
       "Baseline MG94xREV omega ratio":10000000000,
       "Corrected P-value":1,
       "Full adaptive model":0.004868971260059041,
       "Full adaptive model (non-synonymous subs/site)":0.004868971260059041,
       "Full adaptive model (synonymous subs/site)":1e-10,
       "LRT":0.474160364974523,
       "Nucleotide GTR":0.0105792978720086,
       "Rate Distributions":        [
[10000000000, 1] 
        ],
       "Rate classes":1,
       "Uncorrected P-value":0.3348942895183253
      },
     "NODE_8":{
       "Baseline MG94xREV":0.05635944201703399,
       "Baseline MG94xREV omega ratio":0.1984231367066603,
       "Corrected P-value":1,
       "Full adaptive model":0.05346569319489169,
       "Full adaptive model (non-synonymous subs/site)":0.01812562621943424,
       "Full adaptive model (synonymous subs/site)":0.0353400669754575,
       "LRT":0,
       "Nucleotide GTR":0.05371615112087173,
       "Rate Distributions":        [
[0.1758681346799648, 1] 
        ],
       "Rate classes":1,
       "Uncorrected P-value":1
      },
     "SI_DKEYP_110E4_6_DANRE":{
       "Baseline MG94xREV":0.6669745713705647,
       "Baseline MG94xREV omega ratio":0.02744624222205126,
       "Corrected P-value":1,
       "Full adaptive model":0.6936434513596469,
       "Full adaptive model (non-synonymous subs/site)":0.05774488853666981,
       "Full adaptive model (synonymous subs/site)":0.635898562822977,
       "LRT":0,
       "Nucleotide GTR":0.2263341989704722,
       "Rate Distributions":        [
[0, 0.7140264722452075],
        [0.1088833255536638, 0.2859735277547925] 
        ],
       "Rate classes":2,
       "Uncorrected P-value":1,
       "original name":"SI@DKEYP-110E4.6_DANRE"
      }
    },