{
 "analysis":{
   "authors":"Sergei L Kosakovsky Pond, Ben Murrell, Steven Weaver and Temple iGEM / UCSD viral evolution group",
   "citation":"Less Is More: An Adaptive Branch-Site Random Effects Model for Efficient Detection of Episodic Diversifying Selection (2015). Mol Biol Evol 32 (5): 1342-1353. v2.2 adds support for multiple-hit models",
   "contact":"spond@temple.edu",
   "info":"aBSREL (Adaptive branch-site random effects likelihood)\n                            uses an adaptive random effects branch-site model framework\n                            to test whether each branch has evolved under positive selection,\n                            using a procedure which infers an optimal number of rate categories per branch.",
   "requirements":"in-frame codon alignment and a phylogenetic tree",
   "version":"2.2"
  },
 "branch attributes":{
   "0":{
     "ENSDARP00000004845":{
       "Baseline MG94xREV":0.3395215362004462,
       "Baseline MG94xREV omega ratio":0.03549601334901483,
       "Corrected P-value":1,
       "Full adaptive model":2007.36768527583,
       "Full adaptive model (non-synonymous subs/site)":2007.142131556383,
       "Full adaptive model (synonymous subs/site)":0.2255537194471317,
       "LRT":1.999158975851969,
       "Nucleotide GTR":0.1436161938303552,
       "Rate Distributions":        [
[0.02461708987887979, 0.972099550342012],
        [100000, 0.02790044965798799] 
        ],
       "Rate classes":2,
       "Uncorrected P-value":0.1418875541267652,
       "original name":"ENSDARP00000004845"
      },
     "ENSGACP00000020870":{
       "Baseline MG94xREV":0.06356241333001829,
       "Baseline MG94xREV omega ratio":0.09866358556966974,
       "Corrected P-value":1,
       "Full adaptive model":0.0645350875296091,
       "Full adaptive model (non-synonymous subs/site)":0.01864054758853759,
       "Full adaptive model (synonymous subs/site)":0.04589453994107151,
       "LRT":0.5006744308011548,
       "Nucleotide GTR":0.05776169195084779,
       "Rate Distributions":        [
[0.06358322493641312, 0.9908497281414458],
        [7.031957626202357, 0.009150271858554215] 
        ],
       "Rate classes":2,
       "Uncorrected P-value":0.3294022477171187,
       "original name":"ENSGACP00000020870"
      },
     "ENSGMOP00000016625":{
       "Baseline MG94xREV":0.2373090699468611,
       "Baseline MG94xREV omega ratio":0.04932363541508587,
       "Corrected P-value":1,
       "Full adaptive model":0.2213771836863056,
       "Full adaptive model (non-synonymous subs/site)":0.03298973427022786,
       "Full adaptive model (synonymous subs/site)":0.1883874494160778,
       "LRT":0,
       "Nucleotide GTR":0.1071448316558595,
       "Rate Distributions":        [
[0.00366912292636478, 0.7764830003349145],
        [0.2328959747113135, 0.2235169996650855] 
        ],
       "Rate classes":2,
       "Uncorrected P-value":1,
       "original name":"ENSGMOP00000016625"
      },
     "ENSORLP00000010257":{
       "Baseline MG94xREV":0.1240557652092999,
       "Baseline MG94xREV omega ratio":0.04145956340605948,
       "Corrected P-value":1,
       "Full adaptive model":0.1161542185588706,
       "Full adaptive model (non-synonymous subs/site)":0.01250873325218188,
       "Full adaptive model (synonymous subs/site)":0.1036454853066888,
       "LRT":0,
       "Nucleotide GTR":0.08797054150614432,
       "Rate Distributions":        [
[0.03783987868646555, 1] 
        ],
       "Rate classes":1,
       "Uncorrected P-value":1,
       "original name":"ENSORLP00000010257"
      },
     "ENSTNIP00000012201":{
       "Baseline MG94xREV":0.05090685206366966,
       "Baseline MG94xREV omega ratio":0.02811886840359456,
       "Corrected P-value":1,
       "Full adaptive model":0.05094522437697945,
       "Full adaptive model (non-synonymous subs/site)":0.003673748085563371,
       "Full adaptive model (synonymous subs/site)":0.04727147629141607,
       "LRT":0,
       "Nucleotide GTR":0.03597911366052645,
       "Rate Distributions":        [
[0.02436671595339658, 1] 
        ],
       "Rate classes":1,
       "Uncorrected P-value":1,
       "original name":"ENSTNIP00000012201"
      },
     "ENSTRUP00000045581":{
       "Baseline MG94xREV":0.03866780510799948,
       "Baseline MG94xREV omega ratio":0.03202925866995185,
       "Corrected P-value":1,
       "Full adaptive model":0.03680079978200782,
       "Full adaptive model (non-synonymous subs/site)":0.00302915274022169,
       "Full adaptive model (synonymous subs/site)":0.03377164704178613,
       "LRT":0,
       "Nucleotide GTR":0.03650457957885027,
       "Rate Distributions":        [
[0.02812261648420364, 1] 
        ],
       "Rate classes":1,
       "Uncorrected P-value":1,
       "original name":"ENSTRUP00000045581"
      },
     "NODE_3":{
       "Baseline MG94xREV":0.01510795625300037,
       "Baseline MG94xREV omega ratio":0,
       "Corrected P-value":1,
       "Full adaptive model":0.01239796393985691,
       "Full adaptive model (non-synonymous subs/site)":0.0002074679545365233,
       "Full adaptive model (synonymous subs/site)":0.01219049598532039,
       "LRT":0,
       "Nucleotide GTR":0.01749005568269843,
       "Rate Distributions":        [
[0.005336007641950979, 1] 
        ],
       "Rate classes":1,
       "Uncorrected P-value":1
      },
     "NODE_6":{
       "Baseline MG94xREV":0.05939481390758863,
       "Baseline MG94xREV omega ratio":0.05382706457496942,
       "Corrected P-value":1,
       "Full adaptive model":0.06119220256657767,
       "Full adaptive model (non-synonymous subs/site)":0.007253348360759496,
       "Full adaptive model (synonymous subs/site)":0.05393885420581817,
       "LRT":0,
       "Nucleotide GTR":0.03967202661827622,
       "Rate Distributions":        [
[0.04216223386151519, 1] 
        ],
       "Rate classes":1,
       "Uncorrected P-value":1
      },
     "NODE_7":{
       "Baseline MG94xREV":0.03587572236206718,
       "Baseline MG94xREV omega ratio":0.0384398957581915,
       "Corrected P-value":1,
       "Full adaptive model":0.03395699223962181,
       "Full adaptive model (non-synonymous subs/site)":0.001240893979295458,
       "Full adaptive model (synonymous subs/site)":0.03271609826032633,
       "LRT":0,
       "Nucleotide GTR":0.04264101346894317,
       "Rate Distributions":        [
[0.01189213873267833, 1] 
        ],
       "Rate classes":1,
       "Uncorrected P-value":1
      }
    },
   "attributes":{
     "Baseline MG94xREV":{
       "attribute type":"branch length",
       "display order":1
      },
     "Baseline MG94xREV omega ratio":{
       "attribute type":"branch label",
       "display order":1
      },
     "Corrected P-value":{
       "attribute type":"branch label",
       "display order":6
      },
     "Full adaptive model":{
       "attribute type":"branch length",
       "display order":2
      },
     "Full adaptive model (non-synonymous subs/site)":{
       "attribute type":"branch label",
       "display order":10
      },
     "Full adaptive model (synonymous subs/site)":{
       "attribute type":"branch label",
       "display order":9
      },
     "LRT":{
       "attribute type":"branch label",
       "display order":4
      },
     "Nucleotide GTR":{
       "attribute type":"branch length",
       "display order":0
      },
     "Rate Distributions":{
       "attribute type":"branch label",
       "display order":3
      },
     "Rate classes":{
       "attribute type":"branch label",
       "display order":2
      },
     "Uncorrected P-value":{
       "attribute type":"branch label",
       "display order":5
      },
     "original name":{
       "attribute type":"node label",
       "display order":-1
      }
    }
  },