{
 "analysis":{
   "authors":"Sergei L Kosakovsky Pond, Ben Murrell, Steven Weaver and Temple iGEM / UCSD viral evolution group",
   "citation":"Less Is More: An Adaptive Branch-Site Random Effects Model for Efficient Detection of Episodic Diversifying Selection (2015). Mol Biol Evol 32 (5): 1342-1353. v2.2 adds support for multiple-hit models",
   "contact":"spond@temple.edu",
   "info":"aBSREL (Adaptive branch-site random effects likelihood)\n                            uses an adaptive random effects branch-site model framework\n                            to test whether each branch has evolved under positive selection,\n                            using a procedure which infers an optimal number of rate categories per branch.",
   "requirements":"in-frame codon alignment and a phylogenetic tree",
   "version":"2.2"
  },
 "branch attributes":{
   "0":{
     "ENSBTAP00000034394":{
       "Baseline MG94xREV":0.1164356864983086,
       "Baseline MG94xREV omega ratio":0.2060498371430006,
       "Corrected P-value":1,
       "Full adaptive model":0.1211453427004609,
       "Full adaptive model (non-synonymous subs/site)":0.04788031887108841,
       "Full adaptive model (synonymous subs/site)":0.07326502382937244,
       "LRT":0.2556561014607723,
       "Nucleotide GTR":0.09234315842043025,
       "Rate Distributions":        [
[0.0839573704183747, 0.9085131064582562],
        [2.031473367916452, 0.09148689354174377] 
        ],
       "Rate classes":2,
       "Uncorrected P-value":0.3866254651524541,
       "original name":"ENSBTAP00000034394"
      },
     "ENSMODP00000005566":{
       "Baseline MG94xREV":0.01929111034772115,
       "Baseline MG94xREV omega ratio":0.3407829126166574,
       "Corrected P-value":1,
       "Full adaptive model":0.01981028647068354,
       "Full adaptive model (non-synonymous subs/site)":0.009159697341025414,
       "Full adaptive model (synonymous subs/site)":0.01065058912965814,
       "LRT":0,
       "Nucleotide GTR":0.01920707752210606,
       "Rate Distributions":        [
[0.3449555612606325, 1] 
        ],
       "Rate classes":1,
       "Uncorrected P-value":1,
       "original name":"ENSMODP00000005566"
      },
     "ENSMODP00000005591":{
       "Baseline MG94xREV":0.03875144999895404,
       "Baseline MG94xREV omega ratio":0.4806811625030041,
       "Corrected P-value":1,
       "Full adaptive model":0.03884059667703004,
       "Full adaptive model (non-synonymous subs/site)":0.02073851578418578,
       "Full adaptive model (synonymous subs/site)":0.0181020808928443,
       "LRT":0,
       "Nucleotide GTR":0.03790082479773651,
       "Rate Distributions":        [
[0.4595204341235209, 1] 
        ],
       "Rate classes":1,
       "Uncorrected P-value":1,
       "original name":"ENSMODP00000005591"
      },
     "ENSMODP00000005831":{
       "Baseline MG94xREV":0.03853770732514784,
       "Baseline MG94xREV omega ratio":0.6952014306868253,
       "Corrected P-value":1,
       "Full adaptive model":0.03971762830932028,
       "Full adaptive model (non-synonymous subs/site)":0.02533330896530219,
       "Full adaptive model (synonymous subs/site)":0.01438431934401809,
       "LRT":2.636818883513115,
       "Nucleotide GTR":0.03861650488979991,
       "Rate Distributions":        [
[0, 0.7793497572426425],
        [3.20150255163129, 0.2206502427573575] 
        ],
       "Rate classes":2,
       "Uncorrected P-value":0.1011506449309195,
       "original name":"ENSMODP00000005831"
      },
     "ENSMODP00000013376":{
       "Baseline MG94xREV":0.01957388378178895,
       "Baseline MG94xREV omega ratio":1.431556417220585,
       "Corrected P-value":1,
       "Full adaptive model":0.01916173442769886,
       "Full adaptive model (non-synonymous subs/site)":0.01491608601693526,
       "Full adaptive model (synonymous subs/site)":0.004245648410763596,
       "LRT":0.4397300853761408,
       "Nucleotide GTR":0.01954944625456322,
       "Rate Distributions":        [
[1.40918012977353, 1] 
        ],
       "Rate classes":1,
       "Uncorrected P-value":0.3422386854043307,
       "original name":"ENSMODP00000013376"
      },
     "ENSSHAP00000000631":{
       "Baseline MG94xREV":0.1861483387384172,
       "Baseline MG94xREV omega ratio":0.3699619422951274,
       "Corrected P-value":1,
       "Full adaptive model":0.2098639615707333,
       "Full adaptive model (non-synonymous subs/site)":0.1229817881583266,
       "Full adaptive model (synonymous subs/site)":0.08688217341240667,
       "LRT":2.154145842649086,
       "Nucleotide GTR":0.1701953240896528,
       "Rate Distributions":        [
[0, 0.6824975803286091],
        [1.788210932879548, 0.3175024196713909] 
        ],
       "Rate classes":2,
       "Uncorrected P-value":0.1306144002945951,
       "original name":"ENSSHAP00000000631"
      },
     "ENSSHAP00000011120":{
       "Baseline MG94xREV":0.3951197836025804,
       "Baseline MG94xREV omega ratio":0.3020083348858265,
       "Corrected P-value":1,
       "Full adaptive model":0.4045051678727848,
       "Full adaptive model (non-synonymous subs/site)":0.1694030485999282,
       "Full adaptive model (synonymous subs/site)":0.2351021192728566,
       "LRT":0,
       "Nucleotide GTR":0.3267357753858369,
       "Rate Distributions":        [
[0.2890149684319659, 1] 
        ],
       "Rate classes":1,
       "Uncorrected P-value":1,
       "original name":"ENSSHAP00000011120"
      },
     "ENSSTOP00000017273":{
       "Baseline MG94xREV":0.07532674790807105,
       "Baseline MG94xREV omega ratio":0.1394702300350065,
       "Corrected P-value":1,
       "Full adaptive model":0.07423082768749691,
       "Full adaptive model (non-synonymous subs/site)":0.0192974462939899,
       "Full adaptive model (synonymous subs/site)":0.05493338139350701,
       "LRT":0,
       "Nucleotide GTR":0.06863074122388847,
       "Rate Distributions":        [
[0.1409026517884506, 1] 
        ],
       "Rate classes":1,
       "Uncorrected P-value":1,
       "original name":"ENSSTOP00000017273"
      },
     "NODE_14":{
       "Baseline MG94xREV":0.03033220367246961,
       "Baseline MG94xREV omega ratio":0.2851645749104144,
       "Corrected P-value":1,
       "Full adaptive model":0.03374361252973761,
       "Full adaptive model (non-synonymous subs/site)":0.01441619593651556,
       "Full adaptive model (synonymous subs/site)":0.01932741659322201,
       "LRT":0,
       "Nucleotide GTR":0.03558768193265938,
       "Rate Distributions":        [
[0.2991799786571502, 1] 
        ],
       "Rate classes":1,
       "Uncorrected P-value":1
      },
     "NODE_16":{
       "Baseline MG94xREV":0.2500417503631521,
       "Baseline MG94xREV omega ratio":0.2286114313966656,
       "Corrected P-value":1,
       "Full adaptive model":0.2779251252134091,
       "Full adaptive model (non-synonymous subs/site)":0.1257276674814851,
       "Full adaptive model (synonymous subs/site)":0.152197457731924,
       "LRT":0.1437645421101479,
       "Nucleotide GTR":0.1866064919629658,
       "Rate Distributions":        [
[0, 0.7140724966236319],
        [1.158839223608415, 0.2859275033763681] 
        ],
       "Rate classes":2,
       "Uncorrected P-value":0.4201055084377858
      },
     "NODE_3":{
       "Baseline MG94xREV":0.02119327152289781,
       "Baseline MG94xREV omega ratio":0.5331327578137646,
       "Corrected P-value":0.1530385781418392,
       "Full adaptive model":1.413810275920395,
       "Full adaptive model (non-synonymous subs/site)":1.406708302581336,
       "Full adaptive model (synonymous subs/site)":0.007101973339059067,
       "LRT":7.09160205515218,
       "Nucleotide GTR":0.02071556135905822,
       "Rate Distributions":        [
[0.5102881410845043, 0.9913155420086615],
        [9090.000000003736, 0.008684457991338546] 
        ],
       "Rate classes":2,
       "Uncorrected P-value":0.01020257187612261
      },
     "NODE_5":{
       "Baseline MG94xREV":0.01119840605610416,