{
 "analysis":{
   "authors":"Sergei L Kosakovsky Pond, Ben Murrell, Steven Weaver and Temple iGEM / UCSD viral evolution group",
   "citation":"Less Is More: An Adaptive Branch-Site Random Effects Model for Efficient Detection of Episodic Diversifying Selection (2015). Mol Biol Evol 32 (5): 1342-1353. v2.2 adds support for multiple-hit models",
   "contact":"spond@temple.edu",
   "info":"aBSREL (Adaptive branch-site random effects likelihood)\n                            uses an adaptive random effects branch-site model framework\n                            to test whether each branch has evolved under positive selection,\n                            using a procedure which infers an optimal number of rate categories per branch.",
   "requirements":"in-frame codon alignment and a phylogenetic tree",
   "version":"2.2"
  },
 "branch attributes":{
   "0":{
     "ENSACAP00000002912":{
       "Baseline MG94xREV":0.1650268242334047,
       "Baseline MG94xREV omega ratio":0.4695628505978545,
       "Corrected P-value":0.3516142827931814,
       "Full adaptive model":939.2193722427485,
       "Full adaptive model (non-synonymous subs/site)":939.1559461740226,
       "Full adaptive model (synonymous subs/site)":0.06342606872569041,
       "LRT":5.587439628834545,
       "Nucleotide GTR":0.1898189421362724,
       "Rate Distributions":        [
[0.2914181103603162, 0.9384679980245649],
        [100000, 0.06153200197543507] 
        ],
       "Rate classes":2,
       "Uncorrected P-value":0.02197589267457384,
       "original name":"ENSACAP00000002912"
      },
     "ENSGACP00000016555":{
       "Baseline MG94xREV":0.150841881069748,
       "Baseline MG94xREV omega ratio":0.01896148574010246,
       "Corrected P-value":1,
       "Full adaptive model":0.1683881730735703,
       "Full adaptive model (non-synonymous subs/site)":0.01084722987377917,
       "Full adaptive model (synonymous subs/site)":0.157540943199791,
       "LRT":0,
       "Nucleotide GTR":0.1095037918460865,
       "Rate Distributions":        [
[0.02861381938002413, 1] 
        ],
       "Rate classes":1,
       "Uncorrected P-value":1,
       "original name":"ENSGACP00000016555"
      },
     "ENSGMOP00000009299":{
       "Baseline MG94xREV":0.1989259664727086,
       "Baseline MG94xREV omega ratio":0.1079765318485611,
       "Corrected P-value":1,
       "Full adaptive model":0.2666314239487687,
       "Full adaptive model (non-synonymous subs/site)":0.06491820530801637,
       "Full adaptive model (synonymous subs/site)":0.2017132186407523,
       "LRT":0,
       "Nucleotide GTR":0.1765406183648506,
       "Rate Distributions":        [
[0, 0.8242483238613511],
        [0.7609972705784284, 0.1757516761386489] 
        ],
       "Rate classes":2,
       "Uncorrected P-value":1,
       "original name":"ENSGMOP00000009299"
      },
     "ENSLACP00000002357":{
       "Baseline MG94xREV":0.2949510823093573,
       "Baseline MG94xREV omega ratio":0.1362172819388227,
       "Corrected P-value":1,
       "Full adaptive model":0.2806265468850327,
       "Full adaptive model (non-synonymous subs/site)":0.07795760566091547,
       "Full adaptive model (synonymous subs/site)":0.2026689412241172,
       "LRT":0,
       "Nucleotide GTR":0.1792830220968564,
       "Rate Distributions":        [
[0.1598533426898258, 1] 
        ],
       "Rate classes":1,
       "Uncorrected P-value":1,
       "original name":"ENSLACP00000002357"
      },
     "ENSLACP00000021080":{
       "Baseline MG94xREV":0.6095823336920694,
       "Baseline MG94xREV omega ratio":0.09485317869260047,
       "Corrected P-value":1,
       "Full adaptive model":0.4568116896256023,
       "Full adaptive model (non-synonymous subs/site)":0.1605145226109983,
       "Full adaptive model (synonymous subs/site)":0.296297167014604,
       "LRT":0,
       "Nucleotide GTR":0.239722556025822,
       "Rate Distributions":        [
[0, 0.7463213723177456],
        [0.8874693880663168, 0.2536786276822544] 
        ],
       "Rate classes":2,
       "Uncorrected P-value":1,
       "original name":"ENSLACP00000021080"
      },
     "ENSLAFP00000029288":{
       "Baseline MG94xREV":0.1267130477722282,
       "Baseline MG94xREV omega ratio":0.7159883233839369,
       "Corrected P-value":1,
       "Full adaptive model":0.1143572018672018,
       "Full adaptive model (non-synonymous subs/site)":0.07198935735502172,
       "Full adaptive model (synonymous subs/site)":0.04236784451218009,
       "LRT":0,
       "Nucleotide GTR":0.1128317170139631,
       "Rate Distributions":        [
[0.7061262490511698, 1] 
        ],
       "Rate classes":1,
       "Uncorrected P-value":1,
       "original name":"ENSLAFP00000029288"
      },
     "ENSMGAP00000003399":{
       "Baseline MG94xREV":0.3388805786080398,
       "Baseline MG94xREV omega ratio":0.09058893669899921,
       "Corrected P-value":1,
       "Full adaptive model":0.3123292065288807,
       "Full adaptive model (non-synonymous subs/site)":0.06468564508301117,
       "Full adaptive model (synonymous subs/site)":0.2476435614458694,
       "LRT":0,
       "Nucleotide GTR":0.1998107121920578,
       "Rate Distributions":        [
[0.1085503683006527, 1] 
        ],
       "Rate classes":1,
       "Uncorrected P-value":1,
       "original name":"ENSMGAP00000003399"
      },
     "ENSONIP00000009424":{
       "Baseline MG94xREV":0.09409097868556514,
       "Baseline MG94xREV omega ratio":0.1881199938228676,
       "Corrected P-value":1,
       "Full adaptive model":0.09317439995347289,
       "Full adaptive model (non-synonymous subs/site)":0.02645725866031763,
       "Full adaptive model (synonymous subs/site)":0.06671714129315526,
       "LRT":0,
       "Nucleotide GTR":0.08048892119487137,
       "Rate Distributions":        [
[0.1648002411347674, 1] 
        ],
       "Rate classes":1,
       "Uncorrected P-value":1,
       "original name":"ENSONIP00000009424"
      },
     "ENSORLP00000019040":{
       "Baseline MG94xREV":0.2247471885701174,
       "Baseline MG94xREV omega ratio":0.1114483468770103,
       "Corrected P-value":1,
       "Full adaptive model":0.2167941225808553,
       "Full adaptive model (non-synonymous subs/site)":0.0456919292573852,
       "Full adaptive model (synonymous subs/site)":0.1711021933234704,
       "LRT":0,
       "Nucleotide GTR":0.1723447509398626,
       "Rate Distributions":        [
[0.1109773494154458, 1] 
        ],
       "Rate classes":1,
       "Uncorrected P-value":1,
       "original name":"ENSORLP00000019040"
      },
     "NODE_12":{
       "Baseline MG94xREV":0.0411560939608411,
       "Baseline MG94xREV omega ratio":10000000000,
       "Corrected P-value":1,
       "Full adaptive model":0.03665981053562717,
       "Full adaptive model (non-synonymous subs/site)":0.03665981053562717,
       "Full adaptive model (synonymous subs/site)":1e-10,
       "LRT":1.335666261248207,
       "Nucleotide GTR":0.05528618719652033,
       "Rate Distributions":        [
[10000000000, 1] 
        ],
       "Rate classes":1,
       "Uncorrected P-value":0.2034055117149124
      },
     "NODE_14":{
       "Baseline MG94xREV":0.02167122011846513,
       "Baseline MG94xREV omega ratio":10000000000,
       "Corrected P-value":1,
       "Full adaptive model":0.02040086229011979,
       "Full adaptive model (non-synonymous subs/site)":0.02040086229011979,
       "Full adaptive model (synonymous subs/site)":1e-10,
       "LRT":0.07364988614790491,
       "Nucleotide GTR":0.02581060179135797,
       "Rate Distributions":        [
[10000000000, 1] 
        ],
       "Rate classes":1,
       "Uncorrected P-value":0.4463724227591344
      },
     "NODE_16":{
       "Baseline MG94xREV":0.1467621548400934,
       "Baseline MG94xREV omega ratio":0.5830537318421875,
       "Corrected P-value":0.7400866399299046,
       "Full adaptive model":0.1273125880868544,
       "Full adaptive model (non-synonymous subs/site)":0.1173279203657762,