{
 "analysis":{
   "authors":"Sergei L Kosakovsky Pond, Ben Murrell, Steven Weaver and Temple iGEM / UCSD viral evolution group",
   "citation":"Less Is More: An Adaptive Branch-Site Random Effects Model for Efficient Detection of Episodic Diversifying Selection (2015). Mol Biol Evol 32 (5): 1342-1353. v2.2 adds support for multiple-hit models",
   "contact":"spond@temple.edu",
   "info":"aBSREL (Adaptive branch-site random effects likelihood)\n                            uses an adaptive random effects branch-site model framework\n                            to test whether each branch has evolved under positive selection,\n                            using a procedure which infers an optimal number of rate categories per branch.",
   "requirements":"in-frame codon alignment and a phylogenetic tree",
   "version":"2.2"
  },
 "branch attributes":{
   "0":{
     "ENSGACP00000005907":{
       "Baseline MG94xREV":0.114918258886131,
       "Baseline MG94xREV omega ratio":0.1264454016012171,
       "Corrected P-value":1,
       "Full adaptive model":0.1216112786723336,
       "Full adaptive model (non-synonymous subs/site)":0.03454818856634262,
       "Full adaptive model (synonymous subs/site)":0.08706309010599098,
       "LRT":0,
       "Nucleotide GTR":0.08984115494171618,
       "Rate Distributions":        [
[0.006615169828043256, 0.7963523893237958],
        [0.6805917278659146, 0.2036476106762042] 
        ],
       "Rate classes":2,
       "Uncorrected P-value":1,
       "original name":"ENSGACP00000005907"
      },
     "ENSGMOP00000010532":{
       "Baseline MG94xREV":0.4322191211114102,
       "Baseline MG94xREV omega ratio":0.06002473019116375,
       "Corrected P-value":1,
       "Full adaptive model":0.4145969262768164,
       "Full adaptive model (non-synonymous subs/site)":0.07154593747259791,
       "Full adaptive model (synonymous subs/site)":0.3430509888042185,
       "LRT":0,
       "Nucleotide GTR":0.1778609890138213,
       "Rate Distributions":        [
[0.0007459695156125228, 0.7171737888932864],
        [0.2654597292043099, 0.2828262111067136] 
        ],
       "Rate classes":2,
       "Uncorrected P-value":1,
       "original name":"ENSGMOP00000010532"
      },
     "ENSLACP00000023255":{
       "Baseline MG94xREV":0.2979318551610006,
       "Baseline MG94xREV omega ratio":0.09562402907235021,
       "Corrected P-value":1,
       "Full adaptive model":0.3003955737945282,
       "Full adaptive model (non-synonymous subs/site)":0.08955150835465094,
       "Full adaptive model (synonymous subs/site)":0.2108440654398773,
       "LRT":0,
       "Nucleotide GTR":0.1839734635378656,
       "Rate Distributions":        [
[0, 0.7850407423751964],
        [0.7163595344289321, 0.2149592576248036] 
        ],
       "Rate classes":2,
       "Uncorrected P-value":1,
       "original name":"ENSLACP00000023255"
      },
     "ENSMODP00000019929":{
       "Baseline MG94xREV":0.08350616363405489,
       "Baseline MG94xREV omega ratio":0.1855678462418742,
       "Corrected P-value":1,
       "Full adaptive model":0.08526622238364336,
       "Full adaptive model (non-synonymous subs/site)":0.03138994519292333,
       "Full adaptive model (synonymous subs/site)":0.05387627719072001,
       "LRT":0.4370817590024672,
       "Nucleotide GTR":0.08750209478335493,
       "Rate Distributions":        [
[0, 0.8720752500876334],
        [1.651254740986271, 0.1279247499123666] 
        ],
       "Rate classes":2,
       "Uncorrected P-value":0.3428140551901376,
       "original name":"ENSMODP00000019929"
      },
     "ENSOANP00000024583":{
       "Baseline MG94xREV":0.2389570168718872,
       "Baseline MG94xREV omega ratio":0.2314502216547165,
       "Corrected P-value":0.1791132854678526,
       "Full adaptive model":22.12020370924593,
       "Full adaptive model (non-synonymous subs/site)":22.02060931547704,
       "Full adaptive model (synonymous subs/site)":0.09959439376889667,
       "LRT":7.028390231769663,
       "Nucleotide GTR":0.2103486369299719,
       "Rate Distributions":        [
[0.1781634955689958, 0.9151116617781601],
        [942.4056603773688, 0.08488833822183994] 
        ],
       "Rate classes":2,
       "Uncorrected P-value":0.01053607561575604,
       "original name":"ENSOANP00000024583"
      },
     "ENSONIP00000024269":{
       "Baseline MG94xREV":0.1307689527120801,
       "Baseline MG94xREV omega ratio":0.1334858546288144,
       "Corrected P-value":1,
       "Full adaptive model":0.1491164356144884,
       "Full adaptive model (non-synonymous subs/site)":0.05506328188640637,
       "Full adaptive model (synonymous subs/site)":0.09405315372808201,
       "LRT":0.8328356510337471,
       "Nucleotide GTR":0.1149475749746898,
       "Rate Distributions":        [
[0.05901195023090378, 0.9551940543720542],
        [3.479232474090077, 0.04480594562794582] 
        ],
       "Rate classes":2,
       "Uncorrected P-value":0.2701121791511982,
       "original name":"ENSONIP00000024269"
      },
     "ENSSHAP00000010524":{
       "Baseline MG94xREV":0.1712599332748024,
       "Baseline MG94xREV omega ratio":0.1061231959095287,
       "Corrected P-value":1,
       "Full adaptive model":0.179796247410674,
       "Full adaptive model (non-synonymous subs/site)":0.03989197902384854,
       "Full adaptive model (synonymous subs/site)":0.1399042683868252,
       "LRT":0,
       "Nucleotide GTR":0.1170920105242081,
       "Rate Distributions":        [
[0.1033785157899101, 1] 
        ],
       "Rate classes":1,
       "Uncorrected P-value":1,
       "original name":"ENSSHAP00000010524"
      },
     "ENSTNIP00000005845":{
       "Baseline MG94xREV":0.1162596050708398,
       "Baseline MG94xREV omega ratio":0.1191807057894446,
       "Corrected P-value":1,
       "Full adaptive model":0.1176744177254803,
       "Full adaptive model (non-synonymous subs/site)":0.0278907045973731,
       "Full adaptive model (synonymous subs/site)":0.08978371312810723,
       "LRT":0,
       "Nucleotide GTR":0.08964637454580418,
       "Rate Distributions":        [
[0.1126257248391929, 1] 
        ],
       "Rate classes":1,
       "Uncorrected P-value":1,
       "original name":"ENSTNIP00000005845"
      },
     "ENSTRUP00000028680":{
       "Baseline MG94xREV":0.07038760151602277,
       "Baseline MG94xREV omega ratio":0.1724078730280019,
       "Corrected P-value":1,
       "Full adaptive model":0.06657871324004171,
       "Full adaptive model (non-synonymous subs/site)":0.02202756123857496,
       "Full adaptive model (synonymous subs/site)":0.04455115200146677,
       "LRT":0,
       "Nucleotide GTR":0.07867278295419351,
       "Rate Distributions":        [
[0.1792599018204696, 1] 
        ],
       "Rate classes":1,
       "Uncorrected P-value":1,
       "original name":"ENSTRUP00000028680"
      },
     "NODE_10":{
       "Baseline MG94xREV":0.01079982903769031,
       "Baseline MG94xREV omega ratio":0.2038083943745928,
       "Corrected P-value":1,
       "Full adaptive model":0.002901438268237415,
       "Full adaptive model (non-synonymous subs/site)":0.002901438268237415,
       "Full adaptive model (synonymous subs/site)":1e-10,
       "LRT":0.02552916633248969,
       "Nucleotide GTR":0.0152360821862377,
       "Rate Distributions":        [
[10000000000, 1] 
        ],
       "Rate classes":1,
       "Uncorrected P-value":0.4708060751251292
      },
     "NODE_13":{
       "Baseline MG94xREV":0.1175335832339508,
       "Baseline MG94xREV omega ratio":0.09305839019571031,
       "Corrected P-value":1,
       "Full adaptive model":0.1230449152091772,
       "Full adaptive model (non-synonymous subs/site)":0.02273331883131107,
       "Full adaptive model (synonymous subs/site)":0.100311596377866,
       "LRT":0,
       "Nucleotide GTR":0.08729506948949874,
       "Rate Distributions":        [
[0.08216509777656117, 1] 
        ],
       "Rate classes":1,
       "Uncorrected P-value":1
      },