{
 "analysis":{
   "authors":"Sergei L Kosakovsky Pond, Ben Murrell, Steven Weaver and Temple iGEM / UCSD viral evolution group",
   "citation":"Less Is More: An Adaptive Branch-Site Random Effects Model for Efficient Detection of Episodic Diversifying Selection (2015). Mol Biol Evol 32 (5): 1342-1353. v2.2 adds support for multiple-hit models",
   "contact":"spond@temple.edu",
   "info":"aBSREL (Adaptive branch-site random effects likelihood)\n                            uses an adaptive random effects branch-site model framework\n                            to test whether each branch has evolved under positive selection,\n                            using a procedure which infers an optimal number of rate categories per branch.",
   "requirements":"in-frame codon alignment and a phylogenetic tree",
   "version":"2.2"
  },
 "branch attributes":{
   "0":{
     "ENSGACP00000018074":{
       "Baseline MG94xREV":0.1472003164958402,
       "Baseline MG94xREV omega ratio":0.2822049555200491,
       "Corrected P-value":1,
       "Full adaptive model":0.1568988572757103,
       "Full adaptive model (non-synonymous subs/site)":0.07790903574305122,
       "Full adaptive model (synonymous subs/site)":0.0789898215326591,
       "LRT":0.2587874992077559,
       "Nucleotide GTR":0.1330298538844694,
       "Rate Distributions":        [
[0.08018194956033307, 0.8669957057240004],
        [2.070164532405602, 0.1330042942759996] 
        ],
       "Rate classes":2,
       "Uncorrected P-value":0.385779258469769,
       "original name":"ENSGACP00000018074"
      },
     "ENSONIP00000018640":{
       "Baseline MG94xREV":0.1067518434053715,
       "Baseline MG94xREV omega ratio":0.1821399444629219,
       "Corrected P-value":1,
       "Full adaptive model":0.1120194298087047,
       "Full adaptive model (non-synonymous subs/site)":0.03814579319128746,
       "Full adaptive model (synonymous subs/site)":0.07387363661741733,
       "LRT":0,
       "Nucleotide GTR":0.09571532342264731,
       "Rate Distributions":        [
[0.1805431454667258, 1] 
        ],
       "Rate classes":1,
       "Uncorrected P-value":1,
       "original name":"ENSONIP00000018640"
      },
     "ENSTNIP00000007648":{
       "Baseline MG94xREV":0.2019511271818231,
       "Baseline MG94xREV omega ratio":0.1377782340005888,
       "Corrected P-value":0.6720597095441883,
       "Full adaptive model":8.123547657405343,
       "Full adaptive model (non-synonymous subs/site)":7.976040548886424,
       "Full adaptive model (synonymous subs/site)":0.1475071085189204,
       "LRT":3.769299372534078,
       "Nucleotide GTR":0.1484666556426743,
       "Rate Distributions":        [
[0.07878293240790353, 0.9634120627319056],
        [514.6515300095315, 0.03658793726809439] 
        ],
       "Rate classes":2,
       "Uncorrected P-value":0.05600497579534902,
       "original name":"ENSTNIP00000007648"
      },
     "ENSTRUP00000010431":{
       "Baseline MG94xREV":0.07450381733128335,
       "Baseline MG94xREV omega ratio":2.105019380720184,
       "Corrected P-value":1,
       "Full adaptive model":0.05878044167058702,
       "Full adaptive model (non-synonymous subs/site)":0.05878044167058702,
       "Full adaptive model (synonymous subs/site)":1e-10,
       "LRT":1.671670356772665,
       "Nucleotide GTR":0.0949448019682687,
       "Rate Distributions":        [
[10000000000, 1] 
        ],
       "Rate classes":1,
       "Uncorrected P-value":0.1692606716915601,
       "original name":"ENSTRUP00000010431"
      },
     "LGALS9L1_DANRE":{
       "Baseline MG94xREV":0.01962120863925525,
       "Baseline MG94xREV omega ratio":0.2612107100354788,
       "Corrected P-value":1,
       "Full adaptive model":0.02291158340358626,
       "Full adaptive model (non-synonymous subs/site)":0.009331452155807612,
       "Full adaptive model (synonymous subs/site)":0.01358013124777865,
       "LRT":0,
       "Nucleotide GTR":0.02193883514315756,
       "Rate Distributions":        [
[0.2402531551906955, 1] 
        ],
       "Rate classes":1,
       "Uncorrected P-value":1,
       "original name":"LGALS9L1_DANRE"
      },
     "NODE_10":{
       "Baseline MG94xREV":0.205131538538932,
       "Baseline MG94xREV omega ratio":0.2051872000653527,
       "Corrected P-value":1,
       "Full adaptive model":0.1777754320294895,
       "Full adaptive model (non-synonymous subs/site)":0.06575772771957362,
       "Full adaptive model (synonymous subs/site)":0.1120177043099158,
       "LRT":0,
       "Nucleotide GTR":0.1470310144028368,
       "Rate Distributions":        [
[0.2052503767984203, 1] 
        ],
       "Rate classes":1,
       "Uncorrected P-value":1
      },
     "NODE_13":{
       "Baseline MG94xREV":0.2155939762207889,
       "Baseline MG94xREV omega ratio":0.8431278970554662,
       "Corrected P-value":1,
       "Full adaptive model":0.2656832501610327,
       "Full adaptive model (non-synonymous subs/site)":0.1898854480463055,
       "Full adaptive model (synonymous subs/site)":0.07579780211472716,
       "LRT":1.077093974056879,
       "Nucleotide GTR":0.24056907993427,
       "Rate Distributions":        [
[0, 0.4859284446707713],
        [1.703865582174591, 0.5140715553292288] 
        ],
       "Rate classes":2,
       "Uncorrected P-value":0.2349483955044685
      },
     "NODE_14":{
       "Baseline MG94xREV":0.3117769571501666,
       "Baseline MG94xREV omega ratio":0.1046288046067812,
       "Corrected P-value":0.8433579573774858,
       "Full adaptive model":14.05612319378513,
       "Full adaptive model (non-synonymous subs/site)":13.85852557264064,
       "Full adaptive model (synonymous subs/site)":0.1975976211444838,
       "LRT":2.983074624728033,
       "Nucleotide GTR":0.1893284935595725,
       "Rate Distributions":        [
[0.0434436943879232, 0.8983016630410777],
        [240.7429592515756, 0.1016983369589223] 
        ],
       "Rate classes":2,
       "Uncorrected P-value":0.08433579573774858
      },
     "NODE_3":{
       "Baseline MG94xREV":0.008478451192183382,
       "Baseline MG94xREV omega ratio":10000000000,
       "Corrected P-value":1,
       "Full adaptive model":0.003023561581886958,
       "Full adaptive model (non-synonymous subs/site)":0.003023561581886958,
       "Full adaptive model (synonymous subs/site)":1e-10,
       "LRT":0.03606452517578873,
       "Nucleotide GTR":0.02134598481800188,
       "Rate Distributions":        [
[10000000000, 1] 
        ],
       "Rate classes":1,
       "Uncorrected P-value":0.46451526436534
      },
     "NODE_6":{
       "Baseline MG94xREV":0.1724283603855583,
       "Baseline MG94xREV omega ratio":0.1441859620976679,
       "Corrected P-value":0.7480927806755029,
       "Full adaptive model":0.7248558639910965,
       "Full adaptive model (non-synonymous subs/site)":0.6058848214756786,
       "Full adaptive model (synonymous subs/site)":0.1189710425154179,
       "LRT":3.395358189342915,
       "Nucleotide GTR":0.1173245925027513,
       "Rate Distributions":        [
[0.05507341978173712, 0.9338664872653426],
        [26.14702311056317, 0.0661335127346574] 
        ],
       "Rate classes":2,
       "Uncorrected P-value":0.0680084346068639
      },
     "ZGC_136924_DANRE":{
       "Baseline MG94xREV":0.0408557167129182,
       "Baseline MG94xREV omega ratio":1.300768994999149,
       "Corrected P-value":1,
       "Full adaptive model":0.02960580265135202,
       "Full adaptive model (non-synonymous subs/site)":0.0212933908875694,
       "Full adaptive model (synonymous subs/site)":0.008312411763782588,
       "LRT":0,
       "Nucleotide GTR":0.03775487215621659,
       "Rate Distributions":        [
[0.8956567675728395, 1] 
        ],
       "Rate classes":1,
       "Uncorrected P-value":1,
       "original name":"ZGC@136924_DANRE"
      },
     "ZGC_171951_DANRE":{
       "Baseline MG94xREV":0.05027718420865524,
       "Baseline MG94xREV omega ratio":1.023890265702819,
       "Corrected P-value":0.03353920813717792,