{
 "analysis":{
   "authors":"Sergei L Kosakovsky Pond, Ben Murrell, Steven Weaver and Temple iGEM / UCSD viral evolution group",
   "citation":"Less Is More: An Adaptive Branch-Site Random Effects Model for Efficient Detection of Episodic Diversifying Selection (2015). Mol Biol Evol 32 (5): 1342-1353. v2.2 adds support for multiple-hit models",
   "contact":"spond@temple.edu",
   "info":"aBSREL (Adaptive branch-site random effects likelihood)\n                            uses an adaptive random effects branch-site model framework\n                            to test whether each branch has evolved under positive selection,\n                            using a procedure which infers an optimal number of rate categories per branch.",
   "requirements":"in-frame codon alignment and a phylogenetic tree",
   "version":"2.2"
  },
 "branch attributes":{
   "0":{
     "ENSDARP00000047706":{
       "Baseline MG94xREV":0.6917029824625452,
       "Baseline MG94xREV omega ratio":0.0446520189653474,
       "Corrected P-value":1,
       "Full adaptive model":0.4771846031525414,
       "Full adaptive model (non-synonymous subs/site)":0.1187416171468995,
       "Full adaptive model (synonymous subs/site)":0.358442986005642,
       "LRT":0.03230188973429904,
       "Nucleotide GTR":0.227388486162844,
       "Rate Distributions":        [
[0.04794016521773536, 0.961537268644965],
        [1.508841160244627, 0.03846273135503497] 
        ],
       "Rate classes":2,
       "Uncorrected P-value":0.4666669722333787,
       "original name":"ENSDARP00000047706"
      },
     "ENSGACP00000012476":{
       "Baseline MG94xREV":0.0979324737892369,
       "Baseline MG94xREV omega ratio":0.1053212190234513,
       "Corrected P-value":1,
       "Full adaptive model":0.1073695614129058,
       "Full adaptive model (non-synonymous subs/site)":0.03247700156672229,
       "Full adaptive model (synonymous subs/site)":0.07489255984618348,
       "LRT":0.8159927511678688,
       "Nucleotide GTR":0.0778015132780954,
       "Rate Distributions":        [
[0, 0.9273152757231716],
        [1.875377926320658, 0.07268472427682837] 
        ],
       "Rate classes":2,
       "Uncorrected P-value":0.2727652671844271,
       "original name":"ENSGACP00000012476"
      },
     "ENSGMOP00000019359":{
       "Baseline MG94xREV":0.2302364841011273,
       "Baseline MG94xREV omega ratio":0.06551470296441024,
       "Corrected P-value":1,
       "Full adaptive model":0.2149485523486543,
       "Full adaptive model (non-synonymous subs/site)":0.0346569650434734,
       "Full adaptive model (synonymous subs/site)":0.1802915873051806,
       "LRT":0,
       "Nucleotide GTR":0.1257911137007726,
       "Rate Distributions":        [
[0.06042404040746233, 1] 
        ],
       "Rate classes":1,
       "Uncorrected P-value":1,
       "original name":"ENSGMOP00000019359"
      },
     "ENSONIP00000015438":{
       "Baseline MG94xREV":0.1083300983985065,
       "Baseline MG94xREV omega ratio":0.05715269175137368,
       "Corrected P-value":1,
       "Full adaptive model":0.1059271263678669,
       "Full adaptive model (non-synonymous subs/site)":0.01597645710369341,
       "Full adaptive model (synonymous subs/site)":0.08995066926417361,
       "LRT":0,
       "Nucleotide GTR":0.08319769068564313,
       "Rate Distributions":        [
[0.0558304045542431, 1] 
        ],
       "Rate classes":1,
       "Uncorrected P-value":1,
       "original name":"ENSONIP00000015438"
      },
     "ENSORLP00000010075":{
       "Baseline MG94xREV":0.1026612054269431,
       "Baseline MG94xREV omega ratio":0.02676331209494019,
       "Corrected P-value":1,
       "Full adaptive model":0.09662015877102288,
       "Full adaptive model (non-synonymous subs/site)":0.006760817561491979,
       "Full adaptive model (synonymous subs/site)":0.08985934120953103,
       "LRT":0,
       "Nucleotide GTR":0.07062168646797044,
       "Rate Distributions":        [
[0.02364997481704054, 1] 
        ],
       "Rate classes":1,
       "Uncorrected P-value":1,
       "original name":"ENSORLP00000010075"
      },
     "ENSTNIP00000018095":{
       "Baseline MG94xREV":0.02015421924669838,
       "Baseline MG94xREV omega ratio":0.1418698583005633,
       "Corrected P-value":1,
       "Full adaptive model":0.01974660299547629,
       "Full adaptive model (non-synonymous subs/site)":0.005558297756926146,
       "Full adaptive model (synonymous subs/site)":0.01418830523855016,
       "LRT":0,
       "Nucleotide GTR":0.02196698149519246,
       "Rate Distributions":        [
[0.123141937153749, 1] 
        ],
       "Rate classes":1,
       "Uncorrected P-value":1,
       "original name":"ENSTNIP00000018095"
      },
     "NODE_3":{
       "Baseline MG94xREV":0.08713706013605259,
       "Baseline MG94xREV omega ratio":0.02007477808088836,
       "Corrected P-value":1,
       "Full adaptive model":0.08051860908490933,
       "Full adaptive model (non-synonymous subs/site)":0.002710609596564139,
       "Full adaptive model (synonymous subs/site)":0.07780799948834517,
       "LRT":0,
       "Nucleotide GTR":0.06002640345637272,
       "Rate Distributions":        [
[0.0109505874643535, 1] 
        ],
       "Rate classes":1,
       "Uncorrected P-value":1
      },
     "NODE_5":{
       "Baseline MG94xREV":0.01003839966209515,
       "Baseline MG94xREV omega ratio":0,
       "Corrected P-value":1,
       "Full adaptive model":0.01003356818739994,
       "Full adaptive model (non-synonymous subs/site)":1e-10,
       "Full adaptive model (synonymous subs/site)":0.01003356818739994,
       "LRT":0,
       "Nucleotide GTR":0.02137920717439138,
       "Rate Distributions":        [
[0, 1] 
        ],
       "Rate classes":1,
       "Uncorrected P-value":1
      },
     "NODE_7":{
       "Baseline MG94xREV":0.01441988015107362,
       "Baseline MG94xREV omega ratio":10000000000,
       "Corrected P-value":1,
       "Full adaptive model":0.01386800570596446,
       "Full adaptive model (non-synonymous subs/site)":0.01386800570596446,
       "Full adaptive model (synonymous subs/site)":1e-10,
       "LRT":0.7368684798248069,
       "Nucleotide GTR":0.01466655482912494,
       "Rate Distributions":        [
[10000000000, 1] 
        ],
       "Rate classes":1,
       "Uncorrected P-value":0.2856781838097539
      },
     "NODE_9":{
       "Baseline MG94xREV":5.877328107119071e-19,
       "Baseline MG94xREV omega ratio":10000000000,
       "Corrected P-value":1,
       "Full adaptive model":0,
       "Full adaptive model (non-synonymous subs/site)":1e-10,
       "Full adaptive model (synonymous subs/site)":1e-10,
       "LRT":0,
       "Nucleotide GTR":0.02832485785724066,
       "Rate Distributions":        [
[1, 1] 
        ],
       "Rate classes":1,
       "Uncorrected P-value":1
      },
     "Q1KKU2_TAKRU":{
       "Baseline MG94xREV":0.05119979846973358,
       "Baseline MG94xREV omega ratio":0.04449464921284001,
       "Corrected P-value":1,
       "Full adaptive model":0.05030318486217417,
       "Full adaptive model (non-synonymous subs/site)":0.005494708416846718,
       "Full adaptive model (synonymous subs/site)":0.04480847644532743,
       "LRT":0,
       "Nucleotide GTR":0.04196988288894663,
       "Rate Distributions":        [
[0.0385459869161184, 1] 
        ],
       "Rate classes":1,
       "Uncorrected P-value":1,
       "original name":"Q1KKU2_TAKRU"
      }
    },
   "attributes":{
     "Baseline MG94xREV":{
       "attribute type":"branch length",
       "display order":1
      },
     "Baseline MG94xREV omega ratio":{
       "attribute type":"branch label",
       "display order":1
      },
     "Corrected P-value":{
       "attribute type":"branch label",
       "display order":6
      },
     "Full adaptive model":{
       "attribute type":"branch length",
       "display order":2
      },
     "Full adaptive model (non-synonymous subs/site)":{
       "attribute type":"branch label",
       "display order":10
      },