{
 "analysis":{
   "authors":"Sergei L Kosakovsky Pond, Ben Murrell, Steven Weaver and Temple iGEM / UCSD viral evolution group",
   "citation":"Less Is More: An Adaptive Branch-Site Random Effects Model for Efficient Detection of Episodic Diversifying Selection (2015). Mol Biol Evol 32 (5): 1342-1353. v2.2 adds support for multiple-hit models",
   "contact":"spond@temple.edu",
   "info":"aBSREL (Adaptive branch-site random effects likelihood)\n                            uses an adaptive random effects branch-site model framework\n                            to test whether each branch has evolved under positive selection,\n                            using a procedure which infers an optimal number of rate categories per branch.",
   "requirements":"in-frame codon alignment and a phylogenetic tree",
   "version":"2.2"
  },
 "branch attributes":{
   "0":{
     "NODE_10":{
       "Baseline MG94xREV":0.03867131152313825,
       "Baseline MG94xREV omega ratio":1.596176082015948,
       "Corrected P-value":1,
       "Full adaptive model":0.03929452070772092,
       "Full adaptive model (non-synonymous subs/site)":0.03097809875417825,
       "Full adaptive model (synonymous subs/site)":0.008316421953542701,
       "LRT":0.03277012701505555,
       "Nucleotide GTR":0.0409338897941748,
       "Rate Distributions":        [
[1.286518598253579, 1] 
        ],
       "Rate classes":1,
       "Uncorrected P-value":0.466394089931529
      },
     "NODE_12":{
       "Baseline MG94xREV":0.06889750251796013,
       "Baseline MG94xREV omega ratio":0.5159755102668969,
       "Corrected P-value":0.4414566533177261,
       "Full adaptive model":0.4444761301948309,
       "Full adaptive model (non-synonymous subs/site)":0.4227132696505544,
       "Full adaptive model (synonymous subs/site)":0.02176286054427645,
       "LRT":5.017433612333662,
       "Nucleotide GTR":0.06715554863310491,
       "Rate Distributions":        [
[0.2893011668396441, 0.9642428087655768],
        [179.8121939984187, 0.03575719123442322] 
        ],
       "Rate classes":2,
       "Uncorrected P-value":0.02943044355451507
      },
     "NODE_16":{
       "Baseline MG94xREV":0.05634892904434364,
       "Baseline MG94xREV omega ratio":0.2152181178815914,
       "Corrected P-value":1,
       "Full adaptive model":0.05221270541877043,
       "Full adaptive model (non-synonymous subs/site)":0.01655295957447097,
       "Full adaptive model (synonymous subs/site)":0.03565974584429948,
       "LRT":0,
       "Nucleotide GTR":0.049547883194771,
       "Rate Distributions":        [
[0.1603227804116825, 1] 
        ],
       "Rate classes":1,
       "Uncorrected P-value":1
      },
     "NODE_3":{
       "Baseline MG94xREV":0.1200208655674498,
       "Baseline MG94xREV omega ratio":0.8771064079844306,
       "Corrected P-value":1,
       "Full adaptive model":0.1230469864432686,
       "Full adaptive model (non-synonymous subs/site)":0.08447873679137831,
       "Full adaptive model (synonymous subs/site)":0.03856824965189011,
       "LRT":0,
       "Nucleotide GTR":0.1176823741028668,
       "Rate Distributions":        [
[0.7565111036196401, 1] 
        ],
       "Rate classes":1,
       "Uncorrected P-value":1
      },
     "NODE_5":{
       "Baseline MG94xREV":0.006567723695142709,
       "Baseline MG94xREV omega ratio":10000000000,
       "Corrected P-value":1,
       "Full adaptive model":0.01072133092474512,
       "Full adaptive model (non-synonymous subs/site)":0.01072133092474512,
       "Full adaptive model (synonymous subs/site)":1e-10,
       "LRT":0.1946663946314402,
       "Nucleotide GTR":0.007926982603817811,
       "Rate Distributions":        [
[10000000000, 1] 
        ],
       "Rate classes":1,
       "Uncorrected P-value":0.4039882718458336
      },
     "NODE_8":{
       "Baseline MG94xREV":0.005281245393313865,
       "Baseline MG94xREV omega ratio":0,
       "Corrected P-value":1,
       "Full adaptive model":0.005371830766113024,
       "Full adaptive model (non-synonymous subs/site)":1e-10,
       "Full adaptive model (synonymous subs/site)":0.005371830766113024,
       "LRT":0,
       "Nucleotide GTR":0.00506518743363364,
       "Rate Distributions":        [
[0, 1] 
        ],
       "Rate classes":1,
       "Uncorrected P-value":1
      },
     "SPINK8_AILME":{
       "Baseline MG94xREV":0.09947257163951462,
       "Baseline MG94xREV omega ratio":0.2203523355018153,
       "Corrected P-value":1,
       "Full adaptive model":0.09796705378049601,
       "Full adaptive model (non-synonymous subs/site)":0.03579824756232296,
       "Full adaptive model (synonymous subs/site)":0.06216880621817304,
       "LRT":0,
       "Nucleotide GTR":0.08992960715046348,
       "Rate Distributions":        [
[0.1988781466924116, 1] 
        ],
       "Rate classes":1,
       "Uncorrected P-value":1,
       "original name":"SPINK8_AILME"
      },
     "SPINK8_BOVIN":{
       "Baseline MG94xREV":0.1296832470658575,
       "Baseline MG94xREV omega ratio":1.150605281732067,
       "Corrected P-value":1,
       "Full adaptive model":0.130946313691548,
       "Full adaptive model (non-synonymous subs/site)":0.09718993641489045,
       "Full adaptive model (synonymous subs/site)":0.0337563772766574,
       "LRT":0,
       "Nucleotide GTR":0.1319607047346944,
       "Rate Distributions":        [
[0.9944049809939322, 1] 
        ],
       "Rate classes":1,
       "Uncorrected P-value":1,
       "original name":"SPINK8_BOVIN"
      },
     "SPINK8_CALJA":{
       "Baseline MG94xREV":0.03932709250018034,
       "Baseline MG94xREV omega ratio":1.330843879372415,
       "Corrected P-value":1,
       "Full adaptive model":0.03887908694606004,
       "Full adaptive model (non-synonymous subs/site)":0.03063917162902724,
       "Full adaptive model (synonymous subs/site)":0.008239915317032781,
       "LRT":0.03455851535886723,
       "Nucleotide GTR":0.03666939757013109,
       "Rate Distributions":        [
[1.284257457027439, 1] 
        ],
       "Rate classes":1,
       "Uncorrected P-value":0.4653655124993977,
       "original name":"SPINK8_CALJA"
      },
     "SPINK8_GGOR":{
       "Baseline MG94xREV":0.004878250866350644,
       "Baseline MG94xREV omega ratio":10000000000,
       "Corrected P-value":1,
       "Full adaptive model":0.004866024829132592,
       "Full adaptive model (non-synonymous subs/site)":0.004866024829132592,
       "Full adaptive model (synonymous subs/site)":1e-10,
       "LRT":0.5388914597235726,
       "Nucleotide GTR":0.004824969355966937,
       "Rate Distributions":        [
[10000000000, 1] 
        ],
       "Rate classes":1,
       "Uncorrected P-value":0.3217193200046801,
       "original name":"SPINK8_GGOR"
      },
     "SPINK8_HUMAN":{
       "Baseline MG94xREV":0,
       "Baseline MG94xREV omega ratio":1,
       "Corrected P-value":1,
       "Full adaptive model":0,
       "Full adaptive model (non-synonymous subs/site)":1e-10,
       "Full adaptive model (synonymous subs/site)":1e-10,
       "LRT":0,
       "Nucleotide GTR":0,
       "Rate Distributions":        [
[1, 1] 
        ],
       "Rate classes":1,
       "Uncorrected P-value":1,
       "original name":"SPINK8_HUMAN"
      },
     "SPINK8_MOUSE":{
       "Baseline MG94xREV":0.09962653322624816,
       "Baseline MG94xREV omega ratio":0.4954187114067971,
       "Corrected P-value":1,
       "Full adaptive model":0.1024761053867177,
       "Full adaptive model (non-synonymous subs/site)":0.05727970499901908,
       "Full adaptive model (synonymous subs/site)":0.04519640038769876,
       "LRT":0,
       "Nucleotide GTR":0.09576218113210121,
       "Rate Distributions":        [
[0.4377183469394684, 1] 
        ],
       "Rate classes":1,
       "Uncorrected P-value":1,
       "original name":"SPINK8_MOUSE"
      },
     "SPINK8_PANTR":{
       "Baseline MG94xREV":0.004925992379790964,
       "Baseline MG94xREV omega ratio":10000000000,
       "Corrected P-value":1,