{
 "analysis":{
   "authors":"Sergei L Kosakovsky Pond, Ben Murrell, Steven Weaver and Temple iGEM / UCSD viral evolution group",
   "citation":"Less Is More: An Adaptive Branch-Site Random Effects Model for Efficient Detection of Episodic Diversifying Selection (2015). Mol Biol Evol 32 (5): 1342-1353. v2.2 adds support for multiple-hit models",
   "contact":"spond@temple.edu",
   "info":"aBSREL (Adaptive branch-site random effects likelihood)\n                            uses an adaptive random effects branch-site model framework\n                            to test whether each branch has evolved under positive selection,\n                            using a procedure which infers an optimal number of rate categories per branch.",
   "requirements":"in-frame codon alignment and a phylogenetic tree",
   "version":"2.2"
  },
 "branch attributes":{
   "0":{
     "ENSGACP00000011260":{
       "Baseline MG94xREV":0.1105175727199259,
       "Baseline MG94xREV omega ratio":0.1485473229234853,
       "Corrected P-value":1,
       "Full adaptive model":0.1105275382044481,
       "Full adaptive model (non-synonymous subs/site)":0.036596828951126,
       "Full adaptive model (synonymous subs/site)":0.07393070925332208,
       "LRT":0,
       "Nucleotide GTR":0.0828417554280583,
       "Rate Distributions":        [
[0.00749066705750838, 0.8424370658676321],
        [0.9498212894748262, 0.1575629341323679] 
        ],
       "Rate classes":2,
       "Uncorrected P-value":1,
       "original name":"ENSGACP00000011260"
      },
     "ENSGMOP00000009511":{
       "Baseline MG94xREV":0.2695894855352614,
       "Baseline MG94xREV omega ratio":0.09114500129730707,
       "Corrected P-value":0.1824441824851494,
       "Full adaptive model":0.3099698109219309,
       "Full adaptive model (non-synonymous subs/site)":0.1271877352957828,
       "Full adaptive model (synonymous subs/site)":0.1827820756261481,
       "LRT":5.745266474474192,
       "Nucleotide GTR":0.155521640633489,
       "Rate Distributions":        [
[0.06239676740408228, 0.1751667142405553],
        [0.06297372121341227, 0.7986500115245985],
        [6.035122886202583, 0.02618327423484627] 
        ],
       "Rate classes":3,
       "Uncorrected P-value":0.02027157583168326,
       "original name":"ENSGMOP00000009511"
      },
     "ENSONIP00000025094":{
       "Baseline MG94xREV":0.08587464547711321,
       "Baseline MG94xREV omega ratio":0.08183742946046693,
       "Corrected P-value":1,
       "Full adaptive model":0.08415287765624338,
       "Full adaptive model (non-synonymous subs/site)":0.01668626708018183,
       "Full adaptive model (synonymous subs/site)":0.06746661057606154,
       "LRT":0,
       "Nucleotide GTR":0.07998446092337884,
       "Rate Distributions":        [
[0.003455739661540981, 0.8815655799302242],
        [0.6322480315074664, 0.1184344200697758] 
        ],
       "Rate classes":2,
       "Uncorrected P-value":1,
       "original name":"ENSONIP00000025094"
      },
     "ENSORLP00000005530":{
       "Baseline MG94xREV":0.1400914211490844,
       "Baseline MG94xREV omega ratio":0.07800765621185396,
       "Corrected P-value":1,
       "Full adaptive model":0.1322746934756217,
       "Full adaptive model (non-synonymous subs/site)":0.02970428292475841,
       "Full adaptive model (synonymous subs/site)":0.1025704105508633,
       "LRT":0,
       "Nucleotide GTR":0.1007813979243965,
       "Rate Distributions":        [
[0.007966372887004332, 0.9068559742913902],
        [0.9020557253916472, 0.0931440257086098] 
        ],
       "Rate classes":2,
       "Uncorrected P-value":1,
       "original name":"ENSORLP00000005530"
      },
     "ENSTNIP00000003411":{
       "Baseline MG94xREV":0.04045508052726123,
       "Baseline MG94xREV omega ratio":0.116248365222637,
       "Corrected P-value":1,
       "Full adaptive model":0.04047374016259633,
       "Full adaptive model (non-synonymous subs/site)":0.01021039507165361,
       "Full adaptive model (synonymous subs/site)":0.03026334509094271,
       "LRT":0.7212829976488138,
       "Nucleotide GTR":0.03714433547710694,
       "Rate Distributions":        [
[0, 0.9336077349218213],
        [1.601114501123205, 0.06639226507817875] 
        ],
       "Rate classes":2,
       "Uncorrected P-value":0.288313350299929,
       "original name":"ENSTNIP00000003411"
      },
     "ENSTRUP00000041924":{
       "Baseline MG94xREV":0.04944627060883094,
       "Baseline MG94xREV omega ratio":0.1166800958616777,
       "Corrected P-value":1,
       "Full adaptive model":0.04865096217686581,
       "Full adaptive model (non-synonymous subs/site)":0.01199364774514199,
       "Full adaptive model (synonymous subs/site)":0.03665731443172382,
       "LRT":0,
       "Nucleotide GTR":0.0482374459484514,
       "Rate Distributions":        [
[0.004675496136106884, 0.8833082469581137],
        [0.8480233719950449, 0.1166917530418863] 
        ],
       "Rate classes":2,
       "Uncorrected P-value":1,
       "original name":"ENSTRUP00000041924"
      },
     "NODE_3":{
       "Baseline MG94xREV":0.01642881688731046,
       "Baseline MG94xREV omega ratio":0.0202342407140219,
       "Corrected P-value":1,
       "Full adaptive model":0.01626446727244047,
       "Full adaptive model (non-synonymous subs/site)":0.0009320017417448184,
       "Full adaptive model (synonymous subs/site)":0.01533246553069566,
       "LRT":0,
       "Nucleotide GTR":0.01228149775688336,
       "Rate Distributions":        [
[0.01915221405170186, 1] 
        ],
       "Rate classes":1,
       "Uncorrected P-value":1
      },
     "NODE_5":{
       "Baseline MG94xREV":0.005886913629256988,
       "Baseline MG94xREV omega ratio":0.1446618527178421,
       "Corrected P-value":1,
       "Full adaptive model":0.001045819968572767,
       "Full adaptive model (non-synonymous subs/site)":0.001045819968572767,
       "Full adaptive model (synonymous subs/site)":1e-10,
       "LRT":0.01806547640444478,
       "Nucleotide GTR":0.009325224765118134,
       "Rate Distributions":        [
[10000000000, 1] 
        ],
       "Rate classes":1,
       "Uncorrected P-value":0.4759183915560308
      },
     "NODE_8":{
       "Baseline MG94xREV":0.08450555863810377,
       "Baseline MG94xREV omega ratio":0.07483663560238352,
       "Corrected P-value":1,
       "Full adaptive model":0.08370857210347572,
       "Full adaptive model (non-synonymous subs/site)":0.01519632405802383,
       "Full adaptive model (synonymous subs/site)":0.06851224804545189,
       "LRT":0,
       "Nucleotide GTR":0.06711600569629858,
       "Rate Distributions":        [
[0.001877945493607415, 0.8775409910739705],
        [0.5572242173696015, 0.1224590089260295] 
        ],
       "Rate classes":2,
       "Uncorrected P-value":1
      }
    },
   "attributes":{
     "Baseline MG94xREV":{
       "attribute type":"branch length",
       "display order":1
      },
     "Baseline MG94xREV omega ratio":{
       "attribute type":"branch label",
       "display order":1
      },
     "Corrected P-value":{
       "attribute type":"branch label",
       "display order":6
      },
     "Full adaptive model":{
       "attribute type":"branch length",
       "display order":2
      },
     "Full adaptive model (non-synonymous subs/site)":{
       "attribute type":"branch label",
       "display order":10
      },
     "Full adaptive model (synonymous subs/site)":{
       "attribute type":"branch label",
       "display order":9
      },
     "LRT":{
       "attribute type":"branch label",
       "display order":4
      },
     "Nucleotide GTR":{
       "attribute type":"branch length",
       "display order":0
      },
     "Rate Distributions":{
       "attribute type":"branch label",
       "display order":3
      },
     "Rate classes":{
       "attribute type":"branch label",
       "display order":2
      },
     "Uncorrected P-value":{
       "attribute type":"branch label",
       "display order":5
      },