{
 "analysis":{
   "authors":"Sergei L Kosakovsky Pond, Ben Murrell, Steven Weaver and Temple iGEM / UCSD viral evolution group",
   "citation":"Less Is More: An Adaptive Branch-Site Random Effects Model for Efficient Detection of Episodic Diversifying Selection (2015). Mol Biol Evol 32 (5): 1342-1353. v2.2 adds support for multiple-hit models",
   "contact":"spond@temple.edu",
   "info":"aBSREL (Adaptive branch-site random effects likelihood)\n                            uses an adaptive random effects branch-site model framework\n                            to test whether each branch has evolved under positive selection,\n                            using a procedure which infers an optimal number of rate categories per branch.",
   "requirements":"in-frame codon alignment and a phylogenetic tree",
   "version":"2.2"
  },
 "branch attributes":{
   "0":{
     "MAP3K13_DANRE":{
       "Baseline MG94xREV":0.3859187927844502,
       "Baseline MG94xREV omega ratio":0.02658207267576872,
       "Corrected P-value":0.5681761531724527,
       "Full adaptive model":0.4447244868306441,
       "Full adaptive model (non-synonymous subs/site)":0.16850052940223,
       "Full adaptive model (synonymous subs/site)":0.2762239574284141,
       "LRT":3.056250264035043,
       "Nucleotide GTR":0.1664110004011557,
       "Rate Distributions":        [
[0.0131760276195973, 0.9733642800019565],
        [7.279925397437705, 0.02663571999804348] 
        ],
       "Rate classes":2,
       "Uncorrected P-value":0.08116802188177896,
       "original name":"MAP3K13_DANRE"
      },
     "MAP3K13_GASAC":{
       "Baseline MG94xREV":0.07941794012990523,
       "Baseline MG94xREV omega ratio":0.07961444679048975,
       "Corrected P-value":1,
       "Full adaptive model":0.07814438240911507,
       "Full adaptive model (non-synonymous subs/site)":0.01330649319729794,
       "Full adaptive model (synonymous subs/site)":0.06483788921181714,
       "LRT":0,
       "Nucleotide GTR":0.06229641134847892,
       "Rate Distributions":        [
[0.06955057075613434, 1] 
        ],
       "Rate classes":1,
       "Uncorrected P-value":1,
       "original name":"MAP3K13_GASAC"
      },
     "MAP3K13_ORENI":{
       "Baseline MG94xREV":0.07017939024468402,
       "Baseline MG94xREV omega ratio":0.02664660619106571,
       "Corrected P-value":0.2678908973123897,
       "Full adaptive model":0.08209752430058603,
       "Full adaptive model (non-synonymous subs/site)":0.01959823717830991,
       "Full adaptive model (synonymous subs/site)":0.06249928712227613,
       "LRT":4.766062674736531,
       "Nucleotide GTR":0.05688330142831437,
       "Rate Distributions":        [
[0.01462709366197886, 0.9977530019351142],
        [40.79891893644947, 0.002246998064885819] 
        ],
       "Rate classes":2,
       "Uncorrected P-value":0.03348636216404871,
       "original name":"MAP3K13_ORENI"
      },
     "MAP3K13_ORYLA":{
       "Baseline MG94xREV":0.1066234762802829,
       "Baseline MG94xREV omega ratio":0.04187500391407849,
       "Corrected P-value":1,
       "Full adaptive model":0.1066272968958352,
       "Full adaptive model (non-synonymous subs/site)":0.01238078466001767,
       "Full adaptive model (synonymous subs/site)":0.09424651223581748,
       "LRT":0,
       "Nucleotide GTR":0.07633445775664521,
       "Rate Distributions":        [
[0, 0.9344558749555655],
        [0.6792271892946581, 0.06554412504443452] 
        ],
       "Rate classes":2,
       "Uncorrected P-value":1,
       "original name":"MAP3K13_ORYLA"
      },
     "MAP3K13_TAKRU":{
       "Baseline MG94xREV":0.04378440227411746,
       "Baseline MG94xREV omega ratio":0.03983640733639206,
       "Corrected P-value":1,
       "Full adaptive model":0.04210759415712607,
       "Full adaptive model (non-synonymous subs/site)":0.00454538849191869,
       "Full adaptive model (synonymous subs/site)":0.03756220566520739,
       "LRT":0.07510119838298124,
       "Nucleotide GTR":0.04310713745755001,
       "Rate Distributions":        [
[0, 0.9699580711557882],
        [1.365079858329605, 0.03004192884421175] 
        ],
       "Rate classes":2,
       "Uncorrected P-value":0.4457535622011936,
       "original name":"MAP3K13_TAKRU"
      },
     "MAP3K13_TETNG":{
       "Baseline MG94xREV":0.07389116033443664,
       "Baseline MG94xREV omega ratio":0.04030528263112809,
       "Corrected P-value":0.04911339020116579,
       "Full adaptive model":0.862813334093994,
       "Full adaptive model (non-synonymous subs/site)":0.7995544011197803,
       "Full adaptive model (synonymous subs/site)":0.06325893297421385,
       "LRT":8.323408250811553,
       "Nucleotide GTR":0.05870405266957678,
       "Rate Distributions":        [
[0.0206640854764261, 0.9869445473391626],
        [0.02607379748099993, 0.00686180395787246],
        [688.2632913153376, 0.006193648702964948] 
        ],
       "Rate classes":3,
       "Uncorrected P-value":0.005457043355685087,
       "original name":"MAP3K13_TETNG"
      },
     "NODE_3":{
       "Baseline MG94xREV":0.02024913254939703,
       "Baseline MG94xREV omega ratio":0.01502673582932907,
       "Corrected P-value":1,
       "Full adaptive model":0.02057011693324154,
       "Full adaptive model (non-synonymous subs/site)":0.0006453853493161327,
       "Full adaptive model (synonymous subs/site)":0.0199247315839254,
       "LRT":0,
       "Nucleotide GTR":0.01822109306117382,
       "Rate Distributions":        [
[0.01097722517486952, 1] 
        ],
       "Rate classes":1,
       "Uncorrected P-value":1
      },
     "NODE_6":{
       "Baseline MG94xREV":0.07010816517611608,
       "Baseline MG94xREV omega ratio":0.06074583182630813,
       "Corrected P-value":1,
       "Full adaptive model":0.06627742525089053,
       "Full adaptive model (non-synonymous subs/site)":0.00944290838159847,
       "Full adaptive model (synonymous subs/site)":0.05683451686929208,
       "LRT":0,
       "Nucleotide GTR":0.05246837829896109,
       "Rate Distributions":        [
[0.05630663237244723, 1] 
        ],
       "Rate classes":1,
       "Uncorrected P-value":1
      },
     "NODE_7":{
       "Baseline MG94xREV":0.02287279154218084,
       "Baseline MG94xREV omega ratio":0.05078429197507301,
       "Corrected P-value":1,
       "Full adaptive model":0.01605008246129187,
       "Full adaptive model (non-synonymous subs/site)":0.002190240707448377,
       "Full adaptive model (synonymous subs/site)":0.01385984175384349,
       "LRT":0,
       "Nucleotide GTR":0.0257835760655254,
       "Rate Distributions":        [
[0.0535549384814093, 1] 
        ],
       "Rate classes":1,
       "Uncorrected P-value":1
      }
    },
   "attributes":{
     "Baseline MG94xREV":{
       "attribute type":"branch length",
       "display order":1
      },
     "Baseline MG94xREV omega ratio":{
       "attribute type":"branch label",
       "display order":1
      },
     "Corrected P-value":{
       "attribute type":"branch label",
       "display order":6
      },
     "Full adaptive model":{
       "attribute type":"branch length",
       "display order":2
      },
     "Full adaptive model (non-synonymous subs/site)":{
       "attribute type":"branch label",
       "display order":10
      },
     "Full adaptive model (synonymous subs/site)":{
       "attribute type":"branch label",
       "display order":9
      },
     "LRT":{
       "attribute type":"branch label",
       "display order":4
      },
     "Nucleotide GTR":{
       "attribute type":"branch length",
       "display order":0
      },
     "Rate Distributions":{
       "attribute type":"branch label",
       "display order":3
      },
     "Rate classes":{
       "attribute type":"branch label",
       "display order":2
      },
     "Uncorrected P-value":{
       "attribute type":"branch label",
       "display order":5
      },
     "original name":{
       "attribute type":"node label",
       "display order":-1
      }
    }
  },