{
 "analysis":{
   "authors":"Sergei L Kosakovsky Pond, Ben Murrell, Steven Weaver and Temple iGEM / UCSD viral evolution group",
   "citation":"Less Is More: An Adaptive Branch-Site Random Effects Model for Efficient Detection of Episodic Diversifying Selection (2015). Mol Biol Evol 32 (5): 1342-1353. v2.2 adds support for multiple-hit models",
   "contact":"spond@temple.edu",
   "info":"aBSREL (Adaptive branch-site random effects likelihood)\n                            uses an adaptive random effects branch-site model framework\n                            to test whether each branch has evolved under positive selection,\n                            using a procedure which infers an optimal number of rate categories per branch.",
   "requirements":"in-frame codon alignment and a phylogenetic tree",
   "version":"2.2"
  },
 "branch attributes":{
   "0":{
     "ENSGACP00000022465":{
       "Baseline MG94xREV":0.07076690216757722,
       "Baseline MG94xREV omega ratio":0.4582164546388687,
       "Corrected P-value":1,
       "Full adaptive model":0.08161004866534628,
       "Full adaptive model (non-synonymous subs/site)":0.04659263188913307,
       "Full adaptive model (synonymous subs/site)":0.03501741677621321,
       "LRT":1.052225590615308,
       "Nucleotide GTR":0.06869881815713506,
       "Rate Distributions":        [
[0.0172421484514581, 0.7950558992301021],
        [2.207211127855275, 0.2049441007698979] 
        ],
       "Rate classes":2,
       "Uncorrected P-value":0.2382682490718047,
       "original name":"ENSGACP00000022465"
      },
     "ENSGMOP00000009553":{
       "Baseline MG94xREV":0.1686329301940441,
       "Baseline MG94xREV omega ratio":0.06070149360110449,
       "Corrected P-value":1,
       "Full adaptive model":0.2053175310176693,
       "Full adaptive model (non-synonymous subs/site)":0.0235326967743342,
       "Full adaptive model (synonymous subs/site)":0.1817848342433353,
       "LRT":0,
       "Nucleotide GTR":0.112911275201559,
       "Rate Distributions":        [
[0.04534463233656166, 1] 
        ],
       "Rate classes":1,
       "Uncorrected P-value":1,
       "original name":"ENSGMOP00000009553"
      },
     "ENSLACP00000008722":{
       "Baseline MG94xREV":0.624846894382339,
       "Baseline MG94xREV omega ratio":0.201716413348928,
       "Corrected P-value":1,
       "Full adaptive model":11671.87789235881,
       "Full adaptive model (non-synonymous subs/site)":11671.55473752128,
       "Full adaptive model (synonymous subs/site)":0.3231548375268353,
       "LRT":0.1085989355251513,
       "Nucleotide GTR":0.4206462169335987,
       "Rate Distributions":        [
[0.157301188139817, 0.8734899092168295],
        [100000, 0.1265100907831705] 
        ],
       "Rate classes":2,
       "Uncorrected P-value":0.4324935071781215,
       "original name":"ENSLACP00000008722"
      },
     "ENSONIP00000006813":{
       "Baseline MG94xREV":0.07208786837214463,
       "Baseline MG94xREV omega ratio":0.1313967622857524,
       "Corrected P-value":1,
       "Full adaptive model":0.06850856881760649,
       "Full adaptive model (non-synonymous subs/site)":0.01943865647358462,
       "Full adaptive model (synonymous subs/site)":0.04906991234402187,
       "LRT":0.4031528548221104,
       "Nucleotide GTR":0.06942275967631549,
       "Rate Distributions":        [
[0, 0.9201741317061469],
        [1.738277649200613, 0.07982586829385308] 
        ],
       "Rate classes":2,
       "Uncorrected P-value":0.3503254234852123,
       "original name":"ENSONIP00000006813"
      },
     "ENSORLP00000002725":{
       "Baseline MG94xREV":0.1513211341563744,
       "Baseline MG94xREV omega ratio":0.07641483105970158,
       "Corrected P-value":1,
       "Full adaptive model":0.1482810523506298,
       "Full adaptive model (non-synonymous subs/site)":0.02576196180438922,
       "Full adaptive model (synonymous subs/site)":0.1225190905462405,
       "LRT":0,
       "Nucleotide GTR":0.1216046441993023,
       "Rate Distributions":        [
[0.07365241680314716, 1] 
        ],
       "Rate classes":1,
       "Uncorrected P-value":1,
       "original name":"ENSORLP00000002725"
      },
     "ENSTNIP00000019924":{
       "Baseline MG94xREV":0.05380259700367088,
       "Baseline MG94xREV omega ratio":0.06993999912308228,
       "Corrected P-value":1,
       "Full adaptive model":0.05541941380287219,
       "Full adaptive model (non-synonymous subs/site)":0.008162187377846537,
       "Full adaptive model (synonymous subs/site)":0.04725722642502569,
       "LRT":0,
       "Nucleotide GTR":0.0485798475376978,
       "Rate Distributions":        [
[0.06049927444869968, 1] 
        ],
       "Rate classes":1,
       "Uncorrected P-value":1,
       "original name":"ENSTNIP00000019924"
      },
     "ENSTRUP00000032466":{
       "Baseline MG94xREV":0.07122498070133725,
       "Baseline MG94xREV omega ratio":0.05780139937508815,
       "Corrected P-value":1,
       "Full adaptive model":0.06811872976444795,
       "Full adaptive model (non-synonymous subs/site)":0.008986508566737017,
       "Full adaptive model (synonymous subs/site)":0.05913222119771096,
       "LRT":0,
       "Nucleotide GTR":0.06741774549110423,
       "Rate Distributions":        [
[0.05323271715809938, 1] 
        ],
       "Rate classes":1,
       "Uncorrected P-value":1,
       "original name":"ENSTRUP00000032466"
      },
     "NODE_11":{
       "Baseline MG94xREV":0.1500799934226086,
       "Baseline MG94xREV omega ratio":0.10783417086276,
       "Corrected P-value":0.4436432577629428,
       "Full adaptive model":0.8220752874663084,
       "Full adaptive model (non-synonymous subs/site)":0.7125223299519888,
       "Full adaptive model (synonymous subs/site)":0.1095529575143197,
       "LRT":4.573636357950818,
       "Nucleotide GTR":0.08323960244948005,
       "Rate Distributions":        [
[0.03968991285875544, 0.9557171949470558],
        [50.58934454993887, 0.04428280505294424] 
        ],
       "Rate classes":2,
       "Uncorrected P-value":0.03697027148024523
      },
     "NODE_3":{
       "Baseline MG94xREV":0.01047357082813761,
       "Baseline MG94xREV omega ratio":0.580654404567892,
       "Corrected P-value":1,
       "Full adaptive model":0.01332768882314314,
       "Full adaptive model (non-synonymous subs/site)":0.007843838538133552,
       "Full adaptive model (synonymous subs/site)":0.005483850285009594,
       "LRT":0,
       "Nucleotide GTR":0.01244482249633504,
       "Rate Distributions":        [
[0.5010198012575964, 1] 
        ],
       "Rate classes":1,
       "Uncorrected P-value":1
      },
     "NODE_5":{
       "Baseline MG94xREV":0.02726611913315079,
       "Baseline MG94xREV omega ratio":0.1702801135443806,
       "Corrected P-value":1,
       "Full adaptive model":0.02985437397928412,
       "Full adaptive model (non-synonymous subs/site)":0.009766963918118802,
       "Full adaptive model (synonymous subs/site)":0.02008741006116537,
       "LRT":0,
       "Nucleotide GTR":0.02598616541852381,
       "Rate Distributions":        [
[0.1703128720328479, 1] 
        ],
       "Rate classes":1,
       "Uncorrected P-value":1
      },
     "NODE_8":{
       "Baseline MG94xREV":0.04882037300455602,
       "Baseline MG94xREV omega ratio":0.0664545249478012,
       "Corrected P-value":0.2890046687232282,
       "Full adaptive model":149.589809557241,
       "Full adaptive model (non-synonymous subs/site)":149.5570708514063,
       "Full adaptive model (synonymous subs/site)":0.03273870583478126,
       "LRT":5.56487299138098,
       "Nucleotide GTR":0.04073289147562636,
       "Rate Distributions":        [
[0, 0.9839986259448408],
        [100000, 0.01600137405515922] 
        ],
       "Rate classes":2,
       "Uncorrected P-value":0.02223112836332525
      },
     "NODE_9":{
       "Baseline MG94xREV":0.04272939467715901,
       "Baseline MG94xREV omega ratio":0.1836527971347396,
       "Corrected P-value":1,