{
 "analysis":{
   "authors":"Sergei L Kosakovsky Pond, Ben Murrell, Steven Weaver and Temple iGEM / UCSD viral evolution group",
   "citation":"Less Is More: An Adaptive Branch-Site Random Effects Model for Efficient Detection of Episodic Diversifying Selection (2015). Mol Biol Evol 32 (5): 1342-1353. v2.2 adds support for multiple-hit models",
   "contact":"spond@temple.edu",
   "info":"aBSREL (Adaptive branch-site random effects likelihood)\n                            uses an adaptive random effects branch-site model framework\n                            to test whether each branch has evolved under positive selection,\n                            using a procedure which infers an optimal number of rate categories per branch.",
   "requirements":"in-frame codon alignment and a phylogenetic tree",
   "version":"2.2"
  },
 "branch attributes":{
   "0":{
     "ENSGACP00000003729":{
       "Baseline MG94xREV":0.06292050937168177,
       "Baseline MG94xREV omega ratio":0.05280936498938431,
       "Corrected P-value":1,
       "Full adaptive model":0.06379210561375216,
       "Full adaptive model (non-synonymous subs/site)":0.01027665444937734,
       "Full adaptive model (synonymous subs/site)":0.05351545116437482,
       "LRT":0.2926087169907987,
       "Nucleotide GTR":0.05020200128286124,
       "Rate Distributions":        [
[0, 0.9664493260848406],
        [1.613786448617391, 0.03355067391515942] 
        ],
       "Rate classes":2,
       "Uncorrected P-value":0.3768791453698421,
       "original name":"ENSGACP00000003729"
      },
     "ENSGMOP00000007081":{
       "Baseline MG94xREV":0.1048792809662844,
       "Baseline MG94xREV omega ratio":0.05894661498610559,
       "Corrected P-value":1,
       "Full adaptive model":0.1128681249771186,
       "Full adaptive model (non-synonymous subs/site)":0.01619271221308314,
       "Full adaptive model (synonymous subs/site)":0.09667541276403541,
       "LRT":0,
       "Nucleotide GTR":0.06395528409524706,
       "Rate Distributions":        [
[0.002957922101969447, 0.9510142030385726],
        [0.9066436975269299, 0.04898579696142735] 
        ],
       "Rate classes":2,
       "Uncorrected P-value":1,
       "original name":"ENSGMOP00000007081"
      },
     "ENSONIP00000019996":{
       "Baseline MG94xREV":0.0851404255143066,
       "Baseline MG94xREV omega ratio":0.0180305576086957,
       "Corrected P-value":1,
       "Full adaptive model":0.07545663476878969,
       "Full adaptive model (non-synonymous subs/site)":0.003468404365125473,
       "Full adaptive model (synonymous subs/site)":0.07198823040366414,
       "LRT":0,
       "Nucleotide GTR":0.07076299222989478,
       "Rate Distributions":        [
[0.01358447865960387, 1] 
        ],
       "Rate classes":1,
       "Uncorrected P-value":1,
       "original name":"ENSONIP00000019996"
      },
     "ENSTNIP00000008014":{
       "Baseline MG94xREV":0.05262224063905784,
       "Baseline MG94xREV omega ratio":0.03536671167527311,
       "Corrected P-value":1,
       "Full adaptive model":0.05398302792916362,
       "Full adaptive model (non-synonymous subs/site)":0.004120218623760811,
       "Full adaptive model (synonymous subs/site)":0.04986280930540277,
       "LRT":0,
       "Nucleotide GTR":0.03613066973338382,
       "Rate Distributions":        [
[0.0232979799533775, 1] 
        ],
       "Rate classes":1,
       "Uncorrected P-value":1,
       "original name":"ENSTNIP00000008014"
      },
     "ENSTRUP00000000720":{
       "Baseline MG94xREV":0.0376863388209998,
       "Baseline MG94xREV omega ratio":0.09377273333085927,
       "Corrected P-value":1,
       "Full adaptive model":0.03246956835349513,
       "Full adaptive model (non-synonymous subs/site)":0.006901142251667305,
       "Full adaptive model (synonymous subs/site)":0.02556842610182786,
       "LRT":0,
       "Nucleotide GTR":0.03353691842656507,
       "Rate Distributions":        [
[0.07610124012157435, 1] 
        ],
       "Rate classes":1,
       "Uncorrected P-value":1,
       "original name":"ENSTRUP00000000720"
      },
     "GLUD1B_DANRE":{
       "Baseline MG94xREV":0.264364751307117,
       "Baseline MG94xREV omega ratio":0.0503905691276437,
       "Corrected P-value":0.133326280521484,
       "Full adaptive model":5.112177831969037,
       "Full adaptive model (non-synonymous subs/site)":4.965645926713721,
       "Full adaptive model (synonymous subs/site)":0.1465319052553156,
       "LRT":6.753207613981431,
       "Nucleotide GTR":0.153042867700127,
       "Rate Distributions":        [
[0.01687439203991072, 0.9611045993087707],
        [245.2348916676306, 0.03889540069122932] 
        ],
       "Rate classes":2,
       "Uncorrected P-value":0.01212057095649854,
       "original name":"GLUD1B_DANRE"
      },
     "GLUD1_ORYLA":{
       "Baseline MG94xREV":0.09854470389173436,
       "Baseline MG94xREV omega ratio":0.0163710712893488,
       "Corrected P-value":1,
       "Full adaptive model":0.09063690782206413,
       "Full adaptive model (non-synonymous subs/site)":0.01124826801898901,
       "Full adaptive model (synonymous subs/site)":0.07938863980307512,
       "LRT":2.110672231481658,
       "Nucleotide GTR":0.074258064755392,
       "Rate Distributions":        [
[0.005802833867702079, 0.9964997747674096],
        [9.761120869123172, 0.003500225232590415] 
        ],
       "Rate classes":2,
       "Uncorrected P-value":0.1336776339892146,
       "original name":"GLUD1_ORYLA"
      },
     "NODE_3":{
       "Baseline MG94xREV":0.001017729420349151,
       "Baseline MG94xREV omega ratio":10000000000,
       "Corrected P-value":1,
       "Full adaptive model":0.001325668714484806,
       "Full adaptive model (non-synonymous subs/site)":0.001325668714484806,
       "Full adaptive model (synonymous subs/site)":1e-10,
       "LRT":0.09164451818833186,
       "Nucleotide GTR":0.005107641697247723,
       "Rate Distributions":        [
[10000000000, 1] 
        ],
       "Rate classes":1,
       "Uncorrected P-value":0.4389828801627462
      },
     "NODE_5":{
       "Baseline MG94xREV":0.04871140365583418,
       "Baseline MG94xREV omega ratio":0.03896179586500006,
       "Corrected P-value":1,
       "Full adaptive model":0.03739951380854078,
       "Full adaptive model (non-synonymous subs/site)":0.00428758848899227,
       "Full adaptive model (synonymous subs/site)":0.03311192531954855,
       "LRT":0,
       "Nucleotide GTR":0.03402949688348435,
       "Rate Distributions":        [
[0.03650929208994314, 1] 
        ],
       "Rate classes":1,
       "Uncorrected P-value":1
      },
     "NODE_8":{
       "Baseline MG94xREV":0.08318987598138239,
       "Baseline MG94xREV omega ratio":0.05801565336325708,
       "Corrected P-value":1,
       "Full adaptive model":0.08838560799675939,
       "Full adaptive model (non-synonymous subs/site)":0.01435097366813964,
       "Full adaptive model (synonymous subs/site)":0.07403463432861976,
       "LRT":0.253836673724436,
       "Nucleotide GTR":0.05100878696684601,
       "Rate Distributions":        [
[0, 0.9603004689625768],
        [1.376688881885987, 0.03969953103742319] 
        ],
       "Rate classes":2,
       "Uncorrected P-value":0.3871189637810361
      },
     "NODE_9":{
       "Baseline MG94xREV":0.03201305124147808,
       "Baseline MG94xREV omega ratio":0.01359758064081957,
       "Corrected P-value":1,
       "Full adaptive model":0.01786020807169442,
       "Full adaptive model (non-synonymous subs/site)":0.001199474299241331,
       "Full adaptive model (synonymous subs/site)":0.0166607337724531,
       "LRT":0,
       "Nucleotide GTR":0.02064547591279355,
       "Rate Distributions":        [
[0.02029885643169996, 1] 
        ],
       "Rate classes":1,
       "Uncorrected P-value":1
      }
    },
   "attributes":{
     "Baseline MG94xREV":{
       "attribute type":"branch length",
       "display order":1
      },
     "Baseline MG94xREV omega ratio":{
       "attribute type":"branch label",