{
 "analysis":{
   "authors":"Sergei L Kosakovsky Pond, Ben Murrell, Steven Weaver and Temple iGEM / UCSD viral evolution group",
   "citation":"Less Is More: An Adaptive Branch-Site Random Effects Model for Efficient Detection of Episodic Diversifying Selection (2015). Mol Biol Evol 32 (5): 1342-1353. v2.2 adds support for multiple-hit models",
   "contact":"spond@temple.edu",
   "info":"aBSREL (Adaptive branch-site random effects likelihood)\n                            uses an adaptive random effects branch-site model framework\n                            to test whether each branch has evolved under positive selection,\n                            using a procedure which infers an optimal number of rate categories per branch.",
   "requirements":"in-frame codon alignment and a phylogenetic tree",
   "version":"2.2"
  },
 "branch attributes":{
   "0":{
     "ENSGACP00000016714":{
       "Baseline MG94xREV":0.09382311092362004,
       "Baseline MG94xREV omega ratio":0.4219953540598733,
       "Corrected P-value":1,
       "Full adaptive model":0.1262712960381849,
       "Full adaptive model (non-synonymous subs/site)":0.07775205165549501,
       "Full adaptive model (synonymous subs/site)":0.04851924438268988,
       "LRT":2.082509921627661,
       "Nucleotide GTR":0.08968522786528944,
       "Rate Distributions":        [
[0.05327058994483114, 0.9170896282625752],
        [5.829888089963141, 0.08291037173742477] 
        ],
       "Rate classes":2,
       "Uncorrected P-value":0.1357024176105462,
       "original name":"ENSGACP00000016714"
      },
     "ENSGALP00000001162":{
       "Baseline MG94xREV":0.318997988236196,
       "Baseline MG94xREV omega ratio":0.443172649451274,
       "Corrected P-value":1,
       "Full adaptive model":0.4458569053453121,
       "Full adaptive model (non-synonymous subs/site)":0.1894654714544432,
       "Full adaptive model (synonymous subs/site)":0.2563914338908689,
       "LRT":0,
       "Nucleotide GTR":0.3095320415000505,
       "Rate Distributions":        [
[0.2454219905467392, 1] 
        ],
       "Rate classes":1,
       "Uncorrected P-value":1,
       "original name":"ENSGALP00000001162"
      },
     "ENSGMOP00000009443":{
       "Baseline MG94xREV":0.1347455204634856,
       "Baseline MG94xREV omega ratio":0.5149204132434055,
       "Corrected P-value":1,
       "Full adaptive model":0.1660220096603994,
       "Full adaptive model (non-synonymous subs/site)":0.07647590967172323,
       "Full adaptive model (synonymous subs/site)":0.08954609998867639,
       "LRT":0,
       "Nucleotide GTR":0.1411949012239621,
       "Rate Distributions":        [
[0.2836383082597234, 1] 
        ],
       "Rate classes":1,
       "Uncorrected P-value":1,
       "original name":"ENSGMOP00000009443"
      },
     "ENSLACP00000006160":{
       "Baseline MG94xREV":0.1902537279626919,
       "Baseline MG94xREV omega ratio":0.831079615002974,
       "Corrected P-value":1,
       "Full adaptive model":0.3666881742165691,
       "Full adaptive model (non-synonymous subs/site)":0.2109093033913452,
       "Full adaptive model (synonymous subs/site)":0.1557788708252238,
       "LRT":0.3727473502399334,
       "Nucleotide GTR":0.2582624395931018,
       "Rate Distributions":        [
[0, 0.6948868046832409],
        [1.473713650328105, 0.3051131953167591] 
        ],
       "Rate classes":2,
       "Uncorrected P-value":0.3572911245582219,
       "original name":"ENSLACP00000006160"
      },
     "ENSONIP00000006021":{
       "Baseline MG94xREV":0.1445826642897532,
       "Baseline MG94xREV omega ratio":0.1853963175762991,
       "Corrected P-value":1,
       "Full adaptive model":0.1459140332874384,
       "Full adaptive model (non-synonymous subs/site)":0.05532661511137485,
       "Full adaptive model (synonymous subs/site)":0.09058741817606343,
       "LRT":0,
       "Nucleotide GTR":0.1346022493049663,
       "Rate Distributions":        [
[0.2028397792991779, 1] 
        ],
       "Rate classes":1,
       "Uncorrected P-value":1,
       "original name":"ENSONIP00000006021"
      },
     "ENSTNIP00000008355":{
       "Baseline MG94xREV":0.1136134494423789,
       "Baseline MG94xREV omega ratio":0.2033437504505034,
       "Corrected P-value":1,
       "Full adaptive model":0.1489867545646282,
       "Full adaptive model (non-synonymous subs/site)":0.03406832460054177,
       "Full adaptive model (synonymous subs/site)":0.1149184299640861,
       "LRT":0,
       "Nucleotide GTR":0.1076762306523395,
       "Rate Distributions":        [
[0.09845731840714156, 1] 
        ],
       "Rate classes":1,
       "Uncorrected P-value":1,
       "original name":"ENSTNIP00000008355"
      },
     "NODE_10":{
       "Baseline MG94xREV":0.1602342855919111,
       "Baseline MG94xREV omega ratio":0.05007796923424233,
       "Corrected P-value":1,
       "Full adaptive model":0.130697845099561,
       "Full adaptive model (non-synonymous subs/site)":0.02443758656704188,
       "Full adaptive model (synonymous subs/site)":0.1062602585325191,
       "LRT":0,
       "Nucleotide GTR":0.09036005871847418,
       "Rate Distributions":        [
[0.07637906814453591, 1] 
        ],
       "Rate classes":1,
       "Uncorrected P-value":1
      },
     "NODE_12":{
       "Baseline MG94xREV":0.0325541473618086,
       "Baseline MG94xREV omega ratio":10000000000,
       "Corrected P-value":1,
       "Full adaptive model":0.03402822389593014,
       "Full adaptive model (non-synonymous subs/site)":0.03402822389593014,
       "Full adaptive model (synonymous subs/site)":1e-10,
       "LRT":0.3489358587107745,
       "Nucleotide GTR":0.03564906751581725,
       "Rate Distributions":        [
[10000000000, 1] 
        ],
       "Rate classes":1,
       "Uncorrected P-value":0.3629143637422634
      },
     "NODE_14":{
       "Baseline MG94xREV":0.3062953905963151,
       "Baseline MG94xREV omega ratio":0.09927116041072229,
       "Corrected P-value":0.8420862544668823,
       "Full adaptive model":1242.83646846841,
       "Full adaptive model (non-synonymous subs/site)":1242.800186607865,
       "Full adaptive model (synonymous subs/site)":0.03628186054434653,
       "LRT":3.488982558361386,
       "Nucleotide GTR":0.1519389149925809,
       "Rate Distributions":        [
[0, 0.8862376196430751],
        [100000, 0.1137623803569249] 
        ],
       "Rate classes":2,
       "Uncorrected P-value":0.06477586572822172
      },
     "NODE_3":{
       "Baseline MG94xREV":0.3362651658660951,
       "Baseline MG94xREV omega ratio":0.01883858585356983,
       "Corrected P-value":1,
       "Full adaptive model":0.09619748094457715,
       "Full adaptive model (non-synonymous subs/site)":0.01165463505795218,
       "Full adaptive model (synonymous subs/site)":0.08454284588662493,
       "LRT":0,
       "Nucleotide GTR":0.04651305573937205,
       "Rate Distributions":        [
[0.04578347222545232, 1] 
        ],
       "Rate classes":1,
       "Uncorrected P-value":1
      },
     "NODE_8":{
       "Baseline MG94xREV":0.06213378399741445,
       "Baseline MG94xREV omega ratio":0,
       "Corrected P-value":1,
       "Full adaptive model":0.01957255307058558,
       "Full adaptive model (non-synonymous subs/site)":1e-10,
       "Full adaptive model (synonymous subs/site)":0.01957255307058558,
       "LRT":0,
       "Nucleotide GTR":0.02370842373945693,
       "Rate Distributions":        [
[0, 1] 
        ],
       "Rate classes":1,
       "Uncorrected P-value":1
      },
     "ORG_DANRE":{
       "Baseline MG94xREV":0.288265601373311,
       "Baseline MG94xREV omega ratio":0.01130274322229825,
       "Corrected P-value":1,
       "Full adaptive model":0.32057146987508,
       "Full adaptive model (non-synonymous subs/site)":0.007359229747326277,
       "Full adaptive model (synonymous subs/site)":0.3132122401277539,
       "LRT":0,
       "Nucleotide GTR":0.1353635254291869,
       "Rate Distributions":        [
[0.007803340291525464, 1] 
        ],