{
 "analysis":{
   "authors":"Sergei L Kosakovsky Pond, Ben Murrell, Steven Weaver and Temple iGEM / UCSD viral evolution group",
   "citation":"Less Is More: An Adaptive Branch-Site Random Effects Model for Efficient Detection of Episodic Diversifying Selection (2015). Mol Biol Evol 32 (5): 1342-1353. v2.2 adds support for multiple-hit models",
   "contact":"spond@temple.edu",
   "info":"aBSREL (Adaptive branch-site random effects likelihood)\n                            uses an adaptive random effects branch-site model framework\n                            to test whether each branch has evolved under positive selection,\n                            using a procedure which infers an optimal number of rate categories per branch.",
   "requirements":"in-frame codon alignment and a phylogenetic tree",
   "version":"2.2"
  },
 "branch attributes":{
   "0":{
     "ENSGACP00000011439":{
       "Baseline MG94xREV":0.1312119390092447,
       "Baseline MG94xREV omega ratio":0.1497230623082614,
       "Corrected P-value":1,
       "Full adaptive model":0.1344357426214269,
       "Full adaptive model (non-synonymous subs/site)":0.03997507061112743,
       "Full adaptive model (synonymous subs/site)":0.09446067201029917,
       "LRT":0,
       "Nucleotide GTR":0.1155827015310322,
       "Rate Distributions":        [
[0.1560763866708953, 1] 
        ],
       "Rate classes":1,
       "Uncorrected P-value":1,
       "original name":"ENSGACP00000011439"
      },
     "ENSGMOP00000018272":{
       "Baseline MG94xREV":0.1645511894755161,
       "Baseline MG94xREV omega ratio":0.3046021745025154,
       "Corrected P-value":1,
       "Full adaptive model":0.1774030053296341,
       "Full adaptive model (non-synonymous subs/site)":0.09334899033186651,
       "Full adaptive model (synonymous subs/site)":0.08405401499776761,
       "LRT":0.1019899935981812,
       "Nucleotide GTR":0.1534184629365531,
       "Rate Distributions":        [
[0.08159773345434425, 0.8035735859291673],
        [1.751398774941193, 0.1964264140708327] 
        ],
       "Rate classes":2,
       "Uncorrected P-value":0.4349759290860593,
       "original name":"ENSGMOP00000018272"
      },
     "ENSMODP00000027815":{
       "Baseline MG94xREV":0.03711176073252162,
       "Baseline MG94xREV omega ratio":10000000000,
       "Corrected P-value":1,
       "Full adaptive model":0.04904281585789105,
       "Full adaptive model (non-synonymous subs/site)":0.03374161908103653,
       "Full adaptive model (synonymous subs/site)":0.0153011967768546,
       "LRT":0,
       "Nucleotide GTR":0.08586910425034409,
       "Rate Distributions":        [
[0.8132789121047542, 1] 
        ],
       "Rate classes":1,
       "Uncorrected P-value":1,
       "original name":"ENSMODP00000027815"
      },
     "ENSONIP00000003850":{
       "Baseline MG94xREV":0.09808671994544692,
       "Baseline MG94xREV omega ratio":0.2302121555227997,
       "Corrected P-value":1,
       "Full adaptive model":0.1701952330128271,
       "Full adaptive model (non-synonymous subs/site)":0.1110331069747272,
       "Full adaptive model (synonymous subs/site)":0.05916212603809993,
       "LRT":2.047809611000048,
       "Nucleotide GTR":0.09523953507347532,
       "Rate Distributions":        [
[0.1762098826736031, 0.9912164559209972],
        [58.91696995665777, 0.008783544079002836] 
        ],
       "Rate classes":2,
       "Uncorrected P-value":0.1382419592472208,
       "original name":"ENSONIP00000003850"
      },
     "ENSORLP00000010317":{
       "Baseline MG94xREV":0.1800206414089599,
       "Baseline MG94xREV omega ratio":0.1578054928259068,
       "Corrected P-value":0.5180175878517213,
       "Full adaptive model":0.8686117775618767,
       "Full adaptive model (non-synonymous subs/site)":0.7482826501427621,
       "Full adaptive model (synonymous subs/site)":0.1203291274191147,
       "LRT":4.706114944061483,
       "Nucleotide GTR":0.148202224227288,
       "Rate Distributions":        [
[0.1005622962814223, 0.9654685749600691],
        [63.60538804014435, 0.0345314250399309] 
        ],
       "Rate classes":2,
       "Uncorrected P-value":0.03453450585678142,
       "original name":"ENSORLP00000010317"
      },
     "ENSSHAP00000013397":{
       "Baseline MG94xREV":0.1372204324748333,
       "Baseline MG94xREV omega ratio":0.1135368257955143,
       "Corrected P-value":1,
       "Full adaptive model":0.138754155779715,
       "Full adaptive model (non-synonymous subs/site)":0.04869495263217044,
       "Full adaptive model (synonymous subs/site)":0.09005920314754454,
       "LRT":0.4802766094890103,
       "Nucleotide GTR":0.07996036112043217,
       "Rate Distributions":        [
[0, 0.8744789590494585],
        [1.588686880152905, 0.1255210409505415] 
        ],
       "Rate classes":2,
       "Uncorrected P-value":0.3336151323938455,
       "original name":"ENSSHAP00000013397"
      },
     "ENSTNIP00000021574":{
       "Baseline MG94xREV":0.04528441589499088,
       "Baseline MG94xREV omega ratio":0.2688141754086587,
       "Corrected P-value":1,
       "Full adaptive model":0.04682836175306692,
       "Full adaptive model (non-synonymous subs/site)":0.01948435003082376,
       "Full adaptive model (synonymous subs/site)":0.02734401172224316,
       "LRT":0,
       "Nucleotide GTR":0.046133883548143,
       "Rate Distributions":        [
[0.2627983807022354, 1] 
        ],
       "Rate classes":1,
       "Uncorrected P-value":1,
       "original name":"ENSTNIP00000021574"
      },
     "ENSTRUP00000035238":{
       "Baseline MG94xREV":0.04803371070851482,
       "Baseline MG94xREV omega ratio":0.1584099826227466,
       "Corrected P-value":1,
       "Full adaptive model":0.04793328722749857,
       "Full adaptive model (non-synonymous subs/site)":0.0131976994251903,
       "Full adaptive model (synonymous subs/site)":0.03473558780230826,
       "LRT":0,
       "Nucleotide GTR":0.04304338328672155,
       "Rate Distributions":        [
[0.1401272419738878, 1] 
        ],
       "Rate classes":1,
       "Uncorrected P-value":1,
       "original name":"ENSTRUP00000035238"
      },
     "NGFR_DANRE":{
       "Baseline MG94xREV":0.3761053601576907,
       "Baseline MG94xREV omega ratio":0.1206419798456772,
       "Corrected P-value":1,
       "Full adaptive model":0.3621891800721408,
       "Full adaptive model (non-synonymous subs/site)":0.1366189724844498,
       "Full adaptive model (synonymous subs/site)":0.2255702075876911,
       "LRT":0,
       "Nucleotide GTR":0.2421903529881686,
       "Rate Distributions":        [
[0.03718056362789952, 0.7900733736771491],
        [0.9241152087415483, 0.2099266263228509] 
        ],
       "Rate classes":2,
       "Uncorrected P-value":1,
       "original name":"NGFR_DANRE"
      },
     "NGFR_XENTR":{
       "Baseline MG94xREV":0.4999692790519203,
       "Baseline MG94xREV omega ratio":0.09868670993351442,
       "Corrected P-value":1,
       "Full adaptive model":0.7056602510242649,
       "Full adaptive model (non-synonymous subs/site)":0.3290468351927924,
       "Full adaptive model (synonymous subs/site)":0.3766134158314725,
       "LRT":0.4899308666845172,
       "Nucleotide GTR":0.2592140795927165,
       "Rate Distributions":        [
[0.03766642865379662, 0.8510743977915369],
        [1.948417991926893, 0.1489256022084631] 
        ],
       "Rate classes":2,
       "Uncorrected P-value":0.3316111072322829,
       "original name":"NGFR_XENTR"
      },
     "NODE_10":{
       "Baseline MG94xREV":0.05374622753963795,
       "Baseline MG94xREV omega ratio":0.02337505079217555,
       "Corrected P-value":1,
       "Full adaptive model":0.05298457847678004,
       "Full adaptive model (non-synonymous subs/site)":0.004600235828388761,
       "Full adaptive model (synonymous subs/site)":0.04838434264839125,
       "LRT":0,
       "Nucleotide GTR":0.04724793290348411,
       "Rate Distributions":        [
[0.03506503239916682, 1] 
        ],
       "Rate classes":1,