{
 "analysis":{
   "authors":"Sergei L Kosakovsky Pond, Ben Murrell, Steven Weaver and Temple iGEM / UCSD viral evolution group",
   "citation":"Less Is More: An Adaptive Branch-Site Random Effects Model for Efficient Detection of Episodic Diversifying Selection (2015). Mol Biol Evol 32 (5): 1342-1353. v2.2 adds support for multiple-hit models",
   "contact":"spond@temple.edu",
   "info":"aBSREL (Adaptive branch-site random effects likelihood)\n                            uses an adaptive random effects branch-site model framework\n                            to test whether each branch has evolved under positive selection,\n                            using a procedure which infers an optimal number of rate categories per branch.",
   "requirements":"in-frame codon alignment and a phylogenetic tree",
   "version":"2.2"
  },
 "branch attributes":{
   "0":{
     "ENSDARP00000090044":{
       "Baseline MG94xREV":1.619942910783029,
       "Baseline MG94xREV omega ratio":0.02890181714562404,
       "Corrected P-value":1,
       "Full adaptive model":378.0916089977914,
       "Full adaptive model (non-synonymous subs/site)":376.9240913661886,
       "Full adaptive model (synonymous subs/site)":1.167517631602891,
       "LRT":-0.1665292372463227,
       "Nucleotide GTR":0.3206101008031104,
       "Rate Distributions":        [
[0.01625077117493879, 0.906087374468509],
        [1207.424324149339, 0.09391262553149105] 
        ],
       "Rate classes":2,
       "Uncorrected P-value":0.5,
       "original name":"ENSDARP00000090044"
      },
     "ENSGACP00000007909":{
       "Baseline MG94xREV":0.1285148041053679,
       "Baseline MG94xREV omega ratio":0.33163959124172,
       "Corrected P-value":0.5153444799447719,
       "Full adaptive model":0.1712463893039575,
       "Full adaptive model (non-synonymous subs/site)":0.1110230330659975,
       "Full adaptive model (synonymous subs/site)":0.06022335623796008,
       "LRT":4.114310129738442,
       "Nucleotide GTR":0.1223587503328255,
       "Rate Distributions":        [
[0, 0.8300207587682584],
        [3.809799256382491, 0.1699792412317416] 
        ],
       "Rate classes":2,
       "Uncorrected P-value":0.04684949817679745,
       "original name":"ENSGACP00000007909"
      },
     "ENSGMOP00000017490":{
       "Baseline MG94xREV":0.3233383140217617,
       "Baseline MG94xREV omega ratio":0.183886160107943,
       "Corrected P-value":1,
       "Full adaptive model":0.3122940884253663,
       "Full adaptive model (non-synonymous subs/site)":0.145873979326908,
       "Full adaptive model (synonymous subs/site)":0.1664201090984583,
       "LRT":0,
       "Nucleotide GTR":0.2567459564728952,
       "Rate Distributions":        [
[0, 0.6789002336322212],
        [0.9589189133998927, 0.3210997663677788] 
        ],
       "Rate classes":2,
       "Uncorrected P-value":1,
       "original name":"ENSGMOP00000017490"
      },
     "ENSONIP00000014303":{
       "Baseline MG94xREV":0.2440062483486748,
       "Baseline MG94xREV omega ratio":0.1222707020918146,
       "Corrected P-value":1,
       "Full adaptive model":0.2864716488282559,
       "Full adaptive model (non-synonymous subs/site)":0.1463181800693391,
       "Full adaptive model (synonymous subs/site)":0.1401534687589168,
       "LRT":1.818314255645419,
       "Nucleotide GTR":0.1694629355212747,
       "Rate Distributions":        [
[0, 0.8737837813146798],
        [2.905555135664315, 0.1262162186853202] 
        ],
       "Rate classes":2,
       "Uncorrected P-value":0.1563619063828332,
       "original name":"ENSONIP00000014303"
      },
     "ENSONIP00000019849":{
       "Baseline MG94xREV":0.2094425403110295,
       "Baseline MG94xREV omega ratio":0.1722081953366305,
       "Corrected P-value":1,
       "Full adaptive model":0.202333023658656,
       "Full adaptive model (non-synonymous subs/site)":0.05500943902954735,
       "Full adaptive model (synonymous subs/site)":0.1473235846291092,
       "LRT":0,
       "Nucleotide GTR":0.2000156444238621,
       "Rate Distributions":        [
[0.1311640399995233, 1] 
        ],
       "Rate classes":1,
       "Uncorrected P-value":1,
       "original name":"ENSONIP00000019849"
      },
     "ENSORLP00000000493":{
       "Baseline MG94xREV":0.2297526283714828,
       "Baseline MG94xREV omega ratio":0.3162758885741777,
       "Corrected P-value":0.5476133467659507,
       "Full adaptive model":53.58404328148328,
       "Full adaptive model (non-synonymous subs/site)":53.46826570164932,
       "Full adaptive model (synonymous subs/site)":0.1157775798339672,
       "LRT":4.165191823845817,
       "Nucleotide GTR":0.198114335985936,
       "Rate Distributions":        [
[0.1764986934787807, 0.8959175223819028],
        [1557.113697285435, 0.1040824776180972] 
        ],
       "Rate classes":2,
       "Uncorrected P-value":0.04563444556382923,
       "original name":"ENSORLP00000000493"
      },
     "ENSTNIP00000003350":{
       "Baseline MG94xREV":0.1694233865062826,
       "Baseline MG94xREV omega ratio":0.4545840681339684,
       "Corrected P-value":1,
       "Full adaptive model":0.2280423982253855,
       "Full adaptive model (non-synonymous subs/site)":0.1369800304590653,
       "Full adaptive model (synonymous subs/site)":0.09106236776632022,
       "LRT":0.8004592326878992,
       "Nucleotide GTR":0.1629472414675315,
       "Rate Distributions":        [
[0, 0.7044678841048485],
        [1.787983402542939, 0.2955321158951515] 
        ],
       "Rate classes":2,
       "Uncorrected P-value":0.2752410645783849,
       "original name":"ENSTNIP00000003350"
      },
     "NODE_10":{
       "Baseline MG94xREV":0.02948614987043566,
       "Baseline MG94xREV omega ratio":10000000000,
       "Corrected P-value":1,
       "Full adaptive model":0.03052579469001505,
       "Full adaptive model (non-synonymous subs/site)":0.03052579469001505,
       "Full adaptive model (synonymous subs/site)":1e-10,
       "LRT":1.414664932214691,
       "Nucleotide GTR":0.01410512132609006,
       "Rate Distributions":        [
[10000000000, 1] 
        ],
       "Rate classes":1,
       "Uncorrected P-value":0.1947439335369508
      },
     "NODE_12":{
       "Baseline MG94xREV":0.0988100168997099,
       "Baseline MG94xREV omega ratio":0.07211469410729027,
       "Corrected P-value":1,
       "Full adaptive model":0.08383702233978971,
       "Full adaptive model (non-synonymous subs/site)":0.02551234234039087,
       "Full adaptive model (synonymous subs/site)":0.05832467999939885,
       "LRT":0.8549773707318309,
       "Nucleotide GTR":0.05586152801899523,
       "Rate Distributions":        [
[0, 0.9590227815926857],
        [3.749776136436778, 0.04097721840731428] 
        ],
       "Rate classes":2,
       "Uncorrected P-value":0.266673047521645
      },
     "NODE_14":{
       "Baseline MG94xREV":0.1339072420042288,
       "Baseline MG94xREV omega ratio":0.122035259537647,
       "Corrected P-value":1,
       "Full adaptive model":0.1760609447651949,
       "Full adaptive model (non-synonymous subs/site)":0.06466924422005134,
       "Full adaptive model (synonymous subs/site)":0.1113917005451435,
       "LRT":0.1805773545211196,
       "Nucleotide GTR":0.08985927577945402,
       "Rate Distributions":        [
[0, 0.9333385452179058],
        [3.059285514419647, 0.06666145478209418] 
        ],
       "Rate classes":2,
       "Uncorrected P-value":0.4082757256664196
      },
     "NODE_3":{
       "Baseline MG94xREV":0.2041623036283975,
       "Baseline MG94xREV omega ratio":0.05683829833070831,
       "Corrected P-value":1,
       "Full adaptive model":0.1415487455723518,
       "Full adaptive model (non-synonymous subs/site)":0.01654064221732345,
       "Full adaptive model (synonymous subs/site)":0.1250081033550283,
       "LRT":0,
       "Nucleotide GTR":0.06802754376269957,
       "Rate Distributions":        [
[0.04647977830395132, 1] 
        ],
       "Rate classes":1,
       "Uncorrected P-value":1
      },