{
 "analysis":{
   "authors":"Sergei L Kosakovsky Pond, Ben Murrell, Steven Weaver and Temple iGEM / UCSD viral evolution group",
   "citation":"Less Is More: An Adaptive Branch-Site Random Effects Model for Efficient Detection of Episodic Diversifying Selection (2015). Mol Biol Evol 32 (5): 1342-1353. v2.2 adds support for multiple-hit models",
   "contact":"spond@temple.edu",
   "info":"aBSREL (Adaptive branch-site random effects likelihood)\n                            uses an adaptive random effects branch-site model framework\n                            to test whether each branch has evolved under positive selection,\n                            using a procedure which infers an optimal number of rate categories per branch.",
   "requirements":"in-frame codon alignment and a phylogenetic tree",
   "version":"2.2"
  },
 "branch attributes":{
   "0":{
     "ENSEEUP00000008532":{
       "Baseline MG94xREV":0.03876799922666156,
       "Baseline MG94xREV omega ratio":2.502177284305029,
       "Corrected P-value":0.8517011478011274,
       "Full adaptive model":0.03851861190239065,
       "Full adaptive model (non-synonymous subs/site)":0.03278853230903066,
       "Full adaptive model (synonymous subs/site)":0.005730079593359991,
       "LRT":0.7474884603809642,
       "Nucleotide GTR":0.0416874858129861,
       "Rate Distributions":        [
[2.510575824810799, 1] 
        ],
       "Rate classes":1,
       "Uncorrected P-value":0.2839003826003758,
       "original name":"ENSEEUP00000008532"
      },
     "ENSETEP00000006570":{
       "Baseline MG94xREV":0.03769457047243886,
       "Baseline MG94xREV omega ratio":2.14619838741956,
       "Corrected P-value":0.6391133117069279,
       "Full adaptive model":0.03836693685621217,
       "Full adaptive model (non-synonymous subs/site)":0.03201949093547708,
       "Full adaptive model (synonymous subs/site)":0.006347445920735133,
       "LRT":0.5498902203363514,
       "Nucleotide GTR":0.03608331531474536,
       "Rate Distributions":        [
[2.21323451098083, 1] 
        ],
       "Rate classes":1,
       "Uncorrected P-value":0.3195566558534639,
       "original name":"ENSETEP00000006570"
      },
     "ENSMICP00000008710":{
       "Baseline MG94xREV":0.03599520221222578,
       "Baseline MG94xREV omega ratio":30635054772357068,
       "Corrected P-value":0.2954333519661836,
       "Full adaptive model":0.03593867639255062,
       "Full adaptive model (non-synonymous subs/site)":0.03593867639255062,
       "Full adaptive model (synonymous subs/site)":1e-10,
       "LRT":4.316604136503315,
       "Nucleotide GTR":0.0348383508173896,
       "Rate Distributions":        [
[31980415653074600, 1] 
        ],
       "Rate classes":1,
       "Uncorrected P-value":0.04220476456659766,
       "original name":"ENSMICP00000008710"
      },
     "ENSMMUP00000032350":{
       "Baseline MG94xREV":0.03818935513958495,
       "Baseline MG94xREV omega ratio":10000000000,
       "Corrected P-value":0.4406959593308595,
       "Full adaptive model":0.03824271998788182,
       "Full adaptive model (non-synonymous subs/site)":0.03824271998788182,
       "Full adaptive model (synonymous subs/site)":1e-10,
       "LRT":3.247619081355083,
       "Nucleotide GTR":0.0389430252628337,
       "Rate Distributions":        [
[10000000000, 1] 
        ],
       "Rate classes":1,
       "Uncorrected P-value":0.07344932655514325,
       "original name":"ENSMMUP00000032350"
      },
     "ENSSARP00000011436":{
       "Baseline MG94xREV":0.3098173384425016,
       "Baseline MG94xREV omega ratio":10.60814742432273,
       "Corrected P-value":0.0004284853169975733,
       "Full adaptive model":0.3179375518869625,
       "Full adaptive model (non-synonymous subs/site)":0.3059811346068028,
       "Full adaptive model (synonymous subs/site)":0.01195641728015957,
       "LRT":17.4897206425876,
       "Nucleotide GTR":0.2848516772098981,
       "Rate Distributions":        [
[11.22808281414931, 1] 
        ],
       "Rate classes":1,
       "Uncorrected P-value":5.356066462469666e-05,
       "original name":"ENSSARP00000011436"
      },
     "ENSTBEP00000014045":{
       "Baseline MG94xREV":0.01882571840846895,
       "Baseline MG94xREV omega ratio":10000000000,
       "Corrected P-value":0.6240397106110446,
       "Full adaptive model":0.01939046625274797,
       "Full adaptive model (non-synonymous subs/site)":0.01939046625274797,
       "Full adaptive model (synonymous subs/site)":1e-10,
       "LRT":2.239580855833992,
       "Nucleotide GTR":0.01710268103986587,
       "Rate Distributions":        [
[10000000000, 1] 
        ],
       "Rate classes":1,
       "Uncorrected P-value":0.1248079421222089,
       "original name":"ENSTBEP00000014045"
      },
     "NODE_6":{
       "Baseline MG94xREV":0.001702673346735037,
       "Baseline MG94xREV omega ratio":10000000000,
       "Corrected P-value":0.4749122781315919,
       "Full adaptive model":0.001212373736451563,
       "Full adaptive model (non-synonymous subs/site)":0.001212373736451563,
       "Full adaptive model (synonymous subs/site)":1e-10,
       "LRT":0.01945165027871099,
       "Nucleotide GTR":0.003639886294312489,
       "Rate Distributions":        [
[10000000000, 1] 
        ],
       "Rate classes":1,
       "Uncorrected P-value":0.4749122781315919
      },
     "NODE_8":{
       "Baseline MG94xREV":0.01229210416926277,
       "Baseline MG94xREV omega ratio":10000000000,
       "Corrected P-value":0.8147708535200046,
       "Full adaptive model":0.01212445215993577,
       "Full adaptive model (non-synonymous subs/site)":0.01212445215993577,
       "Full adaptive model (synonymous subs/site)":1e-10,
       "LRT":1.33311144376728,
       "Nucleotide GTR":0.01181177510523431,
       "Rate Distributions":        [
[10000000000, 1] 
        ],
       "Rate classes":1,
       "Uncorrected P-value":0.2036927133800011
      }
    },
   "attributes":{
     "Baseline MG94xREV":{
       "attribute type":"branch length",
       "display order":1
      },
     "Baseline MG94xREV omega ratio":{
       "attribute type":"branch label",
       "display order":1
      },
     "Corrected P-value":{
       "attribute type":"branch label",
       "display order":6
      },
     "Full adaptive model":{
       "attribute type":"branch length",
       "display order":2
      },
     "Full adaptive model (non-synonymous subs/site)":{
       "attribute type":"branch label",
       "display order":10
      },
     "Full adaptive model (synonymous subs/site)":{
       "attribute type":"branch label",
       "display order":9
      },
     "LRT":{
       "attribute type":"branch label",
       "display order":4
      },
     "Nucleotide GTR":{
       "attribute type":"branch length",
       "display order":0
      },
     "Rate Distributions":{
       "attribute type":"branch label",
       "display order":3
      },
     "Rate classes":{
       "attribute type":"branch label",
       "display order":2
      },
     "Uncorrected P-value":{
       "attribute type":"branch label",
       "display order":5
      },
     "original name":{
       "attribute type":"node label",
       "display order":-1
      }
    }
  },
 "data partitions":{
   "0":{
     "coverage":      [
[0, 1, 2, 3, 4, 5, 6, 7, 8, 9, 10, 11, 12, 13, 14, 15, 16, 17, 18, 19, 20, 21, 22, 23, 24, 25, 26, 27, 28, 29, 30, 31, 32, 33, 34, 35, 36, 37, 38, 39, 40, 41, 42, 43, 44, 45, 46, 47, 48, 49, 50, 51, 52, 53, 54, 55, 56, 57, 58] 
      ],
     "name":"absrel.filter.default"
    }
  },
 "fits":{
   "Baseline MG94xREV":{
     "AIC-c":1044.690902035679,