{
 "analysis":{
   "authors":"Sergei L Kosakovsky Pond, Ben Murrell, Steven Weaver and Temple iGEM / UCSD viral evolution group",
   "citation":"Less Is More: An Adaptive Branch-Site Random Effects Model for Efficient Detection of Episodic Diversifying Selection (2015). Mol Biol Evol 32 (5): 1342-1353. v2.2 adds support for multiple-hit models",
   "contact":"spond@temple.edu",
   "info":"aBSREL (Adaptive branch-site random effects likelihood)\n                            uses an adaptive random effects branch-site model framework\n                            to test whether each branch has evolved under positive selection,\n                            using a procedure which infers an optimal number of rate categories per branch.",
   "requirements":"in-frame codon alignment and a phylogenetic tree",
   "version":"2.2"
  },
 "branch attributes":{
   "0":{
     "LOC100407916_CALJA":{
       "Baseline MG94xREV":0.04984499910813709,
       "Baseline MG94xREV omega ratio":4.345742492305042,
       "Corrected P-value":1,
       "Full adaptive model":0.04854280961433585,
       "Full adaptive model (non-synonymous subs/site)":0.04452602954914719,
       "Full adaptive model (synonymous subs/site)":0.004016780065188632,
       "LRT":1.762490657093849,
       "Nucleotide GTR":0.05064672662127826,
       "Rate Distributions":        [
[4.793215467385935, 1] 
        ],
       "Rate classes":1,
       "Uncorrected P-value":0.161142838945748,
       "original name":"LOC100407916_CALJA"
      },
     "NODE_10":{
       "Baseline MG94xREV":0.07385458126155837,
       "Baseline MG94xREV omega ratio":0.6511871082898015,
       "Corrected P-value":0.5228768896477145,
       "Full adaptive model":0.0879272111766938,
       "Full adaptive model (non-synonymous subs/site)":0.05891012734587587,
       "Full adaptive model (synonymous subs/site)":0.02901708383081794,
       "LRT":3.471726788846922,
       "Nucleotide GTR":0.07290299839383774,
       "Rate Distributions":        [
[0, 0.8844365265947993],
        [7.596379365775099, 0.1155634734052007] 
        ],
       "Rate classes":2,
       "Uncorrected P-value":0.06535961120596431
      },
     "NODE_8":{
       "Baseline MG94xREV":0.01232681653739607,
       "Baseline MG94xREV omega ratio":0.2907838467295975,
       "Corrected P-value":1,
       "Full adaptive model":0.01359913866797128,
       "Full adaptive model (non-synonymous subs/site)":0.005699497866345919,
       "Full adaptive model (synonymous subs/site)":0.007899640801625344,
       "LRT":0,
       "Nucleotide GTR":0.01058292491640141,
       "Rate Distributions":        [
[0.3119753539084107, 1] 
        ],
       "Rate classes":1,
       "Uncorrected P-value":1
      },
     "PRCD_FELCA":{
       "Baseline MG94xREV":0.1204193668360295,
       "Baseline MG94xREV omega ratio":0.7098971862291319,
       "Corrected P-value":1,
       "Full adaptive model":0.1202372401990122,
       "Full adaptive model (non-synonymous subs/site)":0.07434088789797041,
       "Full adaptive model (synonymous subs/site)":0.0458963523010418,
       "LRT":0,
       "Nucleotide GTR":0.1190101358404898,
       "Rate Distributions":        [
[0.7003910829475736, 1] 
        ],
       "Rate classes":1,
       "Uncorrected P-value":1,
       "original name":"PRCD_FELCA"
      },
     "PRCD_GGOR":{
       "Baseline MG94xREV":0.005564804501150323,
       "Baseline MG94xREV omega ratio":0,
       "Corrected P-value":1,
       "Full adaptive model":0.005558543435157152,
       "Full adaptive model (non-synonymous subs/site)":1e-10,
       "Full adaptive model (synonymous subs/site)":0.005558543435157152,
       "LRT":0,
       "Nucleotide GTR":0.005402811533105731,
       "Rate Distributions":        [
[0, 1] 
        ],
       "Rate classes":1,
       "Uncorrected P-value":1,
       "original name":"PRCD_GGOR"
      },
     "PRCD_HUMAN":{
       "Baseline MG94xREV":0.01100242060994467,
       "Baseline MG94xREV omega ratio":0.4181681627490587,
       "Corrected P-value":1,
       "Full adaptive model":0.01099830121060068,
       "Full adaptive model (non-synonymous subs/site)":0.005399879799782935,
       "Full adaptive model (synonymous subs/site)":0.005598421410817725,
       "LRT":0,
       "Nucleotide GTR":0.0108591897185996,
       "Rate Distributions":        [
[0.4170705660843876, 1] 
        ],
       "Rate classes":1,
       "Uncorrected P-value":1,
       "original name":"PRCD_HUMAN"
      },
     "PRCD_PONAB":{
       "Baseline MG94xREV":0.005421498740344939,
       "Baseline MG94xREV omega ratio":10000000000,
       "Corrected P-value":1,
       "Full adaptive model":0.005418922623697396,
       "Full adaptive model (non-synonymous subs/site)":0.005418922623697396,
       "Full adaptive model (synonymous subs/site)":1e-10,
       "LRT":0.708027304025677,
       "Nucleotide GTR":0.005419639817004181,
       "Rate Distributions":        [
[10000000000, 1] 
        ],
       "Rate classes":1,
       "Uncorrected P-value":0.2905795112314566,
       "original name":"PRCD_PONAB"
      },
     "PRCD_TURTR":{
       "Baseline MG94xREV":0.1058616619507149,
       "Baseline MG94xREV omega ratio":1.667594134662193,
       "Corrected P-value":1,
       "Full adaptive model":0.1060608670890612,
       "Full adaptive model (non-synonymous subs/site)":0.08530517304005837,
       "Full adaptive model (synonymous subs/site)":0.02075569404900287,
       "LRT":0.4968743324035358,
       "Nucleotide GTR":0.105309037241585,
       "Rate Distributions":        [
[1.777170693462022, 1] 
        ],
       "Rate classes":1,
       "Uncorrected P-value":0.3301810097412824,
       "original name":"PRCD_TURTR"
      }
    },
   "attributes":{
     "Baseline MG94xREV":{
       "attribute type":"branch length",
       "display order":1
      },
     "Baseline MG94xREV omega ratio":{
       "attribute type":"branch label",
       "display order":1
      },
     "Corrected P-value":{
       "attribute type":"branch label",
       "display order":6
      },
     "Full adaptive model":{
       "attribute type":"branch length",
       "display order":2
      },
     "Full adaptive model (non-synonymous subs/site)":{
       "attribute type":"branch label",
       "display order":10
      },
     "Full adaptive model (synonymous subs/site)":{
       "attribute type":"branch label",
       "display order":9
      },
     "LRT":{
       "attribute type":"branch label",
       "display order":4
      },
     "Nucleotide GTR":{
       "attribute type":"branch length",
       "display order":0
      },
     "Rate Distributions":{
       "attribute type":"branch label",
       "display order":3
      },
     "Rate classes":{
       "attribute type":"branch label",
       "display order":2
      },
     "Uncorrected P-value":{
       "attribute type":"branch label",
       "display order":5
      },
     "original name":{
       "attribute type":"node label",
       "display order":-1
      }
    }
  },
 "data partitions":{
   "0":{
     "coverage":      [
[0, 1, 2, 3, 4, 5, 6, 7, 8, 9, 10, 11, 12, 13, 14, 15, 16, 17, 18, 19, 20, 21, 22, 23, 24, 25, 26, 27, 28, 29, 30, 31, 32, 33, 34, 35, 36, 37, 38, 39, 40, 41, 42, 43, 44, 45, 46, 47, 48, 49, 50, 51, 52, 53, 54, 55, 56, 57, 58, 59, 60, 61] 
      ],
     "name":"absrel.filter.default"
    }
  },
 "fits":{
   "Baseline MG94xREV":{
     "AIC-c":1092.05039402672,