{
 "analysis":{
   "authors":"Sergei L Kosakovsky Pond, Ben Murrell, Steven Weaver and Temple iGEM / UCSD viral evolution group",
   "citation":"Less Is More: An Adaptive Branch-Site Random Effects Model for Efficient Detection of Episodic Diversifying Selection (2015). Mol Biol Evol 32 (5): 1342-1353. v2.2 adds support for multiple-hit models",
   "contact":"spond@temple.edu",
   "info":"aBSREL (Adaptive branch-site random effects likelihood)\n                            uses an adaptive random effects branch-site model framework\n                            to test whether each branch has evolved under positive selection,\n                            using a procedure which infers an optimal number of rate categories per branch.",
   "requirements":"in-frame codon alignment and a phylogenetic tree",
   "version":"2.2"
  },
 "branch attributes":{
   "0":{
     "DNMT4_DANRE":{
       "Baseline MG94xREV":0.2728429032073758,
       "Baseline MG94xREV omega ratio":0.02054382548675017,
       "Corrected P-value":1,
       "Full adaptive model":0.2090930255972686,
       "Full adaptive model (non-synonymous subs/site)":0.0128667364909931,
       "Full adaptive model (synonymous subs/site)":0.1962262891062755,
       "LRT":0,
       "Nucleotide GTR":0.1273021745970834,
       "Rate Distributions":        [
[0.02200951121556484, 1],
        [0.04149010340698132, 0] 
        ],
       "Rate classes":2,
       "Uncorrected P-value":1,
       "original name":"DNMT4_DANRE"
      },
     "ENSGACP00000013579":{
       "Baseline MG94xREV":0.08158810660710623,
       "Baseline MG94xREV omega ratio":0.1049117853489963,
       "Corrected P-value":0.5844651713524531,
       "Full adaptive model":85.90676236349789,
       "Full adaptive model (non-synonymous subs/site)":85.84575782870169,
       "Full adaptive model (synonymous subs/site)":0.06100453479618548,
       "LRT":4.194081861804079,
       "Nucleotide GTR":0.07029934604463832,
       "Rate Distributions":        [
[0.07802869941576693, 0.9727924667657334],
        [0.07858811067869308, 0.02248489717261813],
        [100000, 0.004722636061648484] 
        ],
       "Rate classes":3,
       "Uncorrected P-value":0.04495885933480409,
       "original name":"ENSGACP00000013579"
      },
     "ENSGMOP00000016142":{
       "Baseline MG94xREV":0.1618951402437689,
       "Baseline MG94xREV omega ratio":0.06133075863295601,
       "Corrected P-value":1,
       "Full adaptive model":0.1737711035957707,
       "Full adaptive model (non-synonymous subs/site)":0.02677331261116279,
       "Full adaptive model (synonymous subs/site)":0.1469977909846079,
       "LRT":0,
       "Nucleotide GTR":0.1011912381083403,
       "Rate Distributions":        [
[0.0007806809326198587, 0.8764864781278002],
        [0.4894267645796333, 0.1235135218721998] 
        ],
       "Rate classes":2,
       "Uncorrected P-value":1,
       "original name":"ENSGMOP00000016142"
      },
     "ENSLACP00000009510":{
       "Baseline MG94xREV":0.6368171754706936,
       "Baseline MG94xREV omega ratio":0.07297720103292143,
       "Corrected P-value":1,
       "Full adaptive model":33.38154701389336,
       "Full adaptive model (non-synonymous subs/site)":33.08399148717956,
       "Full adaptive model (synonymous subs/site)":0.2975555267138011,
       "LRT":2.452976740743907,
       "Nucleotide GTR":0.2699585316916776,
       "Rate Distributions":        [
[0.07343142755519236, 0.004580229659007208],
        [0.07371781159437288, 0.9335776936868573],
        [602.3646445053561, 0.06184207665413551] 
        ],
       "Rate classes":3,
       "Uncorrected P-value":0.1114566872958372,
       "original name":"ENSLACP00000009510"
      },
     "ENSONIP00000018686":{
       "Baseline MG94xREV":0.08358698460300627,
       "Baseline MG94xREV omega ratio":0.0608548265562466,
       "Corrected P-value":1,
       "Full adaptive model":0.08439402061202279,
       "Full adaptive model (non-synonymous subs/site)":0.01104943052983925,
       "Full adaptive model (synonymous subs/site)":0.07334459008218354,
       "LRT":0,
       "Nucleotide GTR":0.06411389651656998,
       "Rate Distributions":        [
[0.05056744282284753, 1] 
        ],
       "Rate classes":1,
       "Uncorrected P-value":1,
       "original name":"ENSONIP00000018686"
      },
     "ENSORLP00000025108":{
       "Baseline MG94xREV":0.1562901350330062,
       "Baseline MG94xREV omega ratio":0.06583493582634775,
       "Corrected P-value":1,
       "Full adaptive model":0.1468461303013599,
       "Full adaptive model (non-synonymous subs/site)":0.02202290363436053,
       "Full adaptive model (synonymous subs/site)":0.1248232266669994,
       "LRT":0,
       "Nucleotide GTR":0.1156715814550761,
       "Rate Distributions":        [
[0.0592213571356916, 1] 
        ],
       "Rate classes":1,
       "Uncorrected P-value":1,
       "original name":"ENSORLP00000025108"
      },
     "ENSTNIP00000009615":{
       "Baseline MG94xREV":0.0571271020071136,
       "Baseline MG94xREV omega ratio":0.01592088845865106,
       "Corrected P-value":1,
       "Full adaptive model":0.05545835058784004,
       "Full adaptive model (non-synonymous subs/site)":0.002184977848405472,
       "Full adaptive model (synonymous subs/site)":0.05327337273943456,
       "LRT":0,
       "Nucleotide GTR":0.03960599184892922,
       "Rate Distributions":        [
[0.01376689587088857, 1] 
        ],
       "Rate classes":1,
       "Uncorrected P-value":1,
       "original name":"ENSTNIP00000009615"
      },
     "ENSTRUP00000031152":{
       "Baseline MG94xREV":0.04043903775660058,
       "Baseline MG94xREV omega ratio":0.0493695245674467,
       "Corrected P-value":1,
       "Full adaptive model":0.04040676852829665,
       "Full adaptive model (non-synonymous subs/site)":0.004460377778869545,
       "Full adaptive model (synonymous subs/site)":0.03594639074942711,
       "LRT":0,
       "Nucleotide GTR":0.04175435263181198,
       "Rate Distributions":        [
[0.04165005072025126, 1] 
        ],
       "Rate classes":1,
       "Uncorrected P-value":1,
       "original name":"ENSTRUP00000031152"
      },
     "NODE_11":{
       "Baseline MG94xREV":0.08238397788374628,
       "Baseline MG94xREV omega ratio":0.08959830074013694,
       "Corrected P-value":1,
       "Full adaptive model":0.103972048397113,
       "Full adaptive model (non-synonymous subs/site)":0.02893514010771004,
       "Full adaptive model (synonymous subs/site)":0.07503690828940297,
       "LRT":2.220374456530408,
       "Nucleotide GTR":0.0650409281681788,
       "Rate Distributions":        [
[0, 0.9499630248484311],
        [2.586775816858525, 0.05003697515156891] 
        ],
       "Rate classes":2,
       "Uncorrected P-value":0.1260891836308034
      },
     "NODE_3":{
       "Baseline MG94xREV":0.008491035267541249,
       "Baseline MG94xREV omega ratio":0,
       "Corrected P-value":1,
       "Full adaptive model":0.007078768185677624,
       "Full adaptive model (non-synonymous subs/site)":1e-10,
       "Full adaptive model (synonymous subs/site)":0.007078768185677624,
       "LRT":0,
       "Nucleotide GTR":0.01354740723937263,
       "Rate Distributions":        [
[0, 1] 
        ],
       "Rate classes":1,
       "Uncorrected P-value":1
      },
     "NODE_5":{
       "Baseline MG94xREV":0.02689046776586903,
       "Baseline MG94xREV omega ratio":0.00958881864282852,
       "Corrected P-value":1,
       "Full adaptive model":0.02451680993553273,
       "Full adaptive model (non-synonymous subs/site)":0.0007632263369888461,
       "Full adaptive model (synonymous subs/site)":0.02375358359854387,
       "LRT":0,
       "Nucleotide GTR":0.01851798912605645,
       "Rate Distributions":        [
[0.01078508050790893, 1] 
        ],
       "Rate classes":1,
       "Uncorrected P-value":1
      },
     "NODE_8":{
       "Baseline MG94xREV":0.05583849587784904,
       "Baseline MG94xREV omega ratio":0.05474886464214983,
       "Corrected P-value":1,