{
 "analysis":{
   "authors":"Sergei L Kosakovsky Pond, Ben Murrell, Steven Weaver and Temple iGEM / UCSD viral evolution group",
   "citation":"Less Is More: An Adaptive Branch-Site Random Effects Model for Efficient Detection of Episodic Diversifying Selection (2015). Mol Biol Evol 32 (5): 1342-1353. v2.2 adds support for multiple-hit models",
   "contact":"spond@temple.edu",
   "info":"aBSREL (Adaptive branch-site random effects likelihood)\n                            uses an adaptive random effects branch-site model framework\n                            to test whether each branch has evolved under positive selection,\n                            using a procedure which infers an optimal number of rate categories per branch.",
   "requirements":"in-frame codon alignment and a phylogenetic tree",
   "version":"2.2"
  },
 "branch attributes":{
   "0":{
     "CABZ01067232_1_DANRE":{
       "Baseline MG94xREV":0.6591764368419225,
       "Baseline MG94xREV omega ratio":0.07369817761504721,
       "Corrected P-value":1,
       "Full adaptive model":0.6556277597478976,
       "Full adaptive model (non-synonymous subs/site)":0.170059968191156,
       "Full adaptive model (synonymous subs/site)":0.4855677915567416,
       "LRT":0,
       "Nucleotide GTR":0.2937811394255989,
       "Rate Distributions":        [
[0, 0.6901800345962602],
        [0.4170082163691686, 0.3098199654037398] 
        ],
       "Rate classes":2,
       "Uncorrected P-value":1,
       "original name":"CABZ01067232.1_DANRE"
      },
     "ENSLACP00000004945":{
       "Baseline MG94xREV":2.443858584239115,
       "Baseline MG94xREV omega ratio":0.0265069949395784,
       "Corrected P-value":1,
       "Full adaptive model":4.99556857012724,
       "Full adaptive model (non-synonymous subs/site)":0.2407749928651136,
       "Full adaptive model (synonymous subs/site)":4.754793577262127,
       "LRT":0,
       "Nucleotide GTR":0.3881918638453375,
       "Rate Distributions":        [
[0.005163436346273029, 0.7976636446215383],
        [0.07196686770589543, 0.2023363553784617] 
        ],
       "Rate classes":2,
       "Uncorrected P-value":1,
       "original name":"ENSLACP00000004945"
      },
     "ENSONIP00000015554":{
       "Baseline MG94xREV":0.1651698945315457,
       "Baseline MG94xREV omega ratio":0.240514888009298,
       "Corrected P-value":1,
       "Full adaptive model":0.1882362536765963,
       "Full adaptive model (non-synonymous subs/site)":0.07204220893926619,
       "Full adaptive model (synonymous subs/site)":0.1161940447373302,
       "LRT":0,
       "Nucleotide GTR":0.1483791019212806,
       "Rate Distributions":        [
[0, 0.7389358012607439],
        [0.8761079543718654, 0.2610641987392561] 
        ],
       "Rate classes":2,
       "Uncorrected P-value":1,
       "original name":"ENSONIP00000015554"
      },
     "ENSONIP00000021722":{
       "Baseline MG94xREV":0.168391638497889,
       "Baseline MG94xREV omega ratio":0.3511923132473895,
       "Corrected P-value":1,
       "Full adaptive model":0.2533589604062828,
       "Full adaptive model (non-synonymous subs/site)":0.09913013466119258,
       "Full adaptive model (synonymous subs/site)":0.1542288257450901,
       "LRT":0,
       "Nucleotide GTR":0.1704205159621557,
       "Rate Distributions":        [
[0, 0.7283269232023739],
        [0.8727610056570401, 0.2716730767976261] 
        ],
       "Rate classes":2,
       "Uncorrected P-value":1,
       "original name":"ENSONIP00000021722"
      },
     "ENSORLP00000008418":{
       "Baseline MG94xREV":0.2012568789761761,
       "Baseline MG94xREV omega ratio":0.2621440722397647,
       "Corrected P-value":1,
       "Full adaptive model":0.2703226702334758,
       "Full adaptive model (non-synonymous subs/site)":0.1611658370969123,
       "Full adaptive model (synonymous subs/site)":0.1091568331365636,
       "LRT":0.8169163567945361,
       "Nucleotide GTR":0.1638436421751794,
       "Rate Distributions":        [
[0.111704900663125, 0.899929681225719],
        [4.438193122928111, 0.100070318774281] 
        ],
       "Rate classes":2,
       "Uncorrected P-value":0.272618940100059,
       "original name":"ENSORLP00000008418"
      },
     "ENSTNIP00000014128":{
       "Baseline MG94xREV":0.07595072666123676,
       "Baseline MG94xREV omega ratio":0.1853934012362571,
       "Corrected P-value":1,
       "Full adaptive model":0.06358967918100338,
       "Full adaptive model (non-synonymous subs/site)":0.01966836175440023,
       "Full adaptive model (synonymous subs/site)":0.04392131742660315,
       "LRT":0,
       "Nucleotide GTR":0.07217894851057728,
       "Rate Distributions":        [
[0.1651941335578852, 1] 
        ],
       "Rate classes":1,
       "Uncorrected P-value":1,
       "original name":"ENSTNIP00000014128"
      },
     "ENSTRUP00000007370":{
       "Baseline MG94xREV":0.09504800933995165,
       "Baseline MG94xREV omega ratio":0.2012353870939731,
       "Corrected P-value":1,
       "Full adaptive model":0.1061845085504712,
       "Full adaptive model (non-synonymous subs/site)":0.03495244246615221,
       "Full adaptive model (synonymous subs/site)":0.07123206608431892,
       "LRT":0,
       "Nucleotide GTR":0.07935792331654078,
       "Rate Distributions":        [
[0.1810105047940518, 1] 
        ],
       "Rate classes":1,
       "Uncorrected P-value":1,
       "original name":"ENSTRUP00000007370"
      },
     "ENSTRUP00000009134":{
       "Baseline MG94xREV":0.2568906732048021,
       "Baseline MG94xREV omega ratio":0.1999375708699568,
       "Corrected P-value":1,
       "Full adaptive model":0.231608852538139,
       "Full adaptive model (non-synonymous subs/site)":0.1217266963645825,
       "Full adaptive model (synonymous subs/site)":0.1098821561735566,
       "LRT":0.3114006133919247,
       "Nucleotide GTR":0.1776253851185702,
       "Rate Distributions":        [
[0, 0.7088070109884591],
        [1.403393754891012, 0.2911929890115409] 
        ],
       "Rate classes":2,
       "Uncorrected P-value":0.372109086680981,
       "original name":"ENSTRUP00000009134"
      },
     "NODE_10":{
       "Baseline MG94xREV":0.04471714168077173,
       "Baseline MG94xREV omega ratio":10000000000,
       "Corrected P-value":0.01256920967075337,
       "Full adaptive model":0.1025137911880292,
       "Full adaptive model (non-synonymous subs/site)":0.1024936656251492,
       "Full adaptive model (synonymous subs/site)":2.012556287991642e-05,
       "LRT":11.74479306412832,
       "Nucleotide GTR":0.07783868950784979,
       "Rate Distributions":        [
[1, 0.9092111200015421],
        [20682.7312338681, 0.09078887999845786] 
        ],
       "Rate classes":2,
       "Uncorrected P-value":0.0009668622823656436
      },
     "NODE_12":{
       "Baseline MG94xREV":0.2805827175469396,
       "Baseline MG94xREV omega ratio":0.03771702479198818,
       "Corrected P-value":1,
       "Full adaptive model":0.1890291151756484,
       "Full adaptive model (non-synonymous subs/site)":0.01440216637423794,
       "Full adaptive model (synonymous subs/site)":0.1746269488014105,
       "LRT":0,
       "Nucleotide GTR":0.04340975610883527,
       "Rate Distributions":        [
[0.03042414267498566, 1] 
        ],
       "Rate classes":1,
       "Uncorrected P-value":1
      },
     "NODE_3":{
       "Baseline MG94xREV":0.1433093734812759,
       "Baseline MG94xREV omega ratio":0.1618653759422956,
       "Corrected P-value":0.08466876538514345,
       "Full adaptive model":0.1999160038205998,
       "Full adaptive model (non-synonymous subs/site)":0.1730836601903311,
       "Full adaptive model (synonymous subs/site)":0.02683234363026861,
       "LRT":7.817163439010983,
       "Nucleotide GTR":0.09560161604173702,
       "Rate Distributions":        [
[0.1560622446936472, 0.9324106872600745],
        [33.05345212376842, 0.06758931273992552] 
        ],
       "Rate classes":2,
       "Uncorrected P-value":0.007055730448761954
      },