{
 "analysis":{
   "authors":"Sergei L Kosakovsky Pond, Ben Murrell, Steven Weaver and Temple iGEM / UCSD viral evolution group",
   "citation":"Less Is More: An Adaptive Branch-Site Random Effects Model for Efficient Detection of Episodic Diversifying Selection (2015). Mol Biol Evol 32 (5): 1342-1353. v2.2 adds support for multiple-hit models",
   "contact":"spond@temple.edu",
   "info":"aBSREL (Adaptive branch-site random effects likelihood)\n                            uses an adaptive random effects branch-site model framework\n                            to test whether each branch has evolved under positive selection,\n                            using a procedure which infers an optimal number of rate categories per branch.",
   "requirements":"in-frame codon alignment and a phylogenetic tree",
   "version":"2.2"
  },
 "branch attributes":{
   "0":{
     "NODE_10":{
       "Baseline MG94xREV":0.1592421178855568,
       "Baseline MG94xREV omega ratio":0.187525711790206,
       "Corrected P-value":0.815646948835268,
       "Full adaptive model":0.4105731408867472,
       "Full adaptive model (non-synonymous subs/site)":0.3121048911106857,
       "Full adaptive model (synonymous subs/site)":0.09846824977606146,
       "LRT":3.55036972947164,
       "Nucleotide GTR":0.140112864657409,
       "Rate Distributions":        [
[0.09049904664831313, 0.9230682090782335],
        [0.828615722916147, 0.0405251907982733],
        [26.81284005438424, 0.03640660012349319] 
        ],
       "Rate classes":3,
       "Uncorrected P-value":0.06274207298732831
      },
     "NODE_11":{
       "Baseline MG94xREV":0.1098937145914589,
       "Baseline MG94xREV omega ratio":0.03650353189937958,
       "Corrected P-value":1,
       "Full adaptive model":0.09453795444823165,
       "Full adaptive model (non-synonymous subs/site)":0.005493127278198749,
       "Full adaptive model (synonymous subs/site)":0.08904482717003288,
       "LRT":0,
       "Nucleotide GTR":0.05996526883748252,
       "Rate Distributions":        [
[0.02127837169569367, 1] 
        ],
       "Rate classes":1,
       "Uncorrected P-value":1
      },
     "NODE_3":{
       "Baseline MG94xREV":0.0003921219275441084,
       "Baseline MG94xREV omega ratio":10000000000,
       "Corrected P-value":1,
       "Full adaptive model":0,
       "Full adaptive model (non-synonymous subs/site)":1e-10,
       "Full adaptive model (synonymous subs/site)":1e-10,
       "LRT":0,
       "Nucleotide GTR":0.00654376122710999,
       "Rate Distributions":        [
[1, 1] 
        ],
       "Rate classes":1,
       "Uncorrected P-value":1
      },
     "NODE_6":{
       "Baseline MG94xREV":0.1448086595689357,
       "Baseline MG94xREV omega ratio":0.110012322287537,
       "Corrected P-value":1,
       "Full adaptive model":0.1370797764980774,
       "Full adaptive model (non-synonymous subs/site)":0.03170393122563034,
       "Full adaptive model (synonymous subs/site)":0.1053758452724471,
       "LRT":0,
       "Nucleotide GTR":0.1044957818401482,
       "Rate Distributions":        [
[0.1037766077194184, 1] 
        ],
       "Rate classes":1,
       "Uncorrected P-value":1
      },
     "NODE_7":{
       "Baseline MG94xREV":0.008606624567478483,
       "Baseline MG94xREV omega ratio":10000000000,
       "Corrected P-value":1,
       "Full adaptive model":0.008529369571295608,
       "Full adaptive model (non-synonymous subs/site)":0.008529369571295608,
       "Full adaptive model (synonymous subs/site)":1e-10,
       "LRT":0.9043161286226677,
       "Nucleotide GTR":0.01401671135179793,
       "Rate Distributions":        [
[10000000000, 1] 
        ],
       "Rate classes":1,
       "Uncorrected P-value":0.2592014835772375
      },
     "PADI2_1_OF_2_ORYLA":{
       "Baseline MG94xREV":0.01259953159726332,
       "Baseline MG94xREV omega ratio":0.3259519479547787,
       "Corrected P-value":0.7604809217318969,
       "Full adaptive model":0.0156736584700268,
       "Full adaptive model (non-synonymous subs/site)":0.008561712841928883,
       "Full adaptive model (synonymous subs/site)":0.007111945628097914,
       "LRT":3.531098524059416,
       "Nucleotide GTR":0.01117601253299698,
       "Rate Distributions":        [
[0.1552439721960355, 0.9962721854173096],
        [69.90025762317856, 0.003727814582690447] 
        ],
       "Rate classes":2,
       "Uncorrected P-value":0.06337341014432474,
       "original name":"PADI2_1_OF_2_ORYLA"
      },
     "PADI2_2_OF_2_ORYLA":{
       "Baseline MG94xREV":0.01079131363828076,
       "Baseline MG94xREV omega ratio":0.8771502011230903,
       "Corrected P-value":1,
       "Full adaptive model":0.01120704050631252,
       "Full adaptive model (non-synonymous subs/site)":0.008163571548706111,
       "Full adaptive model (synonymous subs/site)":0.0030434689576064,
       "LRT":0,
       "Nucleotide GTR":0.01240108316746862,
       "Rate Distributions":        [
[0.9252066621437949, 1] 
        ],
       "Rate classes":1,
       "Uncorrected P-value":1,
       "original name":"PADI2_2_OF_2_ORYLA"
      },
     "PADI2_DANRE":{
       "Baseline MG94xREV":0.3012401016459784,
       "Baseline MG94xREV omega ratio":0.1028352812844838,
       "Corrected P-value":1,
       "Full adaptive model":0.3080651334813584,
       "Full adaptive model (non-synonymous subs/site)":0.1029313436066331,
       "Full adaptive model (synonymous subs/site)":0.2051337898747252,
       "LRT":0,
       "Nucleotide GTR":0.19813282177058,
       "Rate Distributions":        [
[0, 0.8096282655645702],
        [0.9091496916476407, 0.1903717344354298] 
        ],
       "Rate classes":2,
       "Uncorrected P-value":1,
       "original name":"PADI2_DANRE"
      },
     "PADI2_GADMO":{
       "Baseline MG94xREV":0.1825957805410486,
       "Baseline MG94xREV omega ratio":0.188359557853137,
       "Corrected P-value":1,
       "Full adaptive model":0.1950514905854453,
       "Full adaptive model (non-synonymous subs/site)":0.08351089393135117,
       "Full adaptive model (synonymous subs/site)":0.1115405966540941,
       "LRT":0.1009790340649488,
       "Nucleotide GTR":0.139702320282615,
       "Rate Distributions":        [
[0, 0.769363833324862],
        [1.119721925868095, 0.230636166675138] 
        ],
       "Rate classes":2,
       "Uncorrected P-value":0.4353607492860344,
       "original name":"PADI2_GADMO"
      },
     "PADI2_GASAC":{
       "Baseline MG94xREV":0.1563827032968877,
       "Baseline MG94xREV omega ratio":0.1241254551683833,
       "Corrected P-value":1,
       "Full adaptive model":0.1589004502864597,
       "Full adaptive model (non-synonymous subs/site)":0.04732906199872317,
       "Full adaptive model (synonymous subs/site)":0.1115713882877366,
       "LRT":0,
       "Nucleotide GTR":0.1143014238430511,
       "Rate Distributions":        [
[0.005909074432641115, 0.8351693662324003],
        [0.8577563035699837, 0.1648306337675997] 
        ],
       "Rate classes":2,
       "Uncorrected P-value":1,
       "original name":"PADI2_GASAC"
      },
     "PADI2_ORENI":{
       "Baseline MG94xREV":0.1077667280167841,
       "Baseline MG94xREV omega ratio":0.09858186771941445,
       "Corrected P-value":1,
       "Full adaptive model":0.1055341430011384,
       "Full adaptive model (non-synonymous subs/site)":0.02071800803185201,
       "Full adaptive model (synonymous subs/site)":0.08481613496928632,
       "LRT":0,
       "Nucleotide GTR":0.09577804180565277,
       "Rate Distributions":        [
[0.08425524455103553, 1] 
        ],
       "Rate classes":1,
       "Uncorrected P-value":1,
       "original name":"PADI2_ORENI"
      },
     "PADI2_TAKRU":{
       "Baseline MG94xREV":0.06191869412293381,
       "Baseline MG94xREV omega ratio":0.1183882686527391,
       "Corrected P-value":1,
       "Full adaptive model":0.06375591714321401,
       "Full adaptive model (non-synonymous subs/site)":0.01455894541868811,
       "Full adaptive model (synonymous subs/site)":0.04919697172452592,