{
 "analysis":{
   "authors":"Sergei L Kosakovsky Pond, Ben Murrell, Steven Weaver and Temple iGEM / UCSD viral evolution group",
   "citation":"Less Is More: An Adaptive Branch-Site Random Effects Model for Efficient Detection of Episodic Diversifying Selection (2015). Mol Biol Evol 32 (5): 1342-1353. v2.2 adds support for multiple-hit models",
   "contact":"spond@temple.edu",
   "info":"aBSREL (Adaptive branch-site random effects likelihood)\n                            uses an adaptive random effects branch-site model framework\n                            to test whether each branch has evolved under positive selection,\n                            using a procedure which infers an optimal number of rate categories per branch.",
   "requirements":"in-frame codon alignment and a phylogenetic tree",
   "version":"2.2"
  },
 "branch attributes":{
   "0":{
     "BX572619_1_DANRE":{
       "Baseline MG94xREV":0.07033267955622959,
       "Baseline MG94xREV omega ratio":0.2737979138506564,
       "Corrected P-value":1,
       "Full adaptive model":0.06810474016573734,
       "Full adaptive model (non-synonymous subs/site)":0.02890857560945145,
       "Full adaptive model (synonymous subs/site)":0.03919616455628596,
       "LRT":0,
       "Nucleotide GTR":0.06821289775691017,
       "Rate Distributions":        [
[0.2507134943774728, 1] 
        ],
       "Rate classes":1,
       "Uncorrected P-value":1,
       "original name":"BX572619.1_DANRE"
      },
     "BX572619_2_DANRE":{
       "Baseline MG94xREV":0.08671284585337752,
       "Baseline MG94xREV omega ratio":0.2691814054063839,
       "Corrected P-value":0.4951956818770795,
       "Full adaptive model":0.142811800223978,
       "Full adaptive model (non-synonymous subs/site)":0.100781740983492,
       "Full adaptive model (synonymous subs/site)":0.04203005924048601,
       "LRT":5.148904627463708,
       "Nucleotide GTR":0.08757455958675658,
       "Rate Distributions":        [
[0.04964993971497189, 0.9498437457254774],
        [15.31116593059843, 0.05015625427452264] 
        ],
       "Rate classes":2,
       "Uncorrected P-value":0.02751087121539331,
       "original name":"BX572619.2_DANRE"
      },
     "BX682558_1_DANRE":{
       "Baseline MG94xREV":0.3838807124186255,
       "Baseline MG94xREV omega ratio":0.08715508617819705,
       "Corrected P-value":1,
       "Full adaptive model":0.3323111077245032,
       "Full adaptive model (non-synonymous subs/site)":0.09855099771981386,
       "Full adaptive model (synonymous subs/site)":0.2337601100046893,
       "LRT":0,
       "Nucleotide GTR":0.2130335925293065,
       "Rate Distributions":        [
[0, 0.6759134161631911],
        [0.4422055186601331, 0.3240865838368089] 
        ],
       "Rate classes":2,
       "Uncorrected P-value":1,
       "original name":"BX682558.1_DANRE"
      },
     "CR339041_1_DANRE":{
       "Baseline MG94xREV":0.0779759595405959,
       "Baseline MG94xREV omega ratio":0.2687317159279059,
       "Corrected P-value":1,
       "Full adaptive model":0.07850698942287852,
       "Full adaptive model (non-synonymous subs/site)":0.03471185486383164,
       "Full adaptive model (synonymous subs/site)":0.04379513455904677,
       "LRT":0,
       "Nucleotide GTR":0.07597916409913008,
       "Rate Distributions":        [
[0.269430368438714, 1] 
        ],
       "Rate classes":1,
       "Uncorrected P-value":1,
       "original name":"CR339041.1_DANRE"
      },
     "CR339041_2_DANRE":{
       "Baseline MG94xREV":0.09601903322792947,
       "Baseline MG94xREV omega ratio":0.446434775513054,
       "Corrected P-value":0.5979464630183582,
       "Full adaptive model":0.4198200737429429,
       "Full adaptive model (non-synonymous subs/site)":0.3853660468316387,
       "Full adaptive model (synonymous subs/site)":0.03445402691130436,
       "LRT":4.670475794660888,
       "Nucleotide GTR":0.09111859901482541,
       "Rate Distributions":        [
[0.2200873376106103, 0.9362782338099509],
        [56.43403723153544, 0.0637217661900491] 
        ],
       "Rate classes":2,
       "Uncorrected P-value":0.03517332135402107,
       "original name":"CR339041.2_DANRE"
      },
     "CR339041_3_DANRE":{
       "Baseline MG94xREV":0.07959545058322269,
       "Baseline MG94xREV omega ratio":0.4620338898684719,
       "Corrected P-value":1,
       "Full adaptive model":0.1015552793282031,
       "Full adaptive model (non-synonymous subs/site)":0.0652278548026583,
       "Full adaptive model (synonymous subs/site)":0.03632742452554479,
       "LRT":2.772070873619668,
       "Nucleotide GTR":0.08051289554252687,
       "Rate Distributions":        [
[0.1512236656930779, 0.9385631236735027],
        [7.62468610745769, 0.0614368763264973] 
        ],
       "Rate classes":2,
       "Uncorrected P-value":0.09420381991029547,
       "original name":"CR339041.3_DANRE"
      },
     "CR339041_4_DANRE":{
       "Baseline MG94xREV":0.1005819977539564,
       "Baseline MG94xREV omega ratio":0.3204282559582887,
       "Corrected P-value":1,
       "Full adaptive model":0.1292615953408302,
       "Full adaptive model (non-synonymous subs/site)":0.07586847763406379,
       "Full adaptive model (synonymous subs/site)":0.05339311770676641,
       "LRT":1.482225369731168,
       "Nucleotide GTR":0.09722927700501421,
       "Rate Distributions":        [
[0.1355995876252145, 0.9365989284679423],
        [5.615421811379036, 0.06340107153205765] 
        ],
       "Rate classes":2,
       "Uncorrected P-value":0.187660333384648,
       "original name":"CR339041.4_DANRE"
      },
     "CR854891_1_DANRE":{
       "Baseline MG94xREV":0.03645636335561873,
       "Baseline MG94xREV omega ratio":1.803444848859658,
       "Corrected P-value":1,
       "Full adaptive model":0.037806756367051,
       "Full adaptive model (non-synonymous subs/site)":0.03120635130623224,
       "Full adaptive model (synonymous subs/site)":0.006600405060818757,
       "LRT":0.3313187714793457,
       "Nucleotide GTR":0.03772479520457936,
       "Rate Distributions":        [
[1.607189155744016, 1] 
        ],
       "Rate classes":1,
       "Uncorrected P-value":0.3671771553267056,
       "original name":"CR854891.1_DANRE"
      },
     "CU571323_1_DANRE":{
       "Baseline MG94xREV":0.1029602594138592,
       "Baseline MG94xREV omega ratio":0.3038327671436502,
       "Corrected P-value":1,
       "Full adaptive model":3.185038373464272,
       "Full adaptive model (non-synonymous subs/site)":3.134154607471004,
       "Full adaptive model (synonymous subs/site)":0.05088376599326844,
       "LRT":1.980899475753176,
       "Nucleotide GTR":0.08772708513166108,
       "Rate Distributions":        [
[0.1833105496904422, 0.9698527267416807],
        [688.6275493845917, 0.03014727325831934] 
        ],
       "Rate classes":2,
       "Uncorrected P-value":0.143282021137147,
       "original name":"CU571323.1_DANRE"
      },
     "ENSONIP00000001840":{
       "Baseline MG94xREV":0.4994283790603777,
       "Baseline MG94xREV omega ratio":0.1349360645125778,
       "Corrected P-value":0.9121142267743974,
       "Full adaptive model":1.073017515150891,
       "Full adaptive model (non-synonymous subs/site)":0.896676328922704,
       "Full adaptive model (synonymous subs/site)":0.1763411862281876,
       "LRT":3.735082222504388,
       "Nucleotide GTR":0.298015064536757,
       "Rate Distributions":        [
[0.08899945737871798, 0.8466108600934807],
        [10.77768973389973, 0.1533891399065193] 
        ],
       "Rate classes":2,
       "Uncorrected P-value":0.05700713917339983,
       "original name":"ENSONIP00000001840"
      },
     "NODE_11":{
       "Baseline MG94xREV":0.04361327515822028,
       "Baseline MG94xREV omega ratio":0.2871384227250376,
       "Corrected P-value":0.2044359600321357,
       "Full adaptive model":0.1263676049104086,
       "Full adaptive model (non-synonymous subs/site)":0.1033563175301385,