{
 "analysis":{
   "authors":"Sergei L Kosakovsky Pond, Ben Murrell, Steven Weaver and Temple iGEM / UCSD viral evolution group",
   "citation":"Less Is More: An Adaptive Branch-Site Random Effects Model for Efficient Detection of Episodic Diversifying Selection (2015). Mol Biol Evol 32 (5): 1342-1353. v2.2 adds support for multiple-hit models",
   "contact":"spond@temple.edu",
   "info":"aBSREL (Adaptive branch-site random effects likelihood)\n                            uses an adaptive random effects branch-site model framework\n                            to test whether each branch has evolved under positive selection,\n                            using a procedure which infers an optimal number of rate categories per branch.",
   "requirements":"in-frame codon alignment and a phylogenetic tree",
   "version":"2.2"
  },
 "branch attributes":{
   "0":{
     "ENSEEUP00000004929":{
       "Baseline MG94xREV":0.1000210632899498,
       "Baseline MG94xREV omega ratio":0.1093035144581546,
       "Corrected P-value":1,
       "Full adaptive model":0.1008097502888056,
       "Full adaptive model (non-synonymous subs/site)":0.02396214861661932,
       "Full adaptive model (synonymous subs/site)":0.07684760167218641,
       "LRT":0,
       "Nucleotide GTR":0.09114289793382734,
       "Rate Distributions":        [
[0.09065756294559189, 1] 
        ],
       "Rate classes":1,
       "Uncorrected P-value":1,
       "original name":"ENSEEUP00000004929"
      },
     "ENSETEP00000010512":{
       "Baseline MG94xREV":0.1585326036033513,
       "Baseline MG94xREV omega ratio":0.1089665251144577,
       "Corrected P-value":0.2417008904258183,
       "Full adaptive model":865.118405774551,
       "Full adaptive model (non-synonymous subs/site)":865.0127876402413,
       "Full adaptive model (synonymous subs/site)":0.1056181343096888,
       "LRT":5.195913785952598,
       "Nucleotide GTR":0.1242145136111,
       "Rate Distributions":        [
[0.0749943885185939, 0.9761889095545732],
        [100000, 0.02381109044542684] 
        ],
       "Rate classes":2,
       "Uncorrected P-value":0.02685565449175759,
       "original name":"ENSETEP00000010512"
      },
     "ENSFCAP00000002046":{
       "Baseline MG94xREV":0.06175011931514881,
       "Baseline MG94xREV omega ratio":0.1488149212267238,
       "Corrected P-value":1,
       "Full adaptive model":0.06526212358795704,
       "Full adaptive model (non-synonymous subs/site)":0.01851329557711425,
       "Full adaptive model (synonymous subs/site)":0.04674882801084271,
       "LRT":0,
       "Nucleotide GTR":0.05230673289533289,
       "Rate Distributions":        [
[0.115138776014115, 1] 
        ],
       "Rate classes":1,
       "Uncorrected P-value":1,
       "original name":"ENSFCAP00000002046"
      },
     "ENSMICP00000005146":{
       "Baseline MG94xREV":0.03974829696131196,
       "Baseline MG94xREV omega ratio":0.1609990704197323,
       "Corrected P-value":1,
       "Full adaptive model":0.03843184058922394,
       "Full adaptive model (non-synonymous subs/site)":0.01262393471981354,
       "Full adaptive model (synonymous subs/site)":0.02580790586941044,
       "LRT":0,
       "Nucleotide GTR":0.0383314939522074,
       "Rate Distributions":        [
[0.1422166927965093, 1] 
        ],
       "Rate classes":1,
       "Uncorrected P-value":1,
       "original name":"ENSMICP00000005146"
      },
     "ENSMMUP00000019975":{
       "Baseline MG94xREV":0.008857247615458622,
       "Baseline MG94xREV omega ratio":0.4830770411410162,
       "Corrected P-value":1,
       "Full adaptive model":0.009154770262523019,
       "Full adaptive model (non-synonymous subs/site)":0.005152233168008535,
       "Full adaptive model (synonymous subs/site)":0.004002537094514471,
       "LRT":0,
       "Nucleotide GTR":0.00884784711691158,
       "Rate Distributions":        [
[0.3742559766970646, 1] 
        ],
       "Rate classes":1,
       "Uncorrected P-value":1,
       "original name":"ENSMMUP00000019975"
      },
     "LOC100440381_PONAB":{
       "Baseline MG94xREV":0.03055477806919031,
       "Baseline MG94xREV omega ratio":0.03163217395614621,
       "Corrected P-value":1,
       "Full adaptive model":0.02995196612797369,
       "Full adaptive model (non-synonymous subs/site)":0.002559852672340934,
       "Full adaptive model (synonymous subs/site)":0.02739211345563279,
       "LRT":0,
       "Nucleotide GTR":0.02768786198898316,
       "Rate Distributions":        [
[0.02717052500453793, 1] 
        ],
       "Rate classes":1,
       "Uncorrected P-value":1,
       "original name":"LOC100440381_PONAB"
      },
     "NODE_3":{
       "Baseline MG94xREV":0.006977540447978072,
       "Baseline MG94xREV omega ratio":0.9582204970763333,
       "Corrected P-value":1,
       "Full adaptive model":0.005802106196110739,
       "Full adaptive model (non-synonymous subs/site)":0.005228995865786891,
       "Full adaptive model (synonymous subs/site)":0.0005731103303238471,
       "LRT":0.005637648483116209,
       "Nucleotide GTR":0.01015462415159567,
       "Rate Distributions":        [
[2.652703209016118, 1] 
        ],
       "Rate classes":1,
       "Uncorrected P-value":0.4871850751835311
      },
     "NODE_6":{
       "Baseline MG94xREV":0.02311449572722785,
       "Baseline MG94xREV omega ratio":0.04821961269854323,
       "Corrected P-value":1,
       "Full adaptive model":0.0242824487221684,
       "Full adaptive model (non-synonymous subs/site)":0.002856537559296737,
       "Full adaptive model (synonymous subs/site)":0.02142591116287164,
       "LRT":0,
       "Nucleotide GTR":0.0193064171051325,
       "Rate Distributions":        [
[0.03876227335203037, 1] 
        ],
       "Rate classes":1,
       "Uncorrected P-value":1
      },
     "NODE_8":{
       "Baseline MG94xREV":0.01428946603963179,
       "Baseline MG94xREV omega ratio":0,
       "Corrected P-value":1,
       "Full adaptive model":0.01420255515962121,
       "Full adaptive model (non-synonymous subs/site)":1e-10,
       "Full adaptive model (synonymous subs/site)":0.01420255515962121,
       "LRT":0,
       "Nucleotide GTR":0.01167252183176922,
       "Rate Distributions":        [
[0, 1] 
        ],
       "Rate classes":1,
       "Uncorrected P-value":1
      }
    },
   "attributes":{
     "Baseline MG94xREV":{
       "attribute type":"branch length",
       "display order":1
      },
     "Baseline MG94xREV omega ratio":{
       "attribute type":"branch label",
       "display order":1
      },
     "Corrected P-value":{
       "attribute type":"branch label",
       "display order":6
      },
     "Full adaptive model":{
       "attribute type":"branch length",
       "display order":2
      },
     "Full adaptive model (non-synonymous subs/site)":{
       "attribute type":"branch label",
       "display order":10
      },
     "Full adaptive model (synonymous subs/site)":{
       "attribute type":"branch label",
       "display order":9
      },
     "LRT":{
       "attribute type":"branch label",
       "display order":4
      },
     "Nucleotide GTR":{
       "attribute type":"branch length",
       "display order":0
      },
     "Rate Distributions":{
       "attribute type":"branch label",
       "display order":3
      },
     "Rate classes":{
       "attribute type":"branch label",
       "display order":2
      },
     "Uncorrected P-value":{
       "attribute type":"branch label",
       "display order":5
      },
     "original name":{
       "attribute type":"node label",
       "display order":-1
      }
    }
  },