{
 "analysis":{
   "authors":"Sergei L Kosakovsky Pond, Ben Murrell, Steven Weaver and Temple iGEM / UCSD viral evolution group",
   "citation":"Less Is More: An Adaptive Branch-Site Random Effects Model for Efficient Detection of Episodic Diversifying Selection (2015). Mol Biol Evol 32 (5): 1342-1353. v2.2 adds support for multiple-hit models",
   "contact":"spond@temple.edu",
   "info":"aBSREL (Adaptive branch-site random effects likelihood)\n                            uses an adaptive random effects branch-site model framework\n                            to test whether each branch has evolved under positive selection,\n                            using a procedure which infers an optimal number of rate categories per branch.",
   "requirements":"in-frame codon alignment and a phylogenetic tree",
   "version":"2.2"
  },
 "branch attributes":{
   "0":{
     "ENSTNIP00000007691":{
       "Baseline MG94xREV":0.0749472767637915,
       "Baseline MG94xREV omega ratio":0.1925593361179755,
       "Corrected P-value":1.895964441001041e-09,
       "Full adaptive model":0.3100976416882081,
       "Full adaptive model (non-synonymous subs/site)":0.2705266357719409,
       "Full adaptive model (synonymous subs/site)":0.03957100591626719,
       "LRT":42.70811858177331,
       "Nucleotide GTR":0.07085171140657419,
       "Rate Distributions":        [
[0.05859691794600648, 0.9640257671679484],
        [64.80215400536372, 0.03597423283205159] 
        ],
       "Rate classes":2,
       "Uncorrected P-value":1.723604037273674e-10,
       "original name":"ENSTNIP00000007691"
      },
     "IPO11_DANRE":{
       "Baseline MG94xREV":0.3462399375956626,
       "Baseline MG94xREV omega ratio":0.03766794651308774,
       "Corrected P-value":0.7991884778238392,
       "Full adaptive model":11.80798849144929,
       "Full adaptive model (non-synonymous subs/site)":11.54516469041527,
       "Full adaptive model (synonymous subs/site)":0.2628238010340258,
       "LRT":3.085917898995831,
       "Nucleotide GTR":0.1659731274287842,
       "Rate Distributions":        [
[0.0008062889981503792, 0.8340724523259005],
        [0.1920050034422946, 0.1466209381393137],
        [793.1565771581738, 0.01930660953478574] 
        ],
       "Rate classes":3,
       "Uncorrected P-value":0.07991884778238392,
       "original name":"IPO11_DANRE"
      },
     "IPO11_GADMO":{
       "Baseline MG94xREV":0.1484883780453466,
       "Baseline MG94xREV omega ratio":0.07446577436067592,
       "Corrected P-value":1,
       "Full adaptive model":0.1489523636329757,
       "Full adaptive model (non-synonymous subs/site)":0.02355863949382558,
       "Full adaptive model (synonymous subs/site)":0.1253937241391501,
       "LRT":0,
       "Nucleotide GTR":0.101329123690804,
       "Rate Distributions":        [
[0.06561764295651758, 1] 
        ],
       "Rate classes":1,
       "Uncorrected P-value":1,
       "original name":"IPO11_GADMO"
      },
     "IPO11_GASAC":{
       "Baseline MG94xREV":0.08809187965081001,
       "Baseline MG94xREV omega ratio":0.07713896512135972,
       "Corrected P-value":1,
       "Full adaptive model":0.08844445155103285,
       "Full adaptive model (non-synonymous subs/site)":0.01456414194711704,
       "Full adaptive model (synonymous subs/site)":0.07388030960391583,
       "LRT":0,
       "Nucleotide GTR":0.06646828133110985,
       "Rate Distributions":        [
[0.06884975781416955, 1] 
        ],
       "Rate classes":1,
       "Uncorrected P-value":1,
       "original name":"IPO11_GASAC"
      },
     "IPO11_ORENI":{
       "Baseline MG94xREV":0.06103775259069356,
       "Baseline MG94xREV omega ratio":0.02787514990076305,
       "Corrected P-value":1,
       "Full adaptive model":0.05756473819838153,
       "Full adaptive model (non-synonymous subs/site)":0.004120862824356795,
       "Full adaptive model (synonymous subs/site)":0.05344387537402465,
       "LRT":0,
       "Nucleotide GTR":0.0529587179736758,
       "Rate Distributions":        [
[0.02693000511689389, 1] 
        ],
       "Rate classes":1,
       "Uncorrected P-value":1,
       "original name":"IPO11_ORENI"
      },
     "IPO11_ORYLA":{
       "Baseline MG94xREV":0.137327520997981,
       "Baseline MG94xREV omega ratio":0.05929237653665745,
       "Corrected P-value":1,
       "Full adaptive model":0.1340524006727498,
       "Full adaptive model (non-synonymous subs/site)":0.01974055667853549,
       "Full adaptive model (synonymous subs/site)":0.1143118439942144,
       "LRT":0,
       "Nucleotide GTR":0.1044002168241793,
       "Rate Distributions":        [
[0, 0.8425179612023803],
        [0.3829864041107928, 0.1574820387976197] 
        ],
       "Rate classes":2,
       "Uncorrected P-value":1,
       "original name":"IPO11_ORYLA"
      },
     "IPO11_TAKRU":{
       "Baseline MG94xREV":0.03595453618003587,
       "Baseline MG94xREV omega ratio":0.04670317764825156,
       "Corrected P-value":1,
       "Full adaptive model":0.03815574623723041,
       "Full adaptive model (non-synonymous subs/site)":0.005191132901222095,
       "Full adaptive model (synonymous subs/site)":0.03296461333600832,
       "LRT":2.333923180649435,
       "Nucleotide GTR":0.03156729189449891,
       "Rate Distributions":        [
[0.0005219850662057156, 0.9856567476971022],
        [3.79866494390584, 0.01434325230289779] 
        ],
       "Rate classes":2,
       "Uncorrected P-value":0.118709918473286,
       "original name":"IPO11_TAKRU"
      },
     "NODE_3":{
       "Baseline MG94xREV":0.004469780424502478,
       "Baseline MG94xREV omega ratio":0.1367834970918585,
       "Corrected P-value":1,
       "Full adaptive model":0.002866509951009393,
       "Full adaptive model (non-synonymous subs/site)":0.0009946743839584517,
       "Full adaptive model (synonymous subs/site)":0.00187183556705094,
       "LRT":0,
       "Nucleotide GTR":0.0107490968461588,
       "Rate Distributions":        [
[0.1855920885440181, 1] 
        ],
       "Rate classes":1,
       "Uncorrected P-value":1
      },
     "NODE_6":{
       "Baseline MG94xREV":0.09616788435436013,
       "Baseline MG94xREV omega ratio":0.03330955575712044,
       "Corrected P-value":1,
       "Full adaptive model":0.09144682391782405,
       "Full adaptive model (non-synonymous subs/site)":0.007275018582977469,
       "Full adaptive model (synonymous subs/site)":0.08417180533484643,
       "LRT":0,
       "Nucleotide GTR":0.06781096970110824,
       "Rate Distributions":        [
[0.03018656423729313, 1] 
        ],
       "Rate classes":1,
       "Uncorrected P-value":1
      },
     "NODE_7":{
       "Baseline MG94xREV":0,
       "Baseline MG94xREV omega ratio":1,
       "Corrected P-value":1,
       "Full adaptive model":0.00289553741373359,
       "Full adaptive model (non-synonymous subs/site)":1e-10,
       "Full adaptive model (synonymous subs/site)":0.00289553741373359,
       "LRT":0,
       "Nucleotide GTR":0.007844179884504436,
       "Rate Distributions":        [
[0, 1] 
        ],
       "Rate classes":1,
       "Uncorrected P-value":1
      },
     "NODE_9":{
       "Baseline MG94xREV":0.0614187244715183,
       "Baseline MG94xREV omega ratio":0.01894063572769984,
       "Corrected P-value":1,
       "Full adaptive model":0.05140769179870561,
       "Full adaptive model (non-synonymous subs/site)":0.002728285188647169,
       "Full adaptive model (synonymous subs/site)":0.04867940661005844,
       "LRT":0,
       "Nucleotide GTR":0.04460411355197152,
       "Rate Distributions":        [
[0.01957450147662707, 1] 
        ],
       "Rate classes":1,
       "Uncorrected P-value":1
      }
    },
   "attributes":{
     "Baseline MG94xREV":{
       "attribute type":"branch length",
       "display order":1
      },
     "Baseline MG94xREV omega ratio":{
       "attribute type":"branch label",
       "display order":1
      },
     "Corrected P-value":{
       "attribute type":"branch label",
       "display order":6
      },