{
 "analysis":{
   "authors":"Sergei L Kosakovsky Pond, Ben Murrell, Steven Weaver and Temple iGEM / UCSD viral evolution group",
   "citation":"Less Is More: An Adaptive Branch-Site Random Effects Model for Efficient Detection of Episodic Diversifying Selection (2015). Mol Biol Evol 32 (5): 1342-1353. v2.2 adds support for multiple-hit models",
   "contact":"spond@temple.edu",
   "info":"aBSREL (Adaptive branch-site random effects likelihood)\n                            uses an adaptive random effects branch-site model framework\n                            to test whether each branch has evolved under positive selection,\n                            using a procedure which infers an optimal number of rate categories per branch.",
   "requirements":"in-frame codon alignment and a phylogenetic tree",
   "version":"2.2"
  },
 "branch attributes":{
   "0":{
     "ENSGMOP00000003673":{
       "Baseline MG94xREV":0.4497378959446175,
       "Baseline MG94xREV omega ratio":0.1052512165388284,
       "Corrected P-value":1,
       "Full adaptive model":0.4793278515009994,
       "Full adaptive model (non-synonymous subs/site)":0.1545438129481257,
       "Full adaptive model (synonymous subs/site)":0.3247840385528737,
       "LRT":0,
       "Nucleotide GTR":0.2122491003625794,
       "Rate Distributions":        [
[0, 0.7931619394531273],
        [0.8368513432974266, 0.2068380605468727] 
        ],
       "Rate classes":2,
       "Uncorrected P-value":1,
       "original name":"ENSGMOP00000003673"
      },
     "ENSLACP00000003401":{
       "Baseline MG94xREV":0.3651685745786482,
       "Baseline MG94xREV omega ratio":0.06859924681755852,
       "Corrected P-value":1,
       "Full adaptive model":0.4141828393568291,
       "Full adaptive model (non-synonymous subs/site)":0.09934638169126149,
       "Full adaptive model (synonymous subs/site)":0.3148364576655676,
       "LRT":0,
       "Nucleotide GTR":0.1785613376621926,
       "Rate Distributions":        [
[0.0001979483660374937, 0.8552939942702251],
        [0.7920658203603698, 0.1447060057297749] 
        ],
       "Rate classes":2,
       "Uncorrected P-value":1,
       "original name":"ENSLACP00000003401"
      },
     "ENSLACP00000004395":{
       "Baseline MG94xREV":0.04393657706111548,
       "Baseline MG94xREV omega ratio":10000000000,
       "Corrected P-value":1,
       "Full adaptive model":0.04078711898525966,
       "Full adaptive model (non-synonymous subs/site)":0.04078711898525966,
       "Full adaptive model (synonymous subs/site)":1e-10,
       "LRT":1.115882506218441,
       "Nucleotide GTR":0.1221614541756633,
       "Rate Distributions":        [
[10000000000, 1] 
        ],
       "Rate classes":1,
       "Uncorrected P-value":0.2298772325284069,
       "original name":"ENSLACP00000004395"
      },
     "ENSONIP00000017531":{
       "Baseline MG94xREV":0.1410465086934895,
       "Baseline MG94xREV omega ratio":0.146872229622513,
       "Corrected P-value":1,
       "Full adaptive model":0.1458658755339981,
       "Full adaptive model (non-synonymous subs/site)":0.03980342002526957,
       "Full adaptive model (synonymous subs/site)":0.1060624555087284,
       "LRT":0,
       "Nucleotide GTR":0.1093451951331113,
       "Rate Distributions":        [
[0.1365150527402477, 1] 
        ],
       "Rate classes":1,
       "Uncorrected P-value":1,
       "original name":"ENSONIP00000017531"
      },
     "ENSTNIP00000005255":{
       "Baseline MG94xREV":0.1759549913032135,
       "Baseline MG94xREV omega ratio":0.1286641044458384,
       "Corrected P-value":1,
       "Full adaptive model":0.1655394431502817,
       "Full adaptive model (non-synonymous subs/site)":0.03661709114459313,
       "Full adaptive model (synonymous subs/site)":0.1289223520056885,
       "LRT":0,
       "Nucleotide GTR":0.1407042380805669,
       "Rate Distributions":        [
[0.1033183472352619, 1] 
        ],
       "Rate classes":1,
       "Uncorrected P-value":1,
       "original name":"ENSTNIP00000005255"
      },
     "ENSTRUP00000035301":{
       "Baseline MG94xREV":0.1145823411406482,
       "Baseline MG94xREV omega ratio":0.2626324942800891,
       "Corrected P-value":1,
       "Full adaptive model":0.1164493106684087,
       "Full adaptive model (non-synonymous subs/site)":0.05254293087864379,
       "Full adaptive model (synonymous subs/site)":0.0639063797897647,
       "LRT":0,
       "Nucleotide GTR":0.1151296107339035,
       "Rate Distributions":        [
[0.2990831234205759, 1] 
        ],
       "Rate classes":1,
       "Uncorrected P-value":1,
       "original name":"ENSTRUP00000035301"
      },
     "NODE_12":{
       "Baseline MG94xREV":0.3627943035852143,
       "Baseline MG94xREV omega ratio":0.06036360605439632,
       "Corrected P-value":1,
       "Full adaptive model":0.9550508334959513,
       "Full adaptive model (non-synonymous subs/site)":0.6576162117749302,
       "Full adaptive model (synonymous subs/site)":0.2974346217210209,
       "LRT":0.6383449338527498,
       "Nucleotide GTR":0.1458758336963246,
       "Rate Distributions":        [
[0.0203614263028931, 0.9246934826615064],
        [10.42995628077265, 0.07530651733849358] 
        ],
       "Rate classes":2,
       "Uncorrected P-value":0.3028872107928859
      },
     "NODE_3":{
       "Baseline MG94xREV":0.133950432579818,
       "Baseline MG94xREV omega ratio":0.2605599721864154,
       "Corrected P-value":0.8721344240186577,
       "Full adaptive model":0.1764071764790346,
       "Full adaptive model (non-synonymous subs/site)":0.1014959758477903,
       "Full adaptive model (synonymous subs/site)":0.07491120063124428,
       "LRT":2.9190154107946,
       "Nucleotide GTR":0.1207844399590374,
       "Rate Distributions":        [
[0, 0.8593865623656615],
        [3.50507301432087, 0.1406134376343385] 
        ],
       "Rate classes":2,
       "Uncorrected P-value":0.08721344240186577
      },
     "NODE_5":{
       "Baseline MG94xREV":0.01219602351407533,
       "Baseline MG94xREV omega ratio":2.952701782959343,
       "Corrected P-value":0.8521731862526658,
       "Full adaptive model":0.04079884104245857,
       "Full adaptive model (non-synonymous subs/site)":0.04074752133364369,
       "Full adaptive model (synonymous subs/site)":5.131970881486813e-05,
       "LRT":3.145480127152041,
       "Nucleotide GTR":0.07784891461518108,
       "Rate Distributions":        [
[0, 0.9653997907551572],
        [8347.570896370691, 0.03460020924484275] 
        ],
       "Rate classes":2,
       "Uncorrected P-value":0.07747028965933325
      },
     "NODE_7":{
       "Baseline MG94xREV":0.05022209725227039,
       "Baseline MG94xREV omega ratio":10000000000,
       "Corrected P-value":1,
       "Full adaptive model":0.04619612339025563,
       "Full adaptive model (non-synonymous subs/site)":0.04619612339025563,
       "Full adaptive model (synonymous subs/site)":1e-10,
       "LRT":0.07347328379819373,
       "Nucleotide GTR":0.07915707598246424,
       "Rate Distributions":        [
[10000000000, 1] 
        ],
       "Rate classes":1,
       "Uncorrected P-value":0.4464480333705291
      },
     "SI_DKEY_3H3_3_DANRE":{
       "Baseline MG94xREV":0.6783015164228302,
       "Baseline MG94xREV omega ratio":0.0390548266208391,
       "Corrected P-value":1,
       "Full adaptive model":31.4077785601493,
       "Full adaptive model (non-synonymous subs/site)":30.93471845337589,
       "Full adaptive model (synonymous subs/site)":0.4730601067734087,
       "LRT":1.19608448409781,
       "Nucleotide GTR":0.2246175679554548,
       "Rate Distributions":        [
[0.02058354176859982, 0.9353944970984891],
        [367.900602979205, 0.0646055029015109] 
        ],
       "Rate classes":2,
       "Uncorrected P-value":0.2197872727696182,
       "original name":"SI@DKEY-3H3.3_DANRE"
      }
    },
   "attributes":{
     "Baseline MG94xREV":{
       "attribute type":"branch length",
       "display order":1
      },