{
 "analysis":{
   "authors":"Sergei L Kosakovsky Pond, Ben Murrell, Steven Weaver and Temple iGEM / UCSD viral evolution group",
   "citation":"Less Is More: An Adaptive Branch-Site Random Effects Model for Efficient Detection of Episodic Diversifying Selection (2015). Mol Biol Evol 32 (5): 1342-1353. v2.2 adds support for multiple-hit models",
   "contact":"spond@temple.edu",
   "info":"aBSREL (Adaptive branch-site random effects likelihood)\n                            uses an adaptive random effects branch-site model framework\n                            to test whether each branch has evolved under positive selection,\n                            using a procedure which infers an optimal number of rate categories per branch.",
   "requirements":"in-frame codon alignment and a phylogenetic tree",
   "version":"2.2"
  },
 "branch attributes":{
   "0":{
     "ENSGACP00000010282":{
       "Baseline MG94xREV":0.06091966980404404,
       "Baseline MG94xREV omega ratio":0.03953346376478769,
       "Corrected P-value":1,
       "Full adaptive model":0.06201824050665962,
       "Full adaptive model (non-synonymous subs/site)":0.008133671208766052,
       "Full adaptive model (synonymous subs/site)":0.05388456929789357,
       "LRT":0.05285022876978474,
       "Nucleotide GTR":0.04234338820850008,
       "Rate Distributions":        [
[0, 0.9650846951908174],
        [1.298497974693985, 0.03491530480918259] 
        ],
       "Rate classes":2,
       "Uncorrected P-value":0.455811465501987,
       "original name":"ENSGACP00000010282"
      },
     "ENSGMOP00000007093":{
       "Baseline MG94xREV":0.1863929279410191,
       "Baseline MG94xREV omega ratio":0.01994931019111869,
       "Corrected P-value":1,
       "Full adaptive model":0.1812304864472171,
       "Full adaptive model (non-synonymous subs/site)":0.009498899345384426,
       "Full adaptive model (synonymous subs/site)":0.1717315871018327,
       "LRT":0,
       "Nucleotide GTR":0.1004220265538872,
       "Rate Distributions":        [
[0.01661338079426122, 1] 
        ],
       "Rate classes":1,
       "Uncorrected P-value":1,
       "original name":"ENSGMOP00000007093"
      },
     "ENSONIP00000023134":{
       "Baseline MG94xREV":0.1073637342494252,
       "Baseline MG94xREV omega ratio":0.04170179715970709,
       "Corrected P-value":0.889078443977187,
       "Full adaptive model":1.445657959264073,
       "Full adaptive model (non-synonymous subs/site)":1.356647322015279,
       "Full adaptive model (synonymous subs/site)":0.08901063724879349,
       "LRT":2.458446061588802,
       "Nucleotide GTR":0.09639104367458662,
       "Rate Distributions":        [
[0.01627882374538905, 0.9863804687592441],
        [334.9436962434974, 0.01361953124075588] 
        ],
       "Rate classes":2,
       "Uncorrected P-value":0.1111348054971484,
       "original name":"ENSONIP00000023134"
      },
     "ENSORLP00000009376":{
       "Baseline MG94xREV":0.1014750462028778,
       "Baseline MG94xREV omega ratio":0.103440357812309,
       "Corrected P-value":1,
       "Full adaptive model":0.1092150663128127,
       "Full adaptive model (non-synonymous subs/site)":0.03558217533838806,
       "Full adaptive model (synonymous subs/site)":0.07363289097442458,
       "LRT":0.8079098612270172,
       "Nucleotide GTR":0.09848441237029804,
       "Rate Distributions":        [
[0.05676058971961116, 0.9782703721988976],
        [4.124121173962809, 0.02172962780110244] 
        ],
       "Rate classes":2,
       "Uncorrected P-value":0.2740500483326574,
       "original name":"ENSORLP00000009376"
      },
     "ENSTNIP00000011522":{
       "Baseline MG94xREV":0.02469413541911402,
       "Baseline MG94xREV omega ratio":0.219728527792125,
       "Corrected P-value":0.6098856693837014,
       "Full adaptive model":0.02395753812221997,
       "Full adaptive model (non-synonymous subs/site)":0.01301625505694999,
       "Full adaptive model (synonymous subs/site)":0.01094128306526998,
       "LRT":3.402246381375335,
       "Nucleotide GTR":0.02805331090041147,
       "Rate Distributions":        [
[0, 0.9650479034984544],
        [10.22302641352617, 0.03495209650154563] 
        ],
       "Rate classes":2,
       "Uncorrected P-value":0.06776507437596682,
       "original name":"ENSTNIP00000011522"
      },
     "ENSTRUP00000008831":{
       "Baseline MG94xREV":0.04985277128599966,
       "Baseline MG94xREV omega ratio":0.05018174765837256,
       "Corrected P-value":1,
       "Full adaptive model":0.05204766691422091,
       "Full adaptive model (non-synonymous subs/site)":0.007173655642509668,
       "Full adaptive model (synonymous subs/site)":0.04487401127171131,
       "LRT":0,
       "Nucleotide GTR":0.0386423083765958,
       "Rate Distributions":        [
[0.04801539988820169, 1] 
        ],
       "Rate classes":1,
       "Uncorrected P-value":1,
       "original name":"ENSTRUP00000008831"
      },
     "NODE_3":{
       "Baseline MG94xREV":0.08872232464581291,
       "Baseline MG94xREV omega ratio":0.07610764545490145,
       "Corrected P-value":1,
       "Full adaptive model":0.08736622285917837,
       "Full adaptive model (non-synonymous subs/site)":0.01714727827055198,
       "Full adaptive model (synonymous subs/site)":0.07021894458862636,
       "LRT":0,
       "Nucleotide GTR":0.06081737048144496,
       "Rate Distributions":        [
[0.07334589554647959, 1] 
        ],
       "Rate classes":1,
       "Uncorrected P-value":1
      },
     "NODE_5":{
       "Baseline MG94xREV":0.003862591174729693,
       "Baseline MG94xREV omega ratio":10000000000,
       "Corrected P-value":1,
       "Full adaptive model":0.004148373171640867,
       "Full adaptive model (non-synonymous subs/site)":0.004148373171640867,
       "Full adaptive model (synonymous subs/site)":1e-10,
       "LRT":0.2737162772118609,
       "Nucleotide GTR":0.003184395183977791,
       "Rate Distributions":        [
[10000000000, 1] 
        ],
       "Rate classes":1,
       "Uncorrected P-value":0.3817981174230878
      },
     "NODE_8":{
       "Baseline MG94xREV":0,
       "Baseline MG94xREV omega ratio":1,
       "Corrected P-value":1,
       "Full adaptive model":0,
       "Full adaptive model (non-synonymous subs/site)":1e-10,
       "Full adaptive model (synonymous subs/site)":1e-10,
       "LRT":0,
       "Nucleotide GTR":0.006408906647786911,
       "Rate Distributions":        [
[1, 1] 
        ],
       "Rate classes":1,
       "Uncorrected P-value":1
      }
    },
   "attributes":{
     "Baseline MG94xREV":{
       "attribute type":"branch length",
       "display order":1
      },
     "Baseline MG94xREV omega ratio":{
       "attribute type":"branch label",
       "display order":1
      },
     "Corrected P-value":{
       "attribute type":"branch label",
       "display order":6
      },
     "Full adaptive model":{
       "attribute type":"branch length",
       "display order":2
      },
     "Full adaptive model (non-synonymous subs/site)":{
       "attribute type":"branch label",
       "display order":10
      },
     "Full adaptive model (synonymous subs/site)":{
       "attribute type":"branch label",
       "display order":9
      },
     "LRT":{
       "attribute type":"branch label",
       "display order":4
      },
     "Nucleotide GTR":{
       "attribute type":"branch length",
       "display order":0
      },
     "Rate Distributions":{
       "attribute type":"branch label",
       "display order":3
      },
     "Rate classes":{
       "attribute type":"branch label",
       "display order":2
      },
     "Uncorrected P-value":{
       "attribute type":"branch label",
       "display order":5
      },
     "original name":{
       "attribute type":"node label",
       "display order":-1
      }
    }
  },