{
 "analysis":{
   "authors":"Sergei L Kosakovsky Pond, Ben Murrell, Steven Weaver and Temple iGEM / UCSD viral evolution group",
   "citation":"Less Is More: An Adaptive Branch-Site Random Effects Model for Efficient Detection of Episodic Diversifying Selection (2015). Mol Biol Evol 32 (5): 1342-1353. v2.2 adds support for multiple-hit models",
   "contact":"spond@temple.edu",
   "info":"aBSREL (Adaptive branch-site random effects likelihood)\n                            uses an adaptive random effects branch-site model framework\n                            to test whether each branch has evolved under positive selection,\n                            using a procedure which infers an optimal number of rate categories per branch.",
   "requirements":"in-frame codon alignment and a phylogenetic tree",
   "version":"2.2"
  },
 "branch attributes":{
   "0":{
     "ENSORLP00000009284":{
       "Baseline MG94xREV":0.05657056625671344,
       "Baseline MG94xREV omega ratio":0.9805014213719431,
       "Corrected P-value":1,
       "Full adaptive model":0.05671393689922593,
       "Full adaptive model (non-synonymous subs/site)":0.03915529694867927,
       "Full adaptive model (synonymous subs/site)":0.01755863995054664,
       "LRT":0,
       "Nucleotide GTR":0.05615362246161185,
       "Rate Distributions":        [
[0.9981461606822327, 1] 
        ],
       "Rate classes":1,
       "Uncorrected P-value":1,
       "original name":"ENSORLP00000009284"
      },
     "ENSORLP00000009778":{
       "Baseline MG94xREV":0.1589325971965032,
       "Baseline MG94xREV omega ratio":0.6347196138286602,
       "Corrected P-value":0.02293566360369786,
       "Full adaptive model":0.4634374994285773,
       "Full adaptive model (non-synonymous subs/site)":0.4059662205021741,
       "Full adaptive model (synonymous subs/site)":0.05747127892640309,
       "LRT":10.55390055226871,
       "Nucleotide GTR":0.1570229575550542,
       "Rate Distributions":        [
[0.5568684415099696, 0.9623882954024658],
        [69.81523574479199, 0.03761170459753416] 
        ],
       "Rate classes":2,
       "Uncorrected P-value":0.001764281815669066,
       "original name":"ENSORLP00000009778"
      },
     "ENSORLP00000015012":{
       "Baseline MG94xREV":0.04583233798351925,
       "Baseline MG94xREV omega ratio":0.664330331072188,
       "Corrected P-value":1,
       "Full adaptive model":0.04588725483968156,
       "Full adaptive model (non-synonymous subs/site)":0.02762977920995903,
       "Full adaptive model (synonymous subs/site)":0.01825747562972259,
       "LRT":0,
       "Nucleotide GTR":0.04616862600707626,
       "Rate Distributions":        [
[0.6773781396957382, 1] 
        ],
       "Rate classes":1,
       "Uncorrected P-value":1,
       "original name":"ENSORLP00000015012"
      },
     "ENSORLP00000019031":{
       "Baseline MG94xREV":0.03151407586039876,
       "Baseline MG94xREV omega ratio":0.8841631837333561,
       "Corrected P-value":1,
       "Full adaptive model":0.03149195266124099,
       "Full adaptive model (non-synonymous subs/site)":0.02108664745715202,
       "Full adaptive model (synonymous subs/site)":0.01040530520408892,
       "LRT":0,
       "Nucleotide GTR":0.03180990936357518,
       "Rate Distributions":        [
[0.9070833725274011, 1] 
        ],
       "Rate classes":1,
       "Uncorrected P-value":1,
       "original name":"ENSORLP00000019031"
      },
     "ENSORLP00000021613":{
       "Baseline MG94xREV":0.03471937724930832,
       "Baseline MG94xREV omega ratio":0.8663066415048785,
       "Corrected P-value":0.1699055126485463,
       "Full adaptive model":0.05297961308787946,
       "Full adaptive model (non-synonymous subs/site)":0.04132964361997025,
       "Full adaptive model (synonymous subs/site)":0.01164996946790921,
       "LRT":6.448196793150601,
       "Nucleotide GTR":0.03448974599542122,
       "Rate Distributions":        [
[0.5844242686000728, 0.9830669067191963],
        [59.84741642017273, 0.01693309328080372] 
        ],
       "Rate classes":2,
       "Uncorrected P-value":0.01415879272071219,
       "original name":"ENSORLP00000021613"
      },
     "ENSORLP00000023126":{
       "Baseline MG94xREV":0.03388225749373677,
       "Baseline MG94xREV omega ratio":1.07396595839893,
       "Corrected P-value":1,
       "Full adaptive model":0.03396786812366751,
       "Full adaptive model (non-synonymous subs/site)":0.0241185820438631,
       "Full adaptive model (synonymous subs/site)":0.009849286079804403,
       "LRT":0.0349742354655973,
       "Nucleotide GTR":0.03430259787370787,
       "Rate Distributions":        [
[1.096078128322976, 1] 
        ],
       "Rate classes":1,
       "Uncorrected P-value":0.465129399906317,
       "original name":"ENSORLP00000023126"
      },
     "ENSORLP00000023297":{
       "Baseline MG94xREV":0.06299420460759113,
       "Baseline MG94xREV omega ratio":1.720122175214682,
       "Corrected P-value":1,
       "Full adaptive model":0.06308565029395161,
       "Full adaptive model (non-synonymous subs/site)":0.0502368852186837,
       "Full adaptive model (synonymous subs/site)":0.01284876507526791,
       "LRT":2.122238521061263,
       "Nucleotide GTR":0.06293785127973109,
       "Rate Distributions":        [
[1.750071563117117, 1] 
        ],
       "Rate classes":1,
       "Uncorrected P-value":0.1328553204538448,
       "original name":"ENSORLP00000023297"
      },
     "ENSORLP00000024990":{
       "Baseline MG94xREV":0.04778233299558255,
       "Baseline MG94xREV omega ratio":1.485518861515653,
       "Corrected P-value":1,
       "Full adaptive model":0.04775888538154562,
       "Full adaptive model (non-synonymous subs/site)":0.03692028706550751,
       "Full adaptive model (synonymous subs/site)":0.01083859831603812,
       "LRT":0.9258442427089904,
       "Nucleotide GTR":0.04806161854291051,
       "Rate Distributions":        [
[1.524707160424641, 1] 
        ],
       "Rate classes":1,
       "Uncorrected P-value":0.2560215210857213,
       "original name":"ENSORLP00000024990"
      },
     "ENSORLP00000025467":{
       "Baseline MG94xREV":0.0400740085656537,
       "Baseline MG94xREV omega ratio":1.239310665623149,
       "Corrected P-value":1,
       "Full adaptive model":0.03954438109612225,
       "Full adaptive model (non-synonymous subs/site)":0.02911548449446581,
       "Full adaptive model (synonymous subs/site)":0.01042889660165642,
       "LRT":0.2264749746254893,
       "Nucleotide GTR":0.04039086582337625,
       "Rate Distributions":        [
[1.249626285505246, 1] 
        ],
       "Rate classes":1,
       "Uncorrected P-value":0.3947115700560007,
       "original name":"ENSORLP00000025467"
      },
     "NODE_11":{
       "Baseline MG94xREV":0.001516441761498754,
       "Baseline MG94xREV omega ratio":0,
       "Corrected P-value":1,
       "Full adaptive model":0.001536876840750993,
       "Full adaptive model (non-synonymous subs/site)":1e-10,
       "Full adaptive model (synonymous subs/site)":0.001536876840750993,
       "LRT":0,
       "Nucleotide GTR":0.001350350296196086,
       "Rate Distributions":        [
[0, 1] 
        ],
       "Rate classes":1,
       "Uncorrected P-value":1
      },
     "NODE_13":{
       "Baseline MG94xREV":0.0001250927666681553,
       "Baseline MG94xREV omega ratio":10000000000,
       "Corrected P-value":1,
       "Full adaptive model":0.0006339893254033896,
       "Full adaptive model (non-synonymous subs/site)":0.0006339893254033896,
       "Full adaptive model (synonymous subs/site)":1e-10,
       "LRT":0.06022970449157583,
       "Nucleotide GTR":0.000349329882962547,
       "Rate Distributions":        [
[10000000000, 1] 
        ],
       "Rate classes":1,
       "Uncorrected P-value":0.4523268748156936
      },
     "NODE_6":{
       "Baseline MG94xREV":0.001570047437750007,
       "Baseline MG94xREV omega ratio":10000000000,
       "Corrected P-value":1,
       "Full adaptive model":0.001553136907949727,