{
 "analysis":{
   "authors":"Sergei L Kosakovsky Pond, Ben Murrell, Steven Weaver and Temple iGEM / UCSD viral evolution group",
   "citation":"Less Is More: An Adaptive Branch-Site Random Effects Model for Efficient Detection of Episodic Diversifying Selection (2015). Mol Biol Evol 32 (5): 1342-1353. v2.2 adds support for multiple-hit models",
   "contact":"spond@temple.edu",
   "info":"aBSREL (Adaptive branch-site random effects likelihood)\n                            uses an adaptive random effects branch-site model framework\n                            to test whether each branch has evolved under positive selection,\n                            using a procedure which infers an optimal number of rate categories per branch.",
   "requirements":"in-frame codon alignment and a phylogenetic tree",
   "version":"2.2"
  },
 "branch attributes":{
   "0":{
     "ENSECAP00000000912":{
       "Baseline MG94xREV":0.04536609196462201,
       "Baseline MG94xREV omega ratio":0.4435301800462484,
       "Corrected P-value":1,
       "Full adaptive model":0.04500967712909196,
       "Full adaptive model (non-synonymous subs/site)":0.02391891378247307,
       "Full adaptive model (synonymous subs/site)":0.02109076334661889,
       "LRT":0,
       "Nucleotide GTR":0.04297117343906374,
       "Rate Distributions":        [
[0.4211150382126393, 1] 
        ],
       "Rate classes":1,
       "Uncorrected P-value":1,
       "original name":"ENSECAP00000000912"
      },
     "ENSECAP00000003042":{
       "Baseline MG94xREV":0.03009826863459585,
       "Baseline MG94xREV omega ratio":0.8832782353591735,
       "Corrected P-value":0.2717861214319535,
       "Full adaptive model":0.03456217487364022,
       "Full adaptive model (non-synonymous subs/site)":0.02577469949982958,
       "Full adaptive model (synonymous subs/site)":0.008787475373810643,
       "LRT":4.73798174335252,
       "Nucleotide GTR":0.03115442313483385,
       "Rate Distributions":        [
[0, 0.8847837157054989],
        [9.452946943175629, 0.1152162842945011] 
        ],
       "Rate classes":2,
       "Uncorrected P-value":0.03397326517899418,
       "original name":"ENSECAP00000003042"
      },
     "ENSECAP00000003722":{
       "Baseline MG94xREV":0.03709750446789437,
       "Baseline MG94xREV omega ratio":2.156423352485658,
       "Corrected P-value":1,
       "Full adaptive model":0.03550202974334934,
       "Full adaptive model (non-synonymous subs/site)":0.02953062218400635,
       "Full adaptive model (synonymous subs/site)":0.005971407559343,
       "LRT":0.6803268348458005,
       "Nucleotide GTR":0.04383888362323837,
       "Rate Distributions":        [
[1.836316258798782, 1] 
        ],
       "Rate classes":1,
       "Uncorrected P-value":0.2953910454730068,
       "original name":"ENSECAP00000003722"
      },
     "ENSECAP00000004563":{
       "Baseline MG94xREV":0.0489245867707355,
       "Baseline MG94xREV omega ratio":0.6512500858010712,
       "Corrected P-value":1,
       "Full adaptive model":0.04850661874214635,
       "Full adaptive model (non-synonymous subs/site)":0.03093292076594932,
       "Full adaptive model (synonymous subs/site)":0.01757369797619705,
       "LRT":0,
       "Nucleotide GTR":0.04961076575941156,
       "Rate Distributions":        [
[0.6535959714113503, 1] 
        ],
       "Rate classes":1,
       "Uncorrected P-value":1,
       "original name":"ENSECAP00000004563"
      },
     "ENSECAP00000010644":{
       "Baseline MG94xREV":0.09035657399811126,
       "Baseline MG94xREV omega ratio":0.8977180011031469,
       "Corrected P-value":1,
       "Full adaptive model":0.08856953559134682,
       "Full adaptive model (non-synonymous subs/site)":0.06104527595858508,
       "Full adaptive model (synonymous subs/site)":0.02752425963276167,
       "LRT":0,
       "Nucleotide GTR":0.09682855995646117,
       "Rate Distributions":        [
[0.823546282838153, 1] 
        ],
       "Rate classes":1,
       "Uncorrected P-value":1,
       "original name":"ENSECAP00000010644"
      },
     "ENSECAP00000015452":{
       "Baseline MG94xREV":0.1180167170811815,
       "Baseline MG94xREV omega ratio":0.349120829512032,
       "Corrected P-value":0.8019872477909373,
       "Full adaptive model":0.2870215501039057,
       "Full adaptive model (non-synonymous subs/site)":0.2317137963642533,
       "Full adaptive model (synonymous subs/site)":0.05530775373965249,
       "LRT":2.400918100117451,
       "Nucleotide GTR":0.1076729972334477,
       "Rate Distributions":        [
[0.1981385298016419, 0.9561263899151077],
        [31.14000623627389, 0.04387361008489232] 
        ],
       "Rate classes":2,
       "Uncorrected P-value":0.1145696068272768,
       "original name":"ENSECAP00000015452"
      },
     "NODE_3":{
       "Baseline MG94xREV":0.02620289099065581,
       "Baseline MG94xREV omega ratio":0.2172684016887493,
       "Corrected P-value":1,
       "Full adaptive model":0.02577762564398968,
       "Full adaptive model (non-synonymous subs/site)":0.008731478964881448,
       "Full adaptive model (synonymous subs/site)":0.01704614667910822,
       "LRT":0,
       "Nucleotide GTR":0.02594261145637398,
       "Rate Distributions":        [
[0.190201171144302, 1] 
        ],
       "Rate classes":1,
       "Uncorrected P-value":1
      },
     "NODE_5":{
       "Baseline MG94xREV":0.03046706078118698,
       "Baseline MG94xREV omega ratio":0.06882896338399884,
       "Corrected P-value":1,
       "Full adaptive model":0.03204900056174598,
       "Full adaptive model (non-synonymous subs/site)":0.006041435433593394,
       "Full adaptive model (synonymous subs/site)":0.02600756512815255,
       "LRT":0,
       "Nucleotide GTR":0.02101572362158002,
       "Rate Distributions":        [
[0.08625654122416761, 1] 
        ],
       "Rate classes":1,
       "Uncorrected P-value":1
      },
     "NODE_7":{
       "Baseline MG94xREV":0.01123142506831391,
       "Baseline MG94xREV omega ratio":0.4689023283745539,
       "Corrected P-value":0.04507288270249821,
       "Full adaptive model":0.021695921282333,
       "Full adaptive model (non-synonymous subs/site)":0.01711691658239366,
       "Full adaptive model (synonymous subs/site)":0.00457900469993934,
       "LRT":8.492687584373925,
       "Nucleotide GTR":0.008327027806881424,
       "Rate Distributions":        [
[0, 0.9795741977520603],
        [67.95586074477457, 0.02042580224793966] 
        ],
       "Rate classes":2,
       "Uncorrected P-value":0.005008098078055356
      }
    },
   "attributes":{
     "Baseline MG94xREV":{
       "attribute type":"branch length",
       "display order":1
      },
     "Baseline MG94xREV omega ratio":{
       "attribute type":"branch label",
       "display order":1
      },
     "Corrected P-value":{
       "attribute type":"branch label",
       "display order":6
      },
     "Full adaptive model":{
       "attribute type":"branch length",
       "display order":2
      },
     "Full adaptive model (non-synonymous subs/site)":{
       "attribute type":"branch label",
       "display order":10
      },
     "Full adaptive model (synonymous subs/site)":{
       "attribute type":"branch label",
       "display order":9
      },
     "LRT":{
       "attribute type":"branch label",
       "display order":4
      },
     "Nucleotide GTR":{
       "attribute type":"branch length",
       "display order":0
      },
     "Rate Distributions":{
       "attribute type":"branch label",
       "display order":3
      },
     "Rate classes":{
       "attribute type":"branch label",
       "display order":2
      },
     "Uncorrected P-value":{
       "attribute type":"branch label",
       "display order":5
      },
     "original name":{
       "attribute type":"node label",
       "display order":-1
      }
    }
  },