{
 "analysis":{
   "authors":"Sergei L Kosakovsky Pond, Ben Murrell, Steven Weaver and Temple iGEM / UCSD viral evolution group",
   "citation":"Less Is More: An Adaptive Branch-Site Random Effects Model for Efficient Detection of Episodic Diversifying Selection (2015). Mol Biol Evol 32 (5): 1342-1353. v2.2 adds support for multiple-hit models",
   "contact":"spond@temple.edu",
   "info":"aBSREL (Adaptive branch-site random effects likelihood)\n                            uses an adaptive random effects branch-site model framework\n                            to test whether each branch has evolved under positive selection,\n                            using a procedure which infers an optimal number of rate categories per branch.",
   "requirements":"in-frame codon alignment and a phylogenetic tree",
   "version":"2.2"
  },
 "branch attributes":{
   "0":{
     "ENSTNIP00000022455":{
       "Baseline MG94xREV":0.04209727175017592,
       "Baseline MG94xREV omega ratio":0.07308022147911615,
       "Corrected P-value":0.1103760888266598,
       "Full adaptive model":24.14193878950788,
       "Full adaptive model (non-synonymous subs/site)":24.10677090148047,
       "Full adaptive model (synonymous subs/site)":0.03516788802740362,
       "LRT":7.124311002466129,
       "Nucleotide GTR":0.03202150962282523,
       "Rate Distributions":        [
[0.05412630316437626, 0.9978970334982386],
        [100000, 0.00210296650176145] 
        ],
       "Rate classes":2,
       "Uncorrected P-value":0.01003418989333271,
       "original name":"ENSTNIP00000022455"
      },
     "HIPK2_DANRE":{
       "Baseline MG94xREV":0.1622723735891426,
       "Baseline MG94xREV omega ratio":0.03666274104432562,
       "Corrected P-value":1,
       "Full adaptive model":0.1427416298226966,
       "Full adaptive model (non-synonymous subs/site)":0.02183056735290402,
       "Full adaptive model (synonymous subs/site)":0.1209110624697926,
       "LRT":0,
       "Nucleotide GTR":0.1042522122780364,
       "Rate Distributions":        [
[0.001413252825352587, 0.9126386172563605],
        [0.6194425605487548, 0.08736138274363947] 
        ],
       "Rate classes":2,
       "Uncorrected P-value":1,
       "original name":"HIPK2_DANRE"
      },
     "HIPK2_GASAC":{
       "Baseline MG94xREV":0.06262537281648395,
       "Baseline MG94xREV omega ratio":0.09868162328160866,
       "Corrected P-value":1,
       "Full adaptive model":0.06595861162333144,
       "Full adaptive model (non-synonymous subs/site)":0.01330539569018381,
       "Full adaptive model (synonymous subs/site)":0.05265321593314762,
       "LRT":0,
       "Nucleotide GTR":0.04698596785962982,
       "Rate Distributions":        [
[0.07754504002260981, 1] 
        ],
       "Rate classes":1,
       "Uncorrected P-value":1,
       "original name":"HIPK2_GASAC"
      },
     "HIPK2_LATCH":{
       "Baseline MG94xREV":0.2160969644875992,
       "Baseline MG94xREV omega ratio":0.05757825889982923,
       "Corrected P-value":1,
       "Full adaptive model":0.2314264830163255,
       "Full adaptive model (non-synonymous subs/site)":0.04158102775832349,
       "Full adaptive model (synonymous subs/site)":0.189845455258002,
       "LRT":0.003532210324920015,
       "Nucleotide GTR":0.136725710735358,
       "Rate Distributions":        [
[0.02965549559138257, 0.9726911644577882],
        [1.404902723474997, 0.02730883554221175] 
        ],
       "Rate classes":2,
       "Uncorrected P-value":0.489992177276393,
       "original name":"HIPK2_LATCH"
      },
     "HIPK2_ORENI":{
       "Baseline MG94xREV":0.06536694584901089,
       "Baseline MG94xREV omega ratio":0.02939647661475936,
       "Corrected P-value":1,
       "Full adaptive model":0.06253954868755597,
       "Full adaptive model (non-synonymous subs/site)":0.0048839834154698,
       "Full adaptive model (synonymous subs/site)":0.05765556527208621,
       "LRT":0,
       "Nucleotide GTR":0.05833790228048734,
       "Rate Distributions":        [
[0.02599465620295863, 1] 
        ],
       "Rate classes":1,
       "Uncorrected P-value":1,
       "original name":"HIPK2_ORENI"
      },
     "HIPK2_TAKRU":{
       "Baseline MG94xREV":0.04001393223489388,
       "Baseline MG94xREV omega ratio":0.04588570362551286,
       "Corrected P-value":1,
       "Full adaptive model":0.0408609704077157,
       "Full adaptive model (non-synonymous subs/site)":0.006325292654292098,
       "Full adaptive model (synonymous subs/site)":0.0345356777534236,
       "LRT":0.5936789808183676,
       "Nucleotide GTR":0.03815603604105611,
       "Rate Distributions":        [
[0.03447662124342855, 0.9985853033828249],
        [15.39249167183551, 0.001414696617175082] 
        ],
       "Rate classes":2,
       "Uncorrected P-value":0.3111489853963539,
       "original name":"HIPK2_TAKRU"
      },
     "HIPK2_XENTR":{
       "Baseline MG94xREV":0.4911800150225587,
       "Baseline MG94xREV omega ratio":0.03590582728532819,
       "Corrected P-value":0.2702270352048229,
       "Full adaptive model":0.5813741421637786,
       "Full adaptive model (non-synonymous subs/site)":0.2641673059138369,
       "Full adaptive model (synonymous subs/site)":0.3172068362499417,
       "LRT":4.978452687431854,
       "Nucleotide GTR":0.1810849505632463,
       "Rate Distributions":        [
[0.0205737043019028, 0.9517768256037844],
        [4.893401501564174, 0.0482231743962156] 
        ],
       "Rate classes":2,
       "Uncorrected P-value":0.03002522613386921,
       "original name":"HIPK2_XENTR"
      },
     "NODE_10":{
       "Baseline MG94xREV":0.08836823817297036,
       "Baseline MG94xREV omega ratio":0.0379651070016918,
       "Corrected P-value":1,
       "Full adaptive model":0.1012891485105012,
       "Full adaptive model (non-synonymous subs/site)":0.01069267686580175,
       "Full adaptive model (synonymous subs/site)":0.09059647164469943,
       "LRT":0.04404541770418291,
       "Nucleotide GTR":0.05025022207646675,
       "Rate Distributions":        [
[0, 0.9695150906394949],
        [1.188068229181463, 0.03048490936050507] 
        ],
       "Rate classes":2,
       "Uncorrected P-value":0.4602192333420799
      },
     "NODE_12":{
       "Baseline MG94xREV":0.1124325097439054,
       "Baseline MG94xREV omega ratio":0.07851184686322288,
       "Corrected P-value":0.200225358591688,
       "Full adaptive model":0.3858185351467348,
       "Full adaptive model (non-synonymous subs/site)":0.3295250872739576,
       "Full adaptive model (synonymous subs/site)":0.05629344787277724,
       "LRT":5.769443858887826,
       "Nucleotide GTR":0.05781614585270466,
       "Rate Distributions":        [
[0.0658200825239543, 0.02993590988993993],
        [0.06619691365544302, 0.9524834928369605],
        [98.47732143156028, 0.01758059727309953] 
        ],
       "Rate classes":3,
       "Uncorrected P-value":0.0200225358591688
      },
     "NODE_6":{
       "Baseline MG94xREV":0.06558769479766298,
       "Baseline MG94xREV omega ratio":0.04362574178200703,
       "Corrected P-value":1,
       "Full adaptive model":0.06635458987225373,
       "Full adaptive model (non-synonymous subs/site)":0.008450605817585385,
       "Full adaptive model (synonymous subs/site)":0.05790398405466835,
       "LRT":0,
       "Nucleotide GTR":0.04382650736305316,
       "Rate Distributions":        [
[0, 0.9544073987988995],
        [0.9822819398919866, 0.04559260120110054] 
        ],
       "Rate classes":2,
       "Uncorrected P-value":1
      },
     "NODE_8":{
       "Baseline MG94xREV":0.0130337817554676,
       "Baseline MG94xREV omega ratio":0.06115439204942703,
       "Corrected P-value":0.9926726687554679,
       "Full adaptive model":0.0102633832840789,
       "Full adaptive model (non-synonymous subs/site)":0.002531439214721247,
       "Full adaptive model (synonymous subs/site)":0.007731944069357651,
       "LRT":2.250523628979863,
       "Nucleotide GTR":0.01487002946722624,