{
 "analysis":{
   "authors":"Sergei L Kosakovsky Pond, Ben Murrell, Steven Weaver and Temple iGEM / UCSD viral evolution group",
   "citation":"Less Is More: An Adaptive Branch-Site Random Effects Model for Efficient Detection of Episodic Diversifying Selection (2015). Mol Biol Evol 32 (5): 1342-1353. v2.2 adds support for multiple-hit models",
   "contact":"spond@temple.edu",
   "info":"aBSREL (Adaptive branch-site random effects likelihood)\n                            uses an adaptive random effects branch-site model framework\n                            to test whether each branch has evolved under positive selection,\n                            using a procedure which infers an optimal number of rate categories per branch.",
   "requirements":"in-frame codon alignment and a phylogenetic tree",
   "version":"2.2"
  },
 "branch attributes":{
   "0":{
     "ENSLACP00000011328":{
       "Baseline MG94xREV":1.078383055836225,
       "Baseline MG94xREV omega ratio":0.00654810981226259,
       "Corrected P-value":1,
       "Full adaptive model":0.08326198969442015,
       "Full adaptive model (non-synonymous subs/site)":0.06708143830055255,
       "Full adaptive model (synonymous subs/site)":0.01618055139386759,
       "LRT":-1.336384549063041,
       "Nucleotide GTR":0.1608308190380806,
       "Rate Distributions":        [
[0.2176070772671093, 0.9818001618120056],
        [70.86701068775484, 0.01819983818799442] 
        ],
       "Rate classes":2,
       "Uncorrected P-value":0.5,
       "original name":"ENSLACP00000011328"
      },
     "ENSONIP00000008786":{
       "Baseline MG94xREV":0.07437388741324651,
       "Baseline MG94xREV omega ratio":0.03546871627448207,
       "Corrected P-value":1,
       "Full adaptive model":0.1193078863847086,
       "Full adaptive model (non-synonymous subs/site)":0.006606362535996008,
       "Full adaptive model (synonymous subs/site)":0.1127015238487126,
       "LRT":0,
       "Nucleotide GTR":0.07050147006421967,
       "Rate Distributions":        [
[0.02125702016701021, 1] 
        ],
       "Rate classes":1,
       "Uncorrected P-value":1,
       "original name":"ENSONIP00000008786"
      },
     "ENSORLP00000010574":{
       "Baseline MG94xREV":0.2120371554295922,
       "Baseline MG94xREV omega ratio":0.009547104384586145,
       "Corrected P-value":1,
       "Full adaptive model":0.2034252067510652,
       "Full adaptive model (non-synonymous subs/site)":0.004831748985036113,
       "Full adaptive model (synonymous subs/site)":0.198593457766029,
       "LRT":0,
       "Nucleotide GTR":0.1237987334515323,
       "Rate Distributions":        [
[0.008822856114450444, 1] 
        ],
       "Rate classes":1,
       "Uncorrected P-value":1,
       "original name":"ENSORLP00000010574"
      },
     "GPR12_XENTR":{
       "Baseline MG94xREV":0.2338537629663509,
       "Baseline MG94xREV omega ratio":0.07753376166020123,
       "Corrected P-value":1,
       "Full adaptive model":1.051216722940158,
       "Full adaptive model (non-synonymous subs/site)":0.03879996710824587,
       "Full adaptive model (synonymous subs/site)":1.012416755831912,
       "LRT":0,
       "Nucleotide GTR":0.2023780672424626,
       "Rate Distributions":        [
[0.0138976638594829, 1] 
        ],
       "Rate classes":1,
       "Uncorrected P-value":1,
       "original name":"GPR12_XENTR"
      },
     "NODE_12":{
       "Baseline MG94xREV":1100.443913244486,
       "Baseline MG94xREV omega ratio":9.908860565301288e-06,
       "Corrected P-value":1,
       "Full adaptive model":2.975447147775926,
       "Full adaptive model (non-synonymous subs/site)":0.06083983453714498,
       "Full adaptive model (synonymous subs/site)":2.91460731323878,
       "LRT":0,
       "Nucleotide GTR":0.0803055821934954,
       "Rate Distributions":        [
[6.1484754583444e-05, 0.9259535690141841],
        [0.1014600132327155, 0.07404643098581587] 
        ],
       "Rate classes":2,
       "Uncorrected P-value":1
      },
     "NODE_3":{
       "Baseline MG94xREV":0.001494026908297388,
       "Baseline MG94xREV omega ratio":10000000000,
       "Corrected P-value":1,
       "Full adaptive model":0.05715588956917947,
       "Full adaptive model (non-synonymous subs/site)":0.002827063130902505,
       "Full adaptive model (synonymous subs/site)":0.054328826438277,
       "LRT":0,
       "Nucleotide GTR":0.04133626872158683,
       "Rate Distributions":        [
[0.01887013264464553, 1] 
        ],
       "Rate classes":1,
       "Uncorrected P-value":1
      },
     "NODE_5":{
       "Baseline MG94xREV":0.4506958989709168,
       "Baseline MG94xREV omega ratio":0.02450809641979988,
       "Corrected P-value":1,
       "Full adaptive model":0.3926093239965245,
       "Full adaptive model (non-synonymous subs/site)":0.3513243342634509,
       "Full adaptive model (synonymous subs/site)":0.04128498973307355,
       "LRT":1.790317717734979,
       "Nucleotide GTR":0.06888449922828752,
       "Rate Distributions":        [
[0.1153013019138689, 0.9724606214732272],
        [107.9836369464382, 0.0275393785267728] 
        ],
       "Rate classes":2,
       "Uncorrected P-value":0.1587402992577827
      },
     "NODE_7":{
       "Baseline MG94xREV":0.1581693919469684,
       "Baseline MG94xREV omega ratio":0.03493847154130067,
       "Corrected P-value":1,
       "Full adaptive model":0.04682112883692863,
       "Full adaptive model (non-synonymous subs/site)":0.014411694769708,
       "Full adaptive model (synonymous subs/site)":0.03240943406722064,
       "LRT":0,
       "Nucleotide GTR":0.06885112243342004,
       "Rate Distributions":        [
[0.1612550699959681, 1] 
        ],
       "Rate classes":1,
       "Uncorrected P-value":1
      },
     "Q4RH77_TETNG":{
       "Baseline MG94xREV":0.2665025639340695,
       "Baseline MG94xREV omega ratio":0.06491211197708231,
       "Corrected P-value":1,
       "Full adaptive model":0.2778210883238461,
       "Full adaptive model (non-synonymous subs/site)":0.0382959827518868,
       "Full adaptive model (synonymous subs/site)":0.2395251055719592,
       "LRT":0,
       "Nucleotide GTR":0.1194202099912792,
       "Rate Distributions":        [
[0.05797916396333763, 1] 
        ],
       "Rate classes":1,
       "Uncorrected P-value":1,
       "original name":"Q4RH77_TETNG"
      },
     "SI_CH73_362M14_3_DANRE":{
       "Baseline MG94xREV":0.741939589092079,
       "Baseline MG94xREV omega ratio":0.04020950289711028,
       "Corrected P-value":1,
       "Full adaptive model":0.7738039300599919,
       "Full adaptive model (non-synonymous subs/site)":0.09742463519873119,
       "Full adaptive model (synonymous subs/site)":0.6763792948612608,
       "LRT":0,
       "Nucleotide GTR":0.2206935034141521,
       "Rate Distributions":        [
[0.02388988590261175, 0.9377582148997405],
        [0.4792673941718295, 0.06224178510025946] 
        ],
       "Rate classes":2,
       "Uncorrected P-value":1,
       "original name":"SI@CH73-362M14.3_DANRE"
      },
     "SI_DKEY_24G18_3_DANRE":{
       "Baseline MG94xREV":0.03404327108722326,
       "Baseline MG94xREV omega ratio":0.08194043298517202,
       "Corrected P-value":1,
       "Full adaptive model":0.3618808070593412,
       "Full adaptive model (non-synonymous subs/site)":0.005746009812999994,
       "Full adaptive model (synonymous subs/site)":0.3561347972463413,
       "LRT":0,
       "Nucleotide GTR":0.104890033598357,
       "Rate Distributions":        [
[0.005850887176226384, 1] 
        ],
       "Rate classes":1,
       "Uncorrected P-value":1,
       "original name":"SI@DKEY-24G18.3_DANRE"
      }
    },
   "attributes":{
     "Baseline MG94xREV":{
       "attribute type":"branch length",
       "display order":1
      },
     "Baseline MG94xREV omega ratio":{
       "attribute type":"branch label",
       "display order":1
      },
     "Corrected P-value":{
       "attribute type":"branch label",
       "display order":6
      },