{
 "analysis":{
   "authors":"Sergei L Kosakovsky Pond, Ben Murrell, Steven Weaver and Temple iGEM / UCSD viral evolution group",
   "citation":"Less Is More: An Adaptive Branch-Site Random Effects Model for Efficient Detection of Episodic Diversifying Selection (2015). Mol Biol Evol 32 (5): 1342-1353. v2.2 adds support for multiple-hit models",
   "contact":"spond@temple.edu",
   "info":"aBSREL (Adaptive branch-site random effects likelihood)\n                            uses an adaptive random effects branch-site model framework\n                            to test whether each branch has evolved under positive selection,\n                            using a procedure which infers an optimal number of rate categories per branch.",
   "requirements":"in-frame codon alignment and a phylogenetic tree",
   "version":"2.2"
  },
 "branch attributes":{
   "0":{
     "ENSGACP00000001114":{
       "Baseline MG94xREV":0.2065380192270685,
       "Baseline MG94xREV omega ratio":0.121337564184377,
       "Corrected P-value":1,
       "Full adaptive model":0.2202036449502844,
       "Full adaptive model (non-synonymous subs/site)":0.08339220063928966,
       "Full adaptive model (synonymous subs/site)":0.1368114443109947,
       "LRT":0.5988145546871237,
       "Nucleotide GTR":0.1224880554972331,
       "Rate Distributions":        [
[0.006320934700279731, 0.8897593209644143],
        [1.732319887981327, 0.1102406790355857] 
        ],
       "Rate classes":2,
       "Uncorrected P-value":0.3101833721688858,
       "original name":"ENSGACP00000001114"
      },
     "ENSONIP00000014480":{
       "Baseline MG94xREV":0.06280891292712502,
       "Baseline MG94xREV omega ratio":0.06017333532601001,
       "Corrected P-value":1,
       "Full adaptive model":0.06184602703623891,
       "Full adaptive model (non-synonymous subs/site)":0.0142763086483102,
       "Full adaptive model (synonymous subs/site)":0.04756971838792873,
       "LRT":0,
       "Nucleotide GTR":0.07583217359619135,
       "Rate Distributions":        [
[0.09679602648523618, 1] 
        ],
       "Rate classes":1,
       "Uncorrected P-value":1,
       "original name":"ENSONIP00000014480"
      },
     "ENSORLP00000001784":{
       "Baseline MG94xREV":0.1030656294362252,
       "Baseline MG94xREV omega ratio":0.1696147878610799,
       "Corrected P-value":1,
       "Full adaptive model":0.08099667986445412,
       "Full adaptive model (non-synonymous subs/site)":0.03600830588690773,
       "Full adaptive model (synonymous subs/site)":0.04498837397754626,
       "LRT":0,
       "Nucleotide GTR":0.08173753408420596,
       "Rate Distributions":        [
[0.2581514531292445, 1] 
        ],
       "Rate classes":1,
       "Uncorrected P-value":1,
       "original name":"ENSORLP00000001784"
      },
     "ENSTRUP00000047619":{
       "Baseline MG94xREV":0.06795577816627002,
       "Baseline MG94xREV omega ratio":0.4323515441125012,
       "Corrected P-value":0.2559932465219092,
       "Full adaptive model":0.08233994991075633,
       "Full adaptive model (non-synonymous subs/site)":0.05030493283388404,
       "Full adaptive model (synonymous subs/site)":0.03203501707687229,
       "LRT":5.083895357911388,
       "Nucleotide GTR":0.08608982468177953,
       "Rate Distributions":        [
[0.005356589401440774, 0.9183009927506095],
        [6.139068285831278, 0.0816990072493905] 
        ],
       "Rate classes":2,
       "Uncorrected P-value":0.02844369405798991,
       "original name":"ENSTRUP00000047619"
      },
     "NODE_3":{
       "Baseline MG94xREV":0.1359453829444124,
       "Baseline MG94xREV omega ratio":0.01571183456015859,
       "Corrected P-value":1,
       "Full adaptive model":0.1503603527187984,
       "Full adaptive model (non-synonymous subs/site)":1e-10,
       "Full adaptive model (synonymous subs/site)":0.1503603527187984,
       "LRT":0,
       "Nucleotide GTR":0.05714442106666059,
       "Rate Distributions":        [
[0, 1] 
        ],
       "Rate classes":1,
       "Uncorrected P-value":1
      },
     "NODE_5":{
       "Baseline MG94xREV":0.001483819061053624,
       "Baseline MG94xREV omega ratio":10000000000,
       "Corrected P-value":1,
       "Full adaptive model":0,
       "Full adaptive model (non-synonymous subs/site)":1e-10,
       "Full adaptive model (synonymous subs/site)":1e-10,
       "LRT":0,
       "Nucleotide GTR":0.001593224345308247,
       "Rate Distributions":        [
[1, 1] 
        ],
       "Rate classes":1,
       "Uncorrected P-value":1
      },
     "NODE_8":{
       "Baseline MG94xREV":0.02682947539543243,
       "Baseline MG94xREV omega ratio":0.03076000459996741,
       "Corrected P-value":1,
       "Full adaptive model":0.02728933999735762,
       "Full adaptive model (non-synonymous subs/site)":0.00243504407292883,
       "Full adaptive model (synonymous subs/site)":0.02485429592442878,
       "LRT":0,
       "Nucleotide GTR":0.03448555521486647,
       "Rate Distributions":        [
[0.03159930586467685, 1] 
        ],
       "Rate classes":1,
       "Uncorrected P-value":1
      },
     "PPIAB_DANRE":{
       "Baseline MG94xREV":0.5541623197910907,
       "Baseline MG94xREV omega ratio":0.06562726879408751,
       "Corrected P-value":1,
       "Full adaptive model":42.15334560310657,
       "Full adaptive model (non-synonymous subs/site)":41.77698744578709,
       "Full adaptive model (synonymous subs/site)":0.3763581573194748,
       "LRT":0.9607319557012488,
       "Nucleotide GTR":0.2420563957460121,
       "Rate Distributions":        [
[0.0148090276922834, 0.9008393918897132],
        [360.9166596476653, 0.09916060811028682] 
        ],
       "Rate classes":2,
       "Uncorrected P-value":0.2509675978646743,
       "original name":"PPIAB_DANRE"
      },
     "Q4S1X7_TETNG":{
       "Baseline MG94xREV":0.06888681740613746,
       "Baseline MG94xREV omega ratio":0.1246726433208625,
       "Corrected P-value":1,
       "Full adaptive model":0.07451134105667495,
       "Full adaptive model (non-synonymous subs/site)":0.0195416777019544,
       "Full adaptive model (synonymous subs/site)":0.05496966335472056,
       "LRT":0,
       "Nucleotide GTR":0.04705926106093438,
       "Rate Distributions":        [
[0.1146597394199914, 1] 
        ],
       "Rate classes":1,
       "Uncorrected P-value":1,
       "original name":"Q4S1X7_TETNG"
      }
    },
   "attributes":{
     "Baseline MG94xREV":{
       "attribute type":"branch length",
       "display order":1
      },
     "Baseline MG94xREV omega ratio":{
       "attribute type":"branch label",
       "display order":1
      },
     "Corrected P-value":{
       "attribute type":"branch label",
       "display order":6
      },
     "Full adaptive model":{
       "attribute type":"branch length",
       "display order":2
      },
     "Full adaptive model (non-synonymous subs/site)":{
       "attribute type":"branch label",
       "display order":10
      },
     "Full adaptive model (synonymous subs/site)":{
       "attribute type":"branch label",
       "display order":9
      },
     "LRT":{
       "attribute type":"branch label",
       "display order":4
      },
     "Nucleotide GTR":{
       "attribute type":"branch length",
       "display order":0
      },
     "Rate Distributions":{
       "attribute type":"branch label",
       "display order":3
      },
     "Rate classes":{
       "attribute type":"branch label",
       "display order":2
      },
     "Uncorrected P-value":{
       "attribute type":"branch label",
       "display order":5
      },
     "original name":{
       "attribute type":"node label",
       "display order":-1
      }
    }
  },