{
 "analysis":{
   "authors":"Sergei L Kosakovsky Pond, Ben Murrell, Steven Weaver and Temple iGEM / UCSD viral evolution group",
   "citation":"Less Is More: An Adaptive Branch-Site Random Effects Model for Efficient Detection of Episodic Diversifying Selection (2015). Mol Biol Evol 32 (5): 1342-1353. v2.2 adds support for multiple-hit models",
   "contact":"spond@temple.edu",
   "info":"aBSREL (Adaptive branch-site random effects likelihood)\n                            uses an adaptive random effects branch-site model framework\n                            to test whether each branch has evolved under positive selection,\n                            using a procedure which infers an optimal number of rate categories per branch.",
   "requirements":"in-frame codon alignment and a phylogenetic tree",
   "version":"2.2"
  },
 "branch attributes":{
   "0":{
     "ENSGACP00000015696":{
       "Baseline MG94xREV":0.1105776586826698,
       "Baseline MG94xREV omega ratio":0.1517893910322875,
       "Corrected P-value":1,
       "Full adaptive model":0.1065500723716172,
       "Full adaptive model (non-synonymous subs/site)":0.02910767918721108,
       "Full adaptive model (synonymous subs/site)":0.07744239318440603,
       "LRT":0,
       "Nucleotide GTR":0.0946057675050694,
       "Rate Distributions":        [
[0.1356668859862848, 1] 
        ],
       "Rate classes":1,
       "Uncorrected P-value":1,
       "original name":"ENSGACP00000015696"
      },
     "ENSGALP00000012514":{
       "Baseline MG94xREV":0.05687705127055787,
       "Baseline MG94xREV omega ratio":0.1114983608010903,
       "Corrected P-value":1,
       "Full adaptive model":3.743740865930494,
       "Full adaptive model (non-synonymous subs/site)":3.702511160786719,
       "Full adaptive model (synonymous subs/site)":0.04122970514377602,
       "LRT":2.112333147988465,
       "Nucleotide GTR":0.06252293887155411,
       "Rate Distributions":        [
[0.1000912563708819, 0.991601198854146],
        [3847.530319904517, 0.008398801145854007] 
        ],
       "Rate classes":2,
       "Uncorrected P-value":0.1335592202597993,
       "original name":"ENSGALP00000012514"
      },
     "ENSGMOP00000007916":{
       "Baseline MG94xREV":0.1893669957527255,
       "Baseline MG94xREV omega ratio":0.1354045260441709,
       "Corrected P-value":1,
       "Full adaptive model":0.1938536108171008,
       "Full adaptive model (non-synonymous subs/site)":0.073662238765188,
       "Full adaptive model (synonymous subs/site)":0.1201913720519128,
       "LRT":1.296507233926604,
       "Nucleotide GTR":0.1392976535736746,
       "Rate Distributions":        [
[0, 0.8604022324624432],
        [1.584667643152499, 0.1395977675375568] 
        ],
       "Rate classes":2,
       "Uncorrected P-value":0.2078579204540079,
       "original name":"ENSGMOP00000007916"
      },
     "ENSONIP00000025538":{
       "Baseline MG94xREV":0.1018303870374713,
       "Baseline MG94xREV omega ratio":0.1175739189467077,
       "Corrected P-value":1,
       "Full adaptive model":0.1032411036321566,
       "Full adaptive model (non-synonymous subs/site)":0.02170261483566375,
       "Full adaptive model (synonymous subs/site)":0.08153848879649285,
       "LRT":0,
       "Nucleotide GTR":0.09369013999107326,
       "Rate Distributions":        [
[0.09607147246644085, 1] 
        ],
       "Rate classes":1,
       "Uncorrected P-value":1,
       "original name":"ENSONIP00000025538"
      },
     "ENSORLP00000003856":{
       "Baseline MG94xREV":0.195769816884939,
       "Baseline MG94xREV omega ratio":0.07348135254256848,
       "Corrected P-value":1,
       "Full adaptive model":0.1911127385533203,
       "Full adaptive model (non-synonymous subs/site)":0.03114727089916284,
       "Full adaptive model (synonymous subs/site)":0.1599654676541574,
       "LRT":0,
       "Nucleotide GTR":0.1444776386424139,
       "Rate Distributions":        [
[0.07028114081878052, 1] 
        ],
       "Rate classes":1,
       "Uncorrected P-value":1,
       "original name":"ENSORLP00000003856"
      },
     "ENSTGUP00000010175":{
       "Baseline MG94xREV":0.09728764023830204,
       "Baseline MG94xREV omega ratio":0.1342335599545162,
       "Corrected P-value":1,
       "Full adaptive model":0.09380850500797694,
       "Full adaptive model (non-synonymous subs/site)":0.02344369783359091,
       "Full adaptive model (synonymous subs/site)":0.07036480717438603,
       "LRT":-0.01072160908552178,
       "Nucleotide GTR":0.07364980989445619,
       "Rate Distributions":        [
[0.03681525720171155, 0.9220375820407714],
        [1.107115663820359, 0.07796241795922865] 
        ],
       "Rate classes":2,
       "Uncorrected P-value":0.5,
       "original name":"ENSTGUP00000010175"
      },
     "NODE_12":{
       "Baseline MG94xREV":0.2168785181987157,
       "Baseline MG94xREV omega ratio":0.1127328111961235,
       "Corrected P-value":1,
       "Full adaptive model":0.2155560749475975,
       "Full adaptive model (non-synonymous subs/site)":0.04587164653496819,
       "Full adaptive model (synonymous subs/site)":0.1696844284126294,
       "LRT":0,
       "Nucleotide GTR":0.1322673790065033,
       "Rate Distributions":        [
[0.09757698203060074, 1] 
        ],
       "Rate classes":1,
       "Uncorrected P-value":1
      },
     "NODE_14":{
       "Baseline MG94xREV":0.3621431295924611,
       "Baseline MG94xREV omega ratio":0.04381928008516958,
       "Corrected P-value":0.8859015990636629,
       "Full adaptive model":14.53394469894443,
       "Full adaptive model (non-synonymous subs/site)":14.2451757963209,
       "Full adaptive model (synonymous subs/site)":0.2887689026235359,
       "LRT":3.071189391446751,
       "Nucleotide GTR":0.1231142438861328,
       "Rate Distributions":        [
[0.01590175860384307, 0.9448698034813893],
        [322.7054256277466, 0.05513019651861073] 
        ],
       "Rate classes":2,
       "Uncorrected P-value":0.08053650900578754
      },
     "NODE_3":{
       "Baseline MG94xREV":0.0007278259294936297,
       "Baseline MG94xREV omega ratio":10000000000,
       "Corrected P-value":1,
       "Full adaptive model":0.001815877868744949,
       "Full adaptive model (non-synonymous subs/site)":0.001815877868744949,
       "Full adaptive model (synonymous subs/site)":1e-10,
       "LRT":0.1075892367061897,
       "Nucleotide GTR":0.0002833368740999454,
       "Rate Distributions":        [
[10000000000, 1] 
        ],
       "Rate classes":1,
       "Uncorrected P-value":0.4328691388853304
      },
     "NODE_5":{
       "Baseline MG94xREV":0.06554956420941228,
       "Baseline MG94xREV omega ratio":0.1122516449779411,
       "Corrected P-value":0.04778035576416267,
       "Full adaptive model":0.08684838158824609,
       "Full adaptive model (non-synonymous subs/site)":0.03639221375163289,
       "Full adaptive model (synonymous subs/site)":0.05045616783661321,
       "LRT":9.10320350197253,
       "Nucleotide GTR":0.05148825915741735,
       "Rate Distributions":        [
[0, 0.9695457519953287],
        [8.548528704146269, 0.03045424800467134] 
        ],
       "Rate classes":2,
       "Uncorrected P-value":0.003675411981858667
      },
     "NODE_7":{
       "Baseline MG94xREV":0.1035395109263582,
       "Baseline MG94xREV omega ratio":0.03756766852924907,
       "Corrected P-value":1,
       "Full adaptive model":0.112777804929279,
       "Full adaptive model (non-synonymous subs/site)":0.004658686844450343,
       "Full adaptive model (synonymous subs/site)":0.1081191180848285,
       "LRT":0,
       "Nucleotide GTR":0.05594525251198492,
       "Rate Distributions":        [
[0.01555270971227676, 1] 
        ],
       "Rate classes":1,
       "Uncorrected P-value":1
      },
     "XB_GENE_5822220_XENTR":{
       "Baseline MG94xREV":0.2937038405568812,
       "Baseline MG94xREV omega ratio":0.1337232615507188,
       "Corrected P-value":0.5266883356335259,