{
 "analysis":{
   "authors":"Sergei L Kosakovsky Pond, Ben Murrell, Steven Weaver and Temple iGEM / UCSD viral evolution group",
   "citation":"Less Is More: An Adaptive Branch-Site Random Effects Model for Efficient Detection of Episodic Diversifying Selection (2015). Mol Biol Evol 32 (5): 1342-1353. v2.2 adds support for multiple-hit models",
   "contact":"spond@temple.edu",
   "info":"aBSREL (Adaptive branch-site random effects likelihood)\n                            uses an adaptive random effects branch-site model framework\n                            to test whether each branch has evolved under positive selection,\n                            using a procedure which infers an optimal number of rate categories per branch.",
   "requirements":"in-frame codon alignment and a phylogenetic tree",
   "version":"2.2"
  },
 "branch attributes":{
   "0":{
     "C11ORF92_CALJA":{
       "Baseline MG94xREV":0.04205010805239164,
       "Baseline MG94xREV omega ratio":0.4050905430362125,
       "Corrected P-value":0.1718597379261319,
       "Full adaptive model":0.08597782177077576,
       "Full adaptive model (non-synonymous subs/site)":0.06474206503251864,
       "Full adaptive model (synonymous subs/site)":0.02123575673825713,
       "LRT":6.58278741489562,
       "Nucleotide GTR":0.04026327402584055,
       "Rate Distributions":        [
[0.05964947119250445, 0.9599715010665537],
        [31.08221806716753, 0.04002849893344629] 
        ],
       "Rate classes":2,
       "Uncorrected P-value":0.01321997984047169,
       "original name":"C11ORF92_CALJA"
      },
     "C11ORF92_GGOR":{
       "Baseline MG94xREV":0.01591029328241013,
       "Baseline MG94xREV omega ratio":10000000000,
       "Corrected P-value":1,
       "Full adaptive model":0.01586326282156085,
       "Full adaptive model (non-synonymous subs/site)":0.01586326282156085,
       "Full adaptive model (synonymous subs/site)":1e-10,
       "LRT":2.811723132321049,
       "Nucleotide GTR":0.01598366906629546,
       "Rate Distributions":        [
[10000000000, 1] 
        ],
       "Rate classes":1,
       "Uncorrected P-value":0.09226228681124365,
       "original name":"C11ORF92_GGOR"
      },
     "C11ORF92_HUMAN":{
       "Baseline MG94xREV":0.01219694863776021,
       "Baseline MG94xREV omega ratio":0.2049397241212567,
       "Corrected P-value":1,
       "Full adaptive model":0.01220258937511847,
       "Full adaptive model (non-synonymous subs/site)":0.003902859490767978,
       "Full adaptive model (synonymous subs/site)":0.008299729884350491,
       "LRT":0,
       "Nucleotide GTR":0.01199824351959308,
       "Rate Distributions":        [
[0.2007349879566253, 1] 
        ],
       "Rate classes":1,
       "Uncorrected P-value":1,
       "original name":"C11ORF92_HUMAN"
      },
     "C11ORF92_MICMU":{
       "Baseline MG94xREV":0.08063627882147796,
       "Baseline MG94xREV omega ratio":2.021502927053955,
       "Corrected P-value":1,
       "Full adaptive model":0.0767325892993021,
       "Full adaptive model (non-synonymous subs/site)":0.06243797077365567,
       "Full adaptive model (synonymous subs/site)":0.01429461852564645,
       "LRT":0.9627834813950358,
       "Nucleotide GTR":0.08296390303390169,
       "Rate Distributions":        [
[1.864577024724963, 1] 
        ],
       "Rate classes":1,
       "Uncorrected P-value":0.2506741567605506,
       "original name":"C11ORF92_MICMU"
      },
     "C11ORF92_NOMLE":{
       "Baseline MG94xREV":0.008367045094086161,
       "Baseline MG94xREV omega ratio":0,
       "Corrected P-value":1,
       "Full adaptive model":0.008352783024049345,
       "Full adaptive model (non-synonymous subs/site)":1e-10,
       "Full adaptive model (synonymous subs/site)":0.008352783024049345,
       "LRT":0,
       "Nucleotide GTR":0.005161942038959613,
       "Rate Distributions":        [
[0, 1] 
        ],
       "Rate classes":1,
       "Uncorrected P-value":1,
       "original name":"C11ORF92_NOMLE"
      },
     "C11ORF92_PANTR":{
       "Baseline MG94xREV":0.01191963686780046,
       "Baseline MG94xREV omega ratio":0.8352189952666538,
       "Corrected P-value":1,
       "Full adaptive model":0.01191712883549468,
       "Full adaptive model (non-synonymous subs/site)":0.007833108524256336,
       "Full adaptive model (synonymous subs/site)":0.004084020311238339,
       "LRT":0,
       "Nucleotide GTR":0.01197613838914134,
       "Rate Distributions":        [
[0.8187482197551883, 1] 
        ],
       "Rate classes":1,
       "Uncorrected P-value":1,
       "original name":"C11ORF92_PANTR"
      },
     "C11ORF92_PTEVA":{
       "Baseline MG94xREV":0.1286088329184961,
       "Baseline MG94xREV omega ratio":0.7619062220908861,
       "Corrected P-value":1,
       "Full adaptive model":0.1282859835592719,
       "Full adaptive model (non-synonymous subs/site)":0.08103326025454924,
       "Full adaptive model (synonymous subs/site)":0.04725272330472253,
       "LRT":0,
       "Nucleotide GTR":0.1267677985512131,
       "Rate Distributions":        [
[0.7320497350290256, 1] 
        ],
       "Rate classes":1,
       "Uncorrected P-value":1,
       "original name":"C11ORF92_PTEVA"
      },
     "C11ORF92_TURTR":{
       "Baseline MG94xREV":0.077588762698986,
       "Baseline MG94xREV omega ratio":0.5051144416353152,
       "Corrected P-value":1,
       "Full adaptive model":0.07738985537255884,
       "Full adaptive model (non-synonymous subs/site)":0.04147063450324937,
       "Full adaptive model (synonymous subs/site)":0.03591922086930949,
       "LRT":0,
       "Nucleotide GTR":0.07661179577625911,
       "Rate Distributions":        [
[0.4928535520169096, 1] 
        ],
       "Rate classes":1,
       "Uncorrected P-value":1,
       "original name":"C11ORF92_TURTR"
      },
     "LOC100436824_PONAB":{
       "Baseline MG94xREV":0.02879462954530896,
       "Baseline MG94xREV omega ratio":0.3046935547277869,
       "Corrected P-value":1,
       "Full adaptive model":0.02878296302266082,
       "Full adaptive model (non-synonymous subs/site)":0.01185282079922813,
       "Full adaptive model (synonymous subs/site)":0.01693014222343273,
       "LRT":0,
       "Nucleotide GTR":0.02543097901688867,
       "Rate Distributions":        [
[0.2988582371813928, 1] 
        ],
       "Rate classes":1,
       "Uncorrected P-value":1,
       "original name":"LOC100436824_PONAB"
      },
     "NODE_12":{
       "Baseline MG94xREV":0.03285496651682124,
       "Baseline MG94xREV omega ratio":2.938125766888413,
       "Corrected P-value":1,
       "Full adaptive model":0.03021711203086415,
       "Full adaptive model (non-synonymous subs/site)":0.02592729890588644,
       "Full adaptive model (synonymous subs/site)":0.004289813124977711,
       "LRT":0.7892974810199576,
       "Nucleotide GTR":0.0378219286952767,
       "Rate Distributions":        [
[2.580019683828797, 1] 
        ],
       "Rate classes":1,
       "Uncorrected P-value":0.2770375424730656
      },
     "NODE_14":{
       "Baseline MG94xREV":0.03823252851685888,
       "Baseline MG94xREV omega ratio":0.9528404382710448,
       "Corrected P-value":1,
       "Full adaptive model":0.03845538977792537,
       "Full adaptive model (non-synonymous subs/site)":0.02636127786010685,
       "Full adaptive model (synonymous subs/site)":0.01209411191781854,
       "LRT":0,
       "Nucleotide GTR":0.03888790530396556,
       "Rate Distributions":        [
[0.9304576139342398, 1] 
        ],
       "Rate classes":1,
       "Uncorrected P-value":1
      },
     "NODE_16":{
       "Baseline MG94xREV":0.03018809210726019,
       "Baseline MG94xREV omega ratio":0.3152679247379586,
       "Corrected P-value":1,
       "Full adaptive model":0.03520791853080672,
       "Full adaptive model (non-synonymous subs/site)":0.01745971181597378,
       "Full adaptive model (synonymous subs/site)":0.01774820671483296,
       "LRT":0,
       "Nucleotide GTR":0.02706123126394712,