{
 "analysis":{
   "authors":"Sergei L Kosakovsky Pond, Ben Murrell, Steven Weaver and Temple iGEM / UCSD viral evolution group",
   "citation":"Less Is More: An Adaptive Branch-Site Random Effects Model for Efficient Detection of Episodic Diversifying Selection (2015). Mol Biol Evol 32 (5): 1342-1353. v2.2 adds support for multiple-hit models",
   "contact":"spond@temple.edu",
   "info":"aBSREL (Adaptive branch-site random effects likelihood)\n                            uses an adaptive random effects branch-site model framework\n                            to test whether each branch has evolved under positive selection,\n                            using a procedure which infers an optimal number of rate categories per branch.",
   "requirements":"in-frame codon alignment and a phylogenetic tree",
   "version":"2.2"
  },
 "branch attributes":{
   "0":{
     "ENSAMEP00000009913":{
       "Baseline MG94xREV":0.1043652406488221,
       "Baseline MG94xREV omega ratio":0.3232010260237705,
       "Corrected P-value":1,
       "Full adaptive model":0.1246628407361802,
       "Full adaptive model (non-synonymous subs/site)":0.07306421429617255,
       "Full adaptive model (synonymous subs/site)":0.05159862644000762,
       "LRT":1.886185982399184,
       "Nucleotide GTR":0.09713439591191805,
       "Rate Distributions":        [
[0.1124461426019102, 0.9056498470769248],
        [4.424642374477794, 0.09435015292307525] 
        ],
       "Rate classes":2,
       "Uncorrected P-value":0.1507529946334837,
       "original name":"ENSAMEP00000009913"
      },
     "ENSBTAP00000036878":{
       "Baseline MG94xREV":0.1862343503552842,
       "Baseline MG94xREV omega ratio":0.1630640790354147,
       "Corrected P-value":1,
       "Full adaptive model":0.184537074495406,
       "Full adaptive model (non-synonymous subs/site)":0.05391825082245364,
       "Full adaptive model (synonymous subs/site)":0.1306188236729523,
       "LRT":0,
       "Nucleotide GTR":0.149272215234441,
       "Rate Distributions":        [
[0.1513853593151651, 1] 
        ],
       "Rate classes":1,
       "Uncorrected P-value":1,
       "original name":"ENSBTAP00000036878"
      },
     "ENSCAFP00000012351":{
       "Baseline MG94xREV":0.0890372859837034,
       "Baseline MG94xREV omega ratio":0.3517027982216622,
       "Corrected P-value":1,
       "Full adaptive model":0.09072860447399776,
       "Full adaptive model (non-synonymous subs/site)":0.04202863883196953,
       "Full adaptive model (synonymous subs/site)":0.04869996564202837,
       "LRT":0,
       "Nucleotide GTR":0.08781787823740632,
       "Rate Distributions":        [
[0.3164976717965056, 1] 
        ],
       "Rate classes":1,
       "Uncorrected P-value":1,
       "original name":"ENSCAFP00000012351"
      },
     "ENSCJAP00000023576":{
       "Baseline MG94xREV":0.1304099474679216,
       "Baseline MG94xREV omega ratio":0.3796961897543186,
       "Corrected P-value":1,
       "Full adaptive model":0.1337913676007489,
       "Full adaptive model (non-synonymous subs/site)":0.06359178373338113,
       "Full adaptive model (synonymous subs/site)":0.07019958386736759,
       "LRT":0,
       "Nucleotide GTR":0.1234797891912932,
       "Rate Distributions":        [
[0.3322158271250989, 1] 
        ],
       "Rate classes":1,
       "Uncorrected P-value":1,
       "original name":"ENSCJAP00000023576"
      },
     "ENSCPOP00000008086":{
       "Baseline MG94xREV":0.1604795204591405,
       "Baseline MG94xREV omega ratio":0.3619367015782381,
       "Corrected P-value":0.1619189748867375,
       "Full adaptive model":1.165911176015061,
       "Full adaptive model (non-synonymous subs/site)":1.101679734205183,
       "Full adaptive model (synonymous subs/site)":0.06423144180987836,
       "LRT":6.980759845526336,
       "Nucleotide GTR":0.1502569807141789,
       "Rate Distributions":        [
[0.2668984106730807, 0.9292709224244385],
        [85.42649014112951, 0.07072907757556146] 
        ],
       "Rate classes":2,
       "Uncorrected P-value":0.0107945983257825,
       "original name":"ENSCPOP00000008086"
      },
     "ENSSHAP00000015545":{
       "Baseline MG94xREV":0.2893352580156717,
       "Baseline MG94xREV omega ratio":0.2994870584279156,
       "Corrected P-value":1,
       "Full adaptive model":0.3046464508799875,
       "Full adaptive model (non-synonymous subs/site)":0.1558028910161886,
       "Full adaptive model (synonymous subs/site)":0.1488435598637989,
       "LRT":0,
       "Nucleotide GTR":0.2565434705964674,
       "Rate Distributions":        [
[0.02101141201479575, 0.628575931066117],
        [0.9979862532478979, 0.371424068933883] 
        ],
       "Rate classes":2,
       "Uncorrected P-value":1,
       "original name":"ENSSHAP00000015545"
      },
     "NODE_14":{
       "Baseline MG94xREV":0.1245913334070392,
       "Baseline MG94xREV omega ratio":0.5481641595270573,
       "Corrected P-value":1,
       "Full adaptive model":0.1161409485290871,
       "Full adaptive model (non-synonymous subs/site)":0.07447960014638025,
       "Full adaptive model (synonymous subs/site)":0.04166134838270694,
       "LRT":0,
       "Nucleotide GTR":0.116027271009344,
       "Rate Distributions":        [
[0.6556285605218696, 1] 
        ],
       "Rate classes":1,
       "Uncorrected P-value":1
      },
     "NODE_16":{
       "Baseline MG94xREV":0.07323628202307109,
       "Baseline MG94xREV omega ratio":0.1268781591086393,
       "Corrected P-value":1,
       "Full adaptive model":0.07683329136503943,
       "Full adaptive model (non-synonymous subs/site)":0.01825060860828632,
       "Full adaptive model (synonymous subs/site)":0.05858268275675307,
       "LRT":0,
       "Nucleotide GTR":0.05434048381699734,
       "Rate Distributions":        [
[0.1142515090778344, 1] 
        ],
       "Rate classes":1,
       "Uncorrected P-value":1
      },
     "NODE_5":{
       "Baseline MG94xREV":0.03336399967966174,
       "Baseline MG94xREV omega ratio":0.2227698474581338,
       "Corrected P-value":1,
       "Full adaptive model":0.03318400117059069,
       "Full adaptive model (non-synonymous subs/site)":0.01251171501016116,
       "Full adaptive model (synonymous subs/site)":0.02067228616042954,
       "LRT":0,
       "Nucleotide GTR":0.03123004221293408,
       "Rate Distributions":        [
[0.2219638172005271, 1] 
        ],
       "Rate classes":1,
       "Uncorrected P-value":1
      },
     "NODE_7":{
       "Baseline MG94xREV":0.1369444186122414,
       "Baseline MG94xREV omega ratio":0.285949925694486,
       "Corrected P-value":0.6275152440088437,
       "Full adaptive model":0.2073900301558827,
       "Full adaptive model (non-synonymous subs/site)":0.135508728929118,
       "Full adaptive model (synonymous subs/site)":0.07188130122676473,
       "LRT":4.199965721109947,
       "Nucleotide GTR":0.122917417387744,
       "Rate Distributions":        [
[0, 0.857896965007361],
        [4.865212762762973, 0.142103034992639] 
        ],
       "Rate classes":2,
       "Uncorrected P-value":0.04482251742920312
      },
     "NODE_9":{
       "Baseline MG94xREV":0.05794385059550419,
       "Baseline MG94xREV omega ratio":0.9806900355838382,
       "Corrected P-value":1,
       "Full adaptive model":0.04606547288085373,
       "Full adaptive model (non-synonymous subs/site)":0.03843486596786141,
       "Full adaptive model (synonymous subs/site)":0.007630606912992263,
       "LRT":0.1349931100521644,
       "Nucleotide GTR":0.06249376068586792,
       "Rate Distributions":        [
[1.847226451317506, 1] 
        ],
       "Rate classes":1,
       "Uncorrected P-value":0.4230813155577344
      },
     "TCP10A_MOUSE":{
       "Baseline MG94xREV":0.01186226101976301,
       "Baseline MG94xREV omega ratio":0.5568323978190122,
       "Corrected P-value":1,
       "Full adaptive model":0.01184087150173765,
       "Full adaptive model (non-synonymous subs/site)":0.006941846072541968,