{
 "analysis":{
   "authors":"Sergei L Kosakovsky Pond, Ben Murrell, Steven Weaver and Temple iGEM / UCSD viral evolution group",
   "citation":"Less Is More: An Adaptive Branch-Site Random Effects Model for Efficient Detection of Episodic Diversifying Selection (2015). Mol Biol Evol 32 (5): 1342-1353. v2.2 adds support for multiple-hit models",
   "contact":"spond@temple.edu",
   "info":"aBSREL (Adaptive branch-site random effects likelihood)\n                            uses an adaptive random effects branch-site model framework\n                            to test whether each branch has evolved under positive selection,\n                            using a procedure which infers an optimal number of rate categories per branch.",
   "requirements":"in-frame codon alignment and a phylogenetic tree",
   "version":"2.2"
  },
 "branch attributes":{
   "0":{
     "ENSGACP00000004789":{
       "Baseline MG94xREV":0.07558185084681744,
       "Baseline MG94xREV omega ratio":0.2874898669326738,
       "Corrected P-value":0.01903827095714844,
       "Full adaptive model":0.07945707804748929,
       "Full adaptive model (non-synonymous subs/site)":0.07459564792721655,
       "Full adaptive model (synonymous subs/site)":0.004861430120272739,
       "LRT":10.19489035821607,
       "Nucleotide GTR":0.06919934612336992,
       "Rate Distributions":        [
[0, 0.9297561778011336],
        [69.19223409101117, 0.07024382219886638] 
        ],
       "Rate classes":2,
       "Uncorrected P-value":0.00211536343968316,
       "original name":"ENSGACP00000004789"
      },
     "ENSGMOP00000014391":{
       "Baseline MG94xREV":0.1549978007614367,
       "Baseline MG94xREV omega ratio":0.192043148962177,
       "Corrected P-value":1,
       "Full adaptive model":0.2197656564494661,
       "Full adaptive model (non-synonymous subs/site)":0.07635091596214366,
       "Full adaptive model (synonymous subs/site)":0.1434147404873225,
       "LRT":0,
       "Nucleotide GTR":0.1261340888120489,
       "Rate Distributions":        [
[0.003485422061853776, 0.7857152686411242],
        [0.774166671950297, 0.2142847313588758] 
        ],
       "Rate classes":2,
       "Uncorrected P-value":1,
       "original name":"ENSGMOP00000014391"
      },
     "ENSGMOP00000015270":{
       "Baseline MG94xREV":0.2328656251433067,
       "Baseline MG94xREV omega ratio":0.1681534874212026,
       "Corrected P-value":1,
       "Full adaptive model":0.2492474242239839,
       "Full adaptive model (non-synonymous subs/site)":0.1263617113135633,
       "Full adaptive model (synonymous subs/site)":0.1228857129104206,
       "LRT":0.5427606731727792,
       "Nucleotide GTR":0.1603142738613103,
       "Rate Distributions":        [
[0, 0.7951877184280302],
        [1.590282043846776, 0.2048122815719698] 
        ],
       "Rate classes":2,
       "Uncorrected P-value":0.3209561223026828,
       "original name":"ENSGMOP00000015270"
      },
     "ENSTNIP00000016298":{
       "Baseline MG94xREV":0.07715096858194427,
       "Baseline MG94xREV omega ratio":0.2443930525863033,
       "Corrected P-value":1,
       "Full adaptive model":0.09313040992472867,
       "Full adaptive model (non-synonymous subs/site)":0.04589651520088142,
       "Full adaptive model (synonymous subs/site)":0.04723389472384724,
       "LRT":0.8302573895343812,
       "Nucleotide GTR":0.08026635466205001,
       "Rate Distributions":        [
[0.05868518125904833, 0.9040865224853477],
        [2.655775417052139, 0.09591347751465229] 
        ],
       "Rate classes":2,
       "Uncorrected P-value":0.2705162136959747,
       "original name":"ENSTNIP00000016298"
      },
     "ENSTRUP00000029725":{
       "Baseline MG94xREV":0.04309292173780335,
       "Baseline MG94xREV omega ratio":0.1806931578642064,
       "Corrected P-value":1,
       "Full adaptive model":0.03996056966447366,
       "Full adaptive model (non-synonymous subs/site)":0.01075848557741173,
       "Full adaptive model (synonymous subs/site)":0.02920208408706191,
       "LRT":0,
       "Nucleotide GTR":0.03701978853220189,
       "Rate Distributions":        [
[0.1166952933528695, 1] 
        ],
       "Rate classes":1,
       "Uncorrected P-value":1,
       "original name":"ENSTRUP00000029725"
      },
     "ENSTRUP00000035155":{
       "Baseline MG94xREV":0.2843734399061954,
       "Baseline MG94xREV omega ratio":0.1228195158061675,
       "Corrected P-value":1,
       "Full adaptive model":0.2917099321865654,
       "Full adaptive model (non-synonymous subs/site)":0.1068575738706657,
       "Full adaptive model (synonymous subs/site)":0.1848523583158998,
       "LRT":0,
       "Nucleotide GTR":0.1964455663377066,
       "Rate Distributions":        [
[0, 0.7593094089584013],
        [0.7607417405609015, 0.2406905910415987] 
        ],
       "Rate classes":2,
       "Uncorrected P-value":1,
       "original name":"ENSTRUP00000035155"
      },
     "NODE_10":{
       "Baseline MG94xREV":0.2121986221789422,
       "Baseline MG94xREV omega ratio":0.04538702170739047,
       "Corrected P-value":1,
       "Full adaptive model":0.1789212467934192,
       "Full adaptive model (non-synonymous subs/site)":0.0222910919408484,
       "Full adaptive model (synonymous subs/site)":0.1566301548525708,
       "LRT":0,
       "Nucleotide GTR":0.07848577037040208,
       "Rate Distributions":        [
[0.0450787651792165, 1] 
        ],
       "Rate classes":1,
       "Uncorrected P-value":1
      },
     "NODE_3":{
       "Baseline MG94xREV":0.1666893489930037,
       "Baseline MG94xREV omega ratio":0.202676020851352,
       "Corrected P-value":1,
       "Full adaptive model":0.2596276438271774,
       "Full adaptive model (non-synonymous subs/site)":0.1254881909157677,
       "Full adaptive model (synonymous subs/site)":0.1341394529114097,
       "LRT":1.915498339412807,
       "Nucleotide GTR":0.1460191917911696,
       "Rate Distributions":        [
[0.06023596655121054, 0.9235696134437248],
        [3.149125146887597, 0.07643038655627521] 
        ],
       "Rate classes":2,
       "Uncorrected P-value":0.148397459297291
      },
     "NODE_5":{
       "Baseline MG94xREV":0.2016917494587666,
       "Baseline MG94xREV omega ratio":0.02188558409410687,
       "Corrected P-value":1,
       "Full adaptive model":0.1806988049579293,
       "Full adaptive model (non-synonymous subs/site)":0.01970676127132249,
       "Full adaptive model (synonymous subs/site)":0.1609920436866068,
       "LRT":0,
       "Nucleotide GTR":0.09008027012788188,
       "Rate Distributions":        [
[0, 0.947836757896632],
        [0.7432968820558966, 0.05216324210336798] 
        ],
       "Rate classes":2,
       "Uncorrected P-value":1
      }
    },
   "attributes":{
     "Baseline MG94xREV":{
       "attribute type":"branch length",
       "display order":1
      },
     "Baseline MG94xREV omega ratio":{
       "attribute type":"branch label",
       "display order":1
      },
     "Corrected P-value":{
       "attribute type":"branch label",
       "display order":6
      },
     "Full adaptive model":{
       "attribute type":"branch length",
       "display order":2
      },
     "Full adaptive model (non-synonymous subs/site)":{
       "attribute type":"branch label",
       "display order":10
      },
     "Full adaptive model (synonymous subs/site)":{
       "attribute type":"branch label",
       "display order":9
      },
     "LRT":{
       "attribute type":"branch label",
       "display order":4
      },
     "Nucleotide GTR":{
       "attribute type":"branch length",
       "display order":0
      },
     "Rate Distributions":{
       "attribute type":"branch label",
       "display order":3
      },
     "Rate classes":{
       "attribute type":"branch label",
       "display order":2
      },
     "Uncorrected P-value":{
       "attribute type":"branch label",
       "display order":5
      },
     "original name":{
       "attribute type":"node label",