{
 "analysis":{
   "authors":"Sergei L Kosakovsky Pond, Ben Murrell, Steven Weaver and Temple iGEM / UCSD viral evolution group",
   "citation":"Less Is More: An Adaptive Branch-Site Random Effects Model for Efficient Detection of Episodic Diversifying Selection (2015). Mol Biol Evol 32 (5): 1342-1353. v2.2 adds support for multiple-hit models",
   "contact":"spond@temple.edu",
   "info":"aBSREL (Adaptive branch-site random effects likelihood)\n                            uses an adaptive random effects branch-site model framework\n                            to test whether each branch has evolved under positive selection,\n                            using a procedure which infers an optimal number of rate categories per branch.",
   "requirements":"in-frame codon alignment and a phylogenetic tree",
   "version":"2.2"
  },
 "branch attributes":{
   "0":{
     "ENSGACP00000002917":{
       "Baseline MG94xREV":0.3014964759163228,
       "Baseline MG94xREV omega ratio":0.1179343877714101,
       "Corrected P-value":1,
       "Full adaptive model":0.6415023697650457,
       "Full adaptive model (non-synonymous subs/site)":0.3974866287670706,
       "Full adaptive model (synonymous subs/site)":0.2440157409979751,
       "LRT":2.138255036836654,
       "Nucleotide GTR":0.1753447834051001,
       "Rate Distributions":        [
[0.04309128612926518, 0.8990427378757291],
        [6.81382344044562, 0.1009572621242709] 
        ],
       "Rate classes":2,
       "Uncorrected P-value":0.1317254197519984,
       "original name":"ENSGACP00000002917"
      },
     "ENSGACP00000003953":{
       "Baseline MG94xREV":1424.376837453981,
       "Baseline MG94xREV omega ratio":5.598763839460267e-06,
       "Corrected P-value":1,
       "Full adaptive model":8.929554398664624,
       "Full adaptive model (non-synonymous subs/site)":0.01435878068169598,
       "Full adaptive model (synonymous subs/site)":8.915195617982929,
       "LRT":0,
       "Nucleotide GTR":0.2442931067182778,
       "Rate Distributions":        [
[0.0007184636690467959, 1] 
        ],
       "Rate classes":1,
       "Uncorrected P-value":1,
       "original name":"ENSGACP00000003953"
      },
     "ENSLACP00000000935":{
       "Baseline MG94xREV":0.0554714263837734,
       "Baseline MG94xREV omega ratio":0.4123722816744841,
       "Corrected P-value":1,
       "Full adaptive model":0.05595868874871335,
       "Full adaptive model (non-synonymous subs/site)":0.02802000245631349,
       "Full adaptive model (synonymous subs/site)":0.02793868629239988,
       "LRT":0,
       "Nucleotide GTR":0.05737651291756468,
       "Rate Distributions":        [
[0.4473838622540028, 1] 
        ],
       "Rate classes":1,
       "Uncorrected P-value":1,
       "original name":"ENSLACP00000000935"
      },
     "ENSLACP00000001000":{
       "Baseline MG94xREV":0.03940331575138705,
       "Baseline MG94xREV omega ratio":1.419323013924093,
       "Corrected P-value":1,
       "Full adaptive model":0.03961843594366674,
       "Full adaptive model (non-synonymous subs/site)":0.03126082947165489,
       "Full adaptive model (synonymous subs/site)":0.008357606472011831,
       "LRT":0.2236344998420918,
       "Nucleotide GTR":0.0386989490182033,
       "Rate Distributions":        [
[1.668540321017269, 1] 
        ],
       "Rate classes":1,
       "Uncorrected P-value":0.3955191891650575,
       "original name":"ENSLACP00000001000"
      },
     "ENSLACP00000002266":{
       "Baseline MG94xREV":0.03844519987100877,
       "Baseline MG94xREV omega ratio":10000000000,
       "Corrected P-value":1,
       "Full adaptive model":0.03837892613512583,
       "Full adaptive model (non-synonymous subs/site)":0.03837892613512583,
       "Full adaptive model (synonymous subs/site)":1e-10,
       "LRT":0.304656631611806,
       "Nucleotide GTR":0.0579422469582888,
       "Rate Distributions":        [
[10000000000, 1] 
        ],
       "Rate classes":1,
       "Uncorrected P-value":0.3738074425149419,
       "original name":"ENSLACP00000002266"
      },
     "ENSLACP00000007668":{
       "Baseline MG94xREV":0.01530424982986146,
       "Baseline MG94xREV omega ratio":10000000000,
       "Corrected P-value":1,
       "Full adaptive model":0.01522124550465583,
       "Full adaptive model (non-synonymous subs/site)":0.01522124550465583,
       "Full adaptive model (synonymous subs/site)":1e-10,
       "LRT":1.380231459245579,
       "Nucleotide GTR":0.0152452064415896,
       "Rate Distributions":        [
[10000000000, 1] 
        ],
       "Rate classes":1,
       "Uncorrected P-value":0.1984677526383708,
       "original name":"ENSLACP00000007668"
      },
     "ENSLACP00000016196":{
       "Baseline MG94xREV":0.01533209317513251,
       "Baseline MG94xREV omega ratio":10000000000,
       "Corrected P-value":1,
       "Full adaptive model":0.01553351786897604,
       "Full adaptive model (non-synonymous subs/site)":0.01553351786897604,
       "Full adaptive model (synonymous subs/site)":1e-10,
       "LRT":1.392452001020729,
       "Nucleotide GTR":0.01544759961824103,
       "Rate Distributions":        [
[10000000000, 1] 
        ],
       "Rate classes":1,
       "Uncorrected P-value":0.1971371775128263,
       "original name":"ENSLACP00000016196"
      },
     "ENSLACP00000019353":{
       "Baseline MG94xREV":0.009435649750666625,
       "Baseline MG94xREV omega ratio":10000000000,
       "Corrected P-value":1,
       "Full adaptive model":0.009080357834346299,
       "Full adaptive model (non-synonymous subs/site)":0.009080357834346299,
       "Full adaptive model (synonymous subs/site)":1e-10,
       "LRT":0.5411328199847958,
       "Nucleotide GTR":0.009451944931682374,
       "Rate Distributions":        [
[10000000000, 1] 
        ],
       "Rate classes":1,
       "Uncorrected P-value":0.3212768948980682,
       "original name":"ENSLACP00000019353"
      },
     "ENSPSIP00000001709":{
       "Baseline MG94xREV":0.340961287151252,
       "Baseline MG94xREV omega ratio":0.1034305101809447,
       "Corrected P-value":1,
       "Full adaptive model":0.3903359704146824,
       "Full adaptive model (non-synonymous subs/site)":0.05942858952610069,
       "Full adaptive model (synonymous subs/site)":0.330907380888581,
       "LRT":0,
       "Nucleotide GTR":0.2626963583637394,
       "Rate Distributions":        [
[0.08011375636114486, 1] 
        ],
       "Rate classes":1,
       "Uncorrected P-value":1,
       "original name":"ENSPSIP00000001709"
      },
     "NODE_10":{
       "Baseline MG94xREV":0.03233056494105505,
       "Baseline MG94xREV omega ratio":10000000000,
       "Corrected P-value":0.0203652565482344,
       "Full adaptive model":5.710670469908352,
       "Full adaptive model (non-synonymous subs/site)":5.710279190840945,
       "Full adaptive model (synonymous subs/site)":0.0003912790674065279,
       "LRT":10.78912511364729,
       "Nucleotide GTR":0.08631612723151064,
       "Rate Distributions":        [
[0, 0.9348988208885972],
        [100000, 0.06510117911140278] 
        ],
       "Rate classes":2,
       "Uncorrected P-value":0.001566558196018031
      },
     "NODE_16":{
       "Baseline MG94xREV":3.311828226528887,
       "Baseline MG94xREV omega ratio":0.04652479517684671,
       "Corrected P-value":1,
       "Full adaptive model":18.83979525367465,
       "Full adaptive model (non-synonymous subs/site)":12.81975108249993,
       "Full adaptive model (synonymous subs/site)":6.020044171174728,
       "LRT":0.006334867237683284,
       "Nucleotide GTR":0.8346586341849878,
       "Rate Distributions":        [
[0, 0.5378469304638113],
        [2.055475003153941, 0.4621530695361887] 
        ],
       "Rate classes":2,
       "Uncorrected P-value":0.4863636440572118
      },
     "NODE_3":{
       "Baseline MG94xREV":0.04451611166156255,
       "Baseline MG94xREV omega ratio":0,
       "Corrected P-value":1,
       "Full adaptive model":0.04749028129937255,