{
 "analysis":{
   "authors":"Sergei L Kosakovsky Pond, Ben Murrell, Steven Weaver and Temple iGEM / UCSD viral evolution group",
   "citation":"Less Is More: An Adaptive Branch-Site Random Effects Model for Efficient Detection of Episodic Diversifying Selection (2015). Mol Biol Evol 32 (5): 1342-1353. v2.2 adds support for multiple-hit models",
   "contact":"spond@temple.edu",
   "info":"aBSREL (Adaptive branch-site random effects likelihood)\n                            uses an adaptive random effects branch-site model framework\n                            to test whether each branch has evolved under positive selection,\n                            using a procedure which infers an optimal number of rate categories per branch.",
   "requirements":"in-frame codon alignment and a phylogenetic tree",
   "version":"2.2"
  },
 "branch attributes":{
   "0":{
     "ENSDARP00000081369":{
       "Baseline MG94xREV":0.1578991856039086,
       "Baseline MG94xREV omega ratio":0.08960833226763577,
       "Corrected P-value":1,
       "Full adaptive model":0.1652477194191342,
       "Full adaptive model (non-synonymous subs/site)":0.03059725212843796,
       "Full adaptive model (synonymous subs/site)":0.1346504672906962,
       "LRT":0,
       "Nucleotide GTR":0.1269879778495884,
       "Rate Distributions":        [
[0.06673822183117885, 1] 
        ],
       "Rate classes":1,
       "Uncorrected P-value":1,
       "original name":"ENSDARP00000081369"
      },
     "ENSGMOP00000010739":{
       "Baseline MG94xREV":0.2242947277023164,
       "Baseline MG94xREV omega ratio":0.06651414462362762,
       "Corrected P-value":1,
       "Full adaptive model":0.2479531288550065,
       "Full adaptive model (non-synonymous subs/site)":0.05875073628038707,
       "Full adaptive model (synonymous subs/site)":0.1892023925746194,
       "LRT":0.1904040011104371,
       "Nucleotide GTR":0.1129233933840274,
       "Rate Distributions":        [
[0.04382090478955875, 0.9816264131239154],
        [2.622381054518439, 0.01837358687608459] 
        ],
       "Rate classes":2,
       "Uncorrected P-value":0.4052728944476741,
       "original name":"ENSGMOP00000010739"
      },
     "ENSONIP00000011367":{
       "Baseline MG94xREV":0.04854342473411605,
       "Baseline MG94xREV omega ratio":0.0238956016851493,
       "Corrected P-value":1,
       "Full adaptive model":0.0506547676187164,
       "Full adaptive model (non-synonymous subs/site)":0.002795879139279708,
       "Full adaptive model (synonymous subs/site)":0.04785888847943673,
       "LRT":0,
       "Nucleotide GTR":0.04159827085827799,
       "Rate Distributions":        [
[0.01715757305251392, 1] 
        ],
       "Rate classes":1,
       "Uncorrected P-value":1,
       "original name":"ENSONIP00000011367"
      },
     "ENSORLP00000020586":{
       "Baseline MG94xREV":0.07568362473199659,
       "Baseline MG94xREV omega ratio":0.0223415850416453,
       "Corrected P-value":1,
       "Full adaptive model":0.07145978823561931,
       "Full adaptive model (non-synonymous subs/site)":0.004945901776759696,
       "Full adaptive model (synonymous subs/site)":0.06651388645885958,
       "LRT":0,
       "Nucleotide GTR":0.06198303989289768,
       "Rate Distributions":        [
[0.02183902439207043, 1] 
        ],
       "Rate classes":1,
       "Uncorrected P-value":1,
       "original name":"ENSORLP00000020586"
      },
     "ENSTRUP00000027580":{
       "Baseline MG94xREV":0.08024436891514027,
       "Baseline MG94xREV omega ratio":0.05580758329244672,
       "Corrected P-value":1,
       "Full adaptive model":0.08280444881979915,
       "Full adaptive model (non-synonymous subs/site)":0.01149064869318316,
       "Full adaptive model (synonymous subs/site)":0.07131380012661591,
       "LRT":0,
       "Nucleotide GTR":0.06415211123828331,
       "Rate Distributions":        [
[0.047322865961134, 1] 
        ],
       "Rate classes":1,
       "Uncorrected P-value":1,
       "original name":"ENSTRUP00000027580"
      },
     "MARCH11_GASAC":{
       "Baseline MG94xREV":0.09110804395481743,
       "Baseline MG94xREV omega ratio":0.06757942223317355,
       "Corrected P-value":1,
       "Full adaptive model":0.09133159259500023,
       "Full adaptive model (non-synonymous subs/site)":0.01461386765082232,
       "Full adaptive model (synonymous subs/site)":0.07671772494417783,
       "LRT":0,
       "Nucleotide GTR":0.07164140494634834,
       "Rate Distributions":        [
[0.05594606239558293, 1] 
        ],
       "Rate classes":1,
       "Uncorrected P-value":1,
       "original name":"MARCH11_GASAC"
      },
     "MARCH4_DANRE":{
       "Baseline MG94xREV":0.3121095401479886,
       "Baseline MG94xREV omega ratio":0.04580359233544903,
       "Corrected P-value":1,
       "Full adaptive model":6.637737128272364,
       "Full adaptive model (non-synonymous subs/site)":6.369271336249996,
       "Full adaptive model (synonymous subs/site)":0.268465792022368,
       "LRT":0.7947507178405431,
       "Nucleotide GTR":0.1624747319473008,
       "Rate Distributions":        [
[0.02733059804662594, 0.977686603229604],
        [311.0760127959863, 0.02231339677039601] 
        ],
       "Rate classes":2,
       "Uncorrected P-value":0.276158005418231,
       "original name":"MARCH4_DANRE"
      },
     "NODE_12":{
       "Baseline MG94xREV":0.07373111404736378,
       "Baseline MG94xREV omega ratio":0.105403554767105,
       "Corrected P-value":0.3526067972734708,
       "Full adaptive model":2.230837894468557,
       "Full adaptive model (non-synonymous subs/site)":2.215743108105633,
       "Full adaptive model (synonymous subs/site)":0.01509478636292409,
       "LRT":4.851062287159039,
       "Nucleotide GTR":0.04129316257342217,
       "Rate Distributions":        [
[0.2618856286848735, 0.9888588178980267],
        [3846.312671244263, 0.01114118210197335] 
        ],
       "Rate classes":2,
       "Uncorrected P-value":0.03205516338849734
      },
     "NODE_3":{
       "Baseline MG94xREV":0.01056378749904014,
       "Baseline MG94xREV omega ratio":0,
       "Corrected P-value":1,
       "Full adaptive model":0.01110576251867769,
       "Full adaptive model (non-synonymous subs/site)":1e-10,
       "Full adaptive model (synonymous subs/site)":0.01110576251867769,
       "LRT":0,
       "Nucleotide GTR":0.01042840570169287,
       "Rate Distributions":        [
[0, 1] 
        ],
       "Rate classes":1,
       "Uncorrected P-value":1
      },
     "NODE_5":{
       "Baseline MG94xREV":0,
       "Baseline MG94xREV omega ratio":1,
       "Corrected P-value":1,
       "Full adaptive model":0,
       "Full adaptive model (non-synonymous subs/site)":1e-10,
       "Full adaptive model (synonymous subs/site)":1e-10,
       "LRT":0,
       "Nucleotide GTR":0.002782902838845115,
       "Rate Distributions":        [
[1, 1] 
        ],
       "Rate classes":1,
       "Uncorrected P-value":1
      },
     "NODE_7":{
       "Baseline MG94xREV":0.01768838402173306,
       "Baseline MG94xREV omega ratio":0.3129859074895061,
       "Corrected P-value":1,
       "Full adaptive model":0.03021059598623304,
       "Full adaptive model (non-synonymous subs/site)":0.008642787256530128,
       "Full adaptive model (synonymous subs/site)":0.02156780872970294,
       "LRT":0,
       "Nucleotide GTR":0.03673843004674671,
       "Rate Distributions":        [
[0.1176922512894162, 1] 
        ],
       "Rate classes":1,
       "Uncorrected P-value":1
      }
    },
   "attributes":{
     "Baseline MG94xREV":{
       "attribute type":"branch length",
       "display order":1
      },
     "Baseline MG94xREV omega ratio":{
       "attribute type":"branch label",
       "display order":1
      },
     "Corrected P-value":{
       "attribute type":"branch label",
       "display order":6
      },
     "Full adaptive model":{
       "attribute type":"branch length",
       "display order":2
      },