{
 "analysis":{
   "authors":"Sergei L Kosakovsky Pond, Ben Murrell, Steven Weaver and Temple iGEM / UCSD viral evolution group",
   "citation":"Less Is More: An Adaptive Branch-Site Random Effects Model for Efficient Detection of Episodic Diversifying Selection (2015). Mol Biol Evol 32 (5): 1342-1353. v2.2 adds support for multiple-hit models",
   "contact":"spond@temple.edu",
   "info":"aBSREL (Adaptive branch-site random effects likelihood)\n                            uses an adaptive random effects branch-site model framework\n                            to test whether each branch has evolved under positive selection,\n                            using a procedure which infers an optimal number of rate categories per branch.",
   "requirements":"in-frame codon alignment and a phylogenetic tree",
   "version":"2.2"
  },
 "branch attributes":{
   "0":{
     "ENSOANP00000001017":{
       "Baseline MG94xREV":0.02343239449302948,
       "Baseline MG94xREV omega ratio":0.4773360980456528,
       "Corrected P-value":1,
       "Full adaptive model":0.02463664596615574,
       "Full adaptive model (non-synonymous subs/site)":0.01457537666088706,
       "Full adaptive model (synonymous subs/site)":0.01006126930526868,
       "LRT":0,
       "Nucleotide GTR":0.02300051643391802,
       "Rate Distributions":        [
[0.4764795859011006, 1] 
        ],
       "Rate classes":1,
       "Uncorrected P-value":1,
       "original name":"ENSOANP00000001017"
      },
     "ENSOANP00000003577":{
       "Baseline MG94xREV":0.02972925792166757,
       "Baseline MG94xREV omega ratio":0.3512041718506304,
       "Corrected P-value":0.4084455474577332,
       "Full adaptive model":0.03606465199864559,
       "Full adaptive model (non-synonymous subs/site)":0.02415653271428785,
       "Full adaptive model (synonymous subs/site)":0.01190811928435774,
       "LRT":3.690203382941945,
       "Nucleotide GTR":0.02882485803467566,
       "Rate Distributions":        [
[0, 0.921521216049256],
        [8.501908814311347, 0.07847878395074404] 
        ],
       "Rate classes":2,
       "Uncorrected P-value":0.05834936392253331,
       "original name":"ENSOANP00000003577"
      },
     "ENSOANP00000006958":{
       "Baseline MG94xREV":0.04349968011921434,
       "Baseline MG94xREV omega ratio":0.5059837234638519,
       "Corrected P-value":1,
       "Full adaptive model":0.04261239515372436,
       "Full adaptive model (non-synonymous subs/site)":0.02463004401507027,
       "Full adaptive model (synonymous subs/site)":0.01798235113865403,
       "LRT":0,
       "Nucleotide GTR":0.04391770359871357,
       "Rate Distributions":        [
[0.4505012493736721, 1] 
        ],
       "Rate classes":1,
       "Uncorrected P-value":1,
       "original name":"ENSOANP00000006958"
      },
     "ENSOANP00000015623":{
       "Baseline MG94xREV":0.03601603455613535,
       "Baseline MG94xREV omega ratio":0.6237145626430306,
       "Corrected P-value":1,
       "Full adaptive model":0.03647000003090172,
       "Full adaptive model (non-synonymous subs/site)":0.02322111904141294,
       "Full adaptive model (synonymous subs/site)":0.0132488809894888,
       "LRT":0,
       "Nucleotide GTR":0.03584998140847775,
       "Rate Distributions":        [
[0.5764760001843735, 1] 
        ],
       "Rate classes":1,
       "Uncorrected P-value":1,
       "original name":"ENSOANP00000015623"
      },
     "ENSOANP00000015625":{
       "Baseline MG94xREV":0.03107190209406225,
       "Baseline MG94xREV omega ratio":0.1930739812279598,
       "Corrected P-value":1,
       "Full adaptive model":0.03101697608516342,
       "Full adaptive model (non-synonymous subs/site)":0.01100362607699225,
       "Full adaptive model (synonymous subs/site)":0.02001335000817122,
       "LRT":0,
       "Nucleotide GTR":0.03032215795114447,
       "Rate Distributions":        [
[0.1808395088212149, 1] 
        ],
       "Rate classes":1,
       "Uncorrected P-value":1,
       "original name":"ENSOANP00000015625"
      },
     "ENSOANP00000015626":{
       "Baseline MG94xREV":0.02373540732975581,
       "Baseline MG94xREV omega ratio":0.593619227600391,
       "Corrected P-value":1,
       "Full adaptive model":0.02288870042182782,
       "Full adaptive model (non-synonymous subs/site)":0.01425096031295806,
       "Full adaptive model (synonymous subs/site)":0.008637740108869767,
       "LRT":0,
       "Nucleotide GTR":0.02348064003309885,
       "Rate Distributions":        [
[0.5426518442397567, 1] 
        ],
       "Rate classes":1,
       "Uncorrected P-value":1,
       "original name":"ENSOANP00000015626"
      },
     "NODE_3":{
       "Baseline MG94xREV":0.008194620830668884,
       "Baseline MG94xREV omega ratio":0.2703730594398785,
       "Corrected P-value":1,
       "Full adaptive model":0.008452163378182196,
       "Full adaptive model (non-synonymous subs/site)":0.003376378131670278,
       "Full adaptive model (synonymous subs/site)":0.00507578524651191,
       "LRT":0,
       "Nucleotide GTR":0.008631001175535492,
       "Rate Distributions":        [
[0.2187888196437309, 1] 
        ],
       "Rate classes":1,
       "Uncorrected P-value":1
      },
     "NODE_5":{
       "Baseline MG94xREV":0.006302950321031301,
       "Baseline MG94xREV omega ratio":0.4354679457300139,
       "Corrected P-value":0.2727416319128739,
       "Full adaptive model":0.01301907222584461,
       "Full adaptive model (non-synonymous subs/site)":0.01020187782542701,
       "Full adaptive model (synonymous subs/site)":0.002817194400417598,
       "LRT":4.731155662776473,
       "Nucleotide GTR":0.00661219596296682,
       "Rate Distributions":        [
[0, 0.9940336331320851],
        [199.6322184807559, 0.005966366867914852] 
        ],
       "Rate classes":2,
       "Uncorrected P-value":0.03409270398910924
      },
     "NODE_7":{
       "Baseline MG94xREV":0.08832370695702831,
       "Baseline MG94xREV omega ratio":0.4853311227454823,
       "Corrected P-value":0.04126349571268284,
       "Full adaptive model":0.1143302192347296,
       "Full adaptive model (non-synonymous subs/site)":0.0787148675551699,
       "Full adaptive model (synonymous subs/site)":0.03561535167955972,
       "LRT":8.666861439691274,
       "Nucleotide GTR":0.08573803927363832,
       "Rate Distributions":        [
[0, 0.8262849492896259],
        [4.184652218453812, 0.1737150507103741] 
        ],
       "Rate classes":2,
       "Uncorrected P-value":0.00458483285696476
      }
    },
   "attributes":{
     "Baseline MG94xREV":{
       "attribute type":"branch length",
       "display order":1
      },
     "Baseline MG94xREV omega ratio":{
       "attribute type":"branch label",
       "display order":1
      },
     "Corrected P-value":{
       "attribute type":"branch label",
       "display order":6
      },
     "Full adaptive model":{
       "attribute type":"branch length",
       "display order":2
      },
     "Full adaptive model (non-synonymous subs/site)":{
       "attribute type":"branch label",
       "display order":10
      },
     "Full adaptive model (synonymous subs/site)":{
       "attribute type":"branch label",
       "display order":9
      },
     "LRT":{
       "attribute type":"branch label",
       "display order":4
      },
     "Nucleotide GTR":{
       "attribute type":"branch length",
       "display order":0
      },
     "Rate Distributions":{
       "attribute type":"branch label",
       "display order":3
      },
     "Rate classes":{
       "attribute type":"branch label",
       "display order":2
      },
     "Uncorrected P-value":{
       "attribute type":"branch label",
       "display order":5
      },
     "original name":{
       "attribute type":"node label",
       "display order":-1
      }
    }
  },