{
 "analysis":{
   "authors":"Sergei L Kosakovsky Pond, Ben Murrell, Steven Weaver and Temple iGEM / UCSD viral evolution group",
   "citation":"Less Is More: An Adaptive Branch-Site Random Effects Model for Efficient Detection of Episodic Diversifying Selection (2015). Mol Biol Evol 32 (5): 1342-1353. v2.2 adds support for multiple-hit models",
   "contact":"spond@temple.edu",
   "info":"aBSREL (Adaptive branch-site random effects likelihood)\n                            uses an adaptive random effects branch-site model framework\n                            to test whether each branch has evolved under positive selection,\n                            using a procedure which infers an optimal number of rate categories per branch.",
   "requirements":"in-frame codon alignment and a phylogenetic tree",
   "version":"2.2"
  },
 "branch attributes":{
   "0":{
     "CABZ01003826_2_DANRE":{
       "Baseline MG94xREV":0.3261360654738146,
       "Baseline MG94xREV omega ratio":0.3109043790620284,
       "Corrected P-value":1,
       "Full adaptive model":0.2234244412805718,
       "Full adaptive model (non-synonymous subs/site)":0.203754965849476,
       "Full adaptive model (synonymous subs/site)":0.0196694754310957,
       "LRT":0.8916791370102146,
       "Nucleotide GTR":0.3105192051906812,
       "Rate Distributions":        [
[0.318985456887155, 0.6185408015892931],
        [8.681350651058043, 0.3814591984107069] 
        ],
       "Rate classes":2,
       "Uncorrected P-value":0.2610904823949238,
       "original name":"CABZ01003826.2_DANRE"
      },
     "ENSACAP00000009245":{
       "Baseline MG94xREV":0.1621053217600115,
       "Baseline MG94xREV omega ratio":0.07810807875939184,
       "Corrected P-value":1,
       "Full adaptive model":0.1623244198520283,
       "Full adaptive model (non-synonymous subs/site)":0.02682786106933615,
       "Full adaptive model (synonymous subs/site)":0.1354965587826922,
       "LRT":0,
       "Nucleotide GTR":0.1210632904832698,
       "Rate Distributions":        [
[0.0670674338245293, 1] 
        ],
       "Rate classes":1,
       "Uncorrected P-value":1,
       "original name":"ENSACAP00000009245"
      },
     "ENSGACP00000011789":{
       "Baseline MG94xREV":0.1604744726546942,
       "Baseline MG94xREV omega ratio":0.3144671960921465,
       "Corrected P-value":1,
       "Full adaptive model":0.2162566900690105,
       "Full adaptive model (non-synonymous subs/site)":0.1231126965105655,
       "Full adaptive model (synonymous subs/site)":0.09314399355844502,
       "LRT":0.1146970496411086,
       "Nucleotide GTR":0.2020097867381655,
       "Rate Distributions":        [
[0.01849750802298203, 0.7673374011824264],
        [1.863305192959623, 0.2326625988175736] 
        ],
       "Rate classes":2,
       "Uncorrected P-value":0.4302512132972823,
       "original name":"ENSGACP00000011789"
      },
     "ENSGALP00000010653":{
       "Baseline MG94xREV":0.0723852498979568,
       "Baseline MG94xREV omega ratio":0.05831117749089922,
       "Corrected P-value":1,
       "Full adaptive model":0.06514405622990178,
       "Full adaptive model (non-synonymous subs/site)":0.01067722251489427,
       "Full adaptive model (synonymous subs/site)":0.05446683371500755,
       "LRT":0,
       "Nucleotide GTR":0.06209362604071365,
       "Rate Distributions":        [
[0.06640183336086032, 1] 
        ],
       "Rate classes":1,
       "Uncorrected P-value":1,
       "original name":"ENSGALP00000010653"
      },
     "ENSLACP00000004360":{
       "Baseline MG94xREV":0.2483080407161638,
       "Baseline MG94xREV omega ratio":0.2115164782555692,
       "Corrected P-value":1,
       "Full adaptive model":0.3410630133981348,
       "Full adaptive model (non-synonymous subs/site)":0.3223072053720573,
       "Full adaptive model (synonymous subs/site)":0.01875580802607749,
       "LRT":2.341239266661432,
       "Nucleotide GTR":0.1946304179490402,
       "Rate Distributions":        [
[1, 0.9319338499762138],
        [71.82629529980969, 0.06806615002378624] 
        ],
       "Rate classes":2,
       "Uncorrected P-value":0.1182502638891296,
       "original name":"ENSLACP00000004360"
      },
     "ENSORLP00000024101":{
       "Baseline MG94xREV":0.471250864542279,
       "Baseline MG94xREV omega ratio":0.102300141464901,
       "Corrected P-value":1,
       "Full adaptive model":0.4877293651131279,
       "Full adaptive model (non-synonymous subs/site)":0.09882658592592897,
       "Full adaptive model (synonymous subs/site)":0.3889027791871988,
       "LRT":0,
       "Nucleotide GTR":0.2471963718626482,
       "Rate Distributions":        [
[0.08607690678635399, 1] 
        ],
       "Rate classes":1,
       "Uncorrected P-value":1,
       "original name":"ENSORLP00000024101"
      },
     "ENSPSIP00000015909":{
       "Baseline MG94xREV":0.1052182417337824,
       "Baseline MG94xREV omega ratio":0.04832748195000967,
       "Corrected P-value":1,
       "Full adaptive model":0.1130895981719935,
       "Full adaptive model (non-synonymous subs/site)":0.01264743980548985,
       "Full adaptive model (synonymous subs/site)":0.1004421583665037,
       "LRT":0,
       "Nucleotide GTR":0.08126726012344865,
       "Rate Distributions":        [
[0.04265210708130624, 1] 
        ],
       "Rate classes":1,
       "Uncorrected P-value":1,
       "original name":"ENSPSIP00000015909"
      },
     "ENSTGUP00000009710":{
       "Baseline MG94xREV":0.06410660701320481,
       "Baseline MG94xREV omega ratio":0.09768905684371944,
       "Corrected P-value":1,
       "Full adaptive model":0.08319757950942455,
       "Full adaptive model (non-synonymous subs/site)":0.0243268722292631,
       "Full adaptive model (synonymous subs/site)":0.05887070728016145,
       "LRT":2.880183072557884,
       "Nucleotide GTR":0.05162131052967627,
       "Rate Distributions":        [
[0, 0.9709011835152926],
        [4.810227328142188, 0.02909881648470736] 
        ],
       "Rate classes":2,
       "Uncorrected P-value":0.08900698683063313,
       "original name":"ENSTGUP00000009710"
      },
     "NODE_12":{
       "Baseline MG94xREV":0.5594324252088224,
       "Baseline MG94xREV omega ratio":0.101715682355382,
       "Corrected P-value":1,
       "Full adaptive model":0.841297336740336,
       "Full adaptive model (non-synonymous subs/site)":0.3593396685386093,
       "Full adaptive model (synonymous subs/site)":0.4819576682017268,
       "LRT":0.2039335461622613,
       "Nucleotide GTR":0.2012472250778079,
       "Rate Distributions":        [
[0.04679418423019675, 0.9048113045192048],
        [2.208368560701238, 0.09518869548079523] 
        ],
       "Rate classes":2,
       "Uncorrected P-value":0.4012307393137172
      },
     "NODE_14":{
       "Baseline MG94xREV":0.3596942224203978,
       "Baseline MG94xREV omega ratio":0.1152652761434625,
       "Corrected P-value":1,
       "Full adaptive model":69.10127847310838,
       "Full adaptive model (non-synonymous subs/site)":68.58276162483808,
       "Full adaptive model (synonymous subs/site)":0.5185168482703126,
       "LRT":1.241592128253615,
       "Nucleotide GTR":0.1545652486391251,
       "Rate Distributions":        [
[0.02791028186460813, 0.9277935120089911],
        [620.1242236024905, 0.07220648799100893] 
        ],
       "Rate classes":2,
       "Uncorrected P-value":0.214287797400956
      },
     "NODE_3":{
       "Baseline MG94xREV":0.04687487510524038,
       "Baseline MG94xREV omega ratio":0.05268283358997181,
       "Corrected P-value":1,
       "Full adaptive model":0.05092527146985604,
       "Full adaptive model (non-synonymous subs/site)":0.01270882870287634,
       "Full adaptive model (synonymous subs/site)":0.03821644276697969,
       "LRT":1.647179341130141,
       "Nucleotide GTR":0.02965652723632669,
       "Rate Distributions":        [
[0, 0.9842193277536129],
        [7.138117170238739, 0.01578067224638713] 
        ],
       "Rate classes":2,