{
 "analysis":{
   "authors":"Sergei L Kosakovsky Pond, Ben Murrell, Steven Weaver and Temple iGEM / UCSD viral evolution group",
   "citation":"Less Is More: An Adaptive Branch-Site Random Effects Model for Efficient Detection of Episodic Diversifying Selection (2015). Mol Biol Evol 32 (5): 1342-1353. v2.2 adds support for multiple-hit models",
   "contact":"spond@temple.edu",
   "info":"aBSREL (Adaptive branch-site random effects likelihood)\n                            uses an adaptive random effects branch-site model framework\n                            to test whether each branch has evolved under positive selection,\n                            using a procedure which infers an optimal number of rate categories per branch.",
   "requirements":"in-frame codon alignment and a phylogenetic tree",
   "version":"2.2"
  },
 "branch attributes":{
   "0":{
     "ENSGALP00000028975":{
       "Baseline MG94xREV":0.05302772935467065,
       "Baseline MG94xREV omega ratio":0.3273480869102057,
       "Corrected P-value":0.06848148223950079,
       "Full adaptive model":6.745260083134497,
       "Full adaptive model (non-synonymous subs/site)":6.726752229935035,
       "Full adaptive model (synonymous subs/site)":0.01850785319946121,
       "LRT":8.235195557564111,
       "Nucleotide GTR":0.05345043122035378,
       "Rate Distributions":        [
[0.2189961349427208, 0.9699846428954727],
        [3846.116571727925, 0.0300153571045273] 
        ],
       "Rate classes":2,
       "Uncorrected P-value":0.005706790186625066,
       "original name":"ENSGALP00000028975"
      },
     "ENSGALP00000034863":{
       "Baseline MG94xREV":0.03518193174138632,
       "Baseline MG94xREV omega ratio":0.864323519205434,
       "Corrected P-value":0.2348556619593582,
       "Full adaptive model":0.04815693347270922,
       "Full adaptive model (non-synonymous subs/site)":0.03893542084356509,
       "Full adaptive model (synonymous subs/site)":0.009221512629144129,
       "LRT":5.643870050244004,
       "Nucleotide GTR":0.03500799047531079,
       "Rate Distributions":        [
[0, 0.9009689514741727],
        [13.56707740620807, 0.09903104852582734] 
        ],
       "Rate classes":2,
       "Uncorrected P-value":0.02135051472357802,
       "original name":"ENSGALP00000034863"
      },
     "ENSGALP00000035137":{
       "Baseline MG94xREV":0.0134452517362974,
       "Baseline MG94xREV omega ratio":10000000000,
       "Corrected P-value":1,
       "Full adaptive model":0.01350079447249262,
       "Full adaptive model (non-synonymous subs/site)":0.01350079447249262,
       "Full adaptive model (synonymous subs/site)":1e-10,
       "LRT":2.195493513081146,
       "Nucleotide GTR":0.01407361414176935,
       "Rate Distributions":        [
[10000000000, 1] 
        ],
       "Rate classes":1,
       "Uncorrected P-value":0.1277695649154783,
       "original name":"ENSGALP00000035137"
      },
     "ENSGALP00000035251":{
       "Baseline MG94xREV":0.04706820771258161,
       "Baseline MG94xREV omega ratio":0.2270774167081679,
       "Corrected P-value":1,
       "Full adaptive model":0.04288966862188306,
       "Full adaptive model (non-synonymous subs/site)":0.01504793898861968,
       "Full adaptive model (synonymous subs/site)":0.02784172963326338,
       "LRT":0,
       "Nucleotide GTR":0.04648323894103916,
       "Rate Distributions":        [
[0.1719870638138546, 1] 
        ],
       "Rate classes":1,
       "Uncorrected P-value":1,
       "original name":"ENSGALP00000035251"
      },
     "ENSPSIP00000000771":{
       "Baseline MG94xREV":0.08758946695452623,
       "Baseline MG94xREV omega ratio":0.1570265900241529,
       "Corrected P-value":1,
       "Full adaptive model":0.08732229218533755,
       "Full adaptive model (non-synonymous subs/site)":0.02766627816095374,
       "Full adaptive model (synonymous subs/site)":0.05965601402438375,
       "LRT":0,
       "Nucleotide GTR":0.07477462160541443,
       "Rate Distributions":        [
[0.1475745539446043, 1] 
        ],
       "Rate classes":1,
       "Uncorrected P-value":1,
       "original name":"ENSPSIP00000000771"
      },
     "ENSPSIP00000001695":{
       "Baseline MG94xREV":0.0748939110475141,
       "Baseline MG94xREV omega ratio":0.2311303030959361,
       "Corrected P-value":1,
       "Full adaptive model":0.07538041559885232,
       "Full adaptive model (non-synonymous subs/site)":0.03022861094145464,
       "Full adaptive model (synonymous subs/site)":0.04515180465739771,
       "LRT":0,
       "Nucleotide GTR":0.06292282432613408,
       "Rate Distributions":        [
[0.213038477719716, 1] 
        ],
       "Rate classes":1,
       "Uncorrected P-value":1,
       "original name":"ENSPSIP00000001695"
      },
     "ENSPSIP00000006668":{
       "Baseline MG94xREV":0.07476149896611492,
       "Baseline MG94xREV omega ratio":0.2362568891874806,
       "Corrected P-value":1,
       "Full adaptive model":0.07371160991627447,
       "Full adaptive model (non-synonymous subs/site)":0.03168068369993463,
       "Full adaptive model (synonymous subs/site)":0.04203092621633986,
       "LRT":0,
       "Nucleotide GTR":0.07866124997046381,
       "Rate Distributions":        [
[0.2398504609029524, 1] 
        ],
       "Rate classes":1,
       "Uncorrected P-value":1,
       "original name":"ENSPSIP00000006668"
      },
     "ENSTGUP00000016193":{
       "Baseline MG94xREV":0.07278898192283847,
       "Baseline MG94xREV omega ratio":0.3315558558811012,
       "Corrected P-value":1,
       "Full adaptive model":0.07656923777604417,
       "Full adaptive model (non-synonymous subs/site)":0.03770254454519224,
       "Full adaptive model (synonymous subs/site)":0.03886669323085195,
       "LRT":0,
       "Nucleotide GTR":0.06302254528219477,
       "Rate Distributions":        [
[0.308679680104493, 1] 
        ],
       "Rate classes":1,
       "Uncorrected P-value":1,
       "original name":"ENSTGUP00000016193"
      },
     "NODE_12":{
       "Baseline MG94xREV":0.1026001477329985,
       "Baseline MG94xREV omega ratio":0.1648969266163768,
       "Corrected P-value":1,
       "Full adaptive model":0.1040482059475779,
       "Full adaptive model (non-synonymous subs/site)":0.03276799888128321,
       "Full adaptive model (synonymous subs/site)":0.07128020706629488,
       "LRT":0,
       "Nucleotide GTR":0.07405922601636411,
       "Rate Distributions":        [
[0.1462837010910766, 1] 
        ],
       "Rate classes":1,
       "Uncorrected P-value":1
      },
     "NODE_14":{
       "Baseline MG94xREV":0.2155297570889699,
       "Baseline MG94xREV omega ratio":0.1914859105606234,
       "Corrected P-value":1,
       "Full adaptive model":0.2153488771340467,
       "Full adaptive model (non-synonymous subs/site)":0.07588179511842262,
       "Full adaptive model (synonymous subs/site)":0.1394670820156243,
       "LRT":0,
       "Nucleotide GTR":0.1688060393166616,
       "Rate Distributions":        [
[0.1731333985330584, 1] 
        ],
       "Rate classes":1,
       "Uncorrected P-value":1
      },
     "NODE_6":{
       "Baseline MG94xREV":0.09032327731694202,
       "Baseline MG94xREV omega ratio":0.333828935010418,
       "Corrected P-value":1,
       "Full adaptive model":0.08911445123169108,
       "Full adaptive model (non-synonymous subs/site)":0.04293136571884482,
       "Full adaptive model (synonymous subs/site)":0.04618308551284633,
       "LRT":0,
       "Nucleotide GTR":0.08827162839135086,
       "Rate Distributions":        [
[0.2958058316844847, 1] 
        ],
       "Rate classes":1,
       "Uncorrected P-value":1
      },
     "NODE_7":{
       "Baseline MG94xREV":0.02790926030929612,
       "Baseline MG94xREV omega ratio":0.3857455290458283,
       "Corrected P-value":1,
       "Full adaptive model":0.02640702703105334,
       "Full adaptive model (non-synonymous subs/site)":0.01564764805698261,
       "Full adaptive model (synonymous subs/site)":0.01075937897407074,
       "LRT":0,