{
 "analysis":{
   "authors":"Sergei L Kosakovsky Pond, Ben Murrell, Steven Weaver and Temple iGEM / UCSD viral evolution group",
   "citation":"Less Is More: An Adaptive Branch-Site Random Effects Model for Efficient Detection of Episodic Diversifying Selection (2015). Mol Biol Evol 32 (5): 1342-1353. v2.2 adds support for multiple-hit models",
   "contact":"spond@temple.edu",
   "info":"aBSREL (Adaptive branch-site random effects likelihood)\n                            uses an adaptive random effects branch-site model framework\n                            to test whether each branch has evolved under positive selection,\n                            using a procedure which infers an optimal number of rate categories per branch.",
   "requirements":"in-frame codon alignment and a phylogenetic tree",
   "version":"2.2"
  },
 "branch attributes":{
   "0":{
     "ENSECAP00000001040":{
       "Baseline MG94xREV":0.0122058751682723,
       "Baseline MG94xREV omega ratio":0.490201842054013,
       "Corrected P-value":1,
       "Full adaptive model":0.01221651984741751,
       "Full adaptive model (non-synonymous subs/site)":0.006593839814113673,
       "Full adaptive model (synonymous subs/site)":0.005622680033303819,
       "LRT":0,
       "Nucleotide GTR":0.01221979240003209,
       "Rate Distributions":        [
[0.4729814907204359, 1] 
        ],
       "Rate classes":1,
       "Uncorrected P-value":1,
       "original name":"ENSECAP00000001040"
      },
     "ENSECAP00000002489":{
       "Baseline MG94xREV":0.02342224091766288,
       "Baseline MG94xREV omega ratio":0.7531760197564762,
       "Corrected P-value":0.1730243918871189,
       "Full adaptive model":0.03500001218754029,
       "Full adaptive model (non-synonymous subs/site)":0.02746642804038448,
       "Full adaptive model (synonymous subs/site)":0.007533584147155806,
       "LRT":5.848970273861596,
       "Nucleotide GTR":0.02366904534614258,
       "Rate Distributions":        [
[0.5106315013820635, 0.9858110274361729],
        [68.15587285905364, 0.01418897256382712] 
        ],
       "Rate classes":2,
       "Uncorrected P-value":0.0192249324319021,
       "original name":"ENSECAP00000002489"
      },
     "ENSECAP00000002752":{
       "Baseline MG94xREV":0.0178533201376576,
       "Baseline MG94xREV omega ratio":0.8268161430815828,
       "Corrected P-value":1,
       "Full adaptive model":0.01784964466207101,
       "Full adaptive model (non-synonymous subs/site)":0.0118517275426937,
       "Full adaptive model (synonymous subs/site)":0.005997917119377294,
       "LRT":0,
       "Nucleotide GTR":0.01796518224761823,
       "Rate Distributions":        [
[0.7969486182987922, 1] 
        ],
       "Rate classes":1,
       "Uncorrected P-value":1,
       "original name":"ENSECAP00000002752"
      },
     "ENSECAP00000003196":{
       "Baseline MG94xREV":0.01089455719123859,
       "Baseline MG94xREV omega ratio":0.4272957142154233,
       "Corrected P-value":1,
       "Full adaptive model":0.01087810603391304,
       "Full adaptive model (non-synonymous subs/site)":0.005510264952261195,
       "Full adaptive model (synonymous subs/site)":0.00536784108165184,
       "LRT":0,
       "Nucleotide GTR":0.01102646955612795,
       "Rate Distributions":        [
[0.4140206045838035, 1] 
        ],
       "Rate classes":1,
       "Uncorrected P-value":1,
       "original name":"ENSECAP00000003196"
      },
     "ENSECAP00000003548":{
       "Baseline MG94xREV":0.01016541147888433,
       "Baseline MG94xREV omega ratio":0.1997115351838692,
       "Corrected P-value":1,
       "Full adaptive model":0.01021207282642279,
       "Full adaptive model (non-synonymous subs/site)":0.003302883455515734,
       "Full adaptive model (synonymous subs/site)":0.006909189370907056,
       "LRT":0,
       "Nucleotide GTR":0.01016344473913483,
       "Rate Distributions":        [
[0.1928036612303162, 1] 
        ],
       "Rate classes":1,
       "Uncorrected P-value":1,
       "original name":"ENSECAP00000003548"
      },
     "ENSECAP00000004406":{
       "Baseline MG94xREV":0.01124994627673727,
       "Baseline MG94xREV omega ratio":0.2723169295088199,
       "Corrected P-value":1,
       "Full adaptive model":0.01125650944532105,
       "Full adaptive model (non-synonymous subs/site)":0.004442384688593468,
       "Full adaptive model (synonymous subs/site)":0.00681412475672756,
       "LRT":0,
       "Nucleotide GTR":0.01123966284309126,
       "Rate Distributions":        [
[0.2629391207119979, 1] 
        ],
       "Rate classes":1,
       "Uncorrected P-value":1,
       "original name":"ENSECAP00000004406"
      },
     "NODE_3":{
       "Baseline MG94xREV":0.001117176079529157,
       "Baseline MG94xREV omega ratio":0,
       "Corrected P-value":1,
       "Full adaptive model":0.001109317107826684,
       "Full adaptive model (non-synonymous subs/site)":1e-10,
       "Full adaptive model (synonymous subs/site)":0.001109317107826684,
       "LRT":0,
       "Nucleotide GTR":0.001086627895363444,
       "Rate Distributions":        [
[0, 1] 
        ],
       "Rate classes":1,
       "Uncorrected P-value":1
      },
     "NODE_5":{
       "Baseline MG94xREV":0.002379383202378144,
       "Baseline MG94xREV omega ratio":0.3646598362163057,
       "Corrected P-value":1,
       "Full adaptive model":0.002399210758323733,
       "Full adaptive model (non-synonymous subs/site)":0.001106948605850522,
       "Full adaptive model (synonymous subs/site)":0.001292262152473211,
       "LRT":0,
       "Nucleotide GTR":0.002323129811931669,
       "Rate Distributions":        [
[0.3454824223142511, 1] 
        ],
       "Rate classes":1,
       "Uncorrected P-value":1
      },
     "NODE_7":{
       "Baseline MG94xREV":0.002219971851599718,
       "Baseline MG94xREV omega ratio":10000000000,
       "Corrected P-value":1,
       "Full adaptive model":0.002207236102963038,
       "Full adaptive model (non-synonymous subs/site)":0.002207236102963038,
       "Full adaptive model (synonymous subs/site)":1e-10,
       "LRT":1.289467858585795,
       "Nucleotide GTR":0.002171984368460509,
       "Rate Distributions":        [
[10000000000, 1] 
        ],
       "Rate classes":1,
       "Uncorrected P-value":0.2086698555479283
      }
    },
   "attributes":{
     "Baseline MG94xREV":{
       "attribute type":"branch length",
       "display order":1
      },
     "Baseline MG94xREV omega ratio":{
       "attribute type":"branch label",
       "display order":1
      },
     "Corrected P-value":{
       "attribute type":"branch label",
       "display order":6
      },
     "Full adaptive model":{
       "attribute type":"branch length",
       "display order":2
      },
     "Full adaptive model (non-synonymous subs/site)":{
       "attribute type":"branch label",
       "display order":10
      },
     "Full adaptive model (synonymous subs/site)":{
       "attribute type":"branch label",
       "display order":9
      },
     "LRT":{
       "attribute type":"branch label",
       "display order":4
      },
     "Nucleotide GTR":{
       "attribute type":"branch length",
       "display order":0
      },
     "Rate Distributions":{
       "attribute type":"branch label",
       "display order":3
      },
     "Rate classes":{
       "attribute type":"branch label",
       "display order":2
      },
     "Uncorrected P-value":{
       "attribute type":"branch label",
       "display order":5
      },
     "original name":{
       "attribute type":"node label",
       "display order":-1
      }
    }
  },