{
 "analysis":{
   "authors":"Sergei L Kosakovsky Pond, Ben Murrell, Steven Weaver and Temple iGEM / UCSD viral evolution group",
   "citation":"Less Is More: An Adaptive Branch-Site Random Effects Model for Efficient Detection of Episodic Diversifying Selection (2015). Mol Biol Evol 32 (5): 1342-1353. v2.2 adds support for multiple-hit models",
   "contact":"spond@temple.edu",
   "info":"aBSREL (Adaptive branch-site random effects likelihood)\n                            uses an adaptive random effects branch-site model framework\n                            to test whether each branch has evolved under positive selection,\n                            using a procedure which infers an optimal number of rate categories per branch.",
   "requirements":"in-frame codon alignment and a phylogenetic tree",
   "version":"2.2"
  },
 "branch attributes":{
   "0":{
     "ENSACAP00000018912":{
       "Baseline MG94xREV":0.2229609460454758,
       "Baseline MG94xREV omega ratio":0.2410193324515959,
       "Corrected P-value":1,
       "Full adaptive model":0.2649697315476978,
       "Full adaptive model (non-synonymous subs/site)":0.1445088056569827,
       "Full adaptive model (synonymous subs/site)":0.1204609258907151,
       "LRT":1.954517778196532,
       "Nucleotide GTR":0.1729703184883156,
       "Rate Distributions":        [
[0.05951645752829204, 0.8699724408610091],
        [3.072334877729071, 0.1300275591389909] 
        ],
       "Rate classes":2,
       "Uncorrected P-value":0.1453225534027862,
       "original name":"ENSACAP00000018912"
      },
     "ENSAMEP00000006378":{
       "Baseline MG94xREV":0.1786917766928796,
       "Baseline MG94xREV omega ratio":0.3163870186912003,
       "Corrected P-value":0.1594472506803656,
       "Full adaptive model":0.2625836545205711,
       "Full adaptive model (non-synonymous subs/site)":0.1747604566084406,
       "Full adaptive model (synonymous subs/site)":0.08782319791213047,
       "LRT":6.402144964892614,
       "Nucleotide GTR":0.1613287732891324,
       "Rate Distributions":        [
[0.1006540581858398, 0.8871804317473827],
        [5.843377897370995, 0.1128195682526173] 
        ],
       "Rate classes":2,
       "Uncorrected P-value":0.01449520460730597,
       "original name":"ENSAMEP00000006378"
      },
     "ENSCPOP00000002377":{
       "Baseline MG94xREV":0.1358210534807165,
       "Baseline MG94xREV omega ratio":0.2634995293211618,
       "Corrected P-value":0.3202474807763517,
       "Full adaptive model":0.1553981175138878,
       "Full adaptive model (non-synonymous subs/site)":0.07859568918076831,
       "Full adaptive model (synonymous subs/site)":0.07680242833311947,
       "LRT":4.852910087918644,
       "Nucleotide GTR":0.122420860795272,
       "Rate Distributions":        [
[0, 0.8543150442704692],
        [2.642368931656689, 0.1456849557295308] 
        ],
       "Rate classes":2,
       "Uncorrected P-value":0.03202474807763517,
       "original name":"ENSCPOP00000002377"
      },
     "ENSECAP00000001772":{
       "Baseline MG94xREV":0.06054583091440304,
       "Baseline MG94xREV omega ratio":0.1561140779041997,
       "Corrected P-value":1,
       "Full adaptive model":0.05904252619689614,
       "Full adaptive model (non-synonymous subs/site)":0.01358036579293678,
       "Full adaptive model (synonymous subs/site)":0.04546216040395936,
       "LRT":0,
       "Nucleotide GTR":0.05362601822290864,
       "Rate Distributions":        [
[0.1123688106088912, 1] 
        ],
       "Rate classes":1,
       "Uncorrected P-value":1,
       "original name":"ENSECAP00000001772"
      },
     "ENSMGAP00000007511":{
       "Baseline MG94xREV":0.1917651449602231,
       "Baseline MG94xREV omega ratio":0.1663131517867676,
       "Corrected P-value":1,
       "Full adaptive model":0.1856146892563885,
       "Full adaptive model (non-synonymous subs/site)":0.05347245597933206,
       "Full adaptive model (synonymous subs/site)":0.1321422332770566,
       "LRT":0,
       "Nucleotide GTR":0.1434177148837783,
       "Rate Distributions":        [
[0.1522204057439746, 1] 
        ],
       "Rate classes":1,
       "Uncorrected P-value":1,
       "original name":"ENSMGAP00000007511"
      },
     "ENSPSIP00000018496":{
       "Baseline MG94xREV":0.08401063488668453,
       "Baseline MG94xREV omega ratio":0.3733681686974257,
       "Corrected P-value":1,
       "Full adaptive model":0.08166532566196519,
       "Full adaptive model (non-synonymous subs/site)":0.04042524358118705,
       "Full adaptive model (synonymous subs/site)":0.04124008208077821,
       "LRT":0,
       "Nucleotide GTR":0.08536041601977672,
       "Rate Distributions":        [
[0.3687376727685076, 1] 
        ],
       "Rate classes":1,
       "Uncorrected P-value":1,
       "original name":"ENSPSIP00000018496"
      },
     "GM13318_MOUSE":{
       "Baseline MG94xREV":0.1707124000116395,
       "Baseline MG94xREV omega ratio":0.3324752799241051,
       "Corrected P-value":1,
       "Full adaptive model":0.2011629004304784,
       "Full adaptive model (non-synonymous subs/site)":0.1068850583832835,
       "Full adaptive model (synonymous subs/site)":0.09427784204719483,
       "LRT":0.7079875349054419,
       "Nucleotide GTR":0.1515336300077178,
       "Rate Distributions":        [
[0.1675257557363345, 0.9212640630245145],
        [3.456334661893042, 0.07873593697548553] 
        ],
       "Rate classes":2,
       "Uncorrected P-value":0.2905863449837551,
       "original name":"GM13318_MOUSE"
      },
     "NODE_11":{
       "Baseline MG94xREV":0.01341933180683601,
       "Baseline MG94xREV omega ratio":10000000000,
       "Corrected P-value":1,
       "Full adaptive model":0.01927596145609135,
       "Full adaptive model (non-synonymous subs/site)":0.01927596145609135,
       "Full adaptive model (synonymous subs/site)":1e-10,
       "LRT":0.5274921646332587,
       "Nucleotide GTR":0.01758614948947729,
       "Rate Distributions":        [
[10000000000, 1] 
        ],
       "Rate classes":1,
       "Uncorrected P-value":0.3239831935349328
      },
     "NODE_12":{
       "Baseline MG94xREV":0.3436875579907255,
       "Baseline MG94xREV omega ratio":0.2103846346962472,
       "Corrected P-value":1,
       "Full adaptive model":0.4011983923347279,
       "Full adaptive model (non-synonymous subs/site)":0.1892678381052348,
       "Full adaptive model (synonymous subs/site)":0.2119305542294932,
       "LRT":0.3678242449759637,
       "Nucleotide GTR":0.2465250343673828,
       "Rate Distributions":        [
[0.04082191254949268, 0.805250982722353],
        [1.556221926144352, 0.194749017277647] 
        ],
       "Rate classes":2,
       "Uncorrected P-value":0.3584412018836922
      },
     "NODE_3":{
       "Baseline MG94xREV":0.04254683316290581,
       "Baseline MG94xREV omega ratio":0.1040353385208107,
       "Corrected P-value":1,
       "Full adaptive model":0.05267624524271103,
       "Full adaptive model (non-synonymous subs/site)":0.007214883508882414,
       "Full adaptive model (synonymous subs/site)":0.04546136173382867,
       "LRT":0,
       "Nucleotide GTR":0.0348873344480426,
       "Rate Distributions":        [
[0.05969957907553117, 1] 
        ],
       "Rate classes":1,
       "Uncorrected P-value":1
      },
     "NODE_8":{
       "Baseline MG94xREV":0.04105227659820849,
       "Baseline MG94xREV omega ratio":0.09804075217357791,
       "Corrected P-value":1,
       "Full adaptive model":0.03674706885412608,
       "Full adaptive model (non-synonymous subs/site)":0.004882020598006517,
       "Full adaptive model (synonymous subs/site)":0.03186504825611957,
       "LRT":0,
       "Nucleotide GTR":0.03142581431399425,
       "Rate Distributions":        [
[0.05763275929576821, 1] 
        ],
       "Rate classes":1,
       "Uncorrected P-value":1
      }
    },
   "attributes":{
     "Baseline MG94xREV":{
       "attribute type":"branch length",
       "display order":1
      },