{
 "analysis":{
   "authors":"Sergei L Kosakovsky Pond, Ben Murrell, Steven Weaver and Temple iGEM / UCSD viral evolution group",
   "citation":"Less Is More: An Adaptive Branch-Site Random Effects Model for Efficient Detection of Episodic Diversifying Selection (2015). Mol Biol Evol 32 (5): 1342-1353. v2.2 adds support for multiple-hit models",
   "contact":"spond@temple.edu",
   "info":"aBSREL (Adaptive branch-site random effects likelihood)\n                            uses an adaptive random effects branch-site model framework\n                            to test whether each branch has evolved under positive selection,\n                            using a procedure which infers an optimal number of rate categories per branch.",
   "requirements":"in-frame codon alignment and a phylogenetic tree",
   "version":"2.2"
  },
 "branch attributes":{
   "0":{
     "BX539340_1_DANRE":{
       "Baseline MG94xREV":1135.008255408539,
       "Baseline MG94xREV omega ratio":3.279785519501499e-05,
       "Corrected P-value":1,
       "Full adaptive model":1.218716182290758,
       "Full adaptive model (non-synonymous subs/site)":0.1900511071056686,
       "Full adaptive model (synonymous subs/site)":1.028665075185089,
       "LRT":0,
       "Nucleotide GTR":0.254073839979666,
       "Rate Distributions":        [
[0.000806780678376247, 0.7257376583748926],
        [0.2738138393862351, 0.2742623416251074] 
        ],
       "Rate classes":2,
       "Uncorrected P-value":1,
       "original name":"BX539340.1_DANRE"
      },
     "ENSPSIP00000000353":{
       "Baseline MG94xREV":0.6305296637618031,
       "Baseline MG94xREV omega ratio":0.03077038091266455,
       "Corrected P-value":1,
       "Full adaptive model":2.314041033032611,
       "Full adaptive model (non-synonymous subs/site)":0.07837497963039194,
       "Full adaptive model (synonymous subs/site)":2.23566605340222,
       "LRT":0,
       "Nucleotide GTR":0.2114155609486548,
       "Rate Distributions":        [
[0.003901015297802349, 0.9379055978551166],
        [0.172345407439449, 0.06209440214488338] 
        ],
       "Rate classes":2,
       "Uncorrected P-value":1,
       "original name":"ENSPSIP00000000353"
      },
     "ENSPSIP00000000489":{
       "Baseline MG94xREV":0.7105443031002275,
       "Baseline MG94xREV omega ratio":0.03781862556869686,
       "Corrected P-value":1,
       "Full adaptive model":2.117598140558954,
       "Full adaptive model (non-synonymous subs/site)":0.110038979732976,
       "Full adaptive model (synonymous subs/site)":2.007559160825978,
       "LRT":0,
       "Nucleotide GTR":0.2137217833060961,
       "Rate Distributions":        [
[0.007901355331535617, 0.9353165567358951],
        [0.2328699795552247, 0.06468344326410491] 
        ],
       "Rate classes":2,
       "Uncorrected P-value":1,
       "original name":"ENSPSIP00000000489"
      },
     "ENSPSIP00000000767":{
       "Baseline MG94xREV":0.4051731117720403,
       "Baseline MG94xREV omega ratio":0.07203028643672439,
       "Corrected P-value":1,
       "Full adaptive model":0.9957357840944334,
       "Full adaptive model (non-synonymous subs/site)":0.09821534978099714,
       "Full adaptive model (synonymous subs/site)":0.8975204343134362,
       "LRT":0,
       "Nucleotide GTR":0.2198131574982312,
       "Rate Distributions":        [
[0, 0.7861209705986212],
        [0.2095872874726519, 0.2138790294013788] 
        ],
       "Rate classes":2,
       "Uncorrected P-value":1,
       "original name":"ENSPSIP00000000767"
      },
     "ENSPSIP00000000992":{
       "Baseline MG94xREV":0.4903825430663404,
       "Baseline MG94xREV omega ratio":0.06010324934360047,
       "Corrected P-value":1,
       "Full adaptive model":0.9568082474981248,
       "Full adaptive model (non-synonymous subs/site)":0.1312769507733542,
       "Full adaptive model (synonymous subs/site)":0.8255312967247704,
       "LRT":0,
       "Nucleotide GTR":0.204025493154206,
       "Rate Distributions":        [
[0.007299658463563264, 0.8612235932665347],
        [0.4240933937746096, 0.1387764067334653] 
        ],
       "Rate classes":2,
       "Uncorrected P-value":1,
       "original name":"ENSPSIP00000000992"
      },
     "ENSTRUP00000032888":{
       "Baseline MG94xREV":0.0006282188006331969,
       "Baseline MG94xREV omega ratio":10000000000,
       "Corrected P-value":1,
       "Full adaptive model":0.0007355644710979366,
       "Full adaptive model (non-synonymous subs/site)":0.0007355644710979366,
       "Full adaptive model (synonymous subs/site)":1e-10,
       "LRT":-0.008085441288130824,
       "Nucleotide GTR":0.004536904881956521,
       "Rate Distributions":        [
[10000000000, 1] 
        ],
       "Rate classes":1,
       "Uncorrected P-value":0.5,
       "original name":"ENSTRUP00000032888"
      },
     "ENSTRUP00000035266":{
       "Baseline MG94xREV":0.01784403083120762,
       "Baseline MG94xREV omega ratio":0.1740076243448813,
       "Corrected P-value":1,
       "Full adaptive model":0.01832120079883483,
       "Full adaptive model (non-synonymous subs/site)":0.005419817258292485,
       "Full adaptive model (synonymous subs/site)":0.01290138354054234,
       "LRT":0,
       "Nucleotide GTR":0.01359485778167308,
       "Rate Distributions":        [
[0.172086370996611, 1] 
        ],
       "Rate classes":1,
       "Uncorrected P-value":1,
       "original name":"ENSTRUP00000035266"
      },
     "NODE_12":{
       "Baseline MG94xREV":2.911143574364474,
       "Baseline MG94xREV omega ratio":0.04715683226918115,
       "Corrected P-value":1,
       "Full adaptive model":2.158791278971151,
       "Full adaptive model (non-synonymous subs/site)":0.7129917181801032,
       "Full adaptive model (synonymous subs/site)":1.445799560791047,
       "LRT":0,
       "Nucleotide GTR":0.6537594640544083,
       "Rate Distributions":        [
[0.006584994576533027, 0.4932050930975089],
        [0.3921961539500261, 0.5067949069024911] 
        ],
       "Rate classes":2,
       "Uncorrected P-value":1
      },
     "NODE_3":{
       "Baseline MG94xREV":0.1227023553116167,
       "Baseline MG94xREV omega ratio":0.07709714070069962,
       "Corrected P-value":1,
       "Full adaptive model":0.07985903089689192,
       "Full adaptive model (non-synonymous subs/site)":0.03864273606154216,
       "Full adaptive model (synonymous subs/site)":0.04121629483534976,
       "LRT":0.246566667661682,
       "Nucleotide GTR":0.05168015637849074,
       "Rate Distributions":        [
[0, 0.9368319532008952],
        [6.079944168855422, 0.06316804679910482] 
        ],
       "Rate classes":2,
       "Uncorrected P-value":0.3891045539591863
      },
     "NODE_5":{
       "Baseline MG94xREV":0.02854792531992651,
       "Baseline MG94xREV omega ratio":1.388084105016144,
       "Corrected P-value":1,
       "Full adaptive model":0.02436689712309326,
       "Full adaptive model (non-synonymous subs/site)":0.02327641683150638,
       "Full adaptive model (synonymous subs/site)":0.001090480291586883,
       "LRT":-0.1264082708876231,
       "Nucleotide GTR":0.06005200638828943,
       "Rate Distributions":        [
[8.743723669194425, 1] 
        ],
       "Rate classes":1,
       "Uncorrected P-value":0.5
      },
     "NODE_7":{
       "Baseline MG94xREV":1134.966171546734,
       "Baseline MG94xREV omega ratio":1.825646573586657e-05,
       "Corrected P-value":1,
       "Full adaptive model":3.768175935374122,
       "Full adaptive model (non-synonymous subs/site)":0.07783494041460332,
       "Full adaptive model (synonymous subs/site)":3.690340994959519,
       "LRT":0,
       "Nucleotide GTR":0.1362955050119438,
       "Rate Distributions":        [
[0, 0.8184806001677516],
        [0.04759739359559415, 0.1815193998322484] 
        ],
       "Rate classes":2,
       "Uncorrected P-value":1
      }
    },
   "attributes":{
     "Baseline MG94xREV":{
       "attribute type":"branch length",
       "display order":1
      },