{
 "analysis":{
   "authors":"Sergei L Kosakovsky Pond, Ben Murrell, Steven Weaver and Temple iGEM / UCSD viral evolution group",
   "citation":"Less Is More: An Adaptive Branch-Site Random Effects Model for Efficient Detection of Episodic Diversifying Selection (2015). Mol Biol Evol 32 (5): 1342-1353. v2.2 adds support for multiple-hit models",
   "contact":"spond@temple.edu",
   "info":"aBSREL (Adaptive branch-site random effects likelihood)\n                            uses an adaptive random effects branch-site model framework\n                            to test whether each branch has evolved under positive selection,\n                            using a procedure which infers an optimal number of rate categories per branch.",
   "requirements":"in-frame codon alignment and a phylogenetic tree",
   "version":"2.2"
  },
 "branch attributes":{
   "0":{
     "CHM1A_PONAB":{
       "Baseline MG94xREV":0.005001987194000374,
       "Baseline MG94xREV omega ratio":10000000000,
       "Corrected P-value":0.6291652558142367,
       "Full adaptive model":0.005145556127135215,
       "Full adaptive model (non-synonymous subs/site)":0.005145556127135215,
       "Full adaptive model (synonymous subs/site)":1e-10,
       "LRT":1.807319971456764,
       "Nucleotide GTR":0.00555024026254242,
       "Rate Distributions":        [
[10000000000, 1] 
        ],
       "Rate classes":1,
       "Uncorrected P-value":0.1572913139535592,
       "original name":"CHM1A_PONAB"
      },
     "ENSDNOP00000011421":{
       "Baseline MG94xREV":0.05586725643375797,
       "Baseline MG94xREV omega ratio":4.816800325842689,
       "Corrected P-value":0.04161052316000174,
       "Full adaptive model":0.05919447818330897,
       "Full adaptive model (non-synonymous subs/site)":0.0538122131301216,
       "Full adaptive model (synonymous subs/site)":0.005382265053187375,
       "LRT":9.046358613266875,
       "Nucleotide GTR":0.04724519002016535,
       "Rate Distributions":        [
[6.767247973729194, 1] 
        ],
       "Rate classes":1,
       "Uncorrected P-value":0.003782774832727431,
       "original name":"ENSDNOP00000011421"
      },
     "ENSDORP00000007554":{
       "Baseline MG94xREV":0.04736644802665985,
       "Baseline MG94xREV omega ratio":8.496634617998227,
       "Corrected P-value":0.03266878227690517,
       "Full adaptive model":0.04805189096500134,
       "Full adaptive model (non-synonymous subs/site)":0.04536245062273581,
       "Full adaptive model (synonymous subs/site)":0.00268944034226547,
       "LRT":9.696112941249794,
       "Nucleotide GTR":0.04691054427502892,
       "Rate Distributions":        [
[11.41644559971266, 1] 
        ],
       "Rate classes":1,
       "Uncorrected P-value":0.002722398523075431,
       "original name":"ENSDORP00000007554"
      },
     "ENSEEUP00000009347":{
       "Baseline MG94xREV":0.08204006648838767,
       "Baseline MG94xREV omega ratio":7.44989425503314,
       "Corrected P-value":0.001742458165923999,
       "Full adaptive model":0.08539745333760244,
       "Full adaptive model (non-synonymous subs/site)":0.08013869942646532,
       "Full adaptive model (synonymous subs/site)":0.00525875391113722,
       "LRT":16.07878488398956,
       "Nucleotide GTR":0.08237045334794953,
       "Rate Distributions":        [
[10.31468002518324, 1] 
        ],
       "Rate classes":1,
       "Uncorrected P-value":0.0001089036353702499,
       "original name":"ENSEEUP00000009347"
      },
     "ENSETEP00000009739":{
       "Baseline MG94xREV":0.05175005479696577,
       "Baseline MG94xREV omega ratio":9.0127177971292,
       "Corrected P-value":0.02801346523499315,
       "Full adaptive model":0.05029741411636158,
       "Full adaptive model (non-synonymous subs/site)":0.04754105708922029,
       "Full adaptive model (synonymous subs/site)":0.002756357027141328,
       "LRT":10.15828491575667,
       "Nucleotide GTR":0.0579928269367291,
       "Rate Distributions":        [
[11.67426861687128, 1] 
        ],
       "Rate classes":1,
       "Uncorrected P-value":0.002154881941153319,
       "original name":"ENSETEP00000009739"
      },
     "ENSFCAP00000003493":{
       "Baseline MG94xREV":0.03718268131592028,
       "Baseline MG94xREV omega ratio":3.043088288318332,
       "Corrected P-value":0.3269048819070757,
       "Full adaptive model":0.03796138516437813,
       "Full adaptive model (non-synonymous subs/site)":0.03257533736686126,
       "Full adaptive model (synonymous subs/site)":0.005386047797516883,
       "LRT":4.120468772120603,
       "Nucleotide GTR":0.03484595082085512,
       "Rate Distributions":        [
[4.093690802674101, 1] 
        ],
       "Rate classes":1,
       "Uncorrected P-value":0.04670069741529653,
       "original name":"ENSFCAP00000003493"
      },
     "ENSGGOP00000011914":{
       "Baseline MG94xREV":0.01348902786571554,
       "Baseline MG94xREV omega ratio":10000000000,
       "Corrected P-value":0.240503213425209,
       "Full adaptive model":0.01343047677286811,
       "Full adaptive model (non-synonymous subs/site)":0.01343047677286811,
       "Full adaptive model (synonymous subs/site)":1e-10,
       "LRT":4.976009875799718,
       "Nucleotide GTR":0.01293930414968424,
       "Rate Distributions":        [
[10000000000, 1] 
        ],
       "Rate classes":1,
       "Uncorrected P-value":0.03006290167815112,
       "original name":"ENSGGOP00000011914"
      },
     "ENSMICP00000014169":{
       "Baseline MG94xREV":0.02999227100570698,
       "Baseline MG94xREV omega ratio":10000000000,
       "Corrected P-value":0.0227047965105196,
       "Full adaptive model":0.03034572712153151,
       "Full adaptive model (non-synonymous subs/site)":0.03034572712153151,
       "Full adaptive model (synonymous subs/site)":1e-10,
       "LRT":10.72057102467397,
       "Nucleotide GTR":0.02705858385636684,
       "Rate Distributions":        [
[10000000000, 1] 
        ],
       "Rate classes":1,
       "Uncorrected P-value":0.001621771179322828,
       "original name":"ENSMICP00000014169"
      },
     "ENSOPRP00000005398":{
       "Baseline MG94xREV":0.03246927169923961,
       "Baseline MG94xREV omega ratio":10000000000,
       "Corrected P-value":0.01114618903700793,
       "Full adaptive model":0.03403715193519882,
       "Full adaptive model (non-synonymous subs/site)":0.03403715193519882,
       "Full adaptive model (synonymous subs/site)":1e-10,
       "LRT":12.26652340701503,
       "Nucleotide GTR":0.03193176447247568,
       "Rate Distributions":        [
[10000000000, 1] 
        ],
       "Rate classes":1,
       "Uncorrected P-value":0.0007430792691338617,
       "original name":"ENSOPRP00000005398"
      },
     "ENSPVAP00000002827":{
       "Baseline MG94xREV":0.03546362947147691,
       "Baseline MG94xREV omega ratio":6.437413511595376,
       "Corrected P-value":0.09309125357064013,
       "Full adaptive model":0.03686635466451137,
       "Full adaptive model (non-synonymous subs/site)":0.03422192121533169,
       "Full adaptive model (synonymous subs/site)":0.002644433449179676,
       "LRT":7.064646034104953,
       "Nucleotide GTR":0.03430173463368569,
       "Rate Distributions":        [
[8.759273025415865, 1] 
        ],
       "Rate classes":1,
       "Uncorrected P-value":0.01034347261896001,
       "original name":"ENSPVAP00000002827"
      },
     "NODE_10":{
       "Baseline MG94xREV":0.01404288983157146,
       "Baseline MG94xREV omega ratio":2.163515395821746,
       "Corrected P-value":0.5328971308107731,
       "Full adaptive model":0.01440790345977111,
       "Full adaptive model (non-synonymous subs/site)":0.01171611522712976,
       "Full adaptive model (synonymous subs/site)":0.002691788232641362,
       "LRT":0.8564349001248956,
       "Nucleotide GTR":0.01196176099187125,
       "Rate Distributions":        [
[2.94604286963273, 1] 
        ],
       "Rate classes":1,
       "Uncorrected P-value":0.2664485654053865
      },