{
 "analysis":{
   "authors":"Sergei L Kosakovsky Pond, Ben Murrell, Steven Weaver and Temple iGEM / UCSD viral evolution group",
   "citation":"Less Is More: An Adaptive Branch-Site Random Effects Model for Efficient Detection of Episodic Diversifying Selection (2015). Mol Biol Evol 32 (5): 1342-1353. v2.2 adds support for multiple-hit models",
   "contact":"spond@temple.edu",
   "info":"aBSREL (Adaptive branch-site random effects likelihood)\n                            uses an adaptive random effects branch-site model framework\n                            to test whether each branch has evolved under positive selection,\n                            using a procedure which infers an optimal number of rate categories per branch.",
   "requirements":"in-frame codon alignment and a phylogenetic tree",
   "version":"2.2"
  },
 "branch attributes":{
   "0":{
     "ENSMMUP00000009613":{
       "Baseline MG94xREV":0.09757832663423259,
       "Baseline MG94xREV omega ratio":2.964807186460579,
       "Corrected P-value":0.001056073559017268,
       "Full adaptive model":0.2522466570649684,
       "Full adaptive model (non-synonymous subs/site)":0.2382256343515704,
       "Full adaptive model (synonymous subs/site)":0.014021022713398,
       "LRT":16.50229037264671,
       "Nucleotide GTR":0.1025882960241351,
       "Rate Distributions":        [
[0, 0.8115739965078311],
        [45.79953199569153, 0.1884260034921689] 
        ],
       "Rate classes":2,
       "Uncorrected P-value":8.800612991810564e-05,
       "original name":"ENSMMUP00000009613"
      },
     "ENSMMUP00000032299":{
       "Baseline MG94xREV":0.08414869675888699,
       "Baseline MG94xREV omega ratio":0.4105850940439969,
       "Corrected P-value":1,
       "Full adaptive model":0.09981573443581143,
       "Full adaptive model (non-synonymous subs/site)":0.0493508886268683,
       "Full adaptive model (synonymous subs/site)":0.05046484580894331,
       "LRT":0,
       "Nucleotide GTR":0.08844583055088727,
       "Rate Distributions":        [
[0.4967056547719276, 1] 
        ],
       "Rate classes":1,
       "Uncorrected P-value":1,
       "original name":"ENSMMUP00000032299"
      },
     "ENSMMUP00000032748":{
       "Baseline MG94xREV":0.05405863280255042,
       "Baseline MG94xREV omega ratio":2.429479821168051,
       "Corrected P-value":1,
       "Full adaptive model":0.0493220472043538,
       "Full adaptive model (non-synonymous subs/site)":0.0387415777347664,
       "Full adaptive model (synonymous subs/site)":0.01058046946958736,
       "LRT":0.347308550892194,
       "Nucleotide GTR":0.05023900376009369,
       "Rate Distributions":        [
[1.859796571033104, 1] 
        ],
       "Rate classes":1,
       "Uncorrected P-value":0.3633043702622677,
       "original name":"ENSMMUP00000032748"
      },
     "ENSMMUP00000036138":{
       "Baseline MG94xREV":0.1563954502672184,
       "Baseline MG94xREV omega ratio":0.5255189673914531,
       "Corrected P-value":1,
       "Full adaptive model":0.1636841516783057,
       "Full adaptive model (non-synonymous subs/site)":0.08923975173888347,
       "Full adaptive model (synonymous subs/site)":0.07444439993942208,
       "LRT":0,
       "Nucleotide GTR":0.1498783014416869,
       "Rate Distributions":        [
[0.6088627397772559, 1] 
        ],
       "Rate classes":1,
       "Uncorrected P-value":1,
       "original name":"ENSMMUP00000036138"
      },
     "ENSMMUP00000041141":{
       "Baseline MG94xREV":0.03869952265379723,
       "Baseline MG94xREV omega ratio":0.7436487038026991,
       "Corrected P-value":1,
       "Full adaptive model":0.03649301257016664,
       "Full adaptive model (non-synonymous subs/site)":0.02440172032813363,
       "Full adaptive model (synonymous subs/site)":0.01209129224203301,
       "LRT":-0.001228284214676023,
       "Nucleotide GTR":0.04030486505387298,
       "Rate Distributions":        [
[1.025039980957378, 1] 
        ],
       "Rate classes":1,
       "Uncorrected P-value":0.5,
       "original name":"ENSMMUP00000041141"
      },
     "ENSMMUP00000041144":{
       "Baseline MG94xREV":0.03739724203221675,
       "Baseline MG94xREV omega ratio":0.7507095380373902,
       "Corrected P-value":1,
       "Full adaptive model":0.03949884713920383,
       "Full adaptive model (non-synonymous subs/site)":0.02113487061383111,
       "Full adaptive model (synonymous subs/site)":0.01836397652537271,
       "LRT":0,
       "Nucleotide GTR":0.03458620697657581,
       "Rate Distributions":        [
[0.5845557573996029, 1] 
        ],
       "Rate classes":1,
       "Uncorrected P-value":1,
       "original name":"ENSMMUP00000041144"
      },
     "ENSMMUP00000041257":{
       "Baseline MG94xREV":0.07621458180162254,
       "Baseline MG94xREV omega ratio":0.9703945624314194,
       "Corrected P-value":0.0514581260344249,
       "Full adaptive model":0.2293981524632254,
       "Full adaptive model (non-synonymous subs/site)":0.2088250239390047,
       "Full adaptive model (synonymous subs/site)":0.02057312852422065,
       "LRT":8.627171208784148,
       "Nucleotide GTR":0.07697168039790361,
       "Rate Distributions":        [
[0, 0.8748765743076281],
        [41.20374134477407, 0.1251234256923719] 
        ],
       "Rate classes":2,
       "Uncorrected P-value":0.004678011457674991,
       "original name":"ENSMMUP00000041257"
      },
     "NODE_14":{
       "Baseline MG94xREV":0.03061709595022373,
       "Baseline MG94xREV omega ratio":0.1114164538987145,
       "Corrected P-value":1,
       "Full adaptive model":0.04205577368085334,
       "Full adaptive model (non-synonymous subs/site)":0.008761869703344449,
       "Full adaptive model (synonymous subs/site)":0.03329390397750884,
       "LRT":0,
       "Nucleotide GTR":0.03153441976455176,
       "Rate Distributions":        [
[0.1336672907806962, 1] 
        ],
       "Rate classes":1,
       "Uncorrected P-value":1
      },
     "NODE_3":{
       "Baseline MG94xREV":0.01680811160516744,
       "Baseline MG94xREV omega ratio":10000000000,
       "Corrected P-value":1,
       "Full adaptive model":0.006503045757241032,
       "Full adaptive model (non-synonymous subs/site)":0.006503045757241032,
       "Full adaptive model (synonymous subs/site)":1e-10,
       "LRT":0.3924569137477647,
       "Nucleotide GTR":0.007816329229573009,
       "Rate Distributions":        [
[10000000000, 1] 
        ],
       "Rate classes":1,
       "Uncorrected P-value":0.3527494910828446
      },
     "NODE_5":{
       "Baseline MG94xREV":0.02975339030185162,
       "Baseline MG94xREV omega ratio":1.626710460378997,
       "Corrected P-value":1,
       "Full adaptive model":0.03417157693956894,
       "Full adaptive model (non-synonymous subs/site)":0.02422523810754153,
       "Full adaptive model (synonymous subs/site)":0.009946338832027442,
       "LRT":0.02516129488685692,
       "Nucleotide GTR":0.03437086394234587,
       "Rate Distributions":        [
[1.237080275406098, 1] 
        ],
       "Rate classes":1,
       "Uncorrected P-value":0.4710426095428804
      },
     "NODE_7":{
       "Baseline MG94xREV":0.02804468604754352,
       "Baseline MG94xREV omega ratio":0,
       "Corrected P-value":1,
       "Full adaptive model":0.02237176531359965,
       "Full adaptive model (non-synonymous subs/site)":1e-10,
       "Full adaptive model (synonymous subs/site)":0.02237176531359965,
       "LRT":0,
       "Nucleotide GTR":0.02130191093572496,
       "Rate Distributions":        [
[0, 1] 
        ],
       "Rate classes":1,
       "Uncorrected P-value":1
      },
     "TCF4_PONAB":{
       "Baseline MG94xREV":0.1206919240697173,
       "Baseline MG94xREV omega ratio":1.019012016678052,
       "Corrected P-value":1,
       "Full adaptive model":0.110569202985662,
       "Full adaptive model (non-synonymous subs/site)":0.06983079963696844,
       "Full adaptive model (synonymous subs/site)":0.04073840334869343,
       "LRT":0,