{
 "analysis":{
   "authors":"Sergei L Kosakovsky Pond, Ben Murrell, Steven Weaver and Temple iGEM / UCSD viral evolution group",
   "citation":"Less Is More: An Adaptive Branch-Site Random Effects Model for Efficient Detection of Episodic Diversifying Selection (2015). Mol Biol Evol 32 (5): 1342-1353. v2.2 adds support for multiple-hit models",
   "contact":"spond@temple.edu",
   "info":"aBSREL (Adaptive branch-site random effects likelihood)\n                            uses an adaptive random effects branch-site model framework\n                            to test whether each branch has evolved under positive selection,\n                            using a procedure which infers an optimal number of rate categories per branch.",
   "requirements":"in-frame codon alignment and a phylogenetic tree",
   "version":"2.2"
  },
 "branch attributes":{
   "0":{
     "ENSACAP00000015345":{
       "Baseline MG94xREV":0.2456902908764614,
       "Baseline MG94xREV omega ratio":0.1852420257464897,
       "Corrected P-value":1,
       "Full adaptive model":0.4651142733180804,
       "Full adaptive model (non-synonymous subs/site)":0.1834747523432587,
       "Full adaptive model (synonymous subs/site)":0.2816395209748216,
       "LRT":0.05825670104786695,
       "Nucleotide GTR":0.1932465826212163,
       "Rate Distributions":        [
[0, 0.8036453264549459],
        [1.266555321773741, 0.1963546735450541] 
        ],
       "Rate classes":2,
       "Uncorrected P-value":0.4532421008652929,
       "original name":"ENSACAP00000015345"
      },
     "ENSMODP00000007325":{
       "Baseline MG94xREV":0.1679868523774101,
       "Baseline MG94xREV omega ratio":0.2228057505362689,
       "Corrected P-value":1,
       "Full adaptive model":0.2002025667007467,
       "Full adaptive model (non-synonymous subs/site)":0.09273420472591887,
       "Full adaptive model (synonymous subs/site)":0.1074683619748279,
       "LRT":0.7882206576905446,
       "Nucleotide GTR":0.1459921603528272,
       "Rate Distributions":        [
[0, 0.7768679419586216],
        [1.476318441472107, 0.2231320580413784] 
        ],
       "Rate classes":2,
       "Uncorrected P-value":0.2772116383704665,
       "original name":"ENSMODP00000007325"
      },
     "ENSSHAP00000000649":{
       "Baseline MG94xREV":0.0119671319909521,
       "Baseline MG94xREV omega ratio":1.115805867373053,
       "Corrected P-value":1,
       "Full adaptive model":0.01203907039471391,
       "Full adaptive model (non-synonymous subs/site)":0.008981539218795706,
       "Full adaptive model (synonymous subs/site)":0.003057531175918201,
       "LRT":0.008260841208539205,
       "Nucleotide GTR":0.0121164416196205,
       "Rate Distributions":        [
[1.121405211676499, 1] 
        ],
       "Rate classes":1,
       "Uncorrected P-value":0.4842795605015446,
       "original name":"ENSSHAP00000000649"
      },
     "ENSSHAP00000001909":{
       "Baseline MG94xREV":0.02959884778862892,
       "Baseline MG94xREV omega ratio":0.4257002687059538,
       "Corrected P-value":1,
       "Full adaptive model":0.02981088318711358,
       "Full adaptive model (non-synonymous subs/site)":0.01550690421250418,
       "Full adaptive model (synonymous subs/site)":0.01430397897460944,
       "LRT":0,
       "Nucleotide GTR":0.02933592781722034,
       "Rate Distributions":        [
[0.413857599733814, 1] 
        ],
       "Rate classes":1,
       "Uncorrected P-value":1,
       "original name":"ENSSHAP00000001909"
      },
     "ENSSHAP00000002010":{
       "Baseline MG94xREV":0.2088222113266253,
       "Baseline MG94xREV omega ratio":0.3103462366237438,
       "Corrected P-value":1,
       "Full adaptive model":0.2548569444343534,
       "Full adaptive model (non-synonymous subs/site)":0.1389610752955409,
       "Full adaptive model (synonymous subs/site)":0.1158958691388125,
       "LRT":0.1139520234319207,
       "Nucleotide GTR":0.2038118328816622,
       "Rate Distributions":        [
[0, 0.638971997700202],
        [1.267847488173399, 0.361028002299798] 
        ],
       "Rate classes":2,
       "Uncorrected P-value":0.4305228000019341,
       "original name":"ENSSHAP00000002010"
      },
     "ENSSHAP00000002248":{
       "Baseline MG94xREV":0.03058715152814905,
       "Baseline MG94xREV omega ratio":0.1392828216981945,
       "Corrected P-value":1,
       "Full adaptive model":0.03101943707908874,
       "Full adaptive model (non-synonymous subs/site)":0.00803725943144251,
       "Full adaptive model (synonymous subs/site)":0.02298217764764628,
       "LRT":0,
       "Nucleotide GTR":0.02998738599023575,
       "Rate Distributions":        [
[0.1335056062128263, 1] 
        ],
       "Rate classes":1,
       "Uncorrected P-value":1,
       "original name":"ENSSHAP00000002248"
      },
     "ENSSHAP00000003760":{
       "Baseline MG94xREV":0.1534553909423708,
       "Baseline MG94xREV omega ratio":0.3159743494062381,
       "Corrected P-value":0.1459385921463632,
       "Full adaptive model":8.956030248301822,
       "Full adaptive model (non-synonymous subs/site)":8.893838017375117,
       "Full adaptive model (synonymous subs/site)":0.06219223092670419,
       "LRT":7.43112625993308,
       "Nucleotide GTR":0.132891450800702,
       "Rate Distributions":        [
[0.3109782277803188, 0.9651455816309463],
        [1557.699540727607, 0.03485441836905367] 
        ],
       "Rate classes":2,
       "Uncorrected P-value":0.008584623067433128,
       "original name":"ENSSHAP00000003760"
      },
     "ENSSHAP00000006161":{
       "Baseline MG94xREV":0.02980740565927629,
       "Baseline MG94xREV omega ratio":0.3908211032896995,
       "Corrected P-value":1,
       "Full adaptive model":0.02977387637266346,
       "Full adaptive model (non-synonymous subs/site)":0.01457696203719891,
       "Full adaptive model (synonymous subs/site)":0.01519691433546452,
       "LRT":0,
       "Nucleotide GTR":0.03007787054482258,
       "Rate Distributions":        [
[0.3661797306353323, 1] 
        ],
       "Rate classes":1,
       "Uncorrected P-value":1,
       "original name":"ENSSHAP00000006161"
      },
     "ENSXETP00000004807":{
       "Baseline MG94xREV":1052.010863807844,
       "Baseline MG94xREV omega ratio":5.029256818552872e-05,
       "Corrected P-value":1,
       "Full adaptive model":3.910487417771386,
       "Full adaptive model (non-synonymous subs/site)":0.2897564737861884,
       "Full adaptive model (synonymous subs/site)":3.620730943985198,
       "LRT":0,
       "Nucleotide GTR":0.311482591683173,
       "Rate Distributions":        [
[0.001389167241892283, 0.7325902950455069],
        [0.1104406385208206, 0.2674097049544931] 
        ],
       "Rate classes":2,
       "Uncorrected P-value":1,
       "original name":"ENSXETP00000004807"
      },
     "ENSXETP00000025482":{
       "Baseline MG94xREV":1052.102196520714,
       "Baseline MG94xREV omega ratio":8.417051074907421e-05,
       "Corrected P-value":1,
       "Full adaptive model":4.031294921570808,
       "Full adaptive model (non-synonymous subs/site)":0.4105639775856099,
       "Full adaptive model (synonymous subs/site)":3.620730943985198,
       "LRT":0,
       "Nucleotide GTR":0.4602731973865785,
       "Rate Distributions":        [
[0.002380787016554889, 0.5784770260052062],
        [0.099426954596192, 0.4215229739947938] 
        ],
       "Rate classes":2,
       "Uncorrected P-value":1,
       "original name":"ENSXETP00000025482"
      },
     "NODE_11":{
       "Baseline MG94xREV":0.1904223843504651,
       "Baseline MG94xREV omega ratio":0.1054415960526621,
       "Corrected P-value":1,
       "Full adaptive model":0.190791488475103,
       "Full adaptive model (non-synonymous subs/site)":0.0260583682396148,
       "Full adaptive model (synonymous subs/site)":0.1647331202354884,
       "LRT":0,
       "Nucleotide GTR":0.0980464399309437,
       "Rate Distributions":        [
[0.0603877691130689, 1] 
        ],
       "Rate classes":1,