{
 "analysis":{
   "authors":"Sergei L Kosakovsky Pond, Ben Murrell, Steven Weaver and Temple iGEM / UCSD viral evolution group",
   "citation":"Less Is More: An Adaptive Branch-Site Random Effects Model for Efficient Detection of Episodic Diversifying Selection (2015). Mol Biol Evol 32 (5): 1342-1353. v2.2 adds support for multiple-hit models",
   "contact":"spond@temple.edu",
   "info":"aBSREL (Adaptive branch-site random effects likelihood)\n                            uses an adaptive random effects branch-site model framework\n                            to test whether each branch has evolved under positive selection,\n                            using a procedure which infers an optimal number of rate categories per branch.",
   "requirements":"in-frame codon alignment and a phylogenetic tree",
   "version":"2.2"
  },
 "branch attributes":{
   "0":{
     "NODE_12":{
       "Baseline MG94xREV":0.5542906693651969,
       "Baseline MG94xREV omega ratio":0.04806521740832587,
       "Corrected P-value":1,
       "Full adaptive model":0.3328461318473781,
       "Full adaptive model (non-synonymous subs/site)":0.1212550048801002,
       "Full adaptive model (synonymous subs/site)":0.2115911269672779,
       "LRT":0.4805594813224161,
       "Nucleotide GTR":0.152512249174829,
       "Rate Distributions":        [
[0.03644836224096213, 0.911833284069216],
        [1.823949959956193, 0.08816671593078396] 
        ],
       "Rate classes":2,
       "Uncorrected P-value":0.3335561527834881
      },
     "NODE_14":{
       "Baseline MG94xREV":0.02152722384723728,
       "Baseline MG94xREV omega ratio":10000000000,
       "Corrected P-value":1,
       "Full adaptive model":0.01819753954161051,
       "Full adaptive model (non-synonymous subs/site)":0.01819753954161051,
       "Full adaptive model (synonymous subs/site)":1e-10,
       "LRT":0.008822086604595825,
       "Nucleotide GTR":0.05408340514196974,
       "Rate Distributions":        [
[10000000000, 1] 
        ],
       "Rate classes":1,
       "Uncorrected P-value":0.48371319515487
      },
     "NODE_3":{
       "Baseline MG94xREV":0.1369400499554214,
       "Baseline MG94xREV omega ratio":0.2307926626147576,
       "Corrected P-value":1,
       "Full adaptive model":0.1297074823086074,
       "Full adaptive model (non-synonymous subs/site)":0.05909959741702663,
       "Full adaptive model (synonymous subs/site)":0.07060788489158082,
       "LRT":0,
       "Nucleotide GTR":0.1239581525617783,
       "Rate Distributions":        [
[0, 0.6990054889181],
        [0.9416214738423992, 0.3009945110819] 
        ],
       "Rate classes":2,
       "Uncorrected P-value":1
      },
     "NODE_5":{
       "Baseline MG94xREV":0.00703906254677479,
       "Baseline MG94xREV omega ratio":10000000000,
       "Corrected P-value":1,
       "Full adaptive model":0.003159405640579549,
       "Full adaptive model (non-synonymous subs/site)":0.003159405640579549,
       "Full adaptive model (synonymous subs/site)":1e-10,
       "LRT":0.1800451449689717,
       "Nucleotide GTR":0.00656251337353259,
       "Rate Distributions":        [
[10000000000, 1] 
        ],
       "Rate classes":1,
       "Uncorrected P-value":0.4084400560545545
      },
     "NODE_7":{
       "Baseline MG94xREV":0.03226480155801107,
       "Baseline MG94xREV omega ratio":10000000000,
       "Corrected P-value":1,
       "Full adaptive model":0.1177586424507355,
       "Full adaptive model (non-synonymous subs/site)":0.03236264143473701,
       "Full adaptive model (synonymous subs/site)":0.08539600101599853,
       "LRT":0,
       "Nucleotide GTR":0.09195697837348522,
       "Rate Distributions":        [
[0.1283246349057265, 1] 
        ],
       "Rate classes":1,
       "Uncorrected P-value":1
      },
     "TTLL10_ANOCA":{
       "Baseline MG94xREV":0.2627736290952452,
       "Baseline MG94xREV omega ratio":0.1484662327030814,
       "Corrected P-value":1,
       "Full adaptive model":0.2661719409356852,
       "Full adaptive model (non-synonymous subs/site)":0.07223790400650552,
       "Full adaptive model (synonymous subs/site)":0.1939340369291797,
       "LRT":0,
       "Nucleotide GTR":0.1861995256412081,
       "Rate Distributions":        [
[0.1261289290378854, 1] 
        ],
       "Rate classes":1,
       "Uncorrected P-value":1,
       "original name":"TTLL10_ANOCA"
      },
     "TTLL10_CHICK":{
       "Baseline MG94xREV":0.0149730273544619,
       "Baseline MG94xREV omega ratio":0.2986775220534414,
       "Corrected P-value":1,
       "Full adaptive model":0.01291583188643535,
       "Full adaptive model (non-synonymous subs/site)":0.006257017100048209,
       "Full adaptive model (synonymous subs/site)":0.006658814786387135,
       "LRT":0,
       "Nucleotide GTR":0.01339650774050224,
       "Rate Distributions":        [
[0.3181808342777378, 1] 
        ],
       "Rate classes":1,
       "Uncorrected P-value":1,
       "original name":"TTLL10_CHICK"
      },
     "TTLL10_DANRE":{
       "Baseline MG94xREV":0.7655308815521886,
       "Baseline MG94xREV omega ratio":0.0337584202515747,
       "Corrected P-value":1,
       "Full adaptive model":0.5597914363200008,
       "Full adaptive model (non-synonymous subs/site)":0.1114773119225591,
       "Full adaptive model (synonymous subs/site)":0.4483141243974417,
       "LRT":0,
       "Nucleotide GTR":0.2182143756912421,
       "Rate Distributions":        [
[0.007902701859258895, 0.8689080209168516],
        [0.5899096450958581, 0.1310919790831484] 
        ],
       "Rate classes":2,
       "Uncorrected P-value":1,
       "original name":"TTLL10_DANRE"
      },
     "TTLL10_LATCH":{
       "Baseline MG94xREV":0.3890550399086088,
       "Baseline MG94xREV omega ratio":0.04168987029925539,
       "Corrected P-value":1,
       "Full adaptive model":0.2353258416236724,
       "Full adaptive model (non-synonymous subs/site)":0.04263808182774342,
       "Full adaptive model (synonymous subs/site)":0.192687759795929,
       "LRT":0,
       "Nucleotide GTR":0.1523572065666745,
       "Rate Distributions":        [
[0.002364058733772267, 0.7933328013419028],
        [0.3534815044099974, 0.2066671986580972] 
        ],
       "Rate classes":2,
       "Uncorrected P-value":1,
       "original name":"TTLL10_LATCH"
      },
     "TTLL10_MELGA":{
       "Baseline MG94xREV":0.01373590278253297,
       "Baseline MG94xREV omega ratio":0.1651437290744937,
       "Corrected P-value":1,
       "Full adaptive model":0.01565630473763186,
       "Full adaptive model (non-synonymous subs/site)":0.004057220915869314,
       "Full adaptive model (synonymous subs/site)":0.01159908382176256,
       "LRT":0,
       "Nucleotide GTR":0.01492980986036737,
       "Rate Distributions":        [
[0.1184427762150152, 1] 
        ],
       "Rate classes":1,
       "Uncorrected P-value":1,
       "original name":"TTLL10_MELGA"
      },
     "TTLL10_PELSI":{
       "Baseline MG94xREV":0.08730415666396336,
       "Baseline MG94xREV omega ratio":0.08681234586795661,
       "Corrected P-value":1,
       "Full adaptive model":0.09690490662526281,
       "Full adaptive model (non-synonymous subs/site)":0.01509077852677219,
       "Full adaptive model (synonymous subs/site)":0.08181412809849049,
       "LRT":0,
       "Nucleotide GTR":0.07647426909417447,
       "Rate Distributions":        [
[0.06245783824362406, 1] 
        ],
       "Rate classes":1,
       "Uncorrected P-value":1,
       "original name":"TTLL10_PELSI"
      },
     "TTLL10_TAKRU":{
       "Baseline MG94xREV":0.07854965932146664,
       "Baseline MG94xREV omega ratio":0.06893606820801172,
       "Corrected P-value":1,
       "Full adaptive model":0.03403205491111742,
       "Full adaptive model (non-synonymous subs/site)":0.01310394423697734,
       "Full adaptive model (synonymous subs/site)":0.02092811067414009,
       "LRT":0,
       "Nucleotide GTR":0.04031888221127965,
       "Rate Distributions":        [
[0.2120194104593026, 1] 
        ],