{
 "analysis":{
   "authors":"Sergei L Kosakovsky Pond, Ben Murrell, Steven Weaver and Temple iGEM / UCSD viral evolution group",
   "citation":"Less Is More: An Adaptive Branch-Site Random Effects Model for Efficient Detection of Episodic Diversifying Selection (2015). Mol Biol Evol 32 (5): 1342-1353. v2.2 adds support for multiple-hit models",
   "contact":"spond@temple.edu",
   "info":"aBSREL (Adaptive branch-site random effects likelihood)\n                            uses an adaptive random effects branch-site model framework\n                            to test whether each branch has evolved under positive selection,\n                            using a procedure which infers an optimal number of rate categories per branch.",
   "requirements":"in-frame codon alignment and a phylogenetic tree",
   "version":"2.2"
  },
 "branch attributes":{
   "0":{
     "NODE_3":{
       "Baseline MG94xREV":0.006492032995555051,
       "Baseline MG94xREV omega ratio":10000000000,
       "Corrected P-value":1,
       "Full adaptive model":0.006061901898030444,
       "Full adaptive model (non-synonymous subs/site)":0.006061901898030444,
       "Full adaptive model (synonymous subs/site)":1e-10,
       "LRT":0.1340715535952768,
       "Nucleotide GTR":0.01769403708100259,
       "Rate Distributions":        [
[10000000000, 1] 
        ],
       "Rate classes":1,
       "Uncorrected P-value":0.4233979851109775
      },
     "NODE_5":{
       "Baseline MG94xREV":0.04835865646243744,
       "Baseline MG94xREV omega ratio":0.05717900499861128,
       "Corrected P-value":0.9516144977202403,
       "Full adaptive model":0.05112337631444744,
       "Full adaptive model (non-synonymous subs/site)":0.009394559496905923,
       "Full adaptive model (synonymous subs/site)":0.04172881681754152,
       "LRT":2.934462212138897,
       "Nucleotide GTR":0.03665808358965902,
       "Rate Distributions":        [
[0, 0.97810163548037],
        [3.957779578971642, 0.02189836451963001] 
        ],
       "Rate classes":2,
       "Uncorrected P-value":0.08651040888365821
      },
     "NODE_8":{
       "Baseline MG94xREV":0.1056359890018721,
       "Baseline MG94xREV omega ratio":0.2328615820339682,
       "Corrected P-value":1,
       "Full adaptive model":0.1060672339062333,
       "Full adaptive model (non-synonymous subs/site)":0.03964122359537795,
       "Full adaptive model (synonymous subs/site)":0.06642601031085532,
       "LRT":0,
       "Nucleotide GTR":0.08947392951351572,
       "Rate Distributions":        [
[0.2297374606863461, 1] 
        ],
       "Rate classes":1,
       "Uncorrected P-value":1
      },
     "NODE_9":{
       "Baseline MG94xREV":0.03574455304640874,
       "Baseline MG94xREV omega ratio":0.7150464293358424,
       "Corrected P-value":1,
       "Full adaptive model":0.03771636363036018,
       "Full adaptive model (non-synonymous subs/site)":0.02757477046473993,
       "Full adaptive model (synonymous subs/site)":0.01014159316562025,
       "LRT":2.151786667815031,
       "Nucleotide GTR":0.0650327109998325,
       "Rate Distributions":        [
[0, 0.8878174767777596],
        [9.330468502156956, 0.1121825232222404] 
        ],
       "Rate classes":2,
       "Uncorrected P-value":0.1307787175421847
      },
     "URB2_DANRE":{
       "Baseline MG94xREV":0.8949492322864394,
       "Baseline MG94xREV omega ratio":0.09501345386029669,
       "Corrected P-value":1,
       "Full adaptive model":0.9983245688394589,
       "Full adaptive model (non-synonymous subs/site)":0.3809668169747606,
       "Full adaptive model (synonymous subs/site)":0.6173577518646981,
       "LRT":0.1314831956551643,
       "Nucleotide GTR":0.4141420475970216,
       "Rate Distributions":        [
[0.05459518950411373, 0.8248167572526438],
        [0.3206424564372761, 0.05487741945558591],
        [1.454068151408913, 0.1203058232917703] 
        ],
       "Rate classes":3,
       "Uncorrected P-value":0.4242916662609991,
       "original name":"URB2_DANRE"
      },
     "URB2_GADMO":{
       "Baseline MG94xREV":0.3143188721350033,
       "Baseline MG94xREV omega ratio":0.1210489073977571,
       "Corrected P-value":1,
       "Full adaptive model":0.3277343616637901,
       "Full adaptive model (non-synonymous subs/site)":0.09041644160990692,
       "Full adaptive model (synonymous subs/site)":0.2373179200538831,
       "LRT":0,
       "Nucleotide GTR":0.1856049797182149,
       "Rate Distributions":        [
[0, 0.6542604605441942],
        [0.4242196314812526, 0.3457395394558058] 
        ],
       "Rate classes":2,
       "Uncorrected P-value":1,
       "original name":"URB2_GADMO"
      },
     "URB2_GASAC":{
       "Baseline MG94xREV":0.1268397851297287,
       "Baseline MG94xREV omega ratio":0.1910028727329207,
       "Corrected P-value":1,
       "Full adaptive model":0.1296023644812817,
       "Full adaptive model (non-synonymous subs/site)":0.0454936081022411,
       "Full adaptive model (synonymous subs/site)":0.08410875637904064,
       "LRT":0,
       "Nucleotide GTR":0.1105174085204308,
       "Rate Distributions":        [
[0, 0.6469228951888072],
        [0.5897426643256822, 0.3530771048111928] 
        ],
       "Rate classes":2,
       "Uncorrected P-value":1,
       "original name":"URB2_GASAC"
      },
     "URB2_ORENI":{
       "Baseline MG94xREV":0.123025302214847,
       "Baseline MG94xREV omega ratio":0.2475455606849772,
       "Corrected P-value":1,
       "Full adaptive model":0.1254475793923228,
       "Full adaptive model (non-synonymous subs/site)":0.05046421849251204,
       "Full adaptive model (synonymous subs/site)":0.07498336089981078,
       "LRT":0,
       "Nucleotide GTR":0.113447150187269,
       "Rate Distributions":        [
[0, 0.5290343818983381],
        [0.5501135974931006, 0.4709656181016619] 
        ],
       "Rate classes":2,
       "Uncorrected P-value":1,
       "original name":"URB2_ORENI"
      },
     "URB2_ORYLA":{
       "Baseline MG94xREV":0.1980353543024943,
       "Baseline MG94xREV omega ratio":0.1843041150720292,
       "Corrected P-value":1,
       "Full adaptive model":0.2023697178954468,
       "Full adaptive model (non-synonymous subs/site)":0.0684844877466505,
       "Full adaptive model (synonymous subs/site)":0.1338852301487963,
       "LRT":0,
       "Nucleotide GTR":0.1644818966825616,
       "Rate Distributions":        [
[0.03981696761240529, 0.6628351705432872],
        [0.5057602851804452, 0.3371648294567128] 
        ],
       "Rate classes":2,
       "Uncorrected P-value":1,
       "original name":"URB2_ORYLA"
      },
     "URB2_TAKRU":{
       "Baseline MG94xREV":0.1067340726653963,
       "Baseline MG94xREV omega ratio":0.2685929260235126,
       "Corrected P-value":1,
       "Full adaptive model":0.1064577194888223,
       "Full adaptive model (non-synonymous subs/site)":0.04289815436236085,
       "Full adaptive model (synonymous subs/site)":0.06355956512646135,
       "LRT":0,
       "Nucleotide GTR":0.1064732270093982,
       "Rate Distributions":        [
[0.2598248135202085, 1] 
        ],
       "Rate classes":1,
       "Uncorrected P-value":1,
       "original name":"URB2_TAKRU"
      },
     "URB2_TETNG":{
       "Baseline MG94xREV":0.110665003738926,
       "Baseline MG94xREV omega ratio":0.206712253302823,
       "Corrected P-value":1,
       "Full adaptive model":0.1154176098915674,
       "Full adaptive model (non-synonymous subs/site)":0.04493837774505875,
       "Full adaptive model (synonymous subs/site)":0.07047923214650868,
       "LRT":0.01841395194423967,
       "Nucleotide GTR":0.09302402358980871,
       "Rate Distributions":        [
[0, 0.7667606759522505],
        [1.052391632197051, 0.2332393240477495] 
        ],
       "Rate classes":2,
       "Uncorrected P-value":0.4756625865489718,
       "original name":"URB2_TETNG"
      }
    },
   "attributes":{
     "Baseline MG94xREV":{
       "attribute type":"branch length",
       "display order":1
      },