{
 "analysis":{
   "authors":"Sergei L Kosakovsky Pond, Ben Murrell, Steven Weaver and Temple iGEM / UCSD viral evolution group",
   "citation":"Less Is More: An Adaptive Branch-Site Random Effects Model for Efficient Detection of Episodic Diversifying Selection (2015). Mol Biol Evol 32 (5): 1342-1353. v2.2 adds support for multiple-hit models",
   "contact":"spond@temple.edu",
   "info":"aBSREL (Adaptive branch-site random effects likelihood)\n                            uses an adaptive random effects branch-site model framework\n                            to test whether each branch has evolved under positive selection,\n                            using a procedure which infers an optimal number of rate categories per branch.",
   "requirements":"in-frame codon alignment and a phylogenetic tree",
   "version":"2.2"
  },
 "branch attributes":{
   "0":{
     "NODE_10":{
       "Baseline MG94xREV":0.04843085692035492,
       "Baseline MG94xREV omega ratio":2.046380179698234,
       "Corrected P-value":1,
       "Full adaptive model":0.04313754075455176,
       "Full adaptive model (non-synonymous subs/site)":0.04313754075455176,
       "Full adaptive model (synonymous subs/site)":1e-10,
       "LRT":0.2213161864092399,
       "Nucleotide GTR":0.06016724461553345,
       "Rate Distributions":        [
[10000000000, 1] 
        ],
       "Rate classes":1,
       "Uncorrected P-value":0.396181211111534
      },
     "NODE_11":{
       "Baseline MG94xREV":0.5910461934330571,
       "Baseline MG94xREV omega ratio":0.1991450098720157,
       "Corrected P-value":1,
       "Full adaptive model":35.19680964981036,
       "Full adaptive model (non-synonymous subs/site)":34.86485330862328,
       "Full adaptive model (synonymous subs/site)":0.3319563411870792,
       "LRT":2.180947445584025,
       "Nucleotide GTR":0.3839534035972351,
       "Rate Distributions":        [
[0.1486549454859221, 0.8789047969135875],
        [294.9715174983863, 0.1210952030864125] 
        ],
       "Rate classes":2,
       "Uncorrected P-value":0.1287628615824136
      },
     "NODE_16":{
       "Baseline MG94xREV":0.3548642373409189,
       "Baseline MG94xREV omega ratio":0.2724490118368122,
       "Corrected P-value":1,
       "Full adaptive model":27.56625906191719,
       "Full adaptive model (non-synonymous subs/site)":27.46935761357849,
       "Full adaptive model (synonymous subs/site)":0.09690144833870984,
       "LRT":1.934691251881304,
       "Nucleotide GTR":0.2494102352734935,
       "Rate Distributions":        [
[0.1731878615580428, 0.8173813907719972],
        [529.0822201187166, 0.1826186092280028] 
        ],
       "Rate classes":2,
       "Uncorrected P-value":0.1468764030599955
      },
     "NODE_3":{
       "Baseline MG94xREV":0.003671119381379279,
       "Baseline MG94xREV omega ratio":3.34599714338056,
       "Corrected P-value":1,
       "Full adaptive model":0.003260187969235251,
       "Full adaptive model (non-synonymous subs/site)":0.003260187969235251,
       "Full adaptive model (synonymous subs/site)":1e-10,
       "LRT":0.106613848914094,
       "Nucleotide GTR":0.00434527386228421,
       "Rate Distributions":        [
[10000000000, 1] 
        ],
       "Rate classes":1,
       "Uncorrected P-value":0.4332332234221327
      },
     "NODE_5":{
       "Baseline MG94xREV":0.04839839826233536,
       "Baseline MG94xREV omega ratio":0.150061721308199,
       "Corrected P-value":1,
       "Full adaptive model":0.05484888609444492,
       "Full adaptive model (non-synonymous subs/site)":0.01216493048904371,
       "Full adaptive model (synonymous subs/site)":0.04268395560540125,
       "LRT":0,
       "Nucleotide GTR":0.03255197086851631,
       "Rate Distributions":        [
[0.09728161333642479, 1] 
        ],
       "Rate classes":1,
       "Uncorrected P-value":1
      },
     "NODE_8":{
       "Baseline MG94xREV":0.005316350676927034,
       "Baseline MG94xREV omega ratio":0.3516881159822299,
       "Corrected P-value":1,
       "Full adaptive model":0.005356652133424146,
       "Full adaptive model (non-synonymous subs/site)":0.002590018608552337,
       "Full adaptive model (synonymous subs/site)":0.00276663352487181,
       "LRT":0,
       "Nucleotide GTR":0.005175710054895391,
       "Rate Distributions":        [
[0.3195486899341545, 1] 
        ],
       "Rate classes":1,
       "Uncorrected P-value":1
      },
     "TSPAN19_AILME":{
       "Baseline MG94xREV":0.03552262770901196,
       "Baseline MG94xREV omega ratio":0.381549223419567,
       "Corrected P-value":1,
       "Full adaptive model":0.03606961489224917,
       "Full adaptive model (non-synonymous subs/site)":0.01804397191946011,
       "Full adaptive model (synonymous subs/site)":0.0180256429727891,
       "LRT":0,
       "Nucleotide GTR":0.03357816041691019,
       "Rate Distributions":        [
[0.3416859883691342, 1] 
        ],
       "Rate classes":1,
       "Uncorrected P-value":1,
       "original name":"TSPAN19_AILME"
      },
     "TSPAN19_BOVIN":{
       "Baseline MG94xREV":0.07009283043656726,
       "Baseline MG94xREV omega ratio":0.4732827423775819,
       "Corrected P-value":1,
       "Full adaptive model":0.07030148232018679,
       "Full adaptive model (non-synonymous subs/site)":0.03914841241972271,
       "Full adaptive model (synonymous subs/site)":0.03115306990046416,
       "LRT":0,
       "Nucleotide GTR":0.06741059000647168,
       "Rate Distributions":        [
[0.4289425186747721, 1] 
        ],
       "Rate classes":1,
       "Uncorrected P-value":1,
       "original name":"TSPAN19_BOVIN"
      },
     "TSPAN19_DANRE":{
       "Baseline MG94xREV":0.2515655775530235,
       "Baseline MG94xREV omega ratio":0.3231256416949026,
       "Corrected P-value":1,
       "Full adaptive model":0.2040674014533965,
       "Full adaptive model (non-synonymous subs/site)":0.1157411565889905,
       "Full adaptive model (synonymous subs/site)":0.08832624486440603,
       "LRT":0,
       "Nucleotide GTR":0.211984049007111,
       "Rate Distributions":        [
[0.4472844943379965, 1] 
        ],
       "Rate classes":1,
       "Uncorrected P-value":1,
       "original name":"TSPAN19_DANRE"
      },
     "TSPAN19_GGOR":{
       "Baseline MG94xREV":0.007787869805236324,
       "Baseline MG94xREV omega ratio":10000000000,
       "Corrected P-value":1,
       "Full adaptive model":0.007794720835096511,
       "Full adaptive model (non-synonymous subs/site)":0.007794720835096511,
       "Full adaptive model (synonymous subs/site)":1e-10,
       "LRT":1.683827011499488,
       "Nucleotide GTR":0.007774349498293679,
       "Rate Distributions":        [
[10000000000, 1] 
        ],
       "Rate classes":1,
       "Uncorrected P-value":0.1681489113936553,
       "original name":"TSPAN19_GGOR"
      },
     "TSPAN19_HUMAN":{
       "Baseline MG94xREV":0,
       "Baseline MG94xREV omega ratio":1,
       "Corrected P-value":1,
       "Full adaptive model":0,
       "Full adaptive model (non-synonymous subs/site)":1e-10,
       "Full adaptive model (synonymous subs/site)":1e-10,
       "LRT":0,
       "Nucleotide GTR":0,
       "Rate Distributions":        [
[1, 1] 
        ],
       "Rate classes":1,
       "Uncorrected P-value":1,
       "original name":"TSPAN19_HUMAN"
      },
     "TSPAN19_LATCH":{
       "Baseline MG94xREV":0.1993056672994247,
       "Baseline MG94xREV omega ratio":0.2129250631639606,
       "Corrected P-value":1,
       "Full adaptive model":0.2436491348309674,
       "Full adaptive model (non-synonymous subs/site)":0.05737367373272767,
       "Full adaptive model (synonymous subs/site)":0.1862754610982398,
       "LRT":0,
       "Nucleotide GTR":0.1623496148704123,
       "Rate Distributions":        [
[0.1051339071206982, 1] 
        ],
       "Rate classes":1,
       "Uncorrected P-value":1,
       "original name":"TSPAN19_LATCH"
      },
     "TSPAN19_MYOLU":{
       "Baseline MG94xREV":0.06990388468914845,