{
 "analysis":{
   "authors":"Sergei L Kosakovsky Pond, Ben Murrell, Steven Weaver and Temple iGEM / UCSD viral evolution group",
   "citation":"Less Is More: An Adaptive Branch-Site Random Effects Model for Efficient Detection of Episodic Diversifying Selection (2015). Mol Biol Evol 32 (5): 1342-1353. v2.2 adds support for multiple-hit models",
   "contact":"spond@temple.edu",
   "info":"aBSREL (Adaptive branch-site random effects likelihood)\n                            uses an adaptive random effects branch-site model framework\n                            to test whether each branch has evolved under positive selection,\n                            using a procedure which infers an optimal number of rate categories per branch.",
   "requirements":"in-frame codon alignment and a phylogenetic tree",
   "version":"2.2"
  },
 "branch attributes":{
   "0":{
     "ENSBTAP00000008039":{
       "Baseline MG94xREV":0.07947495108514845,
       "Baseline MG94xREV omega ratio":0.1320695950437518,
       "Corrected P-value":1,
       "Full adaptive model":0.0886024137648765,
       "Full adaptive model (non-synonymous subs/site)":0.03186370868616609,
       "Full adaptive model (synonymous subs/site)":0.05673870507871041,
       "LRT":0.02066710638609948,
       "Nucleotide GTR":0.06797220190300265,
       "Rate Distributions":        [
[0, 0.8578199206632284],
        [1.088341418897482, 0.1421800793367716] 
        ],
       "Rate classes":2,
       "Uncorrected P-value":0.4740538016609855,
       "original name":"ENSBTAP00000008039"
      },
     "ENSCPOP00000006764":{
       "Baseline MG94xREV":0.1305876324372348,
       "Baseline MG94xREV omega ratio":0.1224515973258815,
       "Corrected P-value":1,
       "Full adaptive model":0.128684895405632,
       "Full adaptive model (non-synonymous subs/site)":0.03806642506079023,
       "Full adaptive model (synonymous subs/site)":0.09061847034484183,
       "LRT":0,
       "Nucleotide GTR":0.1082841144482511,
       "Rate Distributions":        [
[0.1157477006448494, 1] 
        ],
       "Rate classes":1,
       "Uncorrected P-value":1,
       "original name":"ENSCPOP00000006764"
      },
     "ENSGGOP00000001778":{
       "Baseline MG94xREV":0.006075869527035967,
       "Baseline MG94xREV omega ratio":0.6211795588602828,
       "Corrected P-value":1,
       "Full adaptive model":0.006067252113486955,
       "Full adaptive model (non-synonymous subs/site)":0.004126521202680135,
       "Full adaptive model (synonymous subs/site)":0.001940730910806815,
       "LRT":0,
       "Nucleotide GTR":0.007263292490171438,
       "Rate Distributions":        [
[0.5858760763848814, 1] 
        ],
       "Rate classes":1,
       "Uncorrected P-value":1,
       "original name":"ENSGGOP00000001778"
      },
     "ENSOCUP00000019215":{
       "Baseline MG94xREV":0.2093520133710683,
       "Baseline MG94xREV omega ratio":0.1363666982851796,
       "Corrected P-value":0.1185170526400824,
       "Full adaptive model":277.7207223743464,
       "Full adaptive model (non-synonymous subs/site)":277.5860770540087,
       "Full adaptive model (synonymous subs/site)":0.1346453203377013,
       "LRT":7.840787728990108,
       "Nucleotide GTR":0.1547368620464518,
       "Rate Distributions":        [
[0.04978645433429185, 0.9026770382784188],
        [0.6321230941450694, 0.03483759238230351],
        [9090.000000003736, 0.06248536933927766] 
        ],
       "Rate classes":3,
       "Uncorrected P-value":0.006971591331769555,
       "original name":"ENSOCUP00000019215"
      },
     "ENSOGAP00000012386":{
       "Baseline MG94xREV":0.1133487477182935,
       "Baseline MG94xREV omega ratio":0.141720950124812,
       "Corrected P-value":1,
       "Full adaptive model":0.1139177056794021,
       "Full adaptive model (non-synonymous subs/site)":0.03600918079111795,
       "Full adaptive model (synonymous subs/site)":0.07790852488828416,
       "LRT":0,
       "Nucleotide GTR":0.09826748039147186,
       "Rate Distributions":        [
[0.1273547848060645, 1] 
        ],
       "Rate classes":1,
       "Uncorrected P-value":1,
       "original name":"ENSOGAP00000012386"
      },
     "ENSPTRP00000055775":{
       "Baseline MG94xREV":0.01493672447553199,
       "Baseline MG94xREV omega ratio":0.1576185057799965,
       "Corrected P-value":1,
       "Full adaptive model":0.01505017506002435,
       "Full adaptive model (non-synonymous subs/site)":0.005192632333586533,
       "Full adaptive model (synonymous subs/site)":0.009857542726437804,
       "LRT":0,
       "Nucleotide GTR":0.01369767650774396,
       "Rate Distributions":        [
[0.1451462807023152, 1] 
        ],
       "Rate classes":1,
       "Uncorrected P-value":1,
       "original name":"ENSPTRP00000055775"
      },
     "ENSPVAP00000008476":{
       "Baseline MG94xREV":0.09060123381027239,
       "Baseline MG94xREV omega ratio":0.09455847124957723,
       "Corrected P-value":1,
       "Full adaptive model":0.08992854067724369,
       "Full adaptive model (non-synonymous subs/site)":0.02255457542573322,
       "Full adaptive model (synonymous subs/site)":0.06737396525151047,
       "LRT":0,
       "Nucleotide GTR":0.07777638685977958,
       "Rate Distributions":        [
[0.09224217921679079, 1] 
        ],
       "Rate classes":1,
       "Uncorrected P-value":1,
       "original name":"ENSPVAP00000008476"
      },
     "ENSSTOP00000013803":{
       "Baseline MG94xREV":0.07501574652092559,
       "Baseline MG94xREV omega ratio":0.1029216514453477,
       "Corrected P-value":1,
       "Full adaptive model":0.07455812067080037,
       "Full adaptive model (non-synonymous subs/site)":0.01926601067138655,
       "Full adaptive model (synonymous subs/site)":0.05529210999941388,
       "LRT":0,
       "Nucleotide GTR":0.06405499041068149,
       "Rate Distributions":        [
[0.09600981652678786, 1] 
        ],
       "Rate classes":1,
       "Uncorrected P-value":1,
       "original name":"ENSSTOP00000013803"
      },
     "ENSTTRP00000015741":{
       "Baseline MG94xREV":0.03556801933528237,
       "Baseline MG94xREV omega ratio":0.04407088157636843,
       "Corrected P-value":1,
       "Full adaptive model":0.03561975475686155,
       "Full adaptive model (non-synonymous subs/site)":0.004736067976247081,
       "Full adaptive model (synonymous subs/site)":0.03088368678061451,
       "LRT":0,
       "Nucleotide GTR":0.0302276290560798,
       "Rate Distributions":        [
[0.04225477509849589, 1] 
        ],
       "Rate classes":1,
       "Uncorrected P-value":1,
       "original name":"ENSTTRP00000015741"
      },
     "FLYWCH2_MACMU":{
       "Baseline MG94xREV":0.02829167826469282,
       "Baseline MG94xREV omega ratio":0.06733039059953223,
       "Corrected P-value":1,
       "Full adaptive model":0.02674332814751872,
       "Full adaptive model (non-synonymous subs/site)":0.00525016573819488,
       "Full adaptive model (synonymous subs/site)":0.02149316240932383,
       "LRT":0,
       "Nucleotide GTR":0.02773792407569235,
       "Rate Distributions":        [
[0.06730691725280701, 1] 
        ],
       "Rate classes":1,
       "Uncorrected P-value":1,
       "original name":"FLYWCH2_MACMU"
      },
     "NODE_10":{
       "Baseline MG94xREV":0.05701347069222762,
       "Baseline MG94xREV omega ratio":0.08668948734884149,
       "Corrected P-value":1,
       "Full adaptive model":0.05905416889494719,
       "Full adaptive model (non-synonymous subs/site)":0.01276644792974244,
       "Full adaptive model (synonymous subs/site)":0.04628772096520479,
       "LRT":0,
       "Nucleotide GTR":0.04458906531943667,
       "Rate Distributions":        [
[0.07599609667817239, 1] 
        ],
       "Rate classes":1,
       "Uncorrected P-value":1
      },
     "NODE_14":{
       "Baseline MG94xREV":0.02364007412435137,
       "Baseline MG94xREV omega ratio":0.1263089742692527,
       "Corrected P-value":1,
       "Full adaptive model":0.02288991414592679,