{
 "analysis":{
   "authors":"Sergei L Kosakovsky Pond, Ben Murrell, Steven Weaver and Temple iGEM / UCSD viral evolution group",
   "citation":"Less Is More: An Adaptive Branch-Site Random Effects Model for Efficient Detection of Episodic Diversifying Selection (2015). Mol Biol Evol 32 (5): 1342-1353. v2.2 adds support for multiple-hit models",
   "contact":"spond@temple.edu",
   "info":"aBSREL (Adaptive branch-site random effects likelihood)\n                            uses an adaptive random effects branch-site model framework\n                            to test whether each branch has evolved under positive selection,\n                            using a procedure which infers an optimal number of rate categories per branch.",
   "requirements":"in-frame codon alignment and a phylogenetic tree",
   "version":"2.2"
  },
 "branch attributes":{
   "0":{
     "ENSAMEP00000001128":{
       "Baseline MG94xREV":0.02939486406881535,
       "Baseline MG94xREV omega ratio":0.5306521294141664,
       "Corrected P-value":1,
       "Full adaptive model":0.02818531577975435,
       "Full adaptive model (non-synonymous subs/site)":0.01520610885946123,
       "Full adaptive model (synonymous subs/site)":0.01297920692029312,
       "LRT":0,
       "Nucleotide GTR":0.02946473808023415,
       "Rate Distributions":        [
[0.479894953471018, 1] 
        ],
       "Rate classes":1,
       "Uncorrected P-value":1,
       "original name":"ENSAMEP00000001128"
      },
     "ENSCJAP00000012726":{
       "Baseline MG94xREV":0.02854930322398646,
       "Baseline MG94xREV omega ratio":0.3132213792972195,
       "Corrected P-value":0.04573683802447848,
       "Full adaptive model":0.2072532160221025,
       "Full adaptive model (non-synonymous subs/site)":0.1940953556662529,
       "Full adaptive model (synonymous subs/site)":0.01315786035584962,
       "LRT":9.031474239476665,
       "Nucleotide GTR":0.02773768554652927,
       "Rate Distributions":        [
[0.1661355211038477, 0.9883197706328466],
        [503.2570926884675, 0.01168022936715341] 
        ],
       "Rate classes":2,
       "Uncorrected P-value":0.00381140316870654,
       "original name":"ENSCJAP00000012726"
      },
     "ENSETEP00000009999":{
       "Baseline MG94xREV":0.06299050841846281,
       "Baseline MG94xREV omega ratio":0.2904496529693785,
       "Corrected P-value":1,
       "Full adaptive model":0.0641973155487183,
       "Full adaptive model (non-synonymous subs/site)":0.02732530615808985,
       "Full adaptive model (synonymous subs/site)":0.03687200939062842,
       "LRT":0,
       "Nucleotide GTR":0.06206003239227222,
       "Rate Distributions":        [
[0.3035599514966575, 1] 
        ],
       "Rate classes":1,
       "Uncorrected P-value":1,
       "original name":"ENSETEP00000009999"
      },
     "ENSGGOP00000018942":{
       "Baseline MG94xREV":0.006060831794161225,
       "Baseline MG94xREV omega ratio":0.3840927116285927,
       "Corrected P-value":1,
       "Full adaptive model":0.006073117689822698,
       "Full adaptive model (non-synonymous subs/site)":0.002906540332741198,
       "Full adaptive model (synonymous subs/site)":0.003166577357081498,
       "LRT":0,
       "Nucleotide GTR":0.005955146748184684,
       "Rate Distributions":        [
[0.375978054058364, 1] 
        ],
       "Rate classes":1,
       "Uncorrected P-value":1,
       "original name":"ENSGGOP00000018942"
      },
     "ENSMICP00000007855":{
       "Baseline MG94xREV":0.01407421256725277,
       "Baseline MG94xREV omega ratio":0.5011948747137036,
       "Corrected P-value":1,
       "Full adaptive model":0.01283535591059612,
       "Full adaptive model (non-synonymous subs/site)":0.006423545672565363,
       "Full adaptive model (synonymous subs/site)":0.006411810238030762,
       "LRT":0,
       "Nucleotide GTR":0.01422870054357193,
       "Rate Distributions":        [
[0.4103650821413327, 1] 
        ],
       "Rate classes":1,
       "Uncorrected P-value":1,
       "original name":"ENSMICP00000007855"
      },
     "ENSMMUP00000008565":{
       "Baseline MG94xREV":0.01996845497312807,
       "Baseline MG94xREV omega ratio":0.4320700372078681,
       "Corrected P-value":1,
       "Full adaptive model":0.02129596737305682,
       "Full adaptive model (non-synonymous subs/site)":0.0114085976249852,
       "Full adaptive model (synonymous subs/site)":0.00988736974807162,
       "LRT":0,
       "Nucleotide GTR":0.01940974546532262,
       "Rate Distributions":        [
[0.4726370159294986, 1] 
        ],
       "Rate classes":1,
       "Uncorrected P-value":1,
       "original name":"ENSMMUP00000008565"
      },
     "ENSNLEP00000012083":{
       "Baseline MG94xREV":0.009275524207721224,
       "Baseline MG94xREV omega ratio":0.1923677704737565,
       "Corrected P-value":1,
       "Full adaptive model":0.00930918573173946,
       "Full adaptive model (non-synonymous subs/site)":0.002926507444136106,
       "Full adaptive model (synonymous subs/site)":0.00638267828760335,
       "LRT":0,
       "Nucleotide GTR":0.008987560005695519,
       "Rate Distributions":        [
[0.1878118204364911, 1] 
        ],
       "Rate classes":1,
       "Uncorrected P-value":1,
       "original name":"ENSNLEP00000012083"
      },
     "ENSPPYP00000013788":{
       "Baseline MG94xREV":0.003102597569972941,
       "Baseline MG94xREV omega ratio":0,
       "Corrected P-value":1,
       "Full adaptive model":0.00311312623070631,
       "Full adaptive model (non-synonymous subs/site)":1e-10,
       "Full adaptive model (synonymous subs/site)":0.00311312623070631,
       "LRT":0,
       "Nucleotide GTR":0.002950454580136089,
       "Rate Distributions":        [
[0, 1] 
        ],
       "Rate classes":1,
       "Uncorrected P-value":1,
       "original name":"ENSPPYP00000013788"
      },
     "ENSSARP00000008886":{
       "Baseline MG94xREV":0.03385914773955874,
       "Baseline MG94xREV omega ratio":0.1980057132667771,
       "Corrected P-value":0.03745052373879049,
       "Full adaptive model":0.2082359000019444,
       "Full adaptive model (non-synonymous subs/site)":0.1889142294209958,
       "Full adaptive model (synonymous subs/site)":0.01932167058094856,
       "LRT":9.584346923159046,
       "Nucleotide GTR":0.03419224280215832,
       "Rate Distributions":        [
[0.06837273785425997, 0.9890166191792963],
        [358.479814931653, 0.01098338082070371] 
        ],
       "Rate classes":2,
       "Uncorrected P-value":0.002880809518368499,
       "original name":"ENSSARP00000008886"
      },
     "NODE_11":{
       "Baseline MG94xREV":0.006265214969623559,
       "Baseline MG94xREV omega ratio":0,
       "Corrected P-value":1,
       "Full adaptive model":0.006308787593813422,
       "Full adaptive model (non-synonymous subs/site)":1e-10,
       "Full adaptive model (synonymous subs/site)":0.006308787593813422,
       "LRT":0,
       "Nucleotide GTR":0.005828951697206878,
       "Rate Distributions":        [
[0, 1] 
        ],
       "Rate classes":1,
       "Uncorrected P-value":1
      },
     "NODE_13":{
       "Baseline MG94xREV":0.0101955352158072,
       "Baseline MG94xREV omega ratio":0.9064990173666624,
       "Corrected P-value":1,
       "Full adaptive model":0.01144658154905545,
       "Full adaptive model (non-synonymous subs/site)":0.008207428734486018,
       "Full adaptive model (synonymous subs/site)":0.00323915281456943,
       "LRT":0.0004491390789098659,
       "Nucleotide GTR":0.01005257163761976,
       "Rate Distributions":        [
[1.037891432496874, 1] 
        ],
       "Rate classes":1,
       "Uncorrected P-value":0.4965509920429929
      },
     "NODE_15":{
       "Baseline MG94xREV":0.002982311347556624,
       "Baseline MG94xREV omega ratio":35481336489553936,
       "Corrected P-value":1,
       "Full adaptive model":0.002979000214496749,
       "Full adaptive model (non-synonymous subs/site)":0.002979000214496749,
       "Full adaptive model (synonymous subs/site)":1e-10,