{
 "analysis":{
   "authors":"Sergei L Kosakovsky Pond, Ben Murrell, Steven Weaver and Temple iGEM / UCSD viral evolution group",
   "citation":"Less Is More: An Adaptive Branch-Site Random Effects Model for Efficient Detection of Episodic Diversifying Selection (2015). Mol Biol Evol 32 (5): 1342-1353. v2.2 adds support for multiple-hit models",
   "contact":"spond@temple.edu",
   "info":"aBSREL (Adaptive branch-site random effects likelihood)\n                            uses an adaptive random effects branch-site model framework\n                            to test whether each branch has evolved under positive selection,\n                            using a procedure which infers an optimal number of rate categories per branch.",
   "requirements":"in-frame codon alignment and a phylogenetic tree",
   "version":"2.2"
  },
 "branch attributes":{
   "0":{
     "ENSMMUP00000017897":{
       "Baseline MG94xREV":0.1135623554120676,
       "Baseline MG94xREV omega ratio":0.3067239075272561,
       "Corrected P-value":1,
       "Full adaptive model":0.1189232153997071,
       "Full adaptive model (non-synonymous subs/site)":0.04658411943640573,
       "Full adaptive model (synonymous subs/site)":0.07233909596330153,
       "LRT":0,
       "Nucleotide GTR":0.1061585558793771,
       "Rate Distributions":        [
[0.298148145158858, 1] 
        ],
       "Rate classes":1,
       "Uncorrected P-value":1,
       "original name":"ENSMMUP00000017897"
      },
     "ENSMMUP00000032729":{
       "Baseline MG94xREV":0.07516386041868645,
       "Baseline MG94xREV omega ratio":0.7639272979835956,
       "Corrected P-value":0.6539565046321812,
       "Full adaptive model":0.09400533903525135,
       "Full adaptive model (non-synonymous subs/site)":0.0659035202618512,
       "Full adaptive model (synonymous subs/site)":0.02810181877340016,
       "LRT":3.26829386476561,
       "Nucleotide GTR":0.07583577155265771,
       "Rate Distributions":        [
[0, 0.8223183941748383],
        [6.110813258016798, 0.1776816058251617] 
        ],
       "Rate classes":2,
       "Uncorrected P-value":0.07266183384802014,
       "original name":"ENSMMUP00000032729"
      },
     "ENSMMUP00000032739":{
       "Baseline MG94xREV":0.05295220244299687,
       "Baseline MG94xREV omega ratio":0.6911961764906951,
       "Corrected P-value":1,
       "Full adaptive model":0.04918532057758404,
       "Full adaptive model (non-synonymous subs/site)":0.03208762951397272,
       "Full adaptive model (synonymous subs/site)":0.01709769106361129,
       "LRT":0,
       "Nucleotide GTR":0.0529100166586576,
       "Rate Distributions":        [
[0.8688953384496632, 1] 
        ],
       "Rate classes":1,
       "Uncorrected P-value":1,
       "original name":"ENSMMUP00000032739"
      },
     "ENSMMUP00000032867":{
       "Baseline MG94xREV":0.03244990014809471,
       "Baseline MG94xREV omega ratio":0.7997689072789331,
       "Corrected P-value":1,
       "Full adaptive model":0.03671097219728702,
       "Full adaptive model (non-synonymous subs/site)":0.02081844783186417,
       "Full adaptive model (synonymous subs/site)":0.01589252436542287,
       "LRT":0,
       "Nucleotide GTR":0.03203094897950472,
       "Rate Distributions":        [
[0.6064887632509639, 1] 
        ],
       "Rate classes":1,
       "Uncorrected P-value":1,
       "original name":"ENSMMUP00000032867"
      },
     "ENSMMUP00000035209":{
       "Baseline MG94xREV":0.07789999966279304,
       "Baseline MG94xREV omega ratio":0.3700610498358572,
       "Corrected P-value":1,
       "Full adaptive model":0.07840444273186513,
       "Full adaptive model (non-synonymous subs/site)":0.0334926261271092,
       "Full adaptive model (synonymous subs/site)":0.04491181660475601,
       "LRT":0,
       "Nucleotide GTR":0.07236704339740946,
       "Rate Distributions":        [
[0.3452676413031667, 1] 
        ],
       "Rate classes":1,
       "Uncorrected P-value":1,
       "original name":"ENSMMUP00000035209"
      },
     "ENSMMUP00000038428":{
       "Baseline MG94xREV":0.09397140317782739,
       "Baseline MG94xREV omega ratio":2.083978553718346,
       "Corrected P-value":0.08340289127915623,
       "Full adaptive model":0.1679112921472279,
       "Full adaptive model (non-synonymous subs/site)":0.1550297739551938,
       "Full adaptive model (synonymous subs/site)":0.01288151819203417,
       "LRT":7.487934858032759,
       "Nucleotide GTR":0.0915235330699294,
       "Rate Distributions":        [
[0, 0.7752800918759211],
        [24.79555378229039, 0.2247199081240789] 
        ],
       "Rate classes":2,
       "Uncorrected P-value":0.008340289127915623,
       "original name":"ENSMMUP00000038428"
      },
     "ENSMMUP00000040176":{
       "Baseline MG94xREV":0.06277564283668428,
       "Baseline MG94xREV omega ratio":0.5574906224516005,
       "Corrected P-value":1,
       "Full adaptive model":0.05932397408914297,
       "Full adaptive model (non-synonymous subs/site)":0.03441368336899108,
       "Full adaptive model (synonymous subs/site)":0.02491029072015195,
       "LRT":0,
       "Nucleotide GTR":0.06547013406912831,
       "Rate Distributions":        [
[0.6396165031773433, 1] 
        ],
       "Rate classes":1,
       "Uncorrected P-value":1,
       "original name":"ENSMMUP00000040176"
      },
     "NODE_3":{
       "Baseline MG94xREV":0.01055958577899183,
       "Baseline MG94xREV omega ratio":10000000000,
       "Corrected P-value":1,
       "Full adaptive model":0.01062003783160845,
       "Full adaptive model (non-synonymous subs/site)":0.01062003783160845,
       "Full adaptive model (synonymous subs/site)":1e-10,
       "LRT":0.640499042415513,
       "Nucleotide GTR":0.009406426996457221,
       "Rate Distributions":        [
[10000000000, 1] 
        ],
       "Rate classes":1,
       "Uncorrected P-value":0.3024963899234345
      },
     "NODE_5":{
       "Baseline MG94xREV":0.01191948883003387,
       "Baseline MG94xREV omega ratio":0,
       "Corrected P-value":1,
       "Full adaptive model":0.01077825975670313,
       "Full adaptive model (non-synonymous subs/site)":1e-10,
       "Full adaptive model (synonymous subs/site)":0.01077825975670313,
       "LRT":0,
       "Nucleotide GTR":0.009065166068199846,
       "Rate Distributions":        [
[0, 1] 
        ],
       "Rate classes":1,
       "Uncorrected P-value":1
      },
     "NODE_8":{
       "Baseline MG94xREV":0.009495208935032496,
       "Baseline MG94xREV omega ratio":10000000000,
       "Corrected P-value":1,
       "Full adaptive model":0.009054838487271543,
       "Full adaptive model (non-synonymous subs/site)":0.009054838487271543,
       "Full adaptive model (synonymous subs/site)":1e-10,
       "LRT":0.4650235037549919,
       "Nucleotide GTR":0.007587243244082792,
       "Rate Distributions":        [
[10000000000, 1] 
        ],
       "Rate classes":1,
       "Uncorrected P-value":0.3368192391739395
      }
    },
   "attributes":{
     "Baseline MG94xREV":{
       "attribute type":"branch length",
       "display order":1
      },
     "Baseline MG94xREV omega ratio":{
       "attribute type":"branch label",
       "display order":1
      },
     "Corrected P-value":{
       "attribute type":"branch label",
       "display order":6
      },
     "Full adaptive model":{
       "attribute type":"branch length",
       "display order":2
      },
     "Full adaptive model (non-synonymous subs/site)":{
       "attribute type":"branch label",
       "display order":10
      },
     "Full adaptive model (synonymous subs/site)":{
       "attribute type":"branch label",
       "display order":9
      },
     "LRT":{
       "attribute type":"branch label",
       "display order":4
      },
     "Nucleotide GTR":{
       "attribute type":"branch length",
       "display order":0
      },
     "Rate Distributions":{
       "attribute type":"branch label",
       "display order":3
      },