{
 "analysis":{
   "authors":"Sergei L Kosakovsky Pond, Ben Murrell, Steven Weaver and Temple iGEM / UCSD viral evolution group",
   "citation":"Less Is More: An Adaptive Branch-Site Random Effects Model for Efficient Detection of Episodic Diversifying Selection (2015). Mol Biol Evol 32 (5): 1342-1353. v2.2 adds support for multiple-hit models",
   "contact":"spond@temple.edu",
   "info":"aBSREL (Adaptive branch-site random effects likelihood)\n                            uses an adaptive random effects branch-site model framework\n                            to test whether each branch has evolved under positive selection,\n                            using a procedure which infers an optimal number of rate categories per branch.",
   "requirements":"in-frame codon alignment and a phylogenetic tree",
   "version":"2.2"
  },
 "branch attributes":{
   "0":{
     "2210010C17RIK_MOUSE":{
       "Baseline MG94xREV":0.2768139216325628,
       "Baseline MG94xREV omega ratio":0.2152504197321907,
       "Corrected P-value":0.5585519639110821,
       "Full adaptive model":4303.488026733398,
       "Full adaptive model (non-synonymous subs/site)":4303.348983262287,
       "Full adaptive model (synonymous subs/site)":0.1390434711122469,
       "LRT":5.01961777268707,
       "Nucleotide GTR":0.2397560396853622,
       "Rate Distributions":        [
[0.1202837259885968, 0.8965051846866041],
        [100000, 0.1034948153133959] 
        ],
       "Rate classes":2,
       "Uncorrected P-value":0.02939747178479379,
       "original name":"2210010C17RIK_MOUSE"
      },
     "IGSF23_BOVIN":{
       "Baseline MG94xREV":0.1235037449900294,
       "Baseline MG94xREV omega ratio":0.5496087372434677,
       "Corrected P-value":0.272852963630309,
       "Full adaptive model":0.6454988934824196,
       "Full adaptive model (non-synonymous subs/site)":0.6068432523212948,
       "Full adaptive model (synonymous subs/site)":0.03865564116112478,
       "LRT":6.521039583152742,
       "Nucleotide GTR":0.127946542569888,
       "Rate Distributions":        [
[0.4930823476849288, 0.9659553291090012],
        [140.2087254758774, 0.03404467089099883] 
        ],
       "Rate classes":2,
       "Uncorrected P-value":0.01364264818151545,
       "original name":"IGSF23_BOVIN"
      },
     "IGSF23_CALJA":{
       "Baseline MG94xREV":0.1166030434992401,
       "Baseline MG94xREV omega ratio":0.3005503950475342,
       "Corrected P-value":1,
       "Full adaptive model":0.1183486379564992,
       "Full adaptive model (non-synonymous subs/site)":0.05533910020986397,
       "Full adaptive model (synonymous subs/site)":0.0630095377466353,
       "LRT":0,
       "Nucleotide GTR":0.1089276779211308,
       "Rate Distributions":        [
[0.2936925654659113, 1] 
        ],
       "Rate classes":1,
       "Uncorrected P-value":1,
       "original name":"IGSF23_CALJA"
      },
     "IGSF23_CANFA":{
       "Baseline MG94xREV":0.1174848200663915,
       "Baseline MG94xREV omega ratio":0.9370496972737764,
       "Corrected P-value":1,
       "Full adaptive model":0.1815471345486613,
       "Full adaptive model (non-synonymous subs/site)":0.1532088728541437,
       "Full adaptive model (synonymous subs/site)":0.02833826169451756,
       "LRT":3.464411344797554,
       "Nucleotide GTR":0.1283041491882984,
       "Rate Distributions":        [
[0.447912805381537, 0.9059900212352267],
        [14.91447915168959, 0.09400997876477335] 
        ],
       "Rate classes":2,
       "Uncorrected P-value":0.06560870726400031,
       "original name":"IGSF23_CANFA"
      },
     "IGSF23_DASNO":{
       "Baseline MG94xREV":0.2011084165079035,
       "Baseline MG94xREV omega ratio":0.1812902823692732,
       "Corrected P-value":1,
       "Full adaptive model":0.2142382295068264,
       "Full adaptive model (non-synonymous subs/site)":0.06893961288648599,
       "Full adaptive model (synonymous subs/site)":0.1452986166203402,
       "LRT":0,
       "Nucleotide GTR":0.1579671123863481,
       "Rate Distributions":        [
[0.158662580727031, 1] 
        ],
       "Rate classes":1,
       "Uncorrected P-value":1,
       "original name":"IGSF23_DASNO"
      },
     "IGSF23_HUMAN":{
       "Baseline MG94xREV":0.02148659244773432,
       "Baseline MG94xREV omega ratio":0.1389303472011404,
       "Corrected P-value":1,
       "Full adaptive model":0.02123227811172867,
       "Full adaptive model (non-synonymous subs/site)":0.00611220599356127,
       "Full adaptive model (synonymous subs/site)":0.01512007211816743,
       "LRT":0,
       "Nucleotide GTR":0.02313336467647898,
       "Rate Distributions":        [
[0.1351796360473778, 1] 
        ],
       "Rate classes":1,
       "Uncorrected P-value":1,
       "original name":"IGSF23_HUMAN"
      },
     "IGSF23_LAMPA":{
       "Baseline MG94xREV":0.09343791136748848,
       "Baseline MG94xREV omega ratio":0.4511177176200799,
       "Corrected P-value":1,
       "Full adaptive model":0.09288626351118429,
       "Full adaptive model (non-synonymous subs/site)":0.05272544429805658,
       "Full adaptive model (synonymous subs/site)":0.04016081921312774,
       "LRT":0,
       "Nucleotide GTR":0.0961124184151475,
       "Rate Distributions":        [
[0.4390205383899369, 1] 
        ],
       "Rate classes":1,
       "Uncorrected P-value":1,
       "original name":"IGSF23_LAMPA"
      },
     "IGSF23_MYOLU":{
       "Baseline MG94xREV":0.1508853152105888,
       "Baseline MG94xREV omega ratio":0.2574211721151697,
       "Corrected P-value":1,
       "Full adaptive model":0.1527470588141024,
       "Full adaptive model (non-synonymous subs/site)":0.06528832070569304,
       "Full adaptive model (synonymous subs/site)":0.08745873810840936,
       "LRT":0,
       "Nucleotide GTR":0.1315127938022836,
       "Rate Distributions":        [
[0.2496315333366501, 1] 
        ],
       "Rate classes":1,
       "Uncorrected P-value":1,
       "original name":"IGSF23_MYOLU"
      },
     "IGSF23_NOMLE":{
       "Baseline MG94xREV":0.01618187641994365,
       "Baseline MG94xREV omega ratio":0.7868465119437608,
       "Corrected P-value":1,
       "Full adaptive model":0.01601346489451911,
       "Full adaptive model (non-synonymous subs/site)":0.01101675225675581,
       "Full adaptive model (synonymous subs/site)":0.004996712637763297,
       "LRT":0,
       "Nucleotide GTR":0.01821212362425545,
       "Rate Distributions":        [
[0.7372866368051629, 1] 
        ],
       "Rate classes":1,
       "Uncorrected P-value":1,
       "original name":"IGSF23_NOMLE"
      },
     "IGSF23_PANTR":{
       "Baseline MG94xREV":0.01277092602357885,
       "Baseline MG94xREV omega ratio":10000000000,
       "Corrected P-value":1,
       "Full adaptive model":0.01303517601755718,
       "Full adaptive model (non-synonymous subs/site)":0.01303517601755718,
       "Full adaptive model (synonymous subs/site)":1e-10,
       "LRT":1.165266301977681,
       "Nucleotide GTR":0.0106057530792192,
       "Rate Distributions":        [
[10000000000, 1] 
        ],
       "Rate classes":1,
       "Uncorrected P-value":0.2236030081279453,
       "original name":"IGSF23_PANTR"
      },
     "IGSF23_PIG":{
       "Baseline MG94xREV":0.08924071047394812,
       "Baseline MG94xREV omega ratio":0.2942848835612172,
       "Corrected P-value":1,
       "Full adaptive model":0.08962556068283684,
       "Full adaptive model (non-synonymous subs/site)":0.04144095597675199,
       "Full adaptive model (synonymous subs/site)":0.04818460470608476,
       "LRT":0,
       "Nucleotide GTR":0.08694280662916355,
       "Rate Distributions":        [
[0.2875998252885507, 1] 
        ],
       "Rate classes":1,
       "Uncorrected P-value":1,
       "original name":"IGSF23_PIG"
      },
     "IGSF23_PTEVA":{
       "Baseline MG94xREV":0.1471654579356488,
       "Baseline MG94xREV omega ratio":0.3856620335170268,
       "Corrected P-value":1,
       "Full adaptive model":0.1472460374743205,