{
 "analysis":{
   "authors":"Sergei L Kosakovsky Pond, Ben Murrell, Steven Weaver and Temple iGEM / UCSD viral evolution group",
   "citation":"Less Is More: An Adaptive Branch-Site Random Effects Model for Efficient Detection of Episodic Diversifying Selection (2015). Mol Biol Evol 32 (5): 1342-1353. v2.2 adds support for multiple-hit models",
   "contact":"spond@temple.edu",
   "info":"aBSREL (Adaptive branch-site random effects likelihood)\n                            uses an adaptive random effects branch-site model framework\n                            to test whether each branch has evolved under positive selection,\n                            using a procedure which infers an optimal number of rate categories per branch.",
   "requirements":"in-frame codon alignment and a phylogenetic tree",
   "version":"2.2"
  },
 "branch attributes":{
   "0":{
     "ENSMGAP00000019486":{
       "Baseline MG94xREV":1526.389271291119,
       "Baseline MG94xREV omega ratio":4.988351112225621e-06,
       "Corrected P-value":1,
       "Full adaptive model":5.92515980297928,
       "Full adaptive model (non-synonymous subs/site)":1.56418267121247,
       "Full adaptive model (synonymous subs/site)":4.360977131766809,
       "LRT":-0.0002212585336565098,
       "Nucleotide GTR":0.09996091377928218,
       "Rate Distributions":        [
[0.0004370930079182286, 0.9773781672195349],
        [4.728187617132888, 0.02262183278046515] 
        ],
       "Rate classes":2,
       "Uncorrected P-value":0.5,
       "original name":"ENSMGAP00000019486"
      },
     "ENSNLEP00000012376":{
       "Baseline MG94xREV":1526.450207888283,
       "Baseline MG94xREV omega ratio":1.964960031820795e-05,
       "Corrected P-value":1,
       "Full adaptive model":51.34614749640083,
       "Full adaptive model (non-synonymous subs/site)":47.04008094914997,
       "Full adaptive model (synonymous subs/site)":4.306066547250854,
       "LRT":-0.0002209969898103736,
       "Nucleotide GTR":0.1841421487766365,
       "Rate Distributions":        [
[0.003597785588615759, 0.9446867217168551],
        [59.06855596714114, 0.05531327828314492] 
        ],
       "Rate classes":2,
       "Uncorrected P-value":0.5,
       "original name":"ENSNLEP00000012376"
      },
     "ENSOANP00000025765":{
       "Baseline MG94xREV":1526.398687963565,
       "Baseline MG94xREV omega ratio":7.253987656404986e-06,
       "Corrected P-value":1,
       "Full adaptive model":872.2236525177403,
       "Full adaptive model (non-synonymous subs/site)":0.02822616452116268,
       "Full adaptive model (synonymous subs/site)":872.1954263532189,
       "LRT":0,
       "Nucleotide GTR":0.1223515467665796,
       "Rate Distributions":        [
[9.689202504251806e-06, 1] 
        ],
       "Rate classes":1,
       "Uncorrected P-value":1,
       "original name":"ENSOANP00000025765"
      },
     "ENSORLP00000018831":{
       "Baseline MG94xREV":7.21990978074587,
       "Baseline MG94xREV omega ratio":0.0001839624106236001,
       "Corrected P-value":1,
       "Full adaptive model":0.5543839997851349,
       "Full adaptive model (non-synonymous subs/site)":0.0007712367512423437,
       "Full adaptive model (synonymous subs/site)":0.5536127630338917,
       "LRT":0,
       "Nucleotide GTR":0.1302058427523911,
       "Rate Distributions":        [
[0.0004170917425213205, 1] 
        ],
       "Rate classes":1,
       "Uncorrected P-value":1,
       "original name":"ENSORLP00000018831"
      },
     "ENSTNIP00000006462":{
       "Baseline MG94xREV":0.1764741077010209,
       "Baseline MG94xREV omega ratio":0.05066188331276254,
       "Corrected P-value":1,
       "Full adaptive model":0.179034237193632,
       "Full adaptive model (non-synonymous subs/site)":0.02289775583934997,
       "Full adaptive model (synonymous subs/site)":0.156136481354282,
       "LRT":0,
       "Nucleotide GTR":0.1331452609541532,
       "Rate Distributions":        [
[0.04390747889981569, 1] 
        ],
       "Rate classes":1,
       "Uncorrected P-value":1,
       "original name":"ENSTNIP00000006462"
      },
     "ENSTNIP00000017179":{
       "Baseline MG94xREV":0.0398228373153548,
       "Baseline MG94xREV omega ratio":10000000000,
       "Corrected P-value":0.03039122050594173,
       "Full adaptive model":0.07042657930616879,
       "Full adaptive model (non-synonymous subs/site)":0.07034569261644974,
       "Full adaptive model (synonymous subs/site)":8.088668971903271e-05,
       "LRT":10.28018102791111,
       "Nucleotide GTR":0.113178689127664,
       "Rate Distributions":        [
[0, 0.9146978335180445],
        [3052.462627805802, 0.08530216648195554] 
        ],
       "Rate classes":2,
       "Uncorrected P-value":0.002026081367062782,
       "original name":"ENSTNIP00000017179"
      },
     "ENSTRUP00000003717":{
       "Baseline MG94xREV":0.008204096488331959,
       "Baseline MG94xREV omega ratio":10000000000,
       "Corrected P-value":1,
       "Full adaptive model":0.01056349836319319,
       "Full adaptive model (non-synonymous subs/site)":0.01056349836319319,
       "Full adaptive model (synonymous subs/site)":1e-10,
       "LRT":0.06084100946145554,
       "Nucleotide GTR":0.04424091258715879,
       "Rate Distributions":        [
[10000000000, 1] 
        ],
       "Rate classes":1,
       "Uncorrected P-value":0.4520455816835165,
       "original name":"ENSTRUP00000003717"
      },
     "ENSTRUP00000006180":{
       "Baseline MG94xREV":0.386641274261291,
       "Baseline MG94xREV omega ratio":0.03798201807539013,
       "Corrected P-value":1,
       "Full adaptive model":19.67503373434728,
       "Full adaptive model (non-synonymous subs/site)":19.35471094038563,
       "Full adaptive model (synonymous subs/site)":0.320322793961648,
       "LRT":0.7868642167181861,
       "Nucleotide GTR":0.1473561647636328,
       "Rate Distributions":        [
[0.01746020647504059, 0.961224227140717],
        [466.1066012857277, 0.03877577285928302] 
        ],
       "Rate classes":2,
       "Uncorrected P-value":0.2774311384949135,
       "original name":"ENSTRUP00000006180"
      },
     "FP015790_3_DANRE":{
       "Baseline MG94xREV":1526.395283583581,
       "Baseline MG94xREV omega ratio":6.434899199429906e-06,
       "Corrected P-value":1,
       "Full adaptive model":872.2238414935374,
       "Full adaptive model (non-synonymous subs/site)":0.02841514031737933,
       "Full adaptive model (synonymous subs/site)":872.1954263532189,
       "LRT":0,
       "Nucleotide GTR":0.2241444705777622,
       "Rate Distributions":        [
[9.754072272745246e-06, 1] 
        ],
       "Rate classes":1,
       "Uncorrected P-value":1,
       "original name":"FP015790.3_DANRE"
      },
     "NODE_12":{
       "Baseline MG94xREV":0.7342472559596988,
       "Baseline MG94xREV omega ratio":0.007630369261020303,
       "Corrected P-value":1,
       "Full adaptive model":0.55308124809534,
       "Full adaptive model (non-synonymous subs/site)":0.04315537203033404,
       "Full adaptive model (synonymous subs/site)":0.5099258760650059,
       "LRT":0,
       "Nucleotide GTR":0.07688434611862095,
       "Rate Distributions":        [
[0.001840219841494169, 0.9762071225424438],
        [0.9894508298533571, 0.02379287745755621] 
        ],
       "Rate classes":2,
       "Uncorrected P-value":1
      },
     "NODE_14":{
       "Baseline MG94xREV":0.007003354693970981,
       "Baseline MG94xREV omega ratio":10000000000,
       "Corrected P-value":1,
       "Full adaptive model":0.008488483173339124,
       "Full adaptive model (non-synonymous subs/site)":0.008488483173339124,
       "Full adaptive model (synonymous subs/site)":1e-10,
       "LRT":0.01345499377111992,
       "Nucleotide GTR":0.03001438729231459,
       "Rate Distributions":        [
[10000000000, 1] 
        ],
       "Rate classes":1,
       "Uncorrected P-value":0.4795197204666592
      },
     "NODE_15":{
       "Baseline MG94xREV":0.02490585388279125,