{
 "analysis":{
   "authors":"Sergei L Kosakovsky Pond, Ben Murrell, Steven Weaver and Temple iGEM / UCSD viral evolution group",
   "citation":"Less Is More: An Adaptive Branch-Site Random Effects Model for Efficient Detection of Episodic Diversifying Selection (2015). Mol Biol Evol 32 (5): 1342-1353. v2.2 adds support for multiple-hit models",
   "contact":"spond@temple.edu",
   "info":"aBSREL (Adaptive branch-site random effects likelihood)\n                            uses an adaptive random effects branch-site model framework\n                            to test whether each branch has evolved under positive selection,\n                            using a procedure which infers an optimal number of rate categories per branch.",
   "requirements":"in-frame codon alignment and a phylogenetic tree",
   "version":"2.2"
  },
 "branch attributes":{
   "0":{
     "NODE_11":{
       "Baseline MG94xREV":0.05918257883672218,
       "Baseline MG94xREV omega ratio":0.07513501669829352,
       "Corrected P-value":1,
       "Full adaptive model":0.06978733908108002,
       "Full adaptive model (non-synonymous subs/site)":0.01149603564953316,
       "Full adaptive model (synonymous subs/site)":0.05829130343154686,
       "LRT":0.01147139598833746,
       "Nucleotide GTR":0.05229330584334359,
       "Rate Distributions":        [
[0.00606903068887009, 0.9500944220612604],
        [1.246680605839102, 0.04990557793873962] 
        ],
       "Rate classes":2,
       "Uncorrected P-value":0.4812254150151678
      },
     "NODE_3":{
       "Baseline MG94xREV":0.05102107297296696,
       "Baseline MG94xREV omega ratio":0.1195940656019567,
       "Corrected P-value":0.6474018291122967,
       "Full adaptive model":0.05441172080406721,
       "Full adaptive model (non-synonymous subs/site)":0.0177691293849235,
       "Full adaptive model (synonymous subs/site)":0.03664259141914371,
       "LRT":3.996132136562665,
       "Nucleotide GTR":0.0458401085606395,
       "Rate Distributions":        [
[0.06191489011416051, 0.9876549102360104],
        [8.587181958754208, 0.01234508976398963] 
        ],
       "Rate classes":2,
       "Uncorrected P-value":0.04980014070094591
      },
     "NODE_5":{
       "Baseline MG94xREV":0.008245432623327267,
       "Baseline MG94xREV omega ratio":0.1033938609097012,
       "Corrected P-value":1,
       "Full adaptive model":0.008306594727484852,
       "Full adaptive model (non-synonymous subs/site)":0.001610518627200422,
       "Full adaptive model (synonymous subs/site)":0.006696076100284437,
       "LRT":0,
       "Nucleotide GTR":0.009736645743007814,
       "Rate Distributions":        [
[0.08290829142078227, 1] 
        ],
       "Rate classes":1,
       "Uncorrected P-value":1
      },
     "NODE_7":{
       "Baseline MG94xREV":0.002330765250162888,
       "Baseline MG94xREV omega ratio":10000000000,
       "Corrected P-value":1,
       "Full adaptive model":0.002401888127621001,
       "Full adaptive model (non-synonymous subs/site)":0.002401888127621001,
       "Full adaptive model (synonymous subs/site)":1e-10,
       "LRT":0.6710485200965195,
       "Nucleotide GTR":0.004416583508718749,
       "Rate Distributions":        [
[10000000000, 1] 
        ],
       "Rate classes":1,
       "Uncorrected P-value":0.2970262052296729
      },
     "NODE_9":{
       "Baseline MG94xREV":0.03441766522726924,
       "Baseline MG94xREV omega ratio":0.09262597281257595,
       "Corrected P-value":1,
       "Full adaptive model":0.03037010468628791,
       "Full adaptive model (non-synonymous subs/site)":0.007475314131772368,
       "Full adaptive model (synonymous subs/site)":0.02289479055451554,
       "LRT":0.8399315817987372,
       "Nucleotide GTR":0.03720348547728045,
       "Rate Distributions":        [
[0, 0.9577999038894187],
        [2.667054721023658, 0.04220009611058129] 
        ],
       "Rate classes":2,
       "Uncorrected P-value":0.2690040569974023
      },
     "PDE10A_DANRE":{
       "Baseline MG94xREV":0.1325726096263125,
       "Baseline MG94xREV omega ratio":0.03578715883538369,
       "Corrected P-value":1,
       "Full adaptive model":0.1744347373650268,
       "Full adaptive model (non-synonymous subs/site)":0.07720974051268913,
       "Full adaptive model (synonymous subs/site)":0.09722499685233763,
       "LRT":1.773510893821367,
       "Nucleotide GTR":0.08058654568058769,
       "Rate Distributions":        [
[0.02923131066454531, 0.99455722705956],
        [44.9537653407174, 0.005442772940440044] 
        ],
       "Rate classes":2,
       "Uncorrected P-value":0.1601867281935991,
       "original name":"PDE10A_DANRE"
      },
     "PDE10A_GADMO":{
       "Baseline MG94xREV":0.1447846173366073,
       "Baseline MG94xREV omega ratio":0.03314800168154201,
       "Corrected P-value":1,
       "Full adaptive model":0.1415893195329395,
       "Full adaptive model (non-synonymous subs/site)":0.01087857838970286,
       "Full adaptive model (synonymous subs/site)":0.1307107411432366,
       "LRT":0,
       "Nucleotide GTR":0.0913782745512236,
       "Rate Distributions":        [
[0.02868887129701599, 1] 
        ],
       "Rate classes":1,
       "Uncorrected P-value":1,
       "original name":"PDE10A_GADMO"
      },
     "PDE10A_GASAC":{
       "Baseline MG94xREV":0.04702755737072988,
       "Baseline MG94xREV omega ratio":0.1119131537493423,
       "Corrected P-value":1,
       "Full adaptive model":0.04615880519382129,
       "Full adaptive model (non-synonymous subs/site)":0.009746939858296872,
       "Full adaptive model (synonymous subs/site)":0.03641186533552439,
       "LRT":0,
       "Nucleotide GTR":0.04297402875724818,
       "Rate Distributions":        [
[0.09227370358938887, 1] 
        ],
       "Rate classes":1,
       "Uncorrected P-value":1,
       "original name":"PDE10A_GASAC"
      },
     "PDE10A_ORENI":{
       "Baseline MG94xREV":0.04279367655447597,
       "Baseline MG94xREV omega ratio":0.05632464428619121,
       "Corrected P-value":1,
       "Full adaptive model":0.04287351828326059,
       "Full adaptive model (non-synonymous subs/site)":0.00520084746862504,
       "Full adaptive model (synonymous subs/site)":0.03767267081463554,
       "LRT":0,
       "Nucleotide GTR":0.03966198638491548,
       "Rate Distributions":        [
[0.04758831196642751, 1] 
        ],
       "Rate classes":1,
       "Uncorrected P-value":1,
       "original name":"PDE10A_ORENI"
      },
     "PDE10A_ORYLA":{
       "Baseline MG94xREV":0.08152736755281172,
       "Baseline MG94xREV omega ratio":0.08700158701608647,
       "Corrected P-value":1,
       "Full adaptive model":0.07932497630384838,
       "Full adaptive model (non-synonymous subs/site)":0.01428424148797375,
       "Full adaptive model (synonymous subs/site)":0.06504073481587457,
       "LRT":0,
       "Nucleotide GTR":0.0690136814034257,
       "Rate Distributions":        [
[0.07570496069780303, 1] 
        ],
       "Rate classes":1,
       "Uncorrected P-value":1,
       "original name":"PDE10A_ORYLA"
      },
     "PDE10A_TAKRU":{
       "Baseline MG94xREV":0.02047595236831543,
       "Baseline MG94xREV omega ratio":0.0367468453878609,
       "Corrected P-value":1,
       "Full adaptive model":0.02032089797698139,
       "Full adaptive model (non-synonymous subs/site)":0.001630910999449449,
       "Full adaptive model (synonymous subs/site)":0.01868998697753195,
       "LRT":0,
       "Nucleotide GTR":0.01892244206018011,
       "Rate Distributions":        [
[0.03007972467578577, 1] 
        ],
       "Rate classes":1,
       "Uncorrected P-value":1,
       "original name":"PDE10A_TAKRU"
      },
     "PDE10A_TETNG":{
       "Baseline MG94xREV":0.02044474406410126,
       "Baseline MG94xREV omega ratio":0.08130769672481339,
       "Corrected P-value":1,
       "Full adaptive model":0.02022534236202913,
       "Full adaptive model (non-synonymous subs/site)":0.003419052045128022,