{
 "analysis":{
   "authors":"Sergei L Kosakovsky Pond, Ben Murrell, Steven Weaver and Temple iGEM / UCSD viral evolution group",
   "citation":"Less Is More: An Adaptive Branch-Site Random Effects Model for Efficient Detection of Episodic Diversifying Selection (2015). Mol Biol Evol 32 (5): 1342-1353. v2.2 adds support for multiple-hit models",
   "contact":"spond@temple.edu",
   "info":"aBSREL (Adaptive branch-site random effects likelihood)\n                            uses an adaptive random effects branch-site model framework\n                            to test whether each branch has evolved under positive selection,\n                            using a procedure which infers an optimal number of rate categories per branch.",
   "requirements":"in-frame codon alignment and a phylogenetic tree",
   "version":"2.2"
  },
 "branch attributes":{
   "0":{
     "ENSGACP00000007706":{
       "Baseline MG94xREV":0.1165476239600314,
       "Baseline MG94xREV omega ratio":0.1083477710354151,
       "Corrected P-value":1,
       "Full adaptive model":0.1201521165334973,
       "Full adaptive model (non-synonymous subs/site)":0.03171354360610926,
       "Full adaptive model (synonymous subs/site)":0.08843857292738799,
       "LRT":0.2375891343999683,
       "Nucleotide GTR":0.08792229186252745,
       "Rate Distributions":        [
[0.05093004570604046, 0.9632100710694582],
        [2.027347837091969, 0.03678992893054178] 
        ],
       "Rate classes":2,
       "Uncorrected P-value":0.3915876247205852,
       "original name":"ENSGACP00000007706"
      },
     "ENSGMOP00000014733":{
       "Baseline MG94xREV":0.06435809039155664,
       "Baseline MG94xREV omega ratio":0.440714096277559,
       "Corrected P-value":1,
       "Full adaptive model":0.1352107685360917,
       "Full adaptive model (non-synonymous subs/site)":0.03826266606661782,
       "Full adaptive model (synonymous subs/site)":0.0969481024694739,
       "LRT":0,
       "Nucleotide GTR":0.1071087629453884,
       "Rate Distributions":        [
[0, 0.7892671145511178],
        [0.6457548629804998, 0.2107328854488822] 
        ],
       "Rate classes":2,
       "Uncorrected P-value":1,
       "original name":"ENSGMOP00000014733"
      },
     "ENSLACP00000004901":{
       "Baseline MG94xREV":1590.317829830633,
       "Baseline MG94xREV omega ratio":3.180655836750939e-05,
       "Corrected P-value":0.5258321665190729,
       "Full adaptive model":30.33233025058683,
       "Full adaptive model (non-synonymous subs/site)":29.97194437225146,
       "Full adaptive model (synonymous subs/site)":0.3603858783353844,
       "LRT":3.891022400295697,
       "Nucleotide GTR":0.3368900709325031,
       "Rate Distributions":        [
[0.043371180613151, 0.7846860181197808],
        [0.2571683455976019, 0.10173497580967],
        [251.9419826880516, 0.1135790060705492] 
        ],
       "Rate classes":3,
       "Uncorrected P-value":0.05258321665190729,
       "original name":"ENSLACP00000004901"
      },
     "ENSONIP00000018149":{
       "Baseline MG94xREV":0.100239718106142,
       "Baseline MG94xREV omega ratio":0.1309529783496237,
       "Corrected P-value":1,
       "Full adaptive model":0.1301367221106357,
       "Full adaptive model (non-synonymous subs/site)":0.05809241977048585,
       "Full adaptive model (synonymous subs/site)":0.07204430234014986,
       "LRT":1.427825877137366,
       "Nucleotide GTR":0.08406851114330184,
       "Rate Distributions":        [
[0.08316649287455288, 0.9871030608884257],
        [15.19206521987759, 0.0128969391115743] 
        ],
       "Rate classes":2,
       "Uncorrected P-value":0.193341171733156,
       "original name":"ENSONIP00000018149"
      },
     "ENSORLP00000003706":{
       "Baseline MG94xREV":0.1406192500503418,
       "Baseline MG94xREV omega ratio":0.08078638477097121,
       "Corrected P-value":1,
       "Full adaptive model":0.1422920832472661,
       "Full adaptive model (non-synonymous subs/site)":0.02910179320887206,
       "Full adaptive model (synonymous subs/site)":0.113190290038394,
       "LRT":0,
       "Nucleotide GTR":0.1101478242296531,
       "Rate Distributions":        [
[0, 0.8743463369124087],
        [0.705504045912666, 0.1256536630875913] 
        ],
       "Rate classes":2,
       "Uncorrected P-value":1,
       "original name":"ENSORLP00000003706"
      },
     "ENSTNIP00000018433":{
       "Baseline MG94xREV":0.0480227812266879,
       "Baseline MG94xREV omega ratio":0.156855305629026,
       "Corrected P-value":1,
       "Full adaptive model":0.04664647486447254,
       "Full adaptive model (non-synonymous subs/site)":0.01338735281949007,
       "Full adaptive model (synonymous subs/site)":0.03325912204498247,
       "LRT":0,
       "Nucleotide GTR":0.04788226977386721,
       "Rate Distributions":        [
[0.1387867523552797, 1] 
        ],
       "Rate classes":1,
       "Uncorrected P-value":1,
       "original name":"ENSTNIP00000018433"
      },
     "ENSTRUP00000036506":{
       "Baseline MG94xREV":0.05158749618478724,
       "Baseline MG94xREV omega ratio":0.0614628533212599,
       "Corrected P-value":0.5882155476369532,
       "Full adaptive model":0.7091737560122418,
       "Full adaptive model (non-synonymous subs/site)":0.6654970096707371,
       "Full adaptive model (synonymous subs/site)":0.0436767463415048,
       "LRT":3.471795295909033,
       "Nucleotide GTR":0.0440076468932161,
       "Rate Distributions":        [
[0.03907779200092081, 0.9966510958871314],
        [1557.132757066638, 0.003348904112868589] 
        ],
       "Rate classes":2,
       "Uncorrected P-value":0.06535728307077257,
       "original name":"ENSTRUP00000036506"
      },
     "NODE_3":{
       "Baseline MG94xREV":0.09254003214955786,
       "Baseline MG94xREV omega ratio":0.06742791672111305,
       "Corrected P-value":1,
       "Full adaptive model":0.08793498166094867,
       "Full adaptive model (non-synonymous subs/site)":0.01311501770769986,
       "Full adaptive model (synonymous subs/site)":0.07481996395324882,
       "LRT":0,
       "Nucleotide GTR":0.06812532027011335,
       "Rate Distributions":        [
[0.06043874970313775, 1] 
        ],
       "Rate classes":1,
       "Uncorrected P-value":1
      },
     "NODE_5":{
       "Baseline MG94xREV":0.01884499830020293,
       "Baseline MG94xREV omega ratio":0.4104511825426123,
       "Corrected P-value":0.0629986515576027,
       "Full adaptive model":0.02130133319393821,
       "Full adaptive model (non-synonymous subs/site)":0.013899849476982,
       "Full adaptive model (synonymous subs/site)":0.007401483716956207,
       "LRT":8.228176010556126,
       "Nucleotide GTR":0.02648762079651064,
       "Rate Distributions":        [
[0, 0.9701895883371976],
        [21.72138036534041, 0.02981041166280241] 
        ],
       "Rate classes":2,
       "Uncorrected P-value":0.005727150141600246
      },
     "NODE_7":{
       "Baseline MG94xREV":0.0009785714528205386,
       "Baseline MG94xREV omega ratio":10000000000,
       "Corrected P-value":1,
       "Full adaptive model":0.001557545680848475,
       "Full adaptive model (non-synonymous subs/site)":0.001557545680848475,
       "Full adaptive model (synonymous subs/site)":1e-10,
       "LRT":0.07415307193696208,
       "Nucleotide GTR":0.007156087969911219,
       "Rate Distributions":        [
[10000000000, 1] 
        ],
       "Rate classes":1,
       "Uncorrected P-value":0.446157353422916
      },
     "NODE_9":{
       "Baseline MG94xREV":0.1820943740602682,
       "Baseline MG94xREV omega ratio":0.04089798895377193,
       "Corrected P-value":0.9421252367248945,
       "Full adaptive model":0.111890907523247,
       "Full adaptive model (non-synonymous subs/site)":0.03283398087407041,
       "Full adaptive model (synonymous subs/site)":0.07905692664917655,
       "LRT":2.348984854424998,
       "Nucleotide GTR":0.06900672641646347,