{
 "analysis":{
   "authors":"Sergei L Kosakovsky Pond, Ben Murrell, Steven Weaver and Temple iGEM / UCSD viral evolution group",
   "citation":"Less Is More: An Adaptive Branch-Site Random Effects Model for Efficient Detection of Episodic Diversifying Selection (2015). Mol Biol Evol 32 (5): 1342-1353. v2.2 adds support for multiple-hit models",
   "contact":"spond@temple.edu",
   "info":"aBSREL (Adaptive branch-site random effects likelihood)\n                            uses an adaptive random effects branch-site model framework\n                            to test whether each branch has evolved under positive selection,\n                            using a procedure which infers an optimal number of rate categories per branch.",
   "requirements":"in-frame codon alignment and a phylogenetic tree",
   "version":"2.2"
  },
 "branch attributes":{
   "0":{
     "NODE_3":{
       "Baseline MG94xREV":0.03592550993690499,
       "Baseline MG94xREV omega ratio":0.08171730347089515,
       "Corrected P-value":0.4367211269274187,
       "Full adaptive model":0.0390446604001761,
       "Full adaptive model (non-synonymous subs/site)":0.008809432670743465,
       "Full adaptive model (synonymous subs/site)":0.03023522772943264,
       "LRT":4.046322399943165,
       "Nucleotide GTR":0.03116762157850255,
       "Rate Distributions":        [
[0, 0.978678830516747],
        [5.082527867648551, 0.02132116948325302] 
        ],
       "Rate classes":2,
       "Uncorrected P-value":0.04852456965860208
      },
     "NODE_5":{
       "Baseline MG94xREV":0.01180088172925634,
       "Baseline MG94xREV omega ratio":0.257065625634145,
       "Corrected P-value":1,
       "Full adaptive model":0.007984182738020141,
       "Full adaptive model (non-synonymous subs/site)":0.003667701373167194,
       "Full adaptive model (synonymous subs/site)":0.004316481364852939,
       "LRT":0,
       "Nucleotide GTR":0.01942193342357134,
       "Rate Distributions":        [
[0.3160240917943974, 1] 
        ],
       "Rate classes":1,
       "Uncorrected P-value":1
      },
     "NODE_8":{
       "Baseline MG94xREV":0.08456757837022999,
       "Baseline MG94xREV omega ratio":0.1055093244134027,
       "Corrected P-value":1,
       "Full adaptive model":0.08886267706623727,
       "Full adaptive model (non-synonymous subs/site)":0.02161446991159333,
       "Full adaptive model (synonymous subs/site)":0.06724820715464394,
       "LRT":0,
       "Nucleotide GTR":0.06315125374027698,
       "Rate Distributions":        [
[0, 0.8551605348774608],
        [0.825340317227644, 0.1448394651225392] 
        ],
       "Rate classes":2,
       "Uncorrected P-value":1
      },
     "NODE_9":{
       "Baseline MG94xREV":0.2219808606575789,
       "Baseline MG94xREV omega ratio":0.1044185976252388,
       "Corrected P-value":0.4487536036168377,
       "Full adaptive model":0.5060966470217018,
       "Full adaptive model (non-synonymous subs/site)":0.358884968850384,
       "Full adaptive model (synonymous subs/site)":0.1472116781713179,
       "LRT":4.197683119182329,
       "Nucleotide GTR":0.1342180038320998,
       "Rate Distributions":        [
[0.04041941015221891, 0.8914214943734454],
        [0.5022543514399986, 0.06973505757471046],
        [21.51343468772519, 0.03884344805184411] 
        ],
       "Rate classes":3,
       "Uncorrected P-value":0.04487536036168377
      },
     "RPAP1_DANRE":{
       "Baseline MG94xREV":0.3253877417928774,
       "Baseline MG94xREV omega ratio":0.08252525987999587,
       "Corrected P-value":1,
       "Full adaptive model":0.3754693589715027,
       "Full adaptive model (non-synonymous subs/site)":0.1217585972559199,
       "Full adaptive model (synonymous subs/site)":0.2537107617155828,
       "LRT":0.4001231223628565,
       "Nucleotide GTR":0.1978757748365976,
       "Rate Distributions":        [
[0, 0.7279403353091238],
        [0.3079009898250375, 0.2469298903566254],
        [4.07728513956254, 0.02512977433425074] 
        ],
       "Rate classes":3,
       "Uncorrected P-value":0.3510092414261833,
       "original name":"RPAP1_DANRE"
      },
     "RPAP1_GASAC":{
       "Baseline MG94xREV":0.1058377284584403,
       "Baseline MG94xREV omega ratio":0.1619429075679753,
       "Corrected P-value":1,
       "Full adaptive model":0.1109902489505289,
       "Full adaptive model (non-synonymous subs/site)":0.03892514090361741,
       "Full adaptive model (synonymous subs/site)":0.07206510804691149,
       "LRT":0.1117936994596676,
       "Nucleotide GTR":0.0952198547529948,
       "Rate Distributions":        [
[0.02910545008483781, 0.861327453968233],
        [1.2678935784884, 0.138672546031767] 
        ],
       "Rate classes":2,
       "Uncorrected P-value":0.4313132426673794,
       "original name":"RPAP1_GASAC"
      },
     "RPAP1_LATCH":{
       "Baseline MG94xREV":0.4873808055087374,
       "Baseline MG94xREV omega ratio":0.1846117291583766,
       "Corrected P-value":0.1018794071344239,
       "Full adaptive model":1.090903548364597,
       "Full adaptive model (non-synonymous subs/site)":0.8584294548829493,
       "Full adaptive model (synonymous subs/site)":0.2324740934816478,
       "LRT":7.281797455263586,
       "Nucleotide GTR":0.3260781747720272,
       "Rate Distributions":        [
[0.1395247277581635, 0.8718996706103584],
        [9.771356329431745, 0.1281003293896416] 
        ],
       "Rate classes":2,
       "Uncorrected P-value":0.009261764284947627,
       "original name":"RPAP1_LATCH"
      },
     "RPAP1_ORENI":{
       "Baseline MG94xREV":0.07264052049001554,
       "Baseline MG94xREV omega ratio":0.1203489149213527,
       "Corrected P-value":1,
       "Full adaptive model":0.07854259639819679,
       "Full adaptive model (non-synonymous subs/site)":0.02635998879904331,
       "Full adaptive model (synonymous subs/site)":0.05218260759915348,
       "LRT":2.052208663153579,
       "Nucleotide GTR":0.06911803862724347,
       "Rate Distributions":        [
[0.07648163104965103, 0.9827217618171735],
        [6.523678334741173, 0.01727823818282648] 
        ],
       "Rate classes":2,
       "Uncorrected P-value":0.1379172491788009,
       "original name":"RPAP1_ORENI"
      },
     "RPAP1_ORYLA":{
       "Baseline MG94xREV":0.1746644721940163,
       "Baseline MG94xREV omega ratio":0.1275061206983107,
       "Corrected P-value":1,
       "Full adaptive model":0.1788341464950225,
       "Full adaptive model (non-synonymous subs/site)":0.04947648597025529,
       "Full adaptive model (synonymous subs/site)":0.1293576605247672,
       "LRT":0,
       "Nucleotide GTR":0.1428060029068746,
       "Rate Distributions":        [
[0, 0.7037572297288406],
        [0.4801921189834383, 0.2962427702711594] 
        ],
       "Rate classes":2,
       "Uncorrected P-value":1,
       "original name":"RPAP1_ORYLA"
      },
     "RPAP1_TAKRU":{
       "Baseline MG94xREV":0.06991878933016914,
       "Baseline MG94xREV omega ratio":0.1362998918622914,
       "Corrected P-value":1,
       "Full adaptive model":0.07091720139639369,
       "Full adaptive model (non-synonymous subs/site)":0.02060155004573835,
       "Full adaptive model (synonymous subs/site)":0.05031565135065535,
       "LRT":0,
       "Nucleotide GTR":0.06360230176854698,
       "Rate Distributions":        [
[3.388131789017201e-21, 0.8447691506888695],
        [0.9810132183369715, 0.1552308493111305] 
        ],
       "Rate classes":2,
       "Uncorrected P-value":1,
       "original name":"RPAP1_TAKRU"
      },
     "RPAP1_TETNG":{
       "Baseline MG94xREV":0.0623610718538055,
       "Baseline MG94xREV omega ratio":0.1742048124050978,
       "Corrected P-value":1,
       "Full adaptive model":0.06272704213197008,
       "Full adaptive model (non-synonymous subs/site)":0.01924726100408104,
       "Full adaptive model (synonymous subs/site)":0.04347978112788906,
       "LRT":0,
       "Nucleotide GTR":0.06047964154438341,