{
 "analysis":{
   "authors":"Sergei L Kosakovsky Pond, Ben Murrell, Steven Weaver and Temple iGEM / UCSD viral evolution group",
   "citation":"Less Is More: An Adaptive Branch-Site Random Effects Model for Efficient Detection of Episodic Diversifying Selection (2015). Mol Biol Evol 32 (5): 1342-1353. v2.2 adds support for multiple-hit models",
   "contact":"spond@temple.edu",
   "info":"aBSREL (Adaptive branch-site random effects likelihood)\n                            uses an adaptive random effects branch-site model framework\n                            to test whether each branch has evolved under positive selection,\n                            using a procedure which infers an optimal number of rate categories per branch.",
   "requirements":"in-frame codon alignment and a phylogenetic tree",
   "version":"2.2"
  },
 "branch attributes":{
   "0":{
     "ENSEEUP00000011464":{
       "Baseline MG94xREV":0.05436690310394576,
       "Baseline MG94xREV omega ratio":1.465156354007062,
       "Corrected P-value":0.1101527788274264,
       "Full adaptive model":0.2163830748086049,
       "Full adaptive model (non-synonymous subs/site)":0.2037260239639973,
       "Full adaptive model (synonymous subs/site)":0.01265705084460763,
       "LRT":6.50294048840783,
       "Nucleotide GTR":0.05514649348938876,
       "Rate Distributions":        [
[1, 0.9847471033601467],
        [438.4731813850001, 0.0152528966398533] 
        ],
       "Rate classes":2,
       "Uncorrected P-value":0.01376909735342829,
       "original name":"ENSEEUP00000011464"
      },
     "ENSETEP00000007532":{
       "Baseline MG94xREV":0.04636514735182543,
       "Baseline MG94xREV omega ratio":4.005683466077073,
       "Corrected P-value":0.5399097621577951,
       "Full adaptive model":0.04743180354162003,
       "Full adaptive model (non-synonymous subs/site)":0.04317509408442428,
       "Full adaptive model (synonymous subs/site)":0.004256709457195703,
       "LRT":2.859347731253138,
       "Nucleotide GTR":0.0461788289728557,
       "Rate Distributions":        [
[4.834987968478332, 1] 
        ],
       "Rate classes":1,
       "Uncorrected P-value":0.08998496035963252,
       "original name":"ENSETEP00000007532"
      },
     "ENSGGOP00000008597":{
       "Baseline MG94xREV":0.003908329330607038,
       "Baseline MG94xREV omega ratio":10000000000,
       "Corrected P-value":1,
       "Full adaptive model":0.003902774963748466,
       "Full adaptive model (non-synonymous subs/site)":0.003902774963748466,
       "Full adaptive model (synonymous subs/site)":1e-10,
       "LRT":0.7687283075420055,
       "Nucleotide GTR":0.003933414760914183,
       "Rate Distributions":        [
[10000000000, 1] 
        ],
       "Rate classes":1,
       "Uncorrected P-value":0.2803871803875651,
       "original name":"ENSGGOP00000008597"
      },
     "ENSMMUP00000001598":{
       "Baseline MG94xREV":0.007900482639620789,
       "Baseline MG94xREV omega ratio":10000000000,
       "Corrected P-value":0.9033720956044138,
       "Full adaptive model":0.007891669076224858,
       "Full adaptive model (non-synonymous subs/site)":0.007891669076224858,
       "Full adaptive model (synonymous subs/site)":1e-10,
       "LRT":1.551661593029849,
       "Nucleotide GTR":0.00790197935233331,
       "Rate Distributions":        [
[10000000000, 1] 
        ],
       "Rate classes":1,
       "Uncorrected P-value":0.1806744191208828,
       "original name":"ENSMMUP00000001598"
      },
     "ENSTBEP00000007636":{
       "Baseline MG94xREV":0.01997443103045883,
       "Baseline MG94xREV omega ratio":1.6315994768303,
       "Corrected P-value":0.7346609069458567,
       "Full adaptive model":0.01986204770453684,
       "Full adaptive model (non-synonymous subs/site)":0.01586459597977807,
       "Full adaptive model (synonymous subs/site)":0.003997451724758767,
       "LRT":0.3306921677888113,
       "Nucleotide GTR":0.01909561600987945,
       "Rate Distributions":        [
[1.891829103125732, 1] 
        ],
       "Rate classes":1,
       "Uncorrected P-value":0.3673304534729284,
       "original name":"ENSTBEP00000007636"
      },
     "LOC100446174_PONAB":{
       "Baseline MG94xREV":0,
       "Baseline MG94xREV omega ratio":1,
       "Corrected P-value":1,
       "Full adaptive model":0,
       "Full adaptive model (non-synonymous subs/site)":1e-10,
       "Full adaptive model (synonymous subs/site)":1e-10,
       "LRT":0,
       "Nucleotide GTR":0,
       "Rate Distributions":        [
[1, 1] 
        ],
       "Rate classes":1,
       "Uncorrected P-value":1,
       "original name":"LOC100446174_PONAB"
      },
     "NODE_10":{
       "Baseline MG94xREV":0.03086417916385167,
       "Baseline MG94xREV omega ratio":10000000000,
       "Corrected P-value":0.1872002036238612,
       "Full adaptive model":0.03188702163253575,
       "Full adaptive model (non-synonymous subs/site)":0.03188702163253575,
       "Full adaptive model (synonymous subs/site)":1e-10,
       "LRT":5.204121249041691,
       "Nucleotide GTR":0.02926115895225905,
       "Rate Distributions":        [
[10000000000, 1] 
        ],
       "Rate classes":1,
       "Uncorrected P-value":0.02674288623198018
      },
     "NODE_8":{
       "Baseline MG94xREV":0.004514078007031228,
       "Baseline MG94xREV omega ratio":10000000000,
       "Corrected P-value":0.8484552013340899,
       "Full adaptive model":0.004569178270834516,
       "Full adaptive model (non-synonymous subs/site)":0.004569178270834516,
       "Full adaptive model (synonymous subs/site)":1e-10,
       "LRT":0.7539938079378317,
       "Nucleotide GTR":0.005235818431406566,
       "Rate Distributions":        [
[10000000000, 1] 
        ],
       "Rate classes":1,
       "Uncorrected P-value":0.2828184004446966
      }
    },
   "attributes":{
     "Baseline MG94xREV":{
       "attribute type":"branch length",
       "display order":1
      },
     "Baseline MG94xREV omega ratio":{
       "attribute type":"branch label",
       "display order":1
      },
     "Corrected P-value":{
       "attribute type":"branch label",
       "display order":6
      },
     "Full adaptive model":{
       "attribute type":"branch length",
       "display order":2
      },
     "Full adaptive model (non-synonymous subs/site)":{
       "attribute type":"branch label",
       "display order":10
      },
     "Full adaptive model (synonymous subs/site)":{
       "attribute type":"branch label",
       "display order":9
      },
     "LRT":{
       "attribute type":"branch label",
       "display order":4
      },
     "Nucleotide GTR":{
       "attribute type":"branch length",
       "display order":0
      },
     "Rate Distributions":{
       "attribute type":"branch label",
       "display order":3
      },
     "Rate classes":{
       "attribute type":"branch label",
       "display order":2
      },
     "Uncorrected P-value":{
       "attribute type":"branch label",
       "display order":5
      },
     "original name":{
       "attribute type":"node label",
       "display order":-1
      }
    }
  },
 "data partitions":{
   "0":{
     "coverage":      [
[0, 1, 2, 3, 4, 5, 6, 7, 8, 9, 10, 11, 12, 13, 14, 15, 16, 17, 18, 19, 20, 21, 22, 23, 24, 25, 26, 27, 28, 29, 30, 31, 32, 33, 34, 35, 36, 37, 38, 39, 40, 41, 42, 43, 44, 45, 46, 47, 48, 49, 50, 51, 52, 53, 54, 55, 56, 57, 58, 59, 60, 61, 62, 63, 64, 65, 66, 67, 68, 69, 70, 71, 72, 73, 74, 75, 76, 77, 78, 79, 80, 81, 82, 83, 84] 
      ],
     "name":"absrel.filter.default"
    }
  },
 "fits":{
   "Baseline MG94xREV":{
     "AIC-c":1127.849634429569,