{
 "analysis":{
   "authors":"Sergei L Kosakovsky Pond, Ben Murrell, Steven Weaver and Temple iGEM / UCSD viral evolution group",
   "citation":"Less Is More: An Adaptive Branch-Site Random Effects Model for Efficient Detection of Episodic Diversifying Selection (2015). Mol Biol Evol 32 (5): 1342-1353. v2.2 adds support for multiple-hit models",
   "contact":"spond@temple.edu",
   "info":"aBSREL (Adaptive branch-site random effects likelihood)\n                            uses an adaptive random effects branch-site model framework\n                            to test whether each branch has evolved under positive selection,\n                            using a procedure which infers an optimal number of rate categories per branch.",
   "requirements":"in-frame codon alignment and a phylogenetic tree",
   "version":"2.2"
  },
 "branch attributes":{
   "0":{
     "ENSGACP00000024956":{
       "Baseline MG94xREV":0.08654364442106281,
       "Baseline MG94xREV omega ratio":0.2765236483555878,
       "Corrected P-value":1,
       "Full adaptive model":0.0888103502088736,
       "Full adaptive model (non-synonymous subs/site)":0.0443109646023834,
       "Full adaptive model (synonymous subs/site)":0.04449938560649019,
       "LRT":0.9928760493221489,
       "Nucleotide GTR":0.08248714387458966,
       "Rate Distributions":        [
[0, 0.8137465164277602],
        [1.73682786291226, 0.1862534835722398] 
        ],
       "Rate classes":2,
       "Uncorrected P-value":0.2464165792693164,
       "original name":"ENSGACP00000024956"
      },
     "ENSGMOP00000004808":{
       "Baseline MG94xREV":0.2382638198856623,
       "Baseline MG94xREV omega ratio":0.1454539419454135,
       "Corrected P-value":1,
       "Full adaptive model":0.2551395076296743,
       "Full adaptive model (non-synonymous subs/site)":0.0919395337836644,
       "Full adaptive model (synonymous subs/site)":0.1631999738460099,
       "LRT":0.00233527315685933,
       "Nucleotide GTR":0.171413798635835,
       "Rate Distributions":        [
[0.06419961771052987, 0.8904816954218653],
        [1.149088393964666, 0.1095183045781347] 
        ],
       "Rate classes":2,
       "Uncorrected P-value":0.491941413140331,
       "original name":"ENSGMOP00000004808"
      },
     "ENSLACP00000006306":{
       "Baseline MG94xREV":0.8086036637437646,
       "Baseline MG94xREV omega ratio":0.1262016015026031,
       "Corrected P-value":1,
       "Full adaptive model":0.7884669887824958,
       "Full adaptive model (non-synonymous subs/site)":0.3194403667114436,
       "Full adaptive model (synonymous subs/site)":0.4690266220710523,
       "LRT":0,
       "Nucleotide GTR":0.4425051554404906,
       "Rate Distributions":        [
[0.02069558273154718, 0.6150787694445936],
        [0.5417399725345482, 0.3849212305554064] 
        ],
       "Rate classes":2,
       "Uncorrected P-value":1,
       "original name":"ENSLACP00000006306"
      },
     "ENSONIP00000000376":{
       "Baseline MG94xREV":0.1111041178825887,
       "Baseline MG94xREV omega ratio":0.1455220429765834,
       "Corrected P-value":1,
       "Full adaptive model":0.1272773142763876,
       "Full adaptive model (non-synonymous subs/site)":0.05076368698066956,
       "Full adaptive model (synonymous subs/site)":0.07651362729571798,
       "LRT":1.254691154927059,
       "Nucleotide GTR":0.1007249720398324,
       "Rate Distributions":        [
[0.05076453704877751, 0.9468952797918782],
        [3.153515813030214, 0.05310472020812185] 
        ],
       "Rate classes":2,
       "Uncorrected P-value":0.212733896787377,
       "original name":"ENSONIP00000000376"
      },
     "ENSORLP00000011256":{
       "Baseline MG94xREV":0.1477626370833241,
       "Baseline MG94xREV omega ratio":0.1070061970023209,
       "Corrected P-value":1,
       "Full adaptive model":0.1435157852447912,
       "Full adaptive model (non-synonymous subs/site)":0.03339909602965632,
       "Full adaptive model (synonymous subs/site)":0.1101166892151348,
       "LRT":0,
       "Nucleotide GTR":0.112404652233111,
       "Rate Distributions":        [
[0.09853387435252027, 1] 
        ],
       "Rate classes":1,
       "Uncorrected P-value":1,
       "original name":"ENSORLP00000011256"
      },
     "ENSTNIP00000006284":{
       "Baseline MG94xREV":0.1719454494284416,
       "Baseline MG94xREV omega ratio":0.08335778655101168,
       "Corrected P-value":1,
       "Full adaptive model":0.1721133247699395,
       "Full adaptive model (non-synonymous subs/site)":0.03771235151863102,
       "Full adaptive model (synonymous subs/site)":0.1344009732513085,
       "LRT":0,
       "Nucleotide GTR":0.1320813549969721,
       "Rate Distributions":        [
[0.006853789841476029, 0.8279744826457655],
        [0.4969101330068985, 0.1720255173542345] 
        ],
       "Rate classes":2,
       "Uncorrected P-value":1,
       "original name":"ENSTNIP00000006284"
      },
     "NODE_3":{
       "Baseline MG94xREV":0.02917706411508374,
       "Baseline MG94xREV omega ratio":0.03685667612681603,
       "Corrected P-value":1,
       "Full adaptive model":0.02725146500064995,
       "Full adaptive model (non-synonymous subs/site)":0.002728649616043516,
       "Full adaptive model (synonymous subs/site)":0.02452281538460639,
       "LRT":0,
       "Nucleotide GTR":0.03097940258597093,
       "Rate Distributions":        [
[0.03614776378414281, 1] 
        ],
       "Rate classes":1,
       "Uncorrected P-value":1
      },
     "NODE_5":{
       "Baseline MG94xREV":0.00113138841010379,
       "Baseline MG94xREV omega ratio":10000000000,
       "Corrected P-value":1,
       "Full adaptive model":0.02695423602990103,
       "Full adaptive model (non-synonymous subs/site)":0.002186773500855608,
       "Full adaptive model (synonymous subs/site)":0.02476746252904539,
       "LRT":0,
       "Nucleotide GTR":0.02171061978844703,
       "Rate Distributions":        [
[0.02868311276800625, 1] 
        ],
       "Rate classes":1,
       "Uncorrected P-value":1
      },
     "NODE_8":{
       "Baseline MG94xREV":0.06107745416135294,
       "Baseline MG94xREV omega ratio":0.008182474399555346,
       "Corrected P-value":1,
       "Full adaptive model":0.04147441343557257,
       "Full adaptive model (non-synonymous subs/site)":0.002091363597603888,
       "Full adaptive model (synonymous subs/site)":0.03938304983796868,
       "LRT":0,
       "Nucleotide GTR":0.0140570349862535,
       "Rate Distributions":        [
[0.01725139391276299, 1] 
        ],
       "Rate classes":1,
       "Uncorrected P-value":1
      }
    },
   "attributes":{
     "Baseline MG94xREV":{
       "attribute type":"branch length",
       "display order":1
      },
     "Baseline MG94xREV omega ratio":{
       "attribute type":"branch label",
       "display order":1
      },
     "Corrected P-value":{
       "attribute type":"branch label",
       "display order":6
      },
     "Full adaptive model":{
       "attribute type":"branch length",
       "display order":2
      },
     "Full adaptive model (non-synonymous subs/site)":{
       "attribute type":"branch label",
       "display order":10
      },
     "Full adaptive model (synonymous subs/site)":{
       "attribute type":"branch label",
       "display order":9
      },
     "LRT":{
       "attribute type":"branch label",
       "display order":4
      },
     "Nucleotide GTR":{
       "attribute type":"branch length",
       "display order":0
      },
     "Rate Distributions":{
       "attribute type":"branch label",
       "display order":3
      },
     "Rate classes":{
       "attribute type":"branch label",
       "display order":2
      },
     "Uncorrected P-value":{
       "attribute type":"branch label",
       "display order":5
      },
     "original name":{
       "attribute type":"node label",
       "display order":-1
      }
    }
  },