{
 "analysis":{
   "authors":"Sergei L Kosakovsky Pond, Ben Murrell, Steven Weaver and Temple iGEM / UCSD viral evolution group",
   "citation":"Less Is More: An Adaptive Branch-Site Random Effects Model for Efficient Detection of Episodic Diversifying Selection (2015). Mol Biol Evol 32 (5): 1342-1353. v2.2 adds support for multiple-hit models",
   "contact":"spond@temple.edu",
   "info":"aBSREL (Adaptive branch-site random effects likelihood)\n                            uses an adaptive random effects branch-site model framework\n                            to test whether each branch has evolved under positive selection,\n                            using a procedure which infers an optimal number of rate categories per branch.",
   "requirements":"in-frame codon alignment and a phylogenetic tree",
   "version":"2.2"
  },
 "branch attributes":{
   "0":{
     "ENSGACP00000017724":{
       "Baseline MG94xREV":0.07759589483794223,
       "Baseline MG94xREV omega ratio":0.06733578806699532,
       "Corrected P-value":1,
       "Full adaptive model":0.06856237474723807,
       "Full adaptive model (non-synonymous subs/site)":0.009885282977104394,
       "Full adaptive model (synonymous subs/site)":0.05867709177013367,
       "LRT":0,
       "Nucleotide GTR":0.06492142889633813,
       "Rate Distributions":        [
[0.04910558585249166, 1] 
        ],
       "Rate classes":1,
       "Uncorrected P-value":1,
       "original name":"ENSGACP00000017724"
      },
     "ENSGMOP00000005261":{
       "Baseline MG94xREV":0.1814218834761467,
       "Baseline MG94xREV omega ratio":0.0908510053242919,
       "Corrected P-value":0.1789252129544431,
       "Full adaptive model":0.2001633425369971,
       "Full adaptive model (non-synonymous subs/site)":0.1671798045379959,
       "Full adaptive model (synonymous subs/site)":0.03298353799900119,
       "LRT":6.176226485497864,
       "Nucleotide GTR":0.1025276623101314,
       "Rate Distributions":        [
[0, 0.9039952808393585],
        [15.38878614322246, 0.09600471916064146] 
        ],
       "Rate classes":2,
       "Uncorrected P-value":0.01626592845040392,
       "original name":"ENSGMOP00000005261"
      },
     "ENSMODP00000004091":{
       "Baseline MG94xREV":0.07436361099181295,
       "Baseline MG94xREV omega ratio":0.468937836201302,
       "Corrected P-value":1,
       "Full adaptive model":0.1967787349015532,
       "Full adaptive model (non-synonymous subs/site)":0.06181086179778709,
       "Full adaptive model (synonymous subs/site)":0.1349678731037661,
       "LRT":0,
       "Nucleotide GTR":0.1395660572309082,
       "Rate Distributions":        [
[0, 0.8501662300549921],
        [0.8909125140394116, 0.1498337699450079] 
        ],
       "Rate classes":2,
       "Uncorrected P-value":1,
       "original name":"ENSMODP00000004091"
      },
     "ENSORLP00000000742":{
       "Baseline MG94xREV":0.09771235735277352,
       "Baseline MG94xREV omega ratio":0.01892930380584374,
       "Corrected P-value":1,
       "Full adaptive model":0.1006271013582972,
       "Full adaptive model (non-synonymous subs/site)":0.006461460646480722,
       "Full adaptive model (synonymous subs/site)":0.09416564071181643,
       "LRT":0,
       "Nucleotide GTR":0.06770421179879468,
       "Rate Distributions":        [
[0.0200008572065554, 1] 
        ],
       "Rate classes":1,
       "Uncorrected P-value":1,
       "original name":"ENSORLP00000000742"
      },
     "ENSSHAP00000004172":{
       "Baseline MG94xREV":0.307431608165477,
       "Baseline MG94xREV omega ratio":0.08525740252609589,
       "Corrected P-value":1,
       "Full adaptive model":0.1774302803576521,
       "Full adaptive model (non-synonymous subs/site)":0.05629077374956908,
       "Full adaptive model (synonymous subs/site)":0.121139506608083,
       "LRT":0,
       "Nucleotide GTR":0.1553363980835386,
       "Rate Distributions":        [
[0.135444629406905, 1] 
        ],
       "Rate classes":1,
       "Uncorrected P-value":1,
       "original name":"ENSSHAP00000004172"
      },
     "ENSTNIP00000005771":{
       "Baseline MG94xREV":0.1011517573253704,
       "Baseline MG94xREV omega ratio":0.2240909825755605,
       "Corrected P-value":1,
       "Full adaptive model":0.1018363537837454,
       "Full adaptive model (non-synonymous subs/site)":0.03872706708715736,
       "Full adaptive model (synonymous subs/site)":0.06310928669658823,
       "LRT":0,
       "Nucleotide GTR":0.0804218047811983,
       "Rate Distributions":        [
[0.1788676115163778, 1] 
        ],
       "Rate classes":1,
       "Uncorrected P-value":1,
       "original name":"ENSTNIP00000005771"
      },
     "ENSTRUP00000007432":{
       "Baseline MG94xREV":0.05176220638553593,
       "Baseline MG94xREV omega ratio":0.1261475097252687,
       "Corrected P-value":1,
       "Full adaptive model":0.04897262680089631,
       "Full adaptive model (non-synonymous subs/site)":0.01218207179772403,
       "Full adaptive model (synonymous subs/site)":0.03679055500317224,
       "LRT":0,
       "Nucleotide GTR":0.05598544265249963,
       "Rate Distributions":        [
[0.09651508261550296, 1] 
        ],
       "Rate classes":1,
       "Uncorrected P-value":1,
       "original name":"ENSTRUP00000007432"
      },
     "NODE_12":{
       "Baseline MG94xREV":1.389038885477187,
       "Baseline MG94xREV omega ratio":0.0266280921147576,
       "Corrected P-value":1,
       "Full adaptive model":0.4675247368129979,
       "Full adaptive model (non-synonymous subs/site)":0.2031680919550086,
       "Full adaptive model (synonymous subs/site)":0.2643566448579893,
       "LRT":0,
       "Nucleotide GTR":0.1991018944718211,
       "Rate Distributions":        [
[0, 0.7553064280706681],
        [0.9154888967129549, 0.2446935719293319] 
        ],
       "Rate classes":2,
       "Uncorrected P-value":1
      },
     "NODE_3":{
       "Baseline MG94xREV":0.03252425080338709,
       "Baseline MG94xREV omega ratio":0,
       "Corrected P-value":1,
       "Full adaptive model":0.03989108454112534,
       "Full adaptive model (non-synonymous subs/site)":1e-10,
       "Full adaptive model (synonymous subs/site)":0.03989108454112534,
       "LRT":0,
       "Nucleotide GTR":0.02428049824218802,
       "Rate Distributions":        [
[0, 1] 
        ],
       "Rate classes":1,
       "Uncorrected P-value":1
      },
     "NODE_6":{
       "Baseline MG94xREV":0.03433891096315052,
       "Baseline MG94xREV omega ratio":0.3367856477357232,
       "Corrected P-value":1,
       "Full adaptive model":0.03028313586766644,
       "Full adaptive model (non-synonymous subs/site)":0.0160896088660848,
       "Full adaptive model (synonymous subs/site)":0.01419352700158165,
       "LRT":0,
       "Nucleotide GTR":0.02912231185903626,
       "Rate Distributions":        [
[0.3304193935411179, 1] 
        ],
       "Rate classes":1,
       "Uncorrected P-value":1
      },
     "NODE_7":{
       "Baseline MG94xREV":0.01541487333569509,
       "Baseline MG94xREV omega ratio":10000000000,
       "Corrected P-value":1,
       "Full adaptive model":0.09878138672497914,
       "Full adaptive model (non-synonymous subs/site)":0.01041510991729972,
       "Full adaptive model (synonymous subs/site)":0.08836627680767949,
       "LRT":0,
       "Nucleotide GTR":0.04877057401158592,
       "Rate Distributions":        [
[0.03435481958049914, 1] 
        ],
       "Rate classes":1,
       "Uncorrected P-value":1
      }
    },
   "attributes":{
     "Baseline MG94xREV":{
       "attribute type":"branch length",
       "display order":1
      },
     "Baseline MG94xREV omega ratio":{
       "attribute type":"branch label",
       "display order":1
      },
     "Corrected P-value":{
       "attribute type":"branch label",
       "display order":6
      },
     "Full adaptive model":{
       "attribute type":"branch length",
       "display order":2
      },