{
 "analysis":{
   "authors":"Sergei L Kosakovsky Pond, Ben Murrell, Steven Weaver and Temple iGEM / UCSD viral evolution group",
   "citation":"Less Is More: An Adaptive Branch-Site Random Effects Model for Efficient Detection of Episodic Diversifying Selection (2015). Mol Biol Evol 32 (5): 1342-1353. v2.2 adds support for multiple-hit models",
   "contact":"spond@temple.edu",
   "info":"aBSREL (Adaptive branch-site random effects likelihood)\n                            uses an adaptive random effects branch-site model framework\n                            to test whether each branch has evolved under positive selection,\n                            using a procedure which infers an optimal number of rate categories per branch.",
   "requirements":"in-frame codon alignment and a phylogenetic tree",
   "version":"2.2"
  },
 "branch attributes":{
   "0":{
     "ENSACAP00000003638":{
       "Baseline MG94xREV":0.3557127178528087,
       "Baseline MG94xREV omega ratio":0.2690420688875655,
       "Corrected P-value":1,
       "Full adaptive model":0.5352041495781773,
       "Full adaptive model (non-synonymous subs/site)":0.2590014815801515,
       "Full adaptive model (synonymous subs/site)":0.2762026679980258,
       "LRT":0.2927116133978416,
       "Nucleotide GTR":0.2816748974767257,
       "Rate Distributions":        [
[0.07763904038051882, 0.8091270542158181],
        [1.539260739844541, 0.1908729457841819] 
        ],
       "Rate classes":2,
       "Uncorrected P-value":0.3768527017994215,
       "original name":"ENSACAP00000003638"
      },
     "ENSACAP00000019428":{
       "Baseline MG94xREV":0.3440346176266767,
       "Baseline MG94xREV omega ratio":0.2190507440847111,
       "Corrected P-value":1,
       "Full adaptive model":0.3754126605255665,
       "Full adaptive model (non-synonymous subs/site)":0.1220964129824086,
       "Full adaptive model (synonymous subs/site)":0.2533162475431574,
       "LRT":0,
       "Nucleotide GTR":0.2326061867764919,
       "Rate Distributions":        [
[0.1833052595608303, 1] 
        ],
       "Rate classes":1,
       "Uncorrected P-value":1,
       "original name":"ENSACAP00000019428"
      },
     "ENSMLUP00000022107":{
       "Baseline MG94xREV":0.008681231760523281,
       "Baseline MG94xREV omega ratio":10000000000,
       "Corrected P-value":1,
       "Full adaptive model":0.008543553440603249,
       "Full adaptive model (non-synonymous subs/site)":0.008543553440603249,
       "Full adaptive model (synonymous subs/site)":1e-10,
       "LRT":0.2282719076501962,
       "Nucleotide GTR":0.03239898079813702,
       "Rate Distributions":        [
[10000000000, 1] 
        ],
       "Rate classes":1,
       "Uncorrected P-value":0.3942026282473572,
       "original name":"ENSMLUP00000022107"
      },
     "ENSMODP00000006352":{
       "Baseline MG94xREV":0.1011863556567002,
       "Baseline MG94xREV omega ratio":0.01102833557868617,
       "Corrected P-value":1,
       "Full adaptive model":0.1060526785339888,
       "Full adaptive model (non-synonymous subs/site)":0.001640487909458921,
       "Full adaptive model (synonymous subs/site)":0.1044121906245299,
       "LRT":0,
       "Nucleotide GTR":0.06685231541097651,
       "Rate Distributions":        [
[0.005975261185425248, 1] 
        ],
       "Rate classes":1,
       "Uncorrected P-value":1,
       "original name":"ENSMODP00000006352"
      },
     "ENSOCUP00000022871":{
       "Baseline MG94xREV":0.04712416459135743,
       "Baseline MG94xREV omega ratio":0.06121238089695101,
       "Corrected P-value":1,
       "Full adaptive model":0.04988439153697552,
       "Full adaptive model (non-synonymous subs/site)":0.006637400721330616,
       "Full adaptive model (synonymous subs/site)":0.04324699081564489,
       "LRT":0,
       "Nucleotide GTR":0.04207436694152752,
       "Rate Distributions":        [
[0.05836832242209089, 1] 
        ],
       "Rate classes":1,
       "Uncorrected P-value":1,
       "original name":"ENSOCUP00000022871"
      },
     "ENSPSIP00000018550":{
       "Baseline MG94xREV":0.04875683575477475,
       "Baseline MG94xREV omega ratio":10000000000,
       "Corrected P-value":1,
       "Full adaptive model":0.04764812694588264,
       "Full adaptive model (non-synonymous subs/site)":0.04764812694588264,
       "Full adaptive model (synonymous subs/site)":1e-10,
       "LRT":0.3583006007629592,
       "Nucleotide GTR":0.1572748362747282,
       "Rate Distributions":        [
[10000000000, 1] 
        ],
       "Rate classes":1,
       "Uncorrected P-value":0.3606843838266313,
       "original name":"ENSPSIP00000018550"
      },
     "ENSSHAP00000002344":{
       "Baseline MG94xREV":0.02066246224517422,
       "Baseline MG94xREV omega ratio":0,
       "Corrected P-value":1,
       "Full adaptive model":0.02559478754242529,
       "Full adaptive model (non-synonymous subs/site)":0.00115359376546651,
       "Full adaptive model (synonymous subs/site)":0.02444119377695879,
       "LRT":0,
       "Nucleotide GTR":0.03303498830504539,
       "Rate Distributions":        [
[0.01795004547593376, 1] 
        ],
       "Rate classes":1,
       "Uncorrected P-value":1,
       "original name":"ENSSHAP00000002344"
      },
     "ENSSTOP00000015065":{
       "Baseline MG94xREV":0.0486116101541311,
       "Baseline MG94xREV omega ratio":0.05633774438321042,
       "Corrected P-value":1,
       "Full adaptive model":0.05250086664794929,
       "Full adaptive model (non-synonymous subs/site)":0.007283532526201193,
       "Full adaptive model (synonymous subs/site)":0.0452173341217481,
       "LRT":0.5414441448920115,
       "Nucleotide GTR":0.04602287752284089,
       "Rate Distributions":        [
[0, 0.9751895591408757],
        [2.469094407316592, 0.02481044085912432] 
        ],
       "Rate classes":2,
       "Uncorrected P-value":0.3212155117051722,
       "original name":"ENSSTOP00000015065"
      },
     "NODE_11":{
       "Baseline MG94xREV":0.03857174753995215,
       "Baseline MG94xREV omega ratio":0,
       "Corrected P-value":1,
       "Full adaptive model":0.03863460256718303,
       "Full adaptive model (non-synonymous subs/site)":1e-10,
       "Full adaptive model (synonymous subs/site)":0.03863460256718303,
       "LRT":0,
       "Nucleotide GTR":0.0140389163991357,
       "Rate Distributions":        [
[0, 1] 
        ],
       "Rate classes":1,
       "Uncorrected P-value":1
      },
     "NODE_13":{
       "Baseline MG94xREV":0.4290875497040308,
       "Baseline MG94xREV omega ratio":0.07626623950288162,
       "Corrected P-value":1,
       "Full adaptive model":0.4880839794568766,
       "Full adaptive model (non-synonymous subs/site)":0.1243546048899183,
       "Full adaptive model (synonymous subs/site)":0.3637293745669585,
       "LRT":0.02086704186149291,
       "Nucleotide GTR":0.1933100812834131,
       "Rate Distributions":        [
[0.04453334110520939, 0.9280748668800037],
        [1.23311889532209, 0.07192513311999627] 
        ],
       "Rate classes":2,
       "Uncorrected P-value":0.4739145656739613
      },
     "NODE_14":{
       "Baseline MG94xREV":4.272084338198854,
       "Baseline MG94xREV omega ratio":0.008473229575858032,
       "Corrected P-value":1,
       "Full adaptive model":3.544144366927335,
       "Full adaptive model (non-synonymous subs/site)":0.1549721839988674,
       "Full adaptive model (synonymous subs/site)":3.389172182928468,
       "LRT":0,
       "Nucleotide GTR":0.1622785755241702,
       "Rate Distributions":        [
[0, 0.7360687989796595],
        [0.0658877160744594, 0.2639312010203405] 
        ],
       "Rate classes":2,
       "Uncorrected P-value":1
      },
     "NODE_3":{
       "Baseline MG94xREV":0.3041130369839016,
       "Baseline MG94xREV omega ratio":0.0301549039849199,
       "Corrected P-value":1,
       "Full adaptive model":0.3270509599740908,
       "Full adaptive model (non-synonymous subs/site)":0.06528484561608788,