{
 "analysis":{
   "authors":"Sergei L Kosakovsky Pond, Ben Murrell, Steven Weaver and Temple iGEM / UCSD viral evolution group",
   "citation":"Less Is More: An Adaptive Branch-Site Random Effects Model for Efficient Detection of Episodic Diversifying Selection (2015). Mol Biol Evol 32 (5): 1342-1353. v2.2 adds support for multiple-hit models",
   "contact":"spond@temple.edu",
   "info":"aBSREL (Adaptive branch-site random effects likelihood)\n                            uses an adaptive random effects branch-site model framework\n                            to test whether each branch has evolved under positive selection,\n                            using a procedure which infers an optimal number of rate categories per branch.",
   "requirements":"in-frame codon alignment and a phylogenetic tree",
   "version":"2.2"
  },
 "branch attributes":{
   "0":{
     "ENSGACP00000007410":{
       "Baseline MG94xREV":0.1539585023184511,
       "Baseline MG94xREV omega ratio":0.4241751725965415,
       "Corrected P-value":1,
       "Full adaptive model":0.1722041356915031,
       "Full adaptive model (non-synonymous subs/site)":0.117120656687286,
       "Full adaptive model (synonymous subs/site)":0.0550834790042171,
       "LRT":1.477635105424724,
       "Nucleotide GTR":0.1411204758528359,
       "Rate Distributions":        [
[0, 0.7111247133355681],
        [2.109338803614261, 0.2888752866644319] 
        ],
       "Rate classes":2,
       "Uncorrected P-value":0.1881325031533742,
       "original name":"ENSGACP00000007410"
      },
     "ENSGMOP00000011175":{
       "Baseline MG94xREV":0.2174138790127919,
       "Baseline MG94xREV omega ratio":0.2340144537127302,
       "Corrected P-value":1,
       "Full adaptive model":0.2600562429078774,
       "Full adaptive model (non-synonymous subs/site)":0.134704935950942,
       "Full adaptive model (synonymous subs/site)":0.1253513069569354,
       "LRT":0.2039651692507505,
       "Nucleotide GTR":0.1650111185257379,
       "Rate Distributions":        [
[0, 0.7610314185254423],
        [1.288719596107119, 0.2389685814745577] 
        ],
       "Rate classes":2,
       "Uncorrected P-value":0.401221410311571,
       "original name":"ENSGMOP00000011175"
      },
     "ENSONIP00000002885":{
       "Baseline MG94xREV":0.1348291711138597,
       "Baseline MG94xREV omega ratio":0.2011189735390803,
       "Corrected P-value":1,
       "Full adaptive model":0.1716874196590556,
       "Full adaptive model (non-synonymous subs/site)":0.08919570501477027,
       "Full adaptive model (synonymous subs/site)":0.0824917146442853,
       "LRT":0.6108536768160775,
       "Nucleotide GTR":0.1158364443685115,
       "Rate Distributions":        [
[0.04462465819698008, 0.9114129760436801],
        [3.038792247086889, 0.0885870239563199] 
        ],
       "Rate classes":2,
       "Uncorrected P-value":0.307935956032685,
       "original name":"ENSONIP00000002885"
      },
     "ENSORLP00000014497":{
       "Baseline MG94xREV":0.1507169368239074,
       "Baseline MG94xREV omega ratio":0.02865928046487497,
       "Corrected P-value":1,
       "Full adaptive model":0.1471396763925383,
       "Full adaptive model (non-synonymous subs/site)":0.0121126996070011,
       "Full adaptive model (synonymous subs/site)":0.1350269767855372,
       "LRT":0,
       "Nucleotide GTR":0.1081432603774629,
       "Rate Distributions":        [
[0.02570780503227908, 1] 
        ],
       "Rate classes":1,
       "Uncorrected P-value":1,
       "original name":"ENSORLP00000014497"
      },
     "ENSTNIP00000020102":{
       "Baseline MG94xREV":0.1059747062800266,
       "Baseline MG94xREV omega ratio":0.2519743347987405,
       "Corrected P-value":1,
       "Full adaptive model":0.1075990530878431,
       "Full adaptive model (non-synonymous subs/site)":0.047619384676712,
       "Full adaptive model (synonymous subs/site)":0.05997966841113109,
       "LRT":0,
       "Nucleotide GTR":0.09167583453657127,
       "Rate Distributions":        [
[0.2275224803022506, 1] 
        ],
       "Rate classes":1,
       "Uncorrected P-value":1,
       "original name":"ENSTNIP00000020102"
      },
     "ENSTRUP00000033854":{
       "Baseline MG94xREV":0.1169870318843364,
       "Baseline MG94xREV omega ratio":0.4988459528184361,
       "Corrected P-value":1,
       "Full adaptive model":0.1185860467688006,
       "Full adaptive model (non-synonymous subs/site)":0.06943341677868355,
       "Full adaptive model (synonymous subs/site)":0.04915262999011707,
       "LRT":0,
       "Nucleotide GTR":0.1215276169283164,
       "Rate Distributions":        [
[0.4048241115642098, 1] 
        ],
       "Rate classes":1,
       "Uncorrected P-value":1,
       "original name":"ENSTRUP00000033854"
      },
     "FABP3_DANRE":{
       "Baseline MG94xREV":0.3594124107677992,
       "Baseline MG94xREV omega ratio":0.05982241701800551,
       "Corrected P-value":1,
       "Full adaptive model":0.4019129576075324,
       "Full adaptive model (non-synonymous subs/site)":0.1224624059085122,
       "Full adaptive model (synonymous subs/site)":0.2794505516990203,
       "LRT":0,
       "Nucleotide GTR":0.229362890769809,
       "Rate Distributions":        [
[0, 0.8360778119399496],
        [0.7661338801691471, 0.1639221880600504] 
        ],
       "Rate classes":2,
       "Uncorrected P-value":1,
       "original name":"FABP3_DANRE"
      },
     "NODE_3":{
       "Baseline MG94xREV":0.0185680085754159,
       "Baseline MG94xREV omega ratio":0.1574351012371047,
       "Corrected P-value":1,
       "Full adaptive model":0.01399397175973385,
       "Full adaptive model (non-synonymous subs/site)":0.006499953375848883,
       "Full adaptive model (synonymous subs/site)":0.007494018383884984,
       "LRT":0,
       "Nucleotide GTR":0.01677734275093354,
       "Rate Distributions":        [
[0.2485650604573801, 1] 
        ],
       "Rate classes":1,
       "Uncorrected P-value":1
      },
     "NODE_6":{
       "Baseline MG94xREV":0.1126117134110293,
       "Baseline MG94xREV omega ratio":0.2078996622419784,
       "Corrected P-value":1,
       "Full adaptive model":0.1103334595801908,
       "Full adaptive model (non-synonymous subs/site)":0.04316313796412644,
       "Full adaptive model (synonymous subs/site)":0.06717032161606434,
       "LRT":0,
       "Nucleotide GTR":0.09452041429871715,
       "Rate Distributions":        [
[0.1841535847793832, 1] 
        ],
       "Rate classes":1,
       "Uncorrected P-value":1
      },
     "NODE_8":{
       "Baseline MG94xREV":0.01318139382706493,
       "Baseline MG94xREV omega ratio":0.04758414975275396,
       "Corrected P-value":1,
       "Full adaptive model":0.01011927292076354,
       "Full adaptive model (non-synonymous subs/site)":0.005020031060809056,
       "Full adaptive model (synonymous subs/site)":0.005099241859954479,
       "LRT":0,
       "Nucleotide GTR":0.01862309384446802,
       "Rate Distributions":        [
[0.2821274786910032, 1] 
        ],
       "Rate classes":1,
       "Uncorrected P-value":1
      },
     "NODE_9":{
       "Baseline MG94xREV":0.03572976611948859,
       "Baseline MG94xREV omega ratio":9.329105294048151,
       "Corrected P-value":1,
       "Full adaptive model":0.03610438278312162,
       "Full adaptive model (non-synonymous subs/site)":0.03610438278312162,
       "Full adaptive model (synonymous subs/site)":1e-10,
       "LRT":0.2311677407910793,
       "Nucleotide GTR":0.04197133067092772,
       "Rate Distributions":        [
[10000000000, 1] 
        ],
       "Rate classes":1,
       "Uncorrected P-value":0.3933856190427663
      }
    },
   "attributes":{
     "Baseline MG94xREV":{
       "attribute type":"branch length",
       "display order":1
      },
     "Baseline MG94xREV omega ratio":{
       "attribute type":"branch label",
       "display order":1
      },
     "Corrected P-value":{
       "attribute type":"branch label",
       "display order":6
      },