{
 "analysis":{
   "authors":"Sergei L Kosakovsky Pond, Ben Murrell, Steven Weaver and Temple iGEM / UCSD viral evolution group",
   "citation":"Less Is More: An Adaptive Branch-Site Random Effects Model for Efficient Detection of Episodic Diversifying Selection (2015). Mol Biol Evol 32 (5): 1342-1353. v2.2 adds support for multiple-hit models",
   "contact":"spond@temple.edu",
   "info":"aBSREL (Adaptive branch-site random effects likelihood)\n                            uses an adaptive random effects branch-site model framework\n                            to test whether each branch has evolved under positive selection,\n                            using a procedure which infers an optimal number of rate categories per branch.",
   "requirements":"in-frame codon alignment and a phylogenetic tree",
   "version":"2.2"
  },
 "branch attributes":{
   "0":{
     "ENSGACP00000019667":{
       "Baseline MG94xREV":0.06840902502098392,
       "Baseline MG94xREV omega ratio":0.1281334485231479,
       "Corrected P-value":1,
       "Full adaptive model":0.07038398786555262,
       "Full adaptive model (non-synonymous subs/site)":0.01910630580732413,
       "Full adaptive model (synonymous subs/site)":0.05127768205822855,
       "LRT":0,
       "Nucleotide GTR":0.05851041564306083,
       "Rate Distributions":        [
[0.1105812447041806, 1] 
        ],
       "Rate classes":1,
       "Uncorrected P-value":1,
       "original name":"ENSGACP00000019667"
      },
     "ENSGMOP00000009777":{
       "Baseline MG94xREV":0.1786036087451613,
       "Baseline MG94xREV omega ratio":0.1306049463076475,
       "Corrected P-value":0.1178449483439172,
       "Full adaptive model":0.2608133659593724,
       "Full adaptive model (non-synonymous subs/site)":0.1584316061650883,
       "Full adaptive model (synonymous subs/site)":0.1023817597942841,
       "LRT":6.995636023773841,
       "Nucleotide GTR":0.1114751686351223,
       "Rate Distributions":        [
[0.05868340064753421, 0.9358170865763783],
        [6.299752351078292, 0.0641829134236217] 
        ],
       "Rate classes":2,
       "Uncorrected P-value":0.01071317712217429,
       "original name":"ENSGMOP00000009777"
      },
     "ENSONIP00000016901":{
       "Baseline MG94xREV":0.07478332933770378,
       "Baseline MG94xREV omega ratio":0.09410329380014938,
       "Corrected P-value":1,
       "Full adaptive model":0.07298455102044318,
       "Full adaptive model (non-synonymous subs/site)":0.02010060165706467,
       "Full adaptive model (synonymous subs/site)":0.05288394936337852,
       "LRT":0.02701848787364725,
       "Nucleotide GTR":0.07901663913310954,
       "Rate Distributions":        [
[2.09522715213293e-05, 0.8989619836846635],
        [1.116248728210765, 0.1010380163153365] 
        ],
       "Rate classes":2,
       "Uncorrected P-value":0.4698619801107007,
       "original name":"ENSONIP00000016901"
      },
     "ENSORLP00000002413":{
       "Baseline MG94xREV":0.1417008180006894,
       "Baseline MG94xREV omega ratio":0.07656998504903841,
       "Corrected P-value":1,
       "Full adaptive model":0.1376991376153865,
       "Full adaptive model (non-synonymous subs/site)":0.02721721021389052,
       "Full adaptive model (synonymous subs/site)":0.110481927401496,
       "LRT":0,
       "Nucleotide GTR":0.10044372720046,
       "Rate Distributions":        [
[0.07311146733729536, 1] 
        ],
       "Rate classes":1,
       "Uncorrected P-value":1,
       "original name":"ENSORLP00000002413"
      },
     "ENSTRUP00000027690":{
       "Baseline MG94xREV":0.09845625676400965,
       "Baseline MG94xREV omega ratio":0.05726386947712971,
       "Corrected P-value":1,
       "Full adaptive model":0.1084091737203381,
       "Full adaptive model (non-synonymous subs/site)":0.02001917248458016,
       "Full adaptive model (synonymous subs/site)":0.08839000123575799,
       "LRT":0.09443269769326434,
       "Nucleotide GTR":0.08152412464278282,
       "Rate Distributions":        [
[0, 0.9441731889048586],
        [1.204018874592744, 0.05582681109514143] 
        ],
       "Rate classes":2,
       "Uncorrected P-value":0.4378874551000809,
       "original name":"ENSTRUP00000027690"
      },
     "GPD1_DANRE":{
       "Baseline MG94xREV":0.2527319139410073,
       "Baseline MG94xREV omega ratio":0.06067605896744147,
       "Corrected P-value":1,
       "Full adaptive model":0.2390740965976507,
       "Full adaptive model (non-synonymous subs/site)":0.05411436561585224,
       "Full adaptive model (synonymous subs/site)":0.1849597309817984,
       "LRT":0,
       "Nucleotide GTR":0.1469836513038518,
       "Rate Distributions":        [
[0.01566020375451281, 0.8828441760914227],
        [0.623137817660203, 0.1171558239085773] 
        ],
       "Rate classes":2,
       "Uncorrected P-value":1,
       "original name":"GPD1_DANRE"
      },
     "NODE_3":{
       "Baseline MG94xREV":0.1135090935617472,
       "Baseline MG94xREV omega ratio":0.0305549690462067,
       "Corrected P-value":1,
       "Full adaptive model":0.10680283411771,
       "Full adaptive model (non-synonymous subs/site)":0.01013958569094872,
       "Full adaptive model (synonymous subs/site)":0.09666324842676122,
       "LRT":0,
       "Nucleotide GTR":0.06076250076958765,
       "Rate Distributions":        [
[0.03113092024035514, 1] 
        ],
       "Rate classes":1,
       "Uncorrected P-value":1
      },
     "NODE_5":{
       "Baseline MG94xREV":0.02971168135685551,
       "Baseline MG94xREV omega ratio":0,
       "Corrected P-value":1,
       "Full adaptive model":0.03312677530061978,
       "Full adaptive model (non-synonymous subs/site)":0.000228568606350129,
       "Full adaptive model (synonymous subs/site)":0.03289820669426967,
       "LRT":0,
       "Nucleotide GTR":0.01729153202334698,
       "Rate Distributions":        [
[0.002061946962224721, 1] 
        ],
       "Rate classes":1,
       "Uncorrected P-value":1
      },
     "NODE_8":{
       "Baseline MG94xREV":0.07083023352685101,
       "Baseline MG94xREV omega ratio":0.2293691895164409,
       "Corrected P-value":1,
       "Full adaptive model":0.07976194470758419,
       "Full adaptive model (non-synonymous subs/site)":0.03846609830066271,
       "Full adaptive model (synonymous subs/site)":0.04129584640692147,
       "LRT":0.7519557769519452,
       "Nucleotide GTR":0.06079385583069567,
       "Rate Distributions":        [
[0, 0.8599752801230973],
        [1.974241093181586, 0.1400247198769027] 
        ],
       "Rate classes":2,
       "Uncorrected P-value":0.2831567996756482
      },
     "NODE_9":{
       "Baseline MG94xREV":0.01749659801704431,
       "Baseline MG94xREV omega ratio":10000000000,
       "Corrected P-value":0.1439818621181232,
       "Full adaptive model":0.03418537106113009,
       "Full adaptive model (non-synonymous subs/site)":0.03417302820124897,
       "Full adaptive model (synonymous subs/site)":1.234285988112059e-05,
       "LRT":6.4153145572418,
       "Nucleotide GTR":0.03958443939372015,
       "Rate Distributions":        [
[1, 0.9434266337420594],
        [14507.40876553026, 0.05657336625794063] 
        ],
       "Rate classes":2,
       "Uncorrected P-value":0.01439818621181232
      },
     "Q4SDD6_TETNG":{
       "Baseline MG94xREV":0.1220456287833444,
       "Baseline MG94xREV omega ratio":0.1881357026574829,
       "Corrected P-value":0.9939340065282403,
       "Full adaptive model":0.144442657406796,
       "Full adaptive model (non-synonymous subs/site)":0.08074798852729562,
       "Full adaptive model (synonymous subs/site)":0.06369466887950043,
       "LRT":2.470358001775821,
       "Nucleotide GTR":0.09549520874703912,
       "Rate Distributions":        [
[0.1120964553272469, 0.9430358919545465],
        [4.749064876493191, 0.05696410804545349] 
        ],
       "Rate classes":2,
       "Uncorrected P-value":0.1104371118364711,
       "original name":"Q4SDD6_TETNG"
      }
    },