{
 "analysis":{
   "authors":"Sergei L Kosakovsky Pond, Ben Murrell, Steven Weaver and Temple iGEM / UCSD viral evolution group",
   "citation":"Less Is More: An Adaptive Branch-Site Random Effects Model for Efficient Detection of Episodic Diversifying Selection (2015). Mol Biol Evol 32 (5): 1342-1353. v2.2 adds support for multiple-hit models",
   "contact":"spond@temple.edu",
   "info":"aBSREL (Adaptive branch-site random effects likelihood)\n                            uses an adaptive random effects branch-site model framework\n                            to test whether each branch has evolved under positive selection,\n                            using a procedure which infers an optimal number of rate categories per branch.",
   "requirements":"in-frame codon alignment and a phylogenetic tree",
   "version":"2.2"
  },
 "branch attributes":{
   "0":{
     "ENSGACP00000024348":{
       "Baseline MG94xREV":0.1739569406781295,
       "Baseline MG94xREV omega ratio":0.252859409568978,
       "Corrected P-value":1,
       "Full adaptive model":0.1780733663884599,
       "Full adaptive model (non-synonymous subs/site)":0.08615163798096921,
       "Full adaptive model (synonymous subs/site)":0.0919217284074907,
       "LRT":0.005662085870426381,
       "Nucleotide GTR":0.1559730497925109,
       "Rate Distributions":        [
[0.1084184342091931, 0.8522606334306597],
        [1.484444662903809, 0.1477393665693403] 
        ],
       "Rate classes":2,
       "Uncorrected P-value":0.4871555527340705,
       "original name":"ENSGACP00000024348"
      },
     "ENSLACP00000001868":{
       "Baseline MG94xREV":0.2202458734054029,
       "Baseline MG94xREV omega ratio":0.1178796056356344,
       "Corrected P-value":1,
       "Full adaptive model":0.213229547442379,
       "Full adaptive model (non-synonymous subs/site)":0.05370982767233955,
       "Full adaptive model (synonymous subs/site)":0.1595197197700394,
       "LRT":0,
       "Nucleotide GTR":0.1511663663769063,
       "Rate Distributions":        [
[0.1119817103056001, 1] 
        ],
       "Rate classes":1,
       "Uncorrected P-value":1,
       "original name":"ENSLACP00000001868"
      },
     "ENSONIP00000022304":{
       "Baseline MG94xREV":0.1240245843321975,
       "Baseline MG94xREV omega ratio":0.1109970957836667,
       "Corrected P-value":1,
       "Full adaptive model":0.1289115324267248,
       "Full adaptive model (non-synonymous subs/site)":0.02786911592637844,
       "Full adaptive model (synonymous subs/site)":0.1010424165003464,
       "LRT":0,
       "Nucleotide GTR":0.09521486955276863,
       "Rate Distributions":        [
[0.09173333511543265, 1] 
        ],
       "Rate classes":1,
       "Uncorrected P-value":1,
       "original name":"ENSONIP00000022304"
      },
     "ENSPSIP00000015547":{
       "Baseline MG94xREV":0.3392063814420623,
       "Baseline MG94xREV omega ratio":0.1064897107711729,
       "Corrected P-value":1,
       "Full adaptive model":0.3665318240606107,
       "Full adaptive model (non-synonymous subs/site)":0.07601528036210149,
       "Full adaptive model (synonymous subs/site)":0.290516543698509,
       "LRT":0,
       "Nucleotide GTR":0.1989836262224688,
       "Rate Distributions":        [
[0.08702374086615998, 1] 
        ],
       "Rate classes":1,
       "Uncorrected P-value":1,
       "original name":"ENSPSIP00000015547"
      },
     "ENSTRUP00000028193":{
       "Baseline MG94xREV":0.1761987256032307,
       "Baseline MG94xREV omega ratio":0.2085800617205575,
       "Corrected P-value":1,
       "Full adaptive model":2.962422091586175,
       "Full adaptive model (non-synonymous subs/site)":2.868631128150599,
       "Full adaptive model (synonymous subs/site)":0.09379096343557605,
       "LRT":1.050355184852378,
       "Nucleotide GTR":0.1314218023910271,
       "Rate Distributions":        [
[0.1811913136129887, 0.9793713583195757],
        [484.5156374531855, 0.02062864168042433] 
        ],
       "Rate classes":2,
       "Uncorrected P-value":0.2385201551457519,
       "original name":"ENSTRUP00000028193"
      },
     "ENSXETP00000062747":{
       "Baseline MG94xREV":0.3651502061197482,
       "Baseline MG94xREV omega ratio":0.05884882741752044,
       "Corrected P-value":1,
       "Full adaptive model":0.4044263663176095,
       "Full adaptive model (non-synonymous subs/site)":0.1240580731885949,
       "Full adaptive model (synonymous subs/site)":0.2803682931290147,
       "LRT":0.8374662217829609,
       "Nucleotide GTR":0.1788786049528052,
       "Rate Distributions":        [
[0.03139727904147459, 0.9573993309451923],
        [2.748901281611652, 0.04260066905480775] 
        ],
       "Rate classes":2,
       "Uncorrected P-value":0.2693884137499573,
       "original name":"ENSXETP00000062747"
      },
     "NODE_10":{
       "Baseline MG94xREV":0.436168195211601,
       "Baseline MG94xREV omega ratio":0.03465651504935616,
       "Corrected P-value":1,
       "Full adaptive model":0.2785432723615741,
       "Full adaptive model (non-synonymous subs/site)":0.07105508791345538,
       "Full adaptive model (synonymous subs/site)":0.2074881844481187,
       "LRT":0.001869816856924444,
       "Nucleotide GTR":0.1200169797002105,
       "Rate Distributions":        [
[0, 0.8913080536703459],
        [1.047881468877398, 0.1086919463296541] 
        ],
       "Rate classes":2,
       "Uncorrected P-value":0.4928214825904015
      },
     "NODE_12":{
       "Baseline MG94xREV":0.8364847624361683,
       "Baseline MG94xREV omega ratio":0.02882352777885124,
       "Corrected P-value":1,
       "Full adaptive model":0.3982637530785701,
       "Full adaptive model (non-synonymous subs/site)":0.09309561334305123,
       "Full adaptive model (synonymous subs/site)":0.3051681397355189,
       "LRT":0,
       "Nucleotide GTR":0.1399910142809279,
       "Rate Distributions":        [
[0, 0.8266386441711322],
        [0.5852554245156322, 0.1733613558288678] 
        ],
       "Rate classes":2,
       "Uncorrected P-value":1
      },
     "NODE_3":{
       "Baseline MG94xREV":0.02379586991218759,
       "Baseline MG94xREV omega ratio":3.751163314405525,
       "Corrected P-value":1,
       "Full adaptive model":0.0193596680045565,
       "Full adaptive model (non-synonymous subs/site)":0.0193596680045565,
       "Full adaptive model (synonymous subs/site)":1e-10,
       "LRT":0.02672310117486631,
       "Nucleotide GTR":0.04621928337600941,
       "Rate Distributions":        [
[10000000000, 1] 
        ],
       "Rate classes":1,
       "Uncorrected P-value":0.4700475559969127
      },
     "NODE_8":{
       "Baseline MG94xREV":0.04027245183006645,
       "Baseline MG94xREV omega ratio":0.2829751218156665,
       "Corrected P-value":1,
       "Full adaptive model":0.0588134735355973,
       "Full adaptive model (non-synonymous subs/site)":0.02404091688904289,
       "Full adaptive model (synonymous subs/site)":0.03477255664655441,
       "LRT":0.8060072906246205,
       "Nucleotide GTR":0.06129617465166965,
       "Rate Distributions":        [
[0, 0.9310540149319069],
        [3.335132850434467, 0.06894598506809313] 
        ],
       "Rate classes":2,
       "Uncorrected P-value":0.2743535660677782
      },
     "ZGC_113355_DANRE":{
       "Baseline MG94xREV":0.140467762241916,
       "Baseline MG94xREV omega ratio":0.3150287068507481,
       "Corrected P-value":1,
       "Full adaptive model":0.3060541802447133,
       "Full adaptive model (non-synonymous subs/site)":0.0616820651871085,
       "Full adaptive model (synonymous subs/site)":0.2443721150576044,
       "LRT":0,
       "Nucleotide GTR":0.179009390028777,
       "Rate Distributions":        [
[0.08394889298941761, 1] 
        ],
       "Rate classes":1,
       "Uncorrected P-value":1,
       "original name":"ZGC@113355_DANRE"
      }
    },
   "attributes":{
     "Baseline MG94xREV":{
       "attribute type":"branch length",
       "display order":1
      },