{
 "analysis":{
   "authors":"Sergei L Kosakovsky Pond, Ben Murrell, Steven Weaver and Temple iGEM / UCSD viral evolution group",
   "citation":"Less Is More: An Adaptive Branch-Site Random Effects Model for Efficient Detection of Episodic Diversifying Selection (2015). Mol Biol Evol 32 (5): 1342-1353. v2.2 adds support for multiple-hit models",
   "contact":"spond@temple.edu",
   "info":"aBSREL (Adaptive branch-site random effects likelihood)\n                            uses an adaptive random effects branch-site model framework\n                            to test whether each branch has evolved under positive selection,\n                            using a procedure which infers an optimal number of rate categories per branch.",
   "requirements":"in-frame codon alignment and a phylogenetic tree",
   "version":"2.2"
  },
 "branch attributes":{
   "0":{
     "CR848029_2_DANRE":{
       "Baseline MG94xREV":0.5221583943256225,
       "Baseline MG94xREV omega ratio":0.07590757484539409,
       "Corrected P-value":1,
       "Full adaptive model":0.5864925436841129,
       "Full adaptive model (non-synonymous subs/site)":0.1626192217490189,
       "Full adaptive model (synonymous subs/site)":0.4238733219350941,
       "LRT":0,
       "Nucleotide GTR":0.2699812655797459,
       "Rate Distributions":        [
[0, 0.7759583048992436],
        [0.5691036251068432, 0.2240416951007564] 
        ],
       "Rate classes":2,
       "Uncorrected P-value":1,
       "original name":"CR848029.2_DANRE"
      },
     "ENSACAP00000001971":{
       "Baseline MG94xREV":0.2337817653623711,
       "Baseline MG94xREV omega ratio":0.05993734705539566,
       "Corrected P-value":1,
       "Full adaptive model":1238.535927439374,
       "Full adaptive model (non-synonymous subs/site)":1238.36010918261,
       "Full adaptive model (synonymous subs/site)":0.1758182567642926,
       "LRT":0.3352684093260905,
       "Nucleotide GTR":0.1264072471178202,
       "Rate Distributions":        [
[0.04147908455050003, 0.9765922389456891],
        [100000, 0.02340776105431086] 
        ],
       "Rate classes":2,
       "Uncorrected P-value":0.3662135758405147,
       "original name":"ENSACAP00000001971"
      },
     "ENSGACP00000007078":{
       "Baseline MG94xREV":0.1012012185165741,
       "Baseline MG94xREV omega ratio":0.1928094786275173,
       "Corrected P-value":1,
       "Full adaptive model":0.1096245175573349,
       "Full adaptive model (non-synonymous subs/site)":0.0464093013713423,
       "Full adaptive model (synonymous subs/site)":0.06321521618599264,
       "LRT":0.7053488658802962,
       "Nucleotide GTR":0.09798809559565434,
       "Rate Distributions":        [
[0, 0.8439362430423478],
        [1.563384323081318, 0.1560637569576522] 
        ],
       "Rate classes":2,
       "Uncorrected P-value":0.2910402326681947,
       "original name":"ENSGACP00000007078"
      },
     "ENSGALP00000025944":{
       "Baseline MG94xREV":0.01575762594747994,
       "Baseline MG94xREV omega ratio":0.02938492750763211,
       "Corrected P-value":1,
       "Full adaptive model":0.01567736460108496,
       "Full adaptive model (non-synonymous subs/site)":0.0008396354443904503,
       "Full adaptive model (synonymous subs/site)":0.0148377291566945,
       "LRT":0,
       "Nucleotide GTR":0.01582462601692759,
       "Rate Distributions":        [
[0.01880648930392045, 1] 
        ],
       "Rate classes":1,
       "Uncorrected P-value":1,
       "original name":"ENSGALP00000025944"
      },
     "ENSGMOP00000001432":{
       "Baseline MG94xREV":0.1619313684726015,
       "Baseline MG94xREV omega ratio":0.08025768671145922,
       "Corrected P-value":1,
       "Full adaptive model":0.1795036994948798,
       "Full adaptive model (non-synonymous subs/site)":0.07060851516866097,
       "Full adaptive model (synonymous subs/site)":0.1088951843262188,
       "LRT":1.895547986987367,
       "Nucleotide GTR":0.1018848726890167,
       "Rate Distributions":        [
[0.02197924709477727, 0.9533203238241862],
        [4.167543060201097, 0.04667967617581381] 
        ],
       "Rate classes":2,
       "Uncorrected P-value":0.1499963588399581,
       "original name":"ENSGMOP00000001432"
      },
     "ENSMGAP00000013742":{
       "Baseline MG94xREV":0.01848746704304652,
       "Baseline MG94xREV omega ratio":0.196902477555722,
       "Corrected P-value":1,
       "Full adaptive model":0.01819861555217072,
       "Full adaptive model (non-synonymous subs/site)":0.0065348107684614,
       "Full adaptive model (synonymous subs/site)":0.01166380478370934,
       "LRT":0,
       "Nucleotide GTR":0.01728270709980503,
       "Rate Distributions":        [
[0.1861989299295714, 1] 
        ],
       "Rate classes":1,
       "Uncorrected P-value":1,
       "original name":"ENSMGAP00000013742"
      },
     "ENSPSIP00000010243":{
       "Baseline MG94xREV":0.05518063860388434,
       "Baseline MG94xREV omega ratio":0.18404614860835,
       "Corrected P-value":1,
       "Full adaptive model":0.0792389959922415,
       "Full adaptive model (non-synonymous subs/site)":0.02662006553176828,
       "Full adaptive model (synonymous subs/site)":0.05261893046047323,
       "LRT":0.1850558221649408,
       "Nucleotide GTR":0.0709133432676143,
       "Rate Distributions":        [
[0, 0.8777675732203637],
        [1.375514195551814, 0.1222324267796363] 
        ],
       "Rate classes":2,
       "Uncorrected P-value":0.4068999043831652,
       "original name":"ENSPSIP00000010243"
      },
     "ENSTRUP00000000520":{
       "Baseline MG94xREV":0.1790207277837944,
       "Baseline MG94xREV omega ratio":0.1145956380486209,
       "Corrected P-value":1,
       "Full adaptive model":0.1779388712190743,
       "Full adaptive model (non-synonymous subs/site)":0.03835275851660849,
       "Full adaptive model (synonymous subs/site)":0.139586112702466,
       "LRT":0,
       "Nucleotide GTR":0.1261374102140374,
       "Rate Distributions":        [
[0.09131430124405836, 1] 
        ],
       "Rate classes":1,
       "Uncorrected P-value":1,
       "original name":"ENSTRUP00000000520"
      },
     "NODE_10":{
       "Baseline MG94xREV":0.2095038919489922,
       "Baseline MG94xREV omega ratio":0.1082878084789093,
       "Corrected P-value":1,
       "Full adaptive model":0.19739599601276,
       "Full adaptive model (non-synonymous subs/site)":0.05261492156704779,
       "Full adaptive model (synonymous subs/site)":0.1447810744457122,
       "LRT":0,
       "Nucleotide GTR":0.1383339124014763,
       "Rate Distributions":        [
[0.008585635759789975, 0.6976996811163979],
        [0.3797086769892746, 0.3023003188836021] 
        ],
       "Rate classes":2,
       "Uncorrected P-value":1
      },
     "NODE_12":{
       "Baseline MG94xREV":0.004658677116584575,
       "Baseline MG94xREV omega ratio":10000000000,
       "Corrected P-value":1,
       "Full adaptive model":0,
       "Full adaptive model (non-synonymous subs/site)":1e-10,
       "Full adaptive model (synonymous subs/site)":1e-10,
       "LRT":0,
       "Nucleotide GTR":0.00916621679979638,
       "Rate Distributions":        [
[1, 1] 
        ],
       "Rate classes":1,
       "Uncorrected P-value":1
      },
     "NODE_14":{
       "Baseline MG94xREV":0.4018673742750553,
       "Baseline MG94xREV omega ratio":0.151588616716383,
       "Corrected P-value":1,
       "Full adaptive model":0.4499466007184363,
       "Full adaptive model (non-synonymous subs/site)":0.1963232094215849,
       "Full adaptive model (synonymous subs/site)":0.2536233912968514,
       "LRT":0,
       "Nucleotide GTR":0.2176262611741401,
       "Rate Distributions":        [
[0, 0.676157287573753],
        [0.7943878963286886, 0.323842712426247] 
        ],
       "Rate classes":2,
       "Uncorrected P-value":1
      },
     "NODE_3":{
       "Baseline MG94xREV":0.05076293496800526,
       "Baseline MG94xREV omega ratio":0.2092622486805959,
       "Corrected P-value":1,