{
 "analysis":{
   "authors":"Sergei L Kosakovsky Pond, Ben Murrell, Steven Weaver and Temple iGEM / UCSD viral evolution group",
   "citation":"Less Is More: An Adaptive Branch-Site Random Effects Model for Efficient Detection of Episodic Diversifying Selection (2015). Mol Biol Evol 32 (5): 1342-1353. v2.2 adds support for multiple-hit models",
   "contact":"spond@temple.edu",
   "info":"aBSREL (Adaptive branch-site random effects likelihood)\n                            uses an adaptive random effects branch-site model framework\n                            to test whether each branch has evolved under positive selection,\n                            using a procedure which infers an optimal number of rate categories per branch.",
   "requirements":"in-frame codon alignment and a phylogenetic tree",
   "version":"2.2"
  },
 "branch attributes":{
   "0":{
     "ENSACAP00000021470":{
       "Baseline MG94xREV":0.3941052125323211,
       "Baseline MG94xREV omega ratio":0.1819367467257147,
       "Corrected P-value":1,
       "Full adaptive model":0.4868804408450747,
       "Full adaptive model (non-synonymous subs/site)":0.2348783077000434,
       "Full adaptive model (synonymous subs/site)":0.2520021331450313,
       "LRT":0.2653308918761468,
       "Nucleotide GTR":0.2920577603017685,
       "Rate Distributions":        [
[0.08680256076542099, 0.8494808972679576],
        [1.734645870719347, 0.1505191027320424] 
        ],
       "Rate classes":2,
       "Uncorrected P-value":0.3840236470649682,
       "original name":"ENSACAP00000021470"
      },
     "ENSGACP00000017391":{
       "Baseline MG94xREV":0.1395027732201364,
       "Baseline MG94xREV omega ratio":0.2635463951832371,
       "Corrected P-value":1,
       "Full adaptive model":9.294614257993274,
       "Full adaptive model (non-synonymous subs/site)":9.21646451793519,
       "Full adaptive model (synonymous subs/site)":0.07814974005808238,
       "LRT":1.136099497958639,
       "Nucleotide GTR":0.1318213326502462,
       "Rate Distributions":        [
[0.207491739143715, 0.9781936836887213],
        [1933.572209564449, 0.02180631631127872] 
        ],
       "Rate classes":2,
       "Uncorrected P-value":0.2272844363311239,
       "original name":"ENSGACP00000017391"
      },
     "ENSGMOP00000006496":{
       "Baseline MG94xREV":0.2459088764424295,
       "Baseline MG94xREV omega ratio":0.2479114592073625,
       "Corrected P-value":1,
       "Full adaptive model":0.2627798845649224,
       "Full adaptive model (non-synonymous subs/site)":0.1481730358952441,
       "Full adaptive model (synonymous subs/site)":0.1146068486696783,
       "LRT":0.6572091407633707,
       "Nucleotide GTR":0.1981973597297045,
       "Rate Distributions":        [
[0.09212551940430708, 0.8301619192003787],
        [2.284427400092153, 0.1698380807996213] 
        ],
       "Rate classes":2,
       "Uncorrected P-value":0.2994876831493814,
       "original name":"ENSGMOP00000006496"
      },
     "ENSLACP00000016330":{
       "Baseline MG94xREV":0.3089323696009265,
       "Baseline MG94xREV omega ratio":0.1334840818066202,
       "Corrected P-value":1,
       "Full adaptive model":0.3536618433318311,
       "Full adaptive model (non-synonymous subs/site)":0.1010733966023233,
       "Full adaptive model (synonymous subs/site)":0.2525884467295078,
       "LRT":0,
       "Nucleotide GTR":0.206645390938471,
       "Rate Distributions":        [
[0, 0.7358749290842782],
        [0.544258478922617, 0.2641250709157218] 
        ],
       "Rate classes":2,
       "Uncorrected P-value":1,
       "original name":"ENSLACP00000016330"
      },
     "ENSONIP00000000686":{
       "Baseline MG94xREV":0.1315106467399631,
       "Baseline MG94xREV omega ratio":0.1257310992203344,
       "Corrected P-value":1,
       "Full adaptive model":0.1391734717581839,
       "Full adaptive model (non-synonymous subs/site)":0.04071041389491377,
       "Full adaptive model (synonymous subs/site)":0.09846305786327011,
       "LRT":0,
       "Nucleotide GTR":0.1067765968352907,
       "Rate Distributions":        [
[0, 0.8234392552039208],
        [0.8412585642741705, 0.1765607447960792] 
        ],
       "Rate classes":2,
       "Uncorrected P-value":1,
       "original name":"ENSONIP00000000686"
      },
     "ENSORLP00000002566":{
       "Baseline MG94xREV":0.1695776052035703,
       "Baseline MG94xREV omega ratio":0.1340422378356485,
       "Corrected P-value":1,
       "Full adaptive model":0.1826008399224845,
       "Full adaptive model (non-synonymous subs/site)":0.06235900752670887,
       "Full adaptive model (synonymous subs/site)":0.1202418323957757,
       "LRT":0,
       "Nucleotide GTR":0.1314982594029807,
       "Rate Distributions":        [
[0.02079412755468746, 0.8250967882395646],
        [0.9671197931996379, 0.1749032117604354] 
        ],
       "Rate classes":2,
       "Uncorrected P-value":1,
       "original name":"ENSORLP00000002566"
      },
     "ENSPSIP00000020139":{
       "Baseline MG94xREV":0.09210475583373917,
       "Baseline MG94xREV omega ratio":0.5090100273064969,
       "Corrected P-value":1,
       "Full adaptive model":0.08497404533383862,
       "Full adaptive model (non-synonymous subs/site)":0.0487617769373806,
       "Full adaptive model (synonymous subs/site)":0.03621226839645805,
       "LRT":0,
       "Nucleotide GTR":0.1148978411625024,
       "Rate Distributions":        [
[0.4837436139464614, 1] 
        ],
       "Rate classes":1,
       "Uncorrected P-value":1,
       "original name":"ENSPSIP00000020139"
      },
     "ENSTNIP00000009284":{
       "Baseline MG94xREV":0.1227639605403879,
       "Baseline MG94xREV omega ratio":0.1314315467620849,
       "Corrected P-value":1,
       "Full adaptive model":0.1221408503832277,
       "Full adaptive model (non-synonymous subs/site)":0.02871593839291756,
       "Full adaptive model (synonymous subs/site)":0.09342491199031021,
       "LRT":0,
       "Nucleotide GTR":0.09201923854843709,
       "Rate Distributions":        [
[0.110421023285147, 1] 
        ],
       "Rate classes":1,
       "Uncorrected P-value":1,
       "original name":"ENSTNIP00000009284"
      },
     "ENSTRUP00000011877":{
       "Baseline MG94xREV":0.1041809773377555,
       "Baseline MG94xREV omega ratio":0.1621683311301234,
       "Corrected P-value":1,
       "Full adaptive model":0.1403893708862235,
       "Full adaptive model (non-synonymous subs/site)":0.06994329669476093,
       "Full adaptive model (synonymous subs/site)":0.07044607419146254,
       "LRT":2.77160165798341,
       "Nucleotide GTR":0.1011356863850007,
       "Rate Distributions":        [
[0.0659936940464147, 0.9544114403620769],
        [6.442329073547991, 0.04558855963792308] 
        ],
       "Rate classes":2,
       "Uncorrected P-value":0.09422704594753326,
       "original name":"ENSTRUP00000011877"
      },
     "NODE_11":{
       "Baseline MG94xREV":0.1540619715480033,
       "Baseline MG94xREV omega ratio":0.3678965887560988,
       "Corrected P-value":1,
       "Full adaptive model":0.2329793914175741,
       "Full adaptive model (non-synonymous subs/site)":0.12436082734271,
       "Full adaptive model (synonymous subs/site)":0.1086185640748641,
       "LRT":0.1492346391823958,
       "Nucleotide GTR":0.1408757656529165,
       "Rate Distributions":        [
[0.04863233657583974, 0.850565455769917],
        [2.475643458840473, 0.149434544230083] 
        ],
       "Rate classes":2,
       "Uncorrected P-value":0.4182831430558741
      },
     "NODE_16":{
       "Baseline MG94xREV":0.1347246630064461,
       "Baseline MG94xREV omega ratio":0.5482721791107386,
       "Corrected P-value":1,
       "Full adaptive model":0.1863147855055984,
       "Full adaptive model (non-synonymous subs/site)":0.1592701264398994,
       "Full adaptive model (synonymous subs/site)":0.027044659065699,
       "LRT":-0.9604759051635483,
       "Nucleotide GTR":0.134052125000356,