{
 "analysis":{
   "authors":"Sergei L Kosakovsky Pond, Ben Murrell, Steven Weaver and Temple iGEM / UCSD viral evolution group",
   "citation":"Less Is More: An Adaptive Branch-Site Random Effects Model for Efficient Detection of Episodic Diversifying Selection (2015). Mol Biol Evol 32 (5): 1342-1353. v2.2 adds support for multiple-hit models",
   "contact":"spond@temple.edu",
   "info":"aBSREL (Adaptive branch-site random effects likelihood)\n                            uses an adaptive random effects branch-site model framework\n                            to test whether each branch has evolved under positive selection,\n                            using a procedure which infers an optimal number of rate categories per branch.",
   "requirements":"in-frame codon alignment and a phylogenetic tree",
   "version":"2.2"
  },
 "branch attributes":{
   "0":{
     "ENSTGUP00000014129":{
       "Baseline MG94xREV":0.05619323378724856,
       "Baseline MG94xREV omega ratio":1.092919654562493,
       "Corrected P-value":0.006110787776495541,
       "Full adaptive model":0.09156712290516662,
       "Full adaptive model (non-synonymous subs/site)":0.08212074486617973,
       "Full adaptive model (synonymous subs/site)":0.009446378038986899,
       "LRT":13.32171345311781,
       "Nucleotide GTR":0.05889375063713535,
       "Rate Distributions":        [
[0, 0.878129103685985],
        [20.33371227231198, 0.121870896314015] 
        ],
       "Rate classes":2,
       "Uncorrected P-value":0.0004364848411782529,
       "original name":"ENSTGUP00000014129"
      },
     "ENSTGUP00000014162":{
       "Baseline MG94xREV":0.02464210991571075,
       "Baseline MG94xREV omega ratio":0.4354723449360556,
       "Corrected P-value":0.1922408406221743,
       "Full adaptive model":0.14354368166539,
       "Full adaptive model (non-synonymous subs/site)":0.1389591428746661,
       "Full adaptive model (synonymous subs/site)":0.004584538790723886,
       "LRT":5.84905662179608,
       "Nucleotide GTR":0.02169502140289325,
       "Rate Distributions":        [
[0.5857326089732802, 0.9915542233587981],
        [954.2462517309343, 0.008445776641201941] 
        ],
       "Rate classes":2,
       "Uncorrected P-value":0.01922408406221743,
       "original name":"ENSTGUP00000014162"
      },
     "ENSTGUP00000014595":{
       "Baseline MG94xREV":0.03962980906786438,
       "Baseline MG94xREV omega ratio":0.9728198603213316,
       "Corrected P-value":0.02481182041031182,
       "Full adaptive model":48.35997875923155,
       "Full adaptive model (non-synonymous subs/site)":48.35470366717595,
       "Full adaptive model (synonymous subs/site)":0.005275092055608633,
       "LRT":10.24000989364549,
       "Nucleotide GTR":0.04157216872279609,
       "Rate Distributions":        [
[1, 0.9738798353963924],
        [100000, 0.02612016460360755] 
        ],
       "Rate classes":2,
       "Uncorrected P-value":0.002067651700859319,
       "original name":"ENSTGUP00000014595"
      },
     "ENSTGUP00000015061":{
       "Baseline MG94xREV":0.07785478745914502,
       "Baseline MG94xREV omega ratio":0.4591223513740777,
       "Corrected P-value":1,
       "Full adaptive model":0.0740723750097666,
       "Full adaptive model (non-synonymous subs/site)":0.04465974559536529,
       "Full adaptive model (synonymous subs/site)":0.02941262941440133,
       "LRT":0,
       "Nucleotide GTR":0.07122036368823903,
       "Rate Distributions":        [
[0.4328241797784763, 1] 
        ],
       "Rate classes":1,
       "Uncorrected P-value":1,
       "original name":"ENSTGUP00000015061"
      },
     "ENSTGUP00000015318":{
       "Baseline MG94xREV":0.01694243737067682,
       "Baseline MG94xREV omega ratio":0,
       "Corrected P-value":1,
       "Full adaptive model":0.01999282213061634,
       "Full adaptive model (non-synonymous subs/site)":0.003754272719054213,
       "Full adaptive model (synonymous subs/site)":0.01623854941156213,
       "LRT":0,
       "Nucleotide GTR":0.02181023607986116,
       "Rate Distributions":        [
[0.06590338280874974, 1] 
        ],
       "Rate classes":1,
       "Uncorrected P-value":1,
       "original name":"ENSTGUP00000015318"
      },
     "ENSTGUP00000015394":{
       "Baseline MG94xREV":0.009759183838207838,
       "Baseline MG94xREV omega ratio":0,
       "Corrected P-value":1,
       "Full adaptive model":0.01170596667493748,
       "Full adaptive model (non-synonymous subs/site)":0.002074039867816806,
       "Full adaptive model (synonymous subs/site)":0.009631926807120656,
       "LRT":0,
       "Nucleotide GTR":0.01110843167545256,
       "Rate Distributions":        [
[0.06138087109990693, 1] 
        ],
       "Rate classes":1,
       "Uncorrected P-value":1,
       "original name":"ENSTGUP00000015394"
      },
     "ENSTGUP00000015721":{
       "Baseline MG94xREV":0.05026750134163773,
       "Baseline MG94xREV omega ratio":0.9361471808154063,
       "Corrected P-value":0.0006923620229012939,
       "Full adaptive model":0.2498014009239272,
       "Full adaptive model (non-synonymous subs/site)":0.2452165796111076,
       "Full adaptive model (synonymous subs/site)":0.004584821312819594,
       "LRT":17.78559232700127,
       "Nucleotide GTR":0.04821107731333327,
       "Rate Distributions":        [
[1, 0.9477708406929789],
        [273.7599297467252, 0.0522291593070211] 
        ],
       "Rate classes":2,
       "Uncorrected P-value":4.615746819341959e-05,
       "original name":"ENSTGUP00000015721"
      },
     "ENSTGUP00000016873":{
       "Baseline MG94xREV":0.03758759754375115,
       "Baseline MG94xREV omega ratio":1.401193008754208,
       "Corrected P-value":0.2091827712596256,
       "Full adaptive model":0.04540387848865596,
       "Full adaptive model (non-synonymous subs/site)":0.03813989809298353,
       "Full adaptive model (synonymous subs/site)":0.007263980395672432,
       "LRT":5.870289198226601,
       "Nucleotide GTR":0.0348526092776504,
       "Rate Distributions":        [
[0.3075183627005856, 0.9334477049410335],
        [18.17585743330263, 0.06655229505896654] 
        ],
       "Rate classes":2,
       "Uncorrected P-value":0.01901661556905687,
       "original name":"ENSTGUP00000016873"
      },
     "ENSTGUP00000017100":{
       "Baseline MG94xREV":0.03056697742398479,
       "Baseline MG94xREV omega ratio":0.1697465314422532,
       "Corrected P-value":1,
       "Full adaptive model":0.03030806986604798,
       "Full adaptive model (non-synonymous subs/site)":0.009856180995108656,
       "Full adaptive model (synonymous subs/site)":0.02045188887093932,
       "LRT":0,
       "Nucleotide GTR":0.02814086492699659,
       "Rate Distributions":        [
[0.1373739439509838, 1] 
        ],
       "Rate classes":1,
       "Uncorrected P-value":1,
       "original name":"ENSTGUP00000017100"
      },
     "NODE_14":{
       "Baseline MG94xREV":0.01062060024851866,
       "Baseline MG94xREV omega ratio":10000000000,
       "Corrected P-value":1,
       "Full adaptive model":0.01316490178036995,
       "Full adaptive model (non-synonymous subs/site)":0.01316490178036995,
       "Full adaptive model (synonymous subs/site)":1e-10,
       "LRT":0.8348213946574106,
       "Nucleotide GTR":0.01163023286716406,
       "Rate Distributions":        [
[10000000000, 1] 
        ],
       "Rate classes":1,
       "Uncorrected P-value":0.2698015086699002
      },
     "NODE_16":{
       "Baseline MG94xREV":0.01433743878049108,
       "Baseline MG94xREV omega ratio":0.3806102643612434,
       "Corrected P-value":1,
       "Full adaptive model":0.009508037023397782,
       "Full adaptive model (non-synonymous subs/site)":0.003338714982673496,
       "Full adaptive model (synonymous subs/site)":0.006169322040724296,
       "LRT":0,
       "Nucleotide GTR":0.0103204199210035,
       "Rate Distributions":        [
[0.1542662867042851, 1] 
        ],
       "Rate classes":1,
       "Uncorrected P-value":1
      },