{
 "analysis":{
   "authors":"Sergei L Kosakovsky Pond, Ben Murrell, Steven Weaver and Temple iGEM / UCSD viral evolution group",
   "citation":"Less Is More: An Adaptive Branch-Site Random Effects Model for Efficient Detection of Episodic Diversifying Selection (2015). Mol Biol Evol 32 (5): 1342-1353. v2.2 adds support for multiple-hit models",
   "contact":"spond@temple.edu",
   "info":"aBSREL (Adaptive branch-site random effects likelihood)\n                            uses an adaptive random effects branch-site model framework\n                            to test whether each branch has evolved under positive selection,\n                            using a procedure which infers an optimal number of rate categories per branch.",
   "requirements":"in-frame codon alignment and a phylogenetic tree",
   "version":"2.2"
  },
 "branch attributes":{
   "0":{
     "NODE_10":{
       "Baseline MG94xREV":0.006393774656391124,
       "Baseline MG94xREV omega ratio":10000000000,
       "Corrected P-value":1,
       "Full adaptive model":0.007220197214690124,
       "Full adaptive model (non-synonymous subs/site)":0.006258291879085914,
       "Full adaptive model (synonymous subs/site)":0.0009619053356042085,
       "LRT":0.01533772417678847,
       "Nucleotide GTR":0.0221069610938791,
       "Rate Distributions":        [
[2.433559936609233, 1] 
        ],
       "Rate classes":1,
       "Uncorrected P-value":0.4779956512206112
      },
     "NODE_3":{
       "Baseline MG94xREV":0.01329614451574497,
       "Baseline MG94xREV omega ratio":1.160109661033352,
       "Corrected P-value":0.3359781390211242,
       "Full adaptive model":0.01759804576229637,
       "Full adaptive model (non-synonymous subs/site)":0.01618253043114447,
       "Full adaptive model (synonymous subs/site)":0.001415515331151908,
       "LRT":4.759598644424841,
       "Nucleotide GTR":0.01585507706438536,
       "Rate Distributions":        [
[0, 0.9596836504815892],
        [106.0642974934875, 0.04031634951841079] 
        ],
       "Rate classes":2,
       "Uncorrected P-value":0.03359781390211242
      },
     "NODE_6":{
       "Baseline MG94xREV":0.08134934494996164,
       "Baseline MG94xREV omega ratio":0.1423165621609723,
       "Corrected P-value":0.6714705983656253,
       "Full adaptive model":0.09378770645194975,
       "Full adaptive model (non-synonymous subs/site)":0.03793236137835055,
       "Full adaptive model (synonymous subs/site)":0.0558553450735992,
       "LRT":3.217613267137494,
       "Nucleotide GTR":0.07599219234561573,
       "Rate Distributions":        [
[0, 0.9133400226140997],
        [2.931197862723741, 0.08665997738590026] 
        ],
       "Rate classes":2,
       "Uncorrected P-value":0.07460784426284725
      },
     "NODE_8":{
       "Baseline MG94xREV":0.02976123682185166,
       "Baseline MG94xREV omega ratio":0.06337107002217211,
       "Corrected P-value":1,
       "Full adaptive model":0.02901569475956027,
       "Full adaptive model (non-synonymous subs/site)":0.003349941143209103,
       "Full adaptive model (synonymous subs/site)":0.02566575361635111,
       "LRT":0,
       "Nucleotide GTR":0.02412932180040112,
       "Rate Distributions":        [
[0.04882044373287882, 1] 
        ],
       "Rate classes":1,
       "Uncorrected P-value":1
      },
     "SLC5A8_1_OF_2_ORENI":{
       "Baseline MG94xREV":0.1332085560610084,
       "Baseline MG94xREV omega ratio":0.2489439506643643,
       "Corrected P-value":1,
       "Full adaptive model":0.1317852139303557,
       "Full adaptive model (non-synonymous subs/site)":0.05097194378955214,
       "Full adaptive model (synonymous subs/site)":0.08081327014080357,
       "LRT":0,
       "Nucleotide GTR":0.1360809352295584,
       "Rate Distributions":        [
[0.2359212610833597, 1] 
        ],
       "Rate classes":1,
       "Uncorrected P-value":1,
       "original name":"SLC5A8_1_OF_2_ORENI"
      },
     "SLC5A8_1_OF_2_TETNG":{
       "Baseline MG94xREV":0.2840187507010571,
       "Baseline MG94xREV omega ratio":0.307960181373465,
       "Corrected P-value":1,
       "Full adaptive model":0.3057268117658482,
       "Full adaptive model (non-synonymous subs/site)":0.1572225255688878,
       "Full adaptive model (synonymous subs/site)":0.1485042861969604,
       "LRT":0.08955234556196956,
       "Nucleotide GTR":0.253901030957823,
       "Rate Distributions":        [
[0.1902446836759187, 0.8653759346561212],
        [1.718608502977587, 0.1346240653438788] 
        ],
       "Rate classes":2,
       "Uncorrected P-value":0.4398128509515393,
       "original name":"SLC5A8_1_OF_2_TETNG"
      },
     "SLC5A8_2_OF_2_TETNG":{
       "Baseline MG94xREV":0.06489164553882748,
       "Baseline MG94xREV omega ratio":0.1403801106794475,
       "Corrected P-value":0.5986691579314827,
       "Full adaptive model":0.08904697779782808,
       "Full adaptive model (non-synonymous subs/site)":0.04171906196566894,
       "Full adaptive model (synonymous subs/site)":0.04732791583215915,
       "LRT":3.211820714239366,
       "Nucleotide GTR":0.06065628022520107,
       "Rate Distributions":        [
[0.08916212773757444, 0.9886776894782509],
        [21.33487928991648, 0.01132231052174915] 
        ],
       "Rate classes":2,
       "Uncorrected P-value":0.07483364474143533,
       "original name":"SLC5A8_2_OF_2_TETNG"
      },
     "SLC5A8_GADMO":{
       "Baseline MG94xREV":0.3826703805778813,
       "Baseline MG94xREV omega ratio":0.07507558004081114,
       "Corrected P-value":1,
       "Full adaptive model":5.943214455947155,
       "Full adaptive model (non-synonymous subs/site)":5.638629434400757,
       "Full adaptive model (synonymous subs/site)":0.3045850215463987,
       "LRT":1.596080707611691,
       "Nucleotide GTR":0.2214683689407937,
       "Rate Distributions":        [
[0.06156123831727584, 0.976569647614266],
        [292.966313872798, 0.02343035238573399] 
        ],
       "Rate classes":2,
       "Uncorrected P-value":0.1763550093979379,
       "original name":"SLC5A8_GADMO"
      },
     "SLC5A8_GASAC":{
       "Baseline MG94xREV":0.1095056520006564,
       "Baseline MG94xREV omega ratio":0.2135920310995965,
       "Corrected P-value":1,
       "Full adaptive model":0.1132374057614043,
       "Full adaptive model (non-synonymous subs/site)":0.04542108718552993,
       "Full adaptive model (synonymous subs/site)":0.0678163185758744,
       "LRT":0.1831990917289659,
       "Nucleotide GTR":0.0957238478848694,
       "Rate Distributions":        [
[0, 0.7943124659605899],
        [1.217962480080859, 0.2056875340394101] 
        ],
       "Rate classes":2,
       "Uncorrected P-value":0.407468800648467,
       "original name":"SLC5A8_GASAC"
      },
     "SLC5A8_ORYLA":{
       "Baseline MG94xREV":0.1573728760188591,
       "Baseline MG94xREV omega ratio":0.07730352715710144,
       "Corrected P-value":1,
       "Full adaptive model":0.1548568434204776,
       "Full adaptive model (non-synonymous subs/site)":0.02611912856525441,
       "Full adaptive model (synonymous subs/site)":0.1287377148552231,
       "LRT":0,
       "Nucleotide GTR":0.1149728232432229,
       "Rate Distributions":        [
[0.07588771104516988, 1] 
        ],
       "Rate classes":1,
       "Uncorrected P-value":1,
       "original name":"SLC5A8_ORYLA"
      },
     "SLC5A8_TAKRU":{
       "Baseline MG94xREV":0.05859771523955612,
       "Baseline MG94xREV omega ratio":0.1354442830204382,
       "Corrected P-value":0.3059102511244025,
       "Full adaptive model":8.65003366842198,
       "Full adaptive model (non-synonymous subs/site)":8.609835262582072,
       "Full adaptive model (synonymous subs/site)":0.0401984058399093,
       "LRT":5.127816799629727,
       "Nucleotide GTR":0.05593969767857864,
       "Rate Distributions":        [
[0.05757804693800734, 0.9027639939867429],
        [0.6941063738042484, 0.08969818170513409],
        [10613.01633508086, 0.007537824308123011] 
        ],
       "Rate classes":3,