{
 "analysis":{
   "authors":"Sergei L Kosakovsky Pond, Ben Murrell, Steven Weaver and Temple iGEM / UCSD viral evolution group",
   "citation":"Less Is More: An Adaptive Branch-Site Random Effects Model for Efficient Detection of Episodic Diversifying Selection (2015). Mol Biol Evol 32 (5): 1342-1353. v2.2 adds support for multiple-hit models",
   "contact":"spond@temple.edu",
   "info":"aBSREL (Adaptive branch-site random effects likelihood)\n                            uses an adaptive random effects branch-site model framework\n                            to test whether each branch has evolved under positive selection,\n                            using a procedure which infers an optimal number of rate categories per branch.",
   "requirements":"in-frame codon alignment and a phylogenetic tree",
   "version":"2.2"
  },
 "branch attributes":{
   "0":{
     "ENSGACP00000016360":{
       "Baseline MG94xREV":0.1438136405521149,
       "Baseline MG94xREV omega ratio":0.2683064884042519,
       "Corrected P-value":0.682577802915453,
       "Full adaptive model":0.3811957326934838,
       "Full adaptive model (non-synonymous subs/site)":0.3077082170340297,
       "Full adaptive model (synonymous subs/site)":0.07348751565945415,
       "LRT":3.739338725700463,
       "Nucleotide GTR":0.1264948570999109,
       "Rate Distributions":        [
[0.1999402567808299, 0.9697820589215963],
        [44.22343189643561, 0.0302179410784037] 
        ],
       "Rate classes":2,
       "Uncorrected P-value":0.05688148357628775,
       "original name":"ENSGACP00000016360"
      },
     "ENSGMOP00000021176":{
       "Baseline MG94xREV":0.1507095405560252,
       "Baseline MG94xREV omega ratio":0.09271211236173173,
       "Corrected P-value":1,
       "Full adaptive model":0.1515719919097204,
       "Full adaptive model (non-synonymous subs/site)":0.02945651896188007,
       "Full adaptive model (synonymous subs/site)":0.1221154729478405,
       "LRT":0,
       "Nucleotide GTR":0.1119059718920158,
       "Rate Distributions":        [
[0.08815452635274197, 1] 
        ],
       "Rate classes":1,
       "Uncorrected P-value":1,
       "original name":"ENSGMOP00000021176"
      },
     "ENSONIP00000021310":{
       "Baseline MG94xREV":0.03044574034573632,
       "Baseline MG94xREV omega ratio":10000000000,
       "Corrected P-value":1,
       "Full adaptive model":0.03078380322682732,
       "Full adaptive model (non-synonymous subs/site)":0.03078380322682732,
       "Full adaptive model (synonymous subs/site)":1e-10,
       "LRT":1.457279962763323,
       "Nucleotide GTR":0.04611900150888053,
       "Rate Distributions":        [
[10000000000, 1] 
        ],
       "Rate classes":1,
       "Uncorrected P-value":0.1902421330441234,
       "original name":"ENSONIP00000021310"
      },
     "ENSORLP00000017414":{
       "Baseline MG94xREV":0.2499901943316265,
       "Baseline MG94xREV omega ratio":0.2091598394542557,
       "Corrected P-value":1,
       "Full adaptive model":0.2476756098179373,
       "Full adaptive model (non-synonymous subs/site)":0.08895450718998459,
       "Full adaptive model (synonymous subs/site)":0.1587211026279527,
       "LRT":0,
       "Nucleotide GTR":0.2100730533425038,
       "Rate Distributions":        [
[0.2048175541895769, 1] 
        ],
       "Rate classes":1,
       "Uncorrected P-value":1,
       "original name":"ENSORLP00000017414"
      },
     "ENSTNIP00000002161":{
       "Baseline MG94xREV":0.09501168658048272,
       "Baseline MG94xREV omega ratio":0.4236443787303991,
       "Corrected P-value":1,
       "Full adaptive model":0.09423175435971741,
       "Full adaptive model (non-synonymous subs/site)":0.04895933013159668,
       "Full adaptive model (synonymous subs/site)":0.04527242422812063,
       "LRT":0,
       "Nucleotide GTR":0.0861852798896683,
       "Rate Distributions":        [
[0.3952169899258746, 1] 
        ],
       "Rate classes":1,
       "Uncorrected P-value":1,
       "original name":"ENSTNIP00000002161"
      },
     "NODE_10":{
       "Baseline MG94xREV":0.03078149417287629,
       "Baseline MG94xREV omega ratio":0.1175113052442673,
       "Corrected P-value":1,
       "Full adaptive model":0.02978750311015712,
       "Full adaptive model (non-synonymous subs/site)":0.006806744900401621,
       "Full adaptive model (synonymous subs/site)":0.02298075820975549,
       "LRT":0,
       "Nucleotide GTR":0.02205047336047766,
       "Rate Distributions":        [
[0.1082452906370857, 1] 
        ],
       "Rate classes":1,
       "Uncorrected P-value":1
      },
     "NODE_12":{
       "Baseline MG94xREV":0.0403451268482939,
       "Baseline MG94xREV omega ratio":0.2953702042305625,
       "Corrected P-value":1,
       "Full adaptive model":0.03732363330610016,
       "Full adaptive model (non-synonymous subs/site)":0.01669863109443939,
       "Full adaptive model (synonymous subs/site)":0.02062500221166075,
       "LRT":0,
       "Nucleotide GTR":0.05169798899377774,
       "Rate Distributions":        [
[0.295883506033121, 1] 
        ],
       "Rate classes":1,
       "Uncorrected P-value":1
      },
     "NODE_14":{
       "Baseline MG94xREV":0.2621627180842283,
       "Baseline MG94xREV omega ratio":0.02664374757115199,
       "Corrected P-value":1,
       "Full adaptive model":0.2471087909720097,
       "Full adaptive model (non-synonymous subs/site)":0.01684483384169935,
       "Full adaptive model (synonymous subs/site)":0.2302639571303102,
       "LRT":0,
       "Nucleotide GTR":0.08905007387160144,
       "Rate Distributions":        [
[0.02673465950020222, 1] 
        ],
       "Rate classes":1,
       "Uncorrected P-value":1
      },
     "NODE_9":{
       "Baseline MG94xREV":0.09483114948716631,
       "Baseline MG94xREV omega ratio":0.3275443911199228,
       "Corrected P-value":1,
       "Full adaptive model":0.09748063596560225,
       "Full adaptive model (non-synonymous subs/site)":0.04509656398812983,
       "Full adaptive model (synonymous subs/site)":0.05238407197747227,
       "LRT":0,
       "Nucleotide GTR":0.08864614601996294,
       "Rate Distributions":        [
[0.3146140318458463, 1] 
        ],
       "Rate classes":1,
       "Uncorrected P-value":1
      },
     "Q2L4C0_TAKRU":{
       "Baseline MG94xREV":0.06173618123921137,
       "Baseline MG94xREV omega ratio":0.5172444410641577,
       "Corrected P-value":1,
       "Full adaptive model":0.06155372157652967,
       "Full adaptive model (non-synonymous subs/site)":0.03566800565529417,
       "Full adaptive model (synonymous subs/site)":0.02588571592123547,
       "LRT":0,
       "Nucleotide GTR":0.06160370507301669,
       "Rate Distributions":        [
[0.5035615198142614, 1] 
        ],
       "Rate classes":1,
       "Uncorrected P-value":1,
       "original name":"Q2L4C0_TAKRU"
      },
     "UTS2A_DANRE":{
       "Baseline MG94xREV":0.1071212551366296,
       "Baseline MG94xREV omega ratio":10000000000,
       "Corrected P-value":1,
       "Full adaptive model":0.1060737085251575,
       "Full adaptive model (non-synonymous subs/site)":0.1060737085251575,
       "Full adaptive model (synonymous subs/site)":1e-10,
       "LRT":0.285232653398225,
       "Nucleotide GTR":0.2239680890385757,
       "Rate Distributions":        [
[10000000000, 1] 
        ],
       "Rate classes":1,
       "Uncorrected P-value":0.3787843812290977,
       "original name":"UTS2A_DANRE"
      },
     "UTS2B_DANRE":{
       "Baseline MG94xREV":1611.244912153297,
       "Baseline MG94xREV omega ratio":2.912488104219393e-05,
       "Corrected P-value":1,
       "Full adaptive model":1552.384748267379,
       "Full adaptive model (non-synonymous subs/site)":0.1211150992493763,
       "Full adaptive model (synonymous subs/site)":1552.26363316813,
       "LRT":0,
       "Nucleotide GTR":0.2847877117646195,
       "Rate Distributions":        [
[2.851456142018309e-05, 1] 
        ],
       "Rate classes":1,
       "Uncorrected P-value":1,