{
 "analysis":{
   "authors":"Sergei L Kosakovsky Pond, Ben Murrell, Steven Weaver and Temple iGEM / UCSD viral evolution group",
   "citation":"Less Is More: An Adaptive Branch-Site Random Effects Model for Efficient Detection of Episodic Diversifying Selection (2015). Mol Biol Evol 32 (5): 1342-1353. v2.2 adds support for multiple-hit models",
   "contact":"spond@temple.edu",
   "info":"aBSREL (Adaptive branch-site random effects likelihood)\n                            uses an adaptive random effects branch-site model framework\n                            to test whether each branch has evolved under positive selection,\n                            using a procedure which infers an optimal number of rate categories per branch.",
   "requirements":"in-frame codon alignment and a phylogenetic tree",
   "version":"2.2"
  },
 "branch attributes":{
   "0":{
     "ENSOANP00000003401":{
       "Baseline MG94xREV":0.1127999032742743,
       "Baseline MG94xREV omega ratio":0.3095355038439652,
       "Corrected P-value":1,
       "Full adaptive model":0.1134623195053676,
       "Full adaptive model (non-synonymous subs/site)":0.05512190415258909,
       "Full adaptive model (synonymous subs/site)":0.05834041535277839,
       "LRT":0,
       "Nucleotide GTR":0.1034649730634144,
       "Rate Distributions":        [
[0.3263658867313045, 1] 
        ],
       "Rate classes":1,
       "Uncorrected P-value":1,
       "original name":"ENSOANP00000003401"
      },
     "ENSOANP00000025512":{
       "Baseline MG94xREV":0.02380348703566191,
       "Baseline MG94xREV omega ratio":0.7430586985074193,
       "Corrected P-value":0.671547558306038,
       "Full adaptive model":0.02652710036144091,
       "Full adaptive model (non-synonymous subs/site)":0.01981616354107809,
       "Full adaptive model (synonymous subs/site)":0.006710936820362824,
       "LRT":3.770770414179424,
       "Nucleotide GTR":0.02350896443063288,
       "Rate Distributions":        [
[0, 0.9104472070088051],
        [11.38957071739864, 0.0895527929911949] 
        ],
       "Rate classes":2,
       "Uncorrected P-value":0.05596229652550316,
       "original name":"ENSOANP00000025512"
      },
     "ENSOANP00000025608":{
       "Baseline MG94xREV":0.06397247085569718,
       "Baseline MG94xREV omega ratio":0.4382508850537949,
       "Corrected P-value":1,
       "Full adaptive model":0.06453935770039275,
       "Full adaptive model (non-synonymous subs/site)":0.03568725000836868,
       "Full adaptive model (synonymous subs/site)":0.02885210769202406,
       "LRT":0,
       "Nucleotide GTR":0.06113074032039267,
       "Rate Distributions":        [
[0.4272534732803723, 1] 
        ],
       "Rate classes":1,
       "Uncorrected P-value":1,
       "original name":"ENSOANP00000025608"
      },
     "ENSOANP00000026322":{
       "Baseline MG94xREV":0.01284351624070327,
       "Baseline MG94xREV omega ratio":0.3852721058150201,
       "Corrected P-value":1,
       "Full adaptive model":0.0135291132000045,
       "Full adaptive model (non-synonymous subs/site)":0.007302254273324819,
       "Full adaptive model (synonymous subs/site)":0.006226858926679679,
       "LRT":0,
       "Nucleotide GTR":0.01311876607767012,
       "Rate Distributions":        [
[0.4050773759941183, 1] 
        ],
       "Rate classes":1,
       "Uncorrected P-value":1,
       "original name":"ENSOANP00000026322"
      },
     "ENSOANP00000026380":{
       "Baseline MG94xREV":0.009899918990524004,
       "Baseline MG94xREV omega ratio":0.3851923766738293,
       "Corrected P-value":1,
       "Full adaptive model":0.009923807078093635,
       "Full adaptive model (non-synonymous subs/site)":0.005234216146488889,
       "Full adaptive model (synonymous subs/site)":0.004689590931604736,
       "LRT":0,
       "Nucleotide GTR":0.01044367158599582,
       "Rate Distributions":        [
[0.385537613450172, 1] 
        ],
       "Rate classes":1,
       "Uncorrected P-value":1,
       "original name":"ENSOANP00000026380"
      },
     "ENSOANP00000026747":{
       "Baseline MG94xREV":0.002016757393227246,
       "Baseline MG94xREV omega ratio":0,
       "Corrected P-value":1,
       "Full adaptive model":0.002009076550810087,
       "Full adaptive model (non-synonymous subs/site)":1e-10,
       "Full adaptive model (synonymous subs/site)":0.002009076550810087,
       "LRT":0,
       "Nucleotide GTR":0.00150245772646372,
       "Rate Distributions":        [
[0, 1] 
        ],
       "Rate classes":1,
       "Uncorrected P-value":1,
       "original name":"ENSOANP00000026747"
      },
     "ENSOANP00000028791":{
       "Baseline MG94xREV":0.04183033952428102,
       "Baseline MG94xREV omega ratio":3.760079681495715,
       "Corrected P-value":0.09802663101467757,
       "Full adaptive model":0.05993048619912693,
       "Full adaptive model (non-synonymous subs/site)":0.05614859237299573,
       "Full adaptive model (synonymous subs/site)":0.003781893826131195,
       "LRT":7.686331984753451,
       "Nucleotide GTR":0.04592407819686393,
       "Rate Distributions":        [
[1, 0.8929341110454632],
        [39.55918097588527, 0.1070658889545368] 
        ],
       "Rate classes":2,
       "Uncorrected P-value":0.007540510078052121,
       "original name":"ENSOANP00000028791"
      },
     "ENSOANP00000028986":{
       "Baseline MG94xREV":0.07439317781589294,
       "Baseline MG94xREV omega ratio":0.2688962391336686,
       "Corrected P-value":1,
       "Full adaptive model":0.07400116604903824,
       "Full adaptive model (non-synonymous subs/site)":0.03252061904230126,
       "Full adaptive model (synonymous subs/site)":0.04148054700673692,
       "LRT":0,
       "Nucleotide GTR":0.07130329804288894,
       "Rate Distributions":        [
[0.2708098098710969, 1] 
        ],
       "Rate classes":1,
       "Uncorrected P-value":1,
       "original name":"ENSOANP00000028986"
      },
     "NODE_12":{
       "Baseline MG94xREV":0.03826987707117849,
       "Baseline MG94xREV omega ratio":0.4231595064747529,
       "Corrected P-value":1,
       "Full adaptive model":0.03644476921958646,
       "Full adaptive model (non-synonymous subs/site)":0.0203566241139072,
       "Full adaptive model (synonymous subs/site)":0.01608814510567926,
       "LRT":0,
       "Nucleotide GTR":0.03298922551750643,
       "Rate Distributions":        [
[0.4370688405080757, 1] 
        ],
       "Rate classes":1,
       "Uncorrected P-value":1
      },
     "NODE_14":{
       "Baseline MG94xREV":0.2860206563490658,
       "Baseline MG94xREV omega ratio":0.2411067726590276,
       "Corrected P-value":0.7612616408543987,
       "Full adaptive model":2540.122375403062,
       "Full adaptive model (non-synonymous subs/site)":2539.963293218028,
       "Full adaptive model (synonymous subs/site)":0.1590821850336233,
       "LRT":3.361836366932948,
       "Nucleotide GTR":0.2381935174348511,
       "Rate Distributions":        [
[0.1891598395438585, 0.9448504616086768],
        [100000, 0.05514953839132319] 
        ],
       "Rate classes":2,
       "Uncorrected P-value":0.06920560371403625
      },
     "NODE_3":{
       "Baseline MG94xREV":0.06778189867147785,
       "Baseline MG94xREV omega ratio":0.4993819903770941,
       "Corrected P-value":1,
       "Full adaptive model":0.06929040799642745,
       "Full adaptive model (non-synonymous subs/site)":0.04094147274821949,
       "Full adaptive model (synonymous subs/site)":0.02834893524820794,
       "LRT":0,
       "Nucleotide GTR":0.06722280676579079,
       "Rate Distributions":        [
[0.4988578058918375, 1] 
        ],
       "Rate classes":1,
       "Uncorrected P-value":1
      },
     "NODE_5":{
       "Baseline MG94xREV":0.04281277962239815,
       "Baseline MG94xREV omega ratio":0.2377691730988804,
       "Corrected P-value":1,
       "Full adaptive model":0.04483417049773711,
       "Full adaptive model (non-synonymous subs/site)":0.01785012145722711,