{
 "analysis":{
   "authors":"Sergei L Kosakovsky Pond, Ben Murrell, Steven Weaver and Temple iGEM / UCSD viral evolution group",
   "citation":"Less Is More: An Adaptive Branch-Site Random Effects Model for Efficient Detection of Episodic Diversifying Selection (2015). Mol Biol Evol 32 (5): 1342-1353. v2.2 adds support for multiple-hit models",
   "contact":"spond@temple.edu",
   "info":"aBSREL (Adaptive branch-site random effects likelihood)\n                            uses an adaptive random effects branch-site model framework\n                            to test whether each branch has evolved under positive selection,\n                            using a procedure which infers an optimal number of rate categories per branch.",
   "requirements":"in-frame codon alignment and a phylogenetic tree",
   "version":"2.2"
  },
 "branch attributes":{
   "0":{
     "ENSBTAP00000055829":{
       "Baseline MG94xREV":0.05167018837556734,
       "Baseline MG94xREV omega ratio":0.06985985884206949,
       "Corrected P-value":1,
       "Full adaptive model":0.05311178207039879,
       "Full adaptive model (non-synonymous subs/site)":0.00731566154031393,
       "Full adaptive model (synonymous subs/site)":0.0457961205300848,
       "LRT":0,
       "Nucleotide GTR":0.0468797762473457,
       "Rate Distributions":        [
[0.06312334706838946, 1] 
        ],
       "Rate classes":1,
       "Uncorrected P-value":1,
       "original name":"ENSBTAP00000055829"
      },
     "ENSCPOP00000016429":{
       "Baseline MG94xREV":0.2188215625074126,
       "Baseline MG94xREV omega ratio":0.4106669644835156,
       "Corrected P-value":1,
       "Full adaptive model":0.32068300893958,
       "Full adaptive model (non-synonymous subs/site)":0.2147011494184122,
       "Full adaptive model (synonymous subs/site)":0.1059818595211678,
       "LRT":3.065511902322669,
       "Nucleotide GTR":0.2052033568163599,
       "Rate Distributions":        [
[0.08208203682385415, 0.8232076392795407],
        [4.145776471221204, 0.1767923607204593] 
        ],
       "Rate classes":2,
       "Uncorrected P-value":0.08077591236675477,
       "original name":"ENSCPOP00000016429"
      },
     "ENSECAP00000001790":{
       "Baseline MG94xREV":0.09360593957113685,
       "Baseline MG94xREV omega ratio":0.2883942530999788,
       "Corrected P-value":1,
       "Full adaptive model":0.09504565231932866,
       "Full adaptive model (non-synonymous subs/site)":0.03798349146863982,
       "Full adaptive model (synonymous subs/site)":0.05706216085068894,
       "LRT":0,
       "Nucleotide GTR":0.08709089590835604,
       "Rate Distributions":        [
[0.2630339296835621, 1] 
        ],
       "Rate classes":1,
       "Uncorrected P-value":1,
       "original name":"ENSECAP00000001790"
      },
     "ENSLAFP00000028299":{
       "Baseline MG94xREV":0.0499545191926185,
       "Baseline MG94xREV omega ratio":0.2306807999551874,
       "Corrected P-value":1,
       "Full adaptive model":0.05372497551587151,
       "Full adaptive model (non-synonymous subs/site)":0.01966520691403977,
       "Full adaptive model (synonymous subs/site)":0.03405976860183178,
       "LRT":0,
       "Nucleotide GTR":0.04501228721012574,
       "Rate Distributions":        [
[0.2281507660509577, 1] 
        ],
       "Rate classes":1,
       "Uncorrected P-value":1,
       "original name":"ENSLAFP00000028299"
      },
     "ENSMLUP00000019944":{
       "Baseline MG94xREV":0.06469772428889427,
       "Baseline MG94xREV omega ratio":0.2757233833026865,
       "Corrected P-value":1,
       "Full adaptive model":0.06517070240741485,
       "Full adaptive model (non-synonymous subs/site)":0.0255288730368008,
       "Full adaptive model (synonymous subs/site)":0.03964182937061396,
       "LRT":0,
       "Nucleotide GTR":0.06025435000308887,
       "Rate Distributions":        [
[0.2544737909564606, 1] 
        ],
       "Rate classes":1,
       "Uncorrected P-value":1,
       "original name":"ENSMLUP00000019944"
      },
     "ENSOANP00000009970":{
       "Baseline MG94xREV":0.289727493905962,
       "Baseline MG94xREV omega ratio":0.2201510440819575,
       "Corrected P-value":1,
       "Full adaptive model":0.302748181647093,
       "Full adaptive model (non-synonymous subs/site)":0.1026742025581693,
       "Full adaptive model (synonymous subs/site)":0.2000739790889238,
       "LRT":0,
       "Nucleotide GTR":0.2413045968920541,
       "Rate Distributions":        [
[0.2027850027781912, 1] 
        ],
       "Rate classes":1,
       "Uncorrected P-value":1,
       "original name":"ENSOANP00000009970"
      },
     "ENSOCUP00000024214":{
       "Baseline MG94xREV":0.121991977785986,
       "Baseline MG94xREV omega ratio":0.2433942881527896,
       "Corrected P-value":1,
       "Full adaptive model":0.1361725547791104,
       "Full adaptive model (non-synonymous subs/site)":0.05604652395027693,
       "Full adaptive model (synonymous subs/site)":0.08012603082883342,
       "LRT":1.360398628451094,
       "Nucleotide GTR":0.1147548075051162,
       "Rate Distributions":        [
[0, 0.8794630599169641],
        [2.293084159990738, 0.1205369400830359] 
        ],
       "Rate classes":2,
       "Uncorrected P-value":0.2006484894922823,
       "original name":"ENSOCUP00000024214"
      },
     "ENSOGAP00000017381":{
       "Baseline MG94xREV":0.1132178888205485,
       "Baseline MG94xREV omega ratio":0.1379296778300679,
       "Corrected P-value":1,
       "Full adaptive model":0.1158510197792863,
       "Full adaptive model (non-synonymous subs/site)":0.02777217078444544,
       "Full adaptive model (synonymous subs/site)":0.08807884899484103,
       "LRT":0,
       "Nucleotide GTR":0.09508219748652719,
       "Rate Distributions":        [
[0.1245957706573222, 1] 
        ],
       "Rate classes":1,
       "Uncorrected P-value":1,
       "original name":"ENSOGAP00000017381"
      },
     "ENSSHAP00000004495":{
       "Baseline MG94xREV":0.1651714027053404,
       "Baseline MG94xREV omega ratio":0.3658199677033207,
       "Corrected P-value":1,
       "Full adaptive model":0.1570942611476214,
       "Full adaptive model (non-synonymous subs/site)":0.07334439094106478,
       "Full adaptive model (synonymous subs/site)":0.08374987020655666,
       "LRT":0,
       "Nucleotide GTR":0.1593008208083538,
       "Rate Distributions":        [
[0.3460571827881387, 1] 
        ],
       "Rate classes":1,
       "Uncorrected P-value":1,
       "original name":"ENSSHAP00000004495"
      },
     "ENSSSCP00000016867":{
       "Baseline MG94xREV":0,
       "Baseline MG94xREV omega ratio":1,
       "Corrected P-value":1,
       "Full adaptive model":0,
       "Full adaptive model (non-synonymous subs/site)":1e-10,
       "Full adaptive model (synonymous subs/site)":1e-10,
       "LRT":0,
       "Nucleotide GTR":0,
       "Rate Distributions":        [
[1, 1] 
        ],
       "Rate classes":1,
       "Uncorrected P-value":1,
       "original name":"ENSSSCP00000016867"
      },
     "ENSSSCP00000019228":{
       "Baseline MG94xREV":0,
       "Baseline MG94xREV omega ratio":1,
       "Corrected P-value":1,
       "Full adaptive model":0,
       "Full adaptive model (non-synonymous subs/site)":1e-10,
       "Full adaptive model (synonymous subs/site)":1e-10,
       "LRT":0,
       "Nucleotide GTR":0,
       "Rate Distributions":        [
[1, 1] 
        ],
       "Rate classes":1,
       "Uncorrected P-value":1,
       "original name":"ENSSSCP00000019228"
      },
     "ENSSSCP00000021522":{
       "Baseline MG94xREV":0,
       "Baseline MG94xREV omega ratio":1,
       "Corrected P-value":1,
       "Full adaptive model":0,
       "Full adaptive model (non-synonymous subs/site)":1e-10,
       "Full adaptive model (synonymous subs/site)":1e-10,
       "LRT":0,
       "Nucleotide GTR":0,
       "Rate Distributions":        [
[1, 1] 
        ],
       "Rate classes":1,
       "Uncorrected P-value":1,
       "original name":"ENSSSCP00000021522"
      },