{
 "analysis":{
   "authors":"Sergei L Kosakovsky Pond, Ben Murrell, Steven Weaver and Temple iGEM / UCSD viral evolution group",
   "citation":"Less Is More: An Adaptive Branch-Site Random Effects Model for Efficient Detection of Episodic Diversifying Selection (2015). Mol Biol Evol 32 (5): 1342-1353. v2.2 adds support for multiple-hit models",
   "contact":"spond@temple.edu",
   "info":"aBSREL (Adaptive branch-site random effects likelihood)\n                            uses an adaptive random effects branch-site model framework\n                            to test whether each branch has evolved under positive selection,\n                            using a procedure which infers an optimal number of rate categories per branch.",
   "requirements":"in-frame codon alignment and a phylogenetic tree",
   "version":"2.2"
  },
 "branch attributes":{
   "0":{
     "ENSGACP00000021031":{
       "Baseline MG94xREV":0.02608449337064689,
       "Baseline MG94xREV omega ratio":0.1720693582895653,
       "Corrected P-value":1,
       "Full adaptive model":0.03051338778299442,
       "Full adaptive model (non-synonymous subs/site)":0.008526182483633618,
       "Full adaptive model (synonymous subs/site)":0.02198720529936083,
       "LRT":0,
       "Nucleotide GTR":0.02806283218432838,
       "Rate Distributions":        [
[0.1265838598624324, 1] 
        ],
       "Rate classes":1,
       "Uncorrected P-value":1,
       "original name":"ENSGACP00000021031"
      },
     "ENSLACP00000008223":{
       "Baseline MG94xREV":0.1036765567638826,
       "Baseline MG94xREV omega ratio":10000000000,
       "Corrected P-value":0.5458303875640346,
       "Full adaptive model":0.2275137378391371,
       "Full adaptive model (non-synonymous subs/site)":0.2274712627640781,
       "Full adaptive model (synonymous subs/site)":4.247507505905809e-05,
       "LRT":3.615744997948923,
       "Nucleotide GTR":0.2488162074157585,
       "Rate Distributions":        [
[0, 0.7849397513797332],
        [8128.791464028085, 0.2150602486202668] 
        ],
       "Rate classes":2,
       "Uncorrected P-value":0.06064782084044829,
       "original name":"ENSLACP00000008223"
      },
     "ENSONIP00000007138":{
       "Baseline MG94xREV":0.04333844769771039,
       "Baseline MG94xREV omega ratio":0.06516497003162491,
       "Corrected P-value":1,
       "Full adaptive model":0.03943240017994033,
       "Full adaptive model (non-synonymous subs/site)":0.006926450794593281,
       "Full adaptive model (synonymous subs/site)":0.03250594938534704,
       "LRT":0,
       "Nucleotide GTR":0.03572190868992829,
       "Rate Distributions":        [
[0.06955712785643925, 1] 
        ],
       "Rate classes":1,
       "Uncorrected P-value":1,
       "original name":"ENSONIP00000007138"
      },
     "ENSONIP00000013590":{
       "Baseline MG94xREV":0.1070635056717498,
       "Baseline MG94xREV omega ratio":10000000000,
       "Corrected P-value":1,
       "Full adaptive model":0.1085871233733961,
       "Full adaptive model (non-synonymous subs/site)":0.1085871233733961,
       "Full adaptive model (synonymous subs/site)":1e-10,
       "LRT":0.4630058057377937,
       "Nucleotide GTR":0.2007864943223466,
       "Rate Distributions":        [
[10000000000, 1] 
        ],
       "Rate classes":1,
       "Uncorrected P-value":0.3372466270090372,
       "original name":"ENSONIP00000013590"
      },
     "ENSPSIP00000014662":{
       "Baseline MG94xREV":0,
       "Baseline MG94xREV omega ratio":1,
       "Corrected P-value":1,
       "Full adaptive model":0,
       "Full adaptive model (non-synonymous subs/site)":1e-10,
       "Full adaptive model (synonymous subs/site)":1e-10,
       "LRT":0,
       "Nucleotide GTR":0,
       "Rate Distributions":        [
[1, 1] 
        ],
       "Rate classes":1,
       "Uncorrected P-value":1,
       "original name":"ENSPSIP00000014662"
      },
     "ENSSHAP00000008292":{
       "Baseline MG94xREV":0.3650537066708997,
       "Baseline MG94xREV omega ratio":0,
       "Corrected P-value":1,
       "Full adaptive model":0.3305128566395424,
       "Full adaptive model (non-synonymous subs/site)":1e-10,
       "Full adaptive model (synonymous subs/site)":0.3305128566395424,
       "LRT":0,
       "Nucleotide GTR":0.1595442689303119,
       "Rate Distributions":        [
[0, 1] 
        ],
       "Rate classes":1,
       "Uncorrected P-value":1,
       "original name":"ENSSHAP00000008292"
      },
     "NODE_10":{
       "Baseline MG94xREV":2.992476099098932,
       "Baseline MG94xREV omega ratio":0.006296534431717763,
       "Corrected P-value":1,
       "Full adaptive model":2.570505438917745,
       "Full adaptive model (non-synonymous subs/site)":0.06098233695687592,
       "Full adaptive model (synonymous subs/site)":2.50952310196087,
       "LRT":0,
       "Nucleotide GTR":0.1520686767116677,
       "Rate Distributions":        [
[0.0079324365619902, 1] 
        ],
       "Rate classes":1,
       "Uncorrected P-value":1
      },
     "NODE_3":{
       "Baseline MG94xREV":0.3856483425843895,
       "Baseline MG94xREV omega ratio":0.128317508470022,
       "Corrected P-value":1,
       "Full adaptive model":0.3534259007782606,
       "Full adaptive model (non-synonymous subs/site)":0.08949335192845209,
       "Full adaptive model (synonymous subs/site)":0.2639325488498084,
       "LRT":0,
       "Nucleotide GTR":0.1366879909986665,
       "Rate Distributions":        [
[0.110685712526472, 1] 
        ],
       "Rate classes":1,
       "Uncorrected P-value":1
      },
     "NODE_8":{
       "Baseline MG94xREV":0.9490807668649154,
       "Baseline MG94xREV omega ratio":0.02272230424309363,
       "Corrected P-value":1,
       "Full adaptive model":0.6414470870979926,
       "Full adaptive model (non-synonymous subs/site)":0.05349708627175587,
       "Full adaptive model (synonymous subs/site)":0.5879500008262366,
       "LRT":0,
       "Nucleotide GTR":0.2077298990492739,
       "Rate Distributions":        [
[0.02970184830740966, 1] 
        ],
       "Rate classes":1,
       "Uncorrected P-value":1
      }
    },
   "attributes":{
     "Baseline MG94xREV":{
       "attribute type":"branch length",
       "display order":1
      },
     "Baseline MG94xREV omega ratio":{
       "attribute type":"branch label",
       "display order":1
      },
     "Corrected P-value":{
       "attribute type":"branch label",
       "display order":6
      },
     "Full adaptive model":{
       "attribute type":"branch length",
       "display order":2
      },
     "Full adaptive model (non-synonymous subs/site)":{
       "attribute type":"branch label",
       "display order":10
      },
     "Full adaptive model (synonymous subs/site)":{
       "attribute type":"branch label",
       "display order":9
      },
     "LRT":{
       "attribute type":"branch label",
       "display order":4
      },
     "Nucleotide GTR":{
       "attribute type":"branch length",
       "display order":0
      },
     "Rate Distributions":{
       "attribute type":"branch label",
       "display order":3
      },
     "Rate classes":{
       "attribute type":"branch label",
       "display order":2
      },
     "Uncorrected P-value":{
       "attribute type":"branch label",
       "display order":5
      },
     "original name":{
       "attribute type":"node label",
       "display order":-1
      }
    }
  },
 "data partitions":{
   "0":{
     "coverage":      [
[0, 1, 2, 3, 4, 5, 6, 7, 8, 9, 10, 11, 12, 13, 14, 15, 16, 17, 18, 19, 20, 21, 22, 23, 24, 25, 26, 27, 28, 29, 30, 31, 32, 33, 34, 35, 36, 37, 38, 39, 40, 41, 42, 43, 44, 45, 46, 47, 48, 49, 50] 
      ],
     "name":"absrel.filter.default"
    }
  },
 "fits":{
   "Baseline MG94xREV":{
     "AIC-c":1193.685097216812,