{
 "analysis":{
   "authors":"Sergei L Kosakovsky Pond, Ben Murrell, Steven Weaver and Temple iGEM / UCSD viral evolution group",
   "citation":"Less Is More: An Adaptive Branch-Site Random Effects Model for Efficient Detection of Episodic Diversifying Selection (2015). Mol Biol Evol 32 (5): 1342-1353. v2.2 adds support for multiple-hit models",
   "contact":"spond@temple.edu",
   "info":"aBSREL (Adaptive branch-site random effects likelihood)\n                            uses an adaptive random effects branch-site model framework\n                            to test whether each branch has evolved under positive selection,\n                            using a procedure which infers an optimal number of rate categories per branch.",
   "requirements":"in-frame codon alignment and a phylogenetic tree",
   "version":"2.2"
  },
 "branch attributes":{
   "0":{
     "ANPEPA_DANRE":{
       "Baseline MG94xREV":1286.115033915466,
       "Baseline MG94xREV omega ratio":3.830958318618371e-05,
       "Corrected P-value":1,
       "Full adaptive model":0.7266580716244994,
       "Full adaptive model (non-synonymous subs/site)":0.1796926289269198,
       "Full adaptive model (synonymous subs/site)":0.5469654426975795,
       "LRT":0,
       "Nucleotide GTR":0.3424877333675467,
       "Rate Distributions":        [
[0, 0.5631555098089551],
        [0.2643580079836598, 0.4368444901910449] 
        ],
       "Rate classes":2,
       "Uncorrected P-value":1,
       "original name":"ANPEPA_DANRE"
      },
     "ENSGACP00000003077":{
       "Baseline MG94xREV":0.1389438885388183,
       "Baseline MG94xREV omega ratio":0.3552131143519924,
       "Corrected P-value":1,
       "Full adaptive model":0.1622640877252408,
       "Full adaptive model (non-synonymous subs/site)":0.08779069171736337,
       "Full adaptive model (synonymous subs/site)":0.07447339600787747,
       "LRT":1.348147344922836,
       "Nucleotide GTR":0.1314902175961482,
       "Rate Distributions":        [
[0, 0.7214081595247384],
        [1.487400349694092, 0.2785918404752616] 
        ],
       "Rate classes":2,
       "Uncorrected P-value":0.202008937774673,
       "original name":"ENSGACP00000003077"
      },
     "ENSGMOP00000018460":{
       "Baseline MG94xREV":0.2882172602332146,
       "Baseline MG94xREV omega ratio":0.2412279409514131,
       "Corrected P-value":0.001785190355312216,
       "Full adaptive model":1.013116608059153,
       "Full adaptive model (non-synonymous subs/site)":0.9957851649981105,
       "Full adaptive model (synonymous subs/site)":0.01733144306104241,
       "LRT":14.8874494123047,
       "Nucleotide GTR":0.2024976033384207,
       "Rate Distributions":        [
[0.6609400200174557, 0.8527474941716314],
        [133.3292114610022, 0.1472525058283686] 
        ],
       "Rate classes":2,
       "Uncorrected P-value":0.0001983544839235796,
       "original name":"ENSGMOP00000018460"
      },
     "ENSONIP00000013609":{
       "Baseline MG94xREV":0.1266365327000421,
       "Baseline MG94xREV omega ratio":0.3296487625096283,
       "Corrected P-value":0.5931488453211089,
       "Full adaptive model":0.1618660914498854,
       "Full adaptive model (non-synonymous subs/site)":0.09702816815618401,
       "Full adaptive model (synonymous subs/site)":0.06483792329370143,
       "LRT":3.229579318911419,
       "Nucleotide GTR":0.1236511277457035,
       "Rate Distributions":        [
[0.1767493450732474, 0.9481440632213356],
        [6.912513378185593, 0.0518559367786644] 
        ],
       "Rate classes":2,
       "Uncorrected P-value":0.07414360566513861,
       "original name":"ENSONIP00000013609"
      },
     "ENSORLP00000024011":{
       "Baseline MG94xREV":0.223048530509851,
       "Baseline MG94xREV omega ratio":0.1696115248466022,
       "Corrected P-value":1,
       "Full adaptive model":0.2423029789421784,
       "Full adaptive model (non-synonymous subs/site)":0.09385428974708761,
       "Full adaptive model (synonymous subs/site)":0.1484486891950908,
       "LRT":0,
       "Nucleotide GTR":0.1719813215362143,
       "Rate Distributions":        [
[0, 0.7240540143749625],
        [0.8053833349834677, 0.2759459856250375] 
        ],
       "Rate classes":2,
       "Uncorrected P-value":1,
       "original name":"ENSORLP00000024011"
      },
     "ENSTRUP00000025564":{
       "Baseline MG94xREV":0.2514847684564384,
       "Baseline MG94xREV omega ratio":0.299910281640469,
       "Corrected P-value":0.7510442692690826,
       "Full adaptive model":228.4118182371527,
       "Full adaptive model (non-synonymous subs/site)":228.2862475985164,
       "Full adaptive model (synonymous subs/site)":0.125570638636285,
       "LRT":2.52504679388403,
       "Nucleotide GTR":0.2100515853384475,
       "Rate Distributions":        [
[0.1867826905381995, 0.9137593309201985],
        [7408.1963589768, 0.08624066907980155] 
        ],
       "Rate classes":2,
       "Uncorrected P-value":0.1072920384670118,
       "original name":"ENSTRUP00000025564"
      },
     "NODE_3":{
       "Baseline MG94xREV":0.04014815588567324,
       "Baseline MG94xREV omega ratio":0.09935192154845766,
       "Corrected P-value":1,
       "Full adaptive model":0.03519061720426997,
       "Full adaptive model (non-synonymous subs/site)":0.009007627951535107,
       "Full adaptive model (synonymous subs/site)":0.02618298925273486,
       "LRT":0,
       "Nucleotide GTR":0.03006008951787916,
       "Rate Distributions":        [
[0.120931703749051, 1] 
        ],
       "Rate classes":1,
       "Uncorrected P-value":1
      },
     "NODE_5":{
       "Baseline MG94xREV":0.01885420893758928,
       "Baseline MG94xREV omega ratio":10000000000,
       "Corrected P-value":1,
       "Full adaptive model":0.01789394584782671,
       "Full adaptive model (non-synonymous subs/site)":0.01789394584782671,
       "Full adaptive model (synonymous subs/site)":1e-10,
       "LRT":0.9755483578792337,
       "Nucleotide GTR":0.03405088579590411,
       "Rate Distributions":        [
[10000000000, 1] 
        ],
       "Rate classes":1,
       "Uncorrected P-value":0.2488575172198322
      },
     "NODE_7":{
       "Baseline MG94xREV":0.09215552842498727,
       "Baseline MG94xREV omega ratio":0.1385595084221499,
       "Corrected P-value":1,
       "Full adaptive model":0.2280894969206421,
       "Full adaptive model (non-synonymous subs/site)":0.05047066762600117,
       "Full adaptive model (synonymous subs/site)":0.177618829294641,
       "LRT":0.01641860244853888,
       "Nucleotide GTR":0.0792870714951223,
       "Rate Distributions":        [
[0, 0.917183776509918],
        [1.2061007377029, 0.082816223490082] 
        ],
       "Rate classes":2,
       "Uncorrected P-value":0.4771557036303771
      }
    },
   "attributes":{
     "Baseline MG94xREV":{
       "attribute type":"branch length",
       "display order":1
      },
     "Baseline MG94xREV omega ratio":{
       "attribute type":"branch label",
       "display order":1
      },
     "Corrected P-value":{
       "attribute type":"branch label",
       "display order":6
      },
     "Full adaptive model":{
       "attribute type":"branch length",
       "display order":2
      },
     "Full adaptive model (non-synonymous subs/site)":{
       "attribute type":"branch label",
       "display order":10
      },
     "Full adaptive model (synonymous subs/site)":{
       "attribute type":"branch label",
       "display order":9
      },
     "LRT":{
       "attribute type":"branch label",
       "display order":4
      },
     "Nucleotide GTR":{
       "attribute type":"branch length",
       "display order":0
      },
     "Rate Distributions":{
       "attribute type":"branch label",
       "display order":3
      },
     "Rate classes":{
       "attribute type":"branch label",
       "display order":2
      },
     "Uncorrected P-value":{
       "attribute type":"branch label",
       "display order":5
      },