{
 "analysis":{
   "authors":"Sergei L Kosakovsky Pond, Ben Murrell, Steven Weaver and Temple iGEM / UCSD viral evolution group",
   "citation":"Less Is More: An Adaptive Branch-Site Random Effects Model for Efficient Detection of Episodic Diversifying Selection (2015). Mol Biol Evol 32 (5): 1342-1353. v2.2 adds support for multiple-hit models",
   "contact":"spond@temple.edu",
   "info":"aBSREL (Adaptive branch-site random effects likelihood)\n                            uses an adaptive random effects branch-site model framework\n                            to test whether each branch has evolved under positive selection,\n                            using a procedure which infers an optimal number of rate categories per branch.",
   "requirements":"in-frame codon alignment and a phylogenetic tree",
   "version":"2.2"
  },
 "branch attributes":{
   "0":{
     "ENSCJAP00000015621":{
       "Baseline MG94xREV":0.1474340443193425,
       "Baseline MG94xREV omega ratio":0.5863804550427669,
       "Corrected P-value":0.03621043549605263,
       "Full adaptive model":0.2497379896348927,
       "Full adaptive model (non-synonymous subs/site)":0.1931185449588762,
       "Full adaptive model (synonymous subs/site)":0.05661944467601649,
       "LRT":8.692208331462098,
       "Nucleotide GTR":0.1447492018033114,
       "Rate Distributions":        [
[0.169175578077292, 0.866869234984696],
        [10.14406681267228, 0.133130765015304] 
        ],
       "Rate classes":2,
       "Uncorrected P-value":0.004526304437006579,
       "original name":"ENSCJAP00000015621"
      },
     "ENSGGOP00000022858":{
       "Baseline MG94xREV":0.0326297523174222,
       "Baseline MG94xREV omega ratio":0.5071922246368434,
       "Corrected P-value":1,
       "Full adaptive model":0.03311536758555485,
       "Full adaptive model (non-synonymous subs/site)":0.01772522882398178,
       "Full adaptive model (synonymous subs/site)":0.01539013876157307,
       "LRT":0,
       "Nucleotide GTR":0.03238299791400378,
       "Rate Distributions":        [
[0.5055376351699863, 1] 
        ],
       "Rate classes":1,
       "Uncorrected P-value":1,
       "original name":"ENSGGOP00000022858"
      },
     "ENSGGOP00000023199":{
       "Baseline MG94xREV":0.04170026421572173,
       "Baseline MG94xREV omega ratio":0.8008505954718295,
       "Corrected P-value":1,
       "Full adaptive model":0.0413270237111664,
       "Full adaptive model (non-synonymous subs/site)":0.02710219119940057,
       "Full adaptive model (synonymous subs/site)":0.01422483251176582,
       "LRT":0,
       "Nucleotide GTR":0.04238829883485406,
       "Rate Distributions":        [
[0.8362986985349973, 1] 
        ],
       "Rate classes":1,
       "Uncorrected P-value":1,
       "original name":"ENSGGOP00000023199"
      },
     "ENSNLEP00000022527":{
       "Baseline MG94xREV":0.03536192097319663,
       "Baseline MG94xREV omega ratio":0.6231425164477088,
       "Corrected P-value":1,
       "Full adaptive model":0.03579844346162139,
       "Full adaptive model (non-synonymous subs/site)":0.02096127084736005,
       "Full adaptive model (synonymous subs/site)":0.01483717261426138,
       "LRT":0,
       "Nucleotide GTR":0.03572699815710684,
       "Rate Distributions":        [
[0.6201127174879029, 1] 
        ],
       "Rate classes":1,
       "Uncorrected P-value":1,
       "original name":"ENSNLEP00000022527"
      },
     "ENSPPYP00000001076":{
       "Baseline MG94xREV":0.03552380277664195,
       "Baseline MG94xREV omega ratio":0.2711060879481629,
       "Corrected P-value":1,
       "Full adaptive model":0.0353856580695792,
       "Full adaptive model (non-synonymous subs/site)":0.01357270517481451,
       "Full adaptive model (synonymous subs/site)":0.02181295289476465,
       "LRT":0,
       "Nucleotide GTR":0.0344978383198911,
       "Rate Distributions":        [
[0.2731216526454468, 1] 
        ],
       "Rate classes":1,
       "Uncorrected P-value":1,
       "original name":"ENSPPYP00000001076"
      },
     "LOC100433432_PONAB":{
       "Baseline MG94xREV":0.02646356193933102,
       "Baseline MG94xREV omega ratio":3.638742125729725,
       "Corrected P-value":0.010569146363273,
       "Full adaptive model":0.04822142466580096,
       "Full adaptive model (non-synonymous subs/site)":0.04821858222439222,
       "Full adaptive model (synonymous subs/site)":2.842441408734523e-06,
       "LRT":11.35966871903884,
       "Nucleotide GTR":0.02620629761510726,
       "Rate Distributions":        [
[1, 0.9239604215373887],
        [97911.45372090703, 0.07603957846261133] 
        ],
       "Rate classes":2,
       "Uncorrected P-value":0.001174349595919222,
       "original name":"LOC100433432_PONAB"
      },
     "NODE_3":{
       "Baseline MG94xREV":0.03588423743235159,
       "Baseline MG94xREV omega ratio":3.285012612614022,
       "Corrected P-value":1,
       "Full adaptive model":0.03720063290902029,
       "Full adaptive model (non-synonymous subs/site)":0.03304622046629478,
       "Full adaptive model (synonymous subs/site)":0.004154412442725485,
       "LRT":1.544676027464448,
       "Nucleotide GTR":0.03707214265490134,
       "Rate Distributions":        [
[3.491534705730508, 1] 
        ],
       "Rate classes":1,
       "Uncorrected P-value":0.1813641661023128
      },
     "NODE_6":{
       "Baseline MG94xREV":0.0213769364632115,
       "Baseline MG94xREV omega ratio":0.8165017228701095,
       "Corrected P-value":1,
       "Full adaptive model":0.02170432110452146,
       "Full adaptive model (non-synonymous subs/site)":0.01477047608151181,
       "Full adaptive model (synonymous subs/site)":0.006933845023009651,
       "LRT":0,
       "Nucleotide GTR":0.02199776185459041,
       "Rate Distributions":        [
[0.9350278374603527, 1] 
        ],
       "Rate classes":1,
       "Uncorrected P-value":1
      },
     "NODE_8":{
       "Baseline MG94xREV":0.05211504756967426,
       "Baseline MG94xREV omega ratio":0.9676713798919803,
       "Corrected P-value":1,
       "Full adaptive model":0.05150756250161998,
       "Full adaptive model (non-synonymous subs/site)":0.03474829492469195,
       "Full adaptive model (synonymous subs/site)":0.01675926757692806,
       "LRT":0,
       "Nucleotide GTR":0.05038154062616022,
       "Rate Distributions":        [
[0.9100864360445378, 1] 
        ],
       "Rate classes":1,
       "Uncorrected P-value":1
      }
    },
   "attributes":{
     "Baseline MG94xREV":{
       "attribute type":"branch length",
       "display order":1
      },
     "Baseline MG94xREV omega ratio":{
       "attribute type":"branch label",
       "display order":1
      },
     "Corrected P-value":{
       "attribute type":"branch label",
       "display order":6
      },
     "Full adaptive model":{
       "attribute type":"branch length",
       "display order":2
      },
     "Full adaptive model (non-synonymous subs/site)":{
       "attribute type":"branch label",
       "display order":10
      },
     "Full adaptive model (synonymous subs/site)":{
       "attribute type":"branch label",
       "display order":9
      },
     "LRT":{
       "attribute type":"branch label",
       "display order":4
      },
     "Nucleotide GTR":{
       "attribute type":"branch length",
       "display order":0
      },
     "Rate Distributions":{
       "attribute type":"branch label",
       "display order":3
      },
     "Rate classes":{
       "attribute type":"branch label",
       "display order":2
      },
     "Uncorrected P-value":{
       "attribute type":"branch label",
       "display order":5
      },
     "original name":{
       "attribute type":"node label",
       "display order":-1
      }
    }
  },