{
 "analysis":{
   "authors":"Sergei L Kosakovsky Pond, Ben Murrell, Steven Weaver and Temple iGEM / UCSD viral evolution group",
   "citation":"Less Is More: An Adaptive Branch-Site Random Effects Model for Efficient Detection of Episodic Diversifying Selection (2015). Mol Biol Evol 32 (5): 1342-1353. v2.2 adds support for multiple-hit models",
   "contact":"spond@temple.edu",
   "info":"aBSREL (Adaptive branch-site random effects likelihood)\n                            uses an adaptive random effects branch-site model framework\n                            to test whether each branch has evolved under positive selection,\n                            using a procedure which infers an optimal number of rate categories per branch.",
   "requirements":"in-frame codon alignment and a phylogenetic tree",
   "version":"2.2"
  },
 "branch attributes":{
   "0":{
     "ENSCHOP00000011304":{
       "Baseline MG94xREV":0.02629937072732452,
       "Baseline MG94xREV omega ratio":0.9506861268537763,
       "Corrected P-value":1,
       "Full adaptive model":0.02955919291450087,
       "Full adaptive model (non-synonymous subs/site)":0.0216978718026313,
       "Full adaptive model (synonymous subs/site)":0.007861321111869582,
       "LRT":0.01162444843157573,
       "Nucleotide GTR":0.02912812358806839,
       "Rate Distributions":        [
[1.136041004209837, 1] 
        ],
       "Rate classes":1,
       "Uncorrected P-value":0.4810896036958685,
       "original name":"ENSCHOP00000011304"
      },
     "ENSDNOP00000017358":{
       "Baseline MG94xREV":0.06128614652580736,
       "Baseline MG94xREV omega ratio":10000000000,
       "Corrected P-value":0.004234762262456948,
       "Full adaptive model":0.1032657607964104,
       "Full adaptive model (non-synonymous subs/site)":0.103258523392699,
       "Full adaptive model (synonymous subs/site)":7.23740371132275e-06,
       "LRT":14.18650907456777,
       "Nucleotide GTR":0.05875843147000026,
       "Rate Distributions":        [
[0, 0.8849270760402012],
        [51031.97394929105, 0.1150729239597988] 
        ],
       "Rate classes":2,
       "Uncorrected P-value":0.0002823174841637965,
       "original name":"ENSDNOP00000017358"
      },
     "ENSETEP00000007882":{
       "Baseline MG94xREV":0.1016161499856257,
       "Baseline MG94xREV omega ratio":1.740655023500947,
       "Corrected P-value":1,
       "Full adaptive model":0.1016596187144224,
       "Full adaptive model (non-synonymous subs/site)":0.08244468422258643,
       "Full adaptive model (synonymous subs/site)":0.0192149344918358,
       "LRT":0.5619563257018854,
       "Nucleotide GTR":0.09805829918913933,
       "Rate Distributions":        [
[1.766022185866601, 1] 
        ],
       "Rate classes":1,
       "Uncorrected P-value":0.3172080632933623,
       "original name":"ENSETEP00000007882"
      },
     "ENSGGOP00000016039":{
       "Baseline MG94xREV":0,
       "Baseline MG94xREV omega ratio":1,
       "Corrected P-value":1,
       "Full adaptive model":0,
       "Full adaptive model (non-synonymous subs/site)":1e-10,
       "Full adaptive model (synonymous subs/site)":1e-10,
       "LRT":0,
       "Nucleotide GTR":0,
       "Rate Distributions":        [
[1, 1] 
        ],
       "Rate classes":1,
       "Uncorrected P-value":1,
       "original name":"ENSGGOP00000016039"
      },
     "ENSMICP00000013898":{
       "Baseline MG94xREV":0.07498118584197315,
       "Baseline MG94xREV omega ratio":1.385026772903768,
       "Corrected P-value":1,
       "Full adaptive model":0.07504235382880856,
       "Full adaptive model (non-synonymous subs/site)":0.05805434920929095,
       "Full adaptive model (synonymous subs/site)":0.01698800461951756,
       "LRT":0.1839478598633377,
       "Nucleotide GTR":0.07561705197809647,
       "Rate Distributions":        [
[1.406581156371162, 1] 
        ],
       "Rate classes":1,
       "Uncorrected P-value":0.4072391258065874,
       "original name":"ENSMICP00000013898"
      },
     "ENSMMUP00000007242":{
       "Baseline MG94xREV":0.03929076840890885,
       "Baseline MG94xREV omega ratio":1.634415195120664,
       "Corrected P-value":1,
       "Full adaptive model":0.0393770784546332,
       "Full adaptive model (non-synonymous subs/site)":0.03156874182809529,
       "Full adaptive model (synonymous subs/site)":0.007808336626537898,
       "LRT":0.2228099105791443,
       "Nucleotide GTR":0.03936414447796047,
       "Rate Distributions":        [
[1.664068309015006, 1] 
        ],
       "Rate classes":1,
       "Uncorrected P-value":0.3957543631919815,
       "original name":"ENSMMUP00000007242"
      },
     "ENSNLEP00000008983":{
       "Baseline MG94xREV":0.02303448722970965,
       "Baseline MG94xREV omega ratio":0.8255684339919591,
       "Corrected P-value":1,
       "Full adaptive model":0.02305045808379648,
       "Full adaptive model (non-synonymous subs/site)":0.01546493152019601,
       "Full adaptive model (synonymous subs/site)":0.007585526563600474,
       "LRT":0,
       "Nucleotide GTR":0.02287841006895458,
       "Rate Distributions":        [
[0.8391404804827667, 1] 
        ],
       "Rate classes":1,
       "Uncorrected P-value":1,
       "original name":"ENSNLEP00000008983"
      },
     "ENSOPRP00000009347":{
       "Baseline MG94xREV":0.1064329084681005,
       "Baseline MG94xREV omega ratio":1.161238432566766,
       "Corrected P-value":1,
       "Full adaptive model":0.1063924709665369,
       "Full adaptive model (non-synonymous subs/site)":0.07881130078965704,
       "Full adaptive model (synonymous subs/site)":0.02758117017688004,
       "LRT":0.05631999132492638,
       "Nucleotide GTR":0.1048328772623488,
       "Rate Distributions":        [
[1.176110729967296, 1] 
        ],
       "Rate classes":1,
       "Uncorrected P-value":0.4541518084765546,
       "original name":"ENSOPRP00000009347"
      },
     "ENSPCAP00000004900":{
       "Baseline MG94xREV":0.1018753419466065,
       "Baseline MG94xREV omega ratio":1.145815606689413,
       "Corrected P-value":1,
       "Full adaptive model":0.105962666030497,
       "Full adaptive model (non-synonymous subs/site)":0.07927086112393585,
       "Full adaptive model (synonymous subs/site)":0.02669180490656119,
       "LRT":0.08603111259344587,
       "Nucleotide GTR":0.1055988576504924,
       "Rate Distributions":        [
[1.22238507466816, 1] 
        ],
       "Rate classes":1,
       "Uncorrected P-value":0.4412258958444452,
       "original name":"ENSPCAP00000004900"
      },
     "ENSTBEP00000010942":{
       "Baseline MG94xREV":0.1362537097578533,
       "Baseline MG94xREV omega ratio":1.210712683902477,
       "Corrected P-value":1,
       "Full adaptive model":0.1365261404529191,
       "Full adaptive model (non-synonymous subs/site)":0.1023127123373156,
       "Full adaptive model (synonymous subs/site)":0.03421342811560348,
       "LRT":0.1167869787752807,
       "Nucleotide GTR":0.1309611272923851,
       "Rate Distributions":        [
[1.230850795624606, 1] 
        ],
       "Rate classes":1,
       "Uncorrected P-value":0.4294927592000474,
       "original name":"ENSTBEP00000010942"
      },
     "ENSTSYP00000003120":{
       "Baseline MG94xREV":0.07692968224819728,
       "Baseline MG94xREV omega ratio":10000000000,
       "Corrected P-value":0.1626336430920895,
       "Full adaptive model":0.07734589249572436,
       "Full adaptive model (non-synonymous subs/site)":0.07734589249572436,
       "Full adaptive model (synonymous subs/site)":1e-10,
       "LRT":6.836585201747084,
       "Nucleotide GTR":0.07395242862755491,
       "Rate Distributions":        [
[10000000000, 1] 
        ],
       "Rate classes":1,
       "Uncorrected P-value":0.01161668879229211,
       "original name":"ENSTSYP00000003120"
      },
     "NODE_12":{
       "Baseline MG94xREV":0.03604905537189853,
       "Baseline MG94xREV omega ratio":10000000000,
       "Corrected P-value":1,
       "Full adaptive model":0.03243407715297929,