{
 "analysis":{
   "authors":"Sergei L Kosakovsky Pond, Ben Murrell, Steven Weaver and Temple iGEM / UCSD viral evolution group",
   "citation":"Less Is More: An Adaptive Branch-Site Random Effects Model for Efficient Detection of Episodic Diversifying Selection (2015). Mol Biol Evol 32 (5): 1342-1353. v2.2 adds support for multiple-hit models",
   "contact":"spond@temple.edu",
   "info":"aBSREL (Adaptive branch-site random effects likelihood)\n                            uses an adaptive random effects branch-site model framework\n                            to test whether each branch has evolved under positive selection,\n                            using a procedure which infers an optimal number of rate categories per branch.",
   "requirements":"in-frame codon alignment and a phylogenetic tree",
   "version":"2.2"
  },
 "branch attributes":{
   "0":{
     "ENSGACP00000027608":{
       "Baseline MG94xREV":0.0805775004542109,
       "Baseline MG94xREV omega ratio":0.136983424202082,
       "Corrected P-value":1,
       "Full adaptive model":0.08397554619381303,
       "Full adaptive model (non-synonymous subs/site)":0.02234763175936679,
       "Full adaptive model (synonymous subs/site)":0.0616279144344462,
       "LRT":0,
       "Nucleotide GTR":0.06317126037801368,
       "Rate Distributions":        [
[0.119414540776293, 1] 
        ],
       "Rate classes":1,
       "Uncorrected P-value":1,
       "original name":"ENSGACP00000027608"
      },
     "ENSGMOP00000018781":{
       "Baseline MG94xREV":0.1882070528909718,
       "Baseline MG94xREV omega ratio":0.09461738263764528,
       "Corrected P-value":1,
       "Full adaptive model":0.198008119048666,
       "Full adaptive model (non-synonymous subs/site)":0.05726784447537382,
       "Full adaptive model (synonymous subs/site)":0.1407402745732922,
       "LRT":0.3698674845090864,
       "Nucleotide GTR":0.1218690458702365,
       "Rate Distributions":        [
[0.05150823733364945, 0.9523257221545153],
        [1.781768967306556, 0.04767427784548472] 
        ],
       "Rate classes":2,
       "Uncorrected P-value":0.3579631076943677,
       "original name":"ENSGMOP00000018781"
      },
     "ENSONIP00000021754":{
       "Baseline MG94xREV":0.05898051682599565,
       "Baseline MG94xREV omega ratio":0.05564565534040786,
       "Corrected P-value":1,
       "Full adaptive model":0.0544923161217668,
       "Full adaptive model (non-synonymous subs/site)":0.007563173130745666,
       "Full adaptive model (synonymous subs/site)":0.04692914299102113,
       "LRT":0,
       "Nucleotide GTR":0.05791835306205267,
       "Rate Distributions":        [
[0.05307189512981945, 1] 
        ],
       "Rate classes":1,
       "Uncorrected P-value":1,
       "original name":"ENSONIP00000021754"
      },
     "ENSORLP00000001261":{
       "Baseline MG94xREV":0.1391550741280126,
       "Baseline MG94xREV omega ratio":0.06046950265649709,
       "Corrected P-value":1,
       "Full adaptive model":0.1328320772876405,
       "Full adaptive model (non-synonymous subs/site)":0.01955343913771451,
       "Full adaptive model (synonymous subs/site)":0.1132786381499261,
       "LRT":0,
       "Nucleotide GTR":0.1113413257134034,
       "Rate Distributions":        [
[0.05684317294310037, 1] 
        ],
       "Rate classes":1,
       "Uncorrected P-value":1,
       "original name":"ENSORLP00000001261"
      },
     "ENSTNIP00000019180":{
       "Baseline MG94xREV":0.0501355781306751,
       "Baseline MG94xREV omega ratio":0.0628764438158104,
       "Corrected P-value":1,
       "Full adaptive model":0.05077699024174167,
       "Full adaptive model (non-synonymous subs/site)":0.007298707543635038,
       "Full adaptive model (synonymous subs/site)":0.04347828269810664,
       "LRT":0,
       "Nucleotide GTR":0.04573994153243456,
       "Rate Distributions":        [
[0.05528111031470317, 1] 
        ],
       "Rate classes":1,
       "Uncorrected P-value":1,
       "original name":"ENSTNIP00000019180"
      },
     "ENSTRUP00000018089":{
       "Baseline MG94xREV":0.03027909881326704,
       "Baseline MG94xREV omega ratio":0.07164963287413971,
       "Corrected P-value":1,
       "Full adaptive model":0.02810440093858183,
       "Full adaptive model (non-synonymous subs/site)":0.00495867656148907,
       "Full adaptive model (synonymous subs/site)":0.02314572437709279,
       "LRT":0,
       "Nucleotide GTR":0.02419538386286426,
       "Rate Distributions":        [
[0.07055018901825945, 1] 
        ],
       "Rate classes":1,
       "Uncorrected P-value":1,
       "original name":"ENSTRUP00000018089"
      },
     "NODE_10":{
       "Baseline MG94xREV":0.03552729977461609,
       "Baseline MG94xREV omega ratio":0.08475662625751572,
       "Corrected P-value":1,
       "Full adaptive model":0.03123535608976495,
       "Full adaptive model (non-synonymous subs/site)":0.005874050971744191,
       "Full adaptive model (synonymous subs/site)":0.02536130511802078,
       "LRT":0,
       "Nucleotide GTR":0.02596348881874772,
       "Rate Distributions":        [
[0.07627272961367705, 1] 
        ],
       "Rate classes":1,
       "Uncorrected P-value":1
      },
     "NODE_3":{
       "Baseline MG94xREV":0.09168515542953221,
       "Baseline MG94xREV omega ratio":0.01143593744429663,
       "Corrected P-value":1,
       "Full adaptive model":0.08690344715445374,
       "Full adaptive model (non-synonymous subs/site)":0.002930874877055999,
       "Full adaptive model (synonymous subs/site)":0.08397257227739779,
       "LRT":0,
       "Nucleotide GTR":0.05213562863144412,
       "Rate Distributions":        [
[0.01149378313556512, 1] 
        ],
       "Rate classes":1,
       "Uncorrected P-value":1
      },
     "NODE_6":{
       "Baseline MG94xREV":0.07145842853227323,
       "Baseline MG94xREV omega ratio":0.06185349438112126,
       "Corrected P-value":0.3983547931506422,
       "Full adaptive model":0.07573230762089891,
       "Full adaptive model (non-synonymous subs/site)":0.01985731336136283,
       "Full adaptive model (synonymous subs/site)":0.0558749942595361,
       "LRT":4.224363144903691,
       "Nucleotide GTR":0.04950530405030615,
       "Rate Distributions":        [
[0, 0.9665031338917783],
        [3.493831835100696, 0.03349686610822167] 
        ],
       "Rate classes":2,
       "Uncorrected P-value":0.04426164368340468
      }
    },
   "attributes":{
     "Baseline MG94xREV":{
       "attribute type":"branch length",
       "display order":1
      },
     "Baseline MG94xREV omega ratio":{
       "attribute type":"branch label",
       "display order":1
      },
     "Corrected P-value":{
       "attribute type":"branch label",
       "display order":6
      },
     "Full adaptive model":{
       "attribute type":"branch length",
       "display order":2
      },
     "Full adaptive model (non-synonymous subs/site)":{
       "attribute type":"branch label",
       "display order":10
      },
     "Full adaptive model (synonymous subs/site)":{
       "attribute type":"branch label",
       "display order":9
      },
     "LRT":{
       "attribute type":"branch label",
       "display order":4
      },
     "Nucleotide GTR":{
       "attribute type":"branch length",
       "display order":0
      },
     "Rate Distributions":{
       "attribute type":"branch label",
       "display order":3
      },
     "Rate classes":{
       "attribute type":"branch label",
       "display order":2
      },
     "Uncorrected P-value":{
       "attribute type":"branch label",
       "display order":5
      },
     "original name":{
       "attribute type":"node label",
       "display order":-1
      }
    }
  },