{
 "analysis":{
   "authors":"Sergei L Kosakovsky Pond, Ben Murrell, Steven Weaver and Temple iGEM / UCSD viral evolution group",
   "citation":"Less Is More: An Adaptive Branch-Site Random Effects Model for Efficient Detection of Episodic Diversifying Selection (2015). Mol Biol Evol 32 (5): 1342-1353. v2.2 adds support for multiple-hit models",
   "contact":"spond@temple.edu",
   "info":"aBSREL (Adaptive branch-site random effects likelihood)\n                            uses an adaptive random effects branch-site model framework\n                            to test whether each branch has evolved under positive selection,\n                            using a procedure which infers an optimal number of rate categories per branch.",
   "requirements":"in-frame codon alignment and a phylogenetic tree",
   "version":"2.2"
  },
 "branch attributes":{
   "0":{
     "ENSGACP00000012886":{
       "Baseline MG94xREV":0.09767701910255588,
       "Baseline MG94xREV omega ratio":0.4433572460682723,
       "Corrected P-value":0.006823269151746525,
       "Full adaptive model":10.40356468090237,
       "Full adaptive model (non-synonymous subs/site)":10.3677459062395,
       "Full adaptive model (synonymous subs/site)":0.03581877466286609,
       "LRT":12.22674498571905,
       "Nucleotide GTR":0.09870105910401586,
       "Rate Distributions":        [
[0.3622925175810288, 0.9758014578557814],
        [3847.530319680883, 0.02419854214421857] 
        ],
       "Rate classes":2,
       "Uncorrected P-value":0.000758141016860725,
       "original name":"ENSGACP00000012886"
      },
     "ENSGMOP00000013773":{
       "Baseline MG94xREV":0.2960072855079697,
       "Baseline MG94xREV omega ratio":0.1820456643746144,
       "Corrected P-value":1,
       "Full adaptive model":0.3476219748549064,
       "Full adaptive model (non-synonymous subs/site)":0.158638161001822,
       "Full adaptive model (synonymous subs/site)":0.1889838138530843,
       "LRT":0.03004173738736426,
       "Nucleotide GTR":0.1963482067201693,
       "Rate Distributions":        [
[0, 0.7489815697784666],
        [1.079744520564566, 0.2510184302215334] 
        ],
       "Rate classes":2,
       "Uncorrected P-value":0.4680065269060413,
       "original name":"ENSGMOP00000013773"
      },
     "ENSONIP00000001417":{
       "Baseline MG94xREV":0.1761723288671259,
       "Baseline MG94xREV omega ratio":0.1805917682273969,
       "Corrected P-value":1,
       "Full adaptive model":0.1763528039836868,
       "Full adaptive model (non-synonymous subs/site)":0.05650149529586027,
       "Full adaptive model (synonymous subs/site)":0.1198513086878264,
       "LRT":0,
       "Nucleotide GTR":0.1471188574804793,
       "Rate Distributions":        [
[0.1522161459053225, 1] 
        ],
       "Rate classes":1,
       "Uncorrected P-value":1,
       "original name":"ENSONIP00000001417"
      },
     "ENSTRUP00000041124":{
       "Baseline MG94xREV":0.1920307896360962,
       "Baseline MG94xREV omega ratio":0.1847434146908859,
       "Corrected P-value":1,
       "Full adaptive model":0.2134891077106005,
       "Full adaptive model (non-synonymous subs/site)":0.09633799298864257,
       "Full adaptive model (synonymous subs/site)":0.1171511147219579,
       "LRT":0.01860111691712518,
       "Nucleotide GTR":0.1554858348145504,
       "Rate Distributions":        [
[0.01151490368585284, 0.7781356814561674],
        [1.156374805209852, 0.2218643185438326] 
        ],
       "Rate classes":2,
       "Uncorrected P-value":0.4755260094751324,
       "original name":"ENSTRUP00000041124"
      },
     "NODE_10":{
       "Baseline MG94xREV":0.5382781550152909,
       "Baseline MG94xREV omega ratio":0.1048778593091913,
       "Corrected P-value":1,
       "Full adaptive model":0.5795596616993883,
       "Full adaptive model (non-synonymous subs/site)":0.2154316967365361,
       "Full adaptive model (synonymous subs/site)":0.3641279649628522,
       "LRT":0,
       "Nucleotide GTR":0.2820122975966655,
       "Rate Distributions":        [
[0.03223734360429351, 0.8002478879623403],
        [0.8271805278851945, 0.1997521120376597] 
        ],
       "Rate classes":2,
       "Uncorrected P-value":1
      },
     "NODE_3":{
       "Baseline MG94xREV":0.04777232131286702,
       "Baseline MG94xREV omega ratio":0.09105450680572043,
       "Corrected P-value":1,
       "Full adaptive model":0.04817541765501589,
       "Full adaptive model (non-synonymous subs/site)":0.008343029021799503,
       "Full adaptive model (synonymous subs/site)":0.03983238863321643,
       "LRT":0,
       "Nucleotide GTR":0.03680967284756034,
       "Rate Distributions":        [
[0.06762868833371988, 1] 
        ],
       "Rate classes":1,
       "Uncorrected P-value":1
      },
     "NODE_5":{
       "Baseline MG94xREV":0.02099480362062743,
       "Baseline MG94xREV omega ratio":10000000000,
       "Corrected P-value":1,
       "Full adaptive model":0.01626310058491941,
       "Full adaptive model (non-synonymous subs/site)":0.01271124739998959,
       "Full adaptive model (synonymous subs/site)":0.00355185318492982,
       "LRT":-0.0003523302693793084,
       "Nucleotide GTR":0.0498479584519515,
       "Rate Distributions":        [
[1.155518029321381, 1] 
        ],
       "Rate classes":1,
       "Uncorrected P-value":0.5
      },
     "SI_DKEY_193B15_5_DANRE":{
       "Baseline MG94xREV":0.06528984331604049,
       "Baseline MG94xREV omega ratio":0.4757434937260873,
       "Corrected P-value":1,
       "Full adaptive model":0.07498552286749187,
       "Full adaptive model (non-synonymous subs/site)":0.03569767749361965,
       "Full adaptive model (synonymous subs/site)":0.03928784537387216,
       "LRT":0,
       "Nucleotide GTR":0.07468464539302182,
       "Rate Distributions":        [
[0.2933764913878738, 1] 
        ],
       "Rate classes":1,
       "Uncorrected P-value":1,
       "original name":"SI@DKEY-193B15.5_DANRE"
      },
     "ZGC_153654_DANRE":{
       "Baseline MG94xREV":0.07552123472976975,
       "Baseline MG94xREV omega ratio":0.1709899630121947,
       "Corrected P-value":1,
       "Full adaptive model":0.06528069833820345,
       "Full adaptive model (non-synonymous subs/site)":0.02447706205891792,
       "Full adaptive model (synonymous subs/site)":0.04080363627928563,
       "LRT":0,
       "Nucleotide GTR":0.06227594333556809,
       "Rate Distributions":        [
[0.1936885651476176, 1] 
        ],
       "Rate classes":1,
       "Uncorrected P-value":1,
       "original name":"ZGC@153654_DANRE"
      }
    },
   "attributes":{
     "Baseline MG94xREV":{
       "attribute type":"branch length",
       "display order":1
      },
     "Baseline MG94xREV omega ratio":{
       "attribute type":"branch label",
       "display order":1
      },
     "Corrected P-value":{
       "attribute type":"branch label",
       "display order":6
      },
     "Full adaptive model":{
       "attribute type":"branch length",
       "display order":2
      },
     "Full adaptive model (non-synonymous subs/site)":{
       "attribute type":"branch label",
       "display order":10
      },
     "Full adaptive model (synonymous subs/site)":{
       "attribute type":"branch label",
       "display order":9
      },
     "LRT":{
       "attribute type":"branch label",
       "display order":4
      },
     "Nucleotide GTR":{
       "attribute type":"branch length",
       "display order":0
      },
     "Rate Distributions":{
       "attribute type":"branch label",
       "display order":3
      },
     "Rate classes":{
       "attribute type":"branch label",
       "display order":2
      },
     "Uncorrected P-value":{
       "attribute type":"branch label",
       "display order":5
      },
     "original name":{
       "attribute type":"node label",
       "display order":-1
      }
    }
  },