{
 "analysis":{
   "authors":"Sergei L Kosakovsky Pond, Ben Murrell, Steven Weaver and Temple iGEM / UCSD viral evolution group",
   "citation":"Less Is More: An Adaptive Branch-Site Random Effects Model for Efficient Detection of Episodic Diversifying Selection (2015). Mol Biol Evol 32 (5): 1342-1353. v2.2 adds support for multiple-hit models",
   "contact":"spond@temple.edu",
   "info":"aBSREL (Adaptive branch-site random effects likelihood)\n                            uses an adaptive random effects branch-site model framework\n                            to test whether each branch has evolved under positive selection,\n                            using a procedure which infers an optimal number of rate categories per branch.",
   "requirements":"in-frame codon alignment and a phylogenetic tree",
   "version":"2.2"
  },
 "branch attributes":{
   "0":{
     "BLF_DANRE":{
       "Baseline MG94xREV":0.3445146043189309,
       "Baseline MG94xREV omega ratio":0.5803599883779544,
       "Corrected P-value":0.01009175825047431,
       "Full adaptive model":0.6394736765920239,
       "Full adaptive model (non-synonymous subs/site)":0.5306855011736902,
       "Full adaptive model (synonymous subs/site)":0.1087881754183337,
       "LRT":10.95356153578177,
       "Nucleotide GTR":0.330996929874197,
       "Rate Distributions":        [
[0.2537599199938405, 0.7664706278905892],
        [6.579098005305739, 0.2335293721094108] 
        ],
       "Rate classes":2,
       "Uncorrected P-value":0.001441679750067759,
       "original name":"BLF_DANRE"
      },
     "BX539307_2_DANRE":{
       "Baseline MG94xREV":0.08579006847342407,
       "Baseline MG94xREV omega ratio":0.4164452826840792,
       "Corrected P-value":1,
       "Full adaptive model":0.07817534168908769,
       "Full adaptive model (non-synonymous subs/site)":0.04016457571023332,
       "Full adaptive model (synonymous subs/site)":0.03801076597885433,
       "LRT":0,
       "Nucleotide GTR":0.08325092106247517,
       "Rate Distributions":        [
[0.3749350654609424, 1] 
        ],
       "Rate classes":1,
       "Uncorrected P-value":1,
       "original name":"BX539307.2_DANRE"
      },
     "NODE_3":{
       "Baseline MG94xREV":0.05613627911045387,
       "Baseline MG94xREV omega ratio":0.861400040390444,
       "Corrected P-value":0.001039179461674034,
       "Full adaptive model":0.929965945951891,
       "Full adaptive model (non-synonymous subs/site)":0.9223906247498103,
       "Full adaptive model (synonymous subs/site)":0.00757532120208061,
       "LRT":15.9625194025557,
       "Nucleotide GTR":0.05532333614876048,
       "Rate Distributions":        [
[0.8547847867991751, 0.9571747019571976],
        [989.7596861901163, 0.04282529804280244] 
        ],
       "Rate classes":2,
       "Uncorrected P-value":0.0001154643846304482
      },
     "NODE_6":{
       "Baseline MG94xREV":0.04035497386535634,
       "Baseline MG94xREV omega ratio":0.7370085909871409,
       "Corrected P-value":0.01117703285719018,
       "Full adaptive model":0.0661641452581484,
       "Full adaptive model (non-synonymous subs/site)":0.05361785276975173,
       "Full adaptive model (synonymous subs/site)":0.01254629248839666,
       "LRT":10.44635183251376,
       "Nucleotide GTR":0.04041693684729038,
       "Rate Distributions":        [
[0, 0.8982774874315863],
        [14.90721202036847, 0.1017225125684137] 
        ],
       "Rate classes":2,
       "Uncorrected P-value":0.001862838809531697
      },
     "NODE_7":{
       "Baseline MG94xREV":0.06654127926255475,
       "Baseline MG94xREV omega ratio":0.5344411251778183,
       "Corrected P-value":0.01737510257487557,
       "Full adaptive model":0.1061567553748497,
       "Full adaptive model (non-synonymous subs/site)":0.07976880691719211,
       "Full adaptive model (synonymous subs/site)":0.02638794845765756,
       "LRT":9.213907816595565,
       "Nucleotide GTR":0.0663259537152773,
       "Rate Distributions":        [
[0, 0.9012484347698954],
        [10.86182943106351, 0.09875156523010464] 
        ],
       "Rate classes":2,
       "Uncorrected P-value":0.003475020514975113
      },
     "SI_DKEY_253D23_11_DANRE":{
       "Baseline MG94xREV":0.04009547342428744,
       "Baseline MG94xREV omega ratio":0.4735107465894012,
       "Corrected P-value":1,
       "Full adaptive model":0.04323630117699043,
       "Full adaptive model (non-synonymous subs/site)":0.02529087572301579,
       "Full adaptive model (synonymous subs/site)":0.01794542545397459,
       "LRT":0,
       "Nucleotide GTR":0.04167135752133562,
       "Rate Distributions":        [
[0.5000686231832042, 1] 
        ],
       "Rate classes":1,
       "Uncorrected P-value":1,
       "original name":"SI@DKEY-253D23.11_DANRE"
      },
     "SI_DKEY_253D23_7_DANRE":{
       "Baseline MG94xREV":0.04927964681172292,
       "Baseline MG94xREV omega ratio":0.5448308588331395,
       "Corrected P-value":0.9530931491516893,
       "Full adaptive model":0.07407016086148033,
       "Full adaptive model (non-synonymous subs/site)":0.05817916702856369,
       "Full adaptive model (synonymous subs/site)":0.01589099383291664,
       "LRT":0.5594301744922632,
       "Nucleotide GTR":0.04929059954622721,
       "Rate Distributions":        [
[0.4910211894086066, 0.9898030151505125],
        [79.73591010509618, 0.0101969848494875] 
        ],
       "Rate classes":2,
       "Uncorrected P-value":0.3176977163838964,
       "original name":"SI@DKEY-253D23.7_DANRE"
      },
     "SI_DKEY_253D23_9_DANRE":{
       "Baseline MG94xREV":0.06973158054901396,
       "Baseline MG94xREV omega ratio":1.152493029427482,
       "Corrected P-value":0.00434388299844235,
       "Full adaptive model":0.08421847590242128,
       "Full adaptive model (non-synonymous subs/site)":0.06995256889792506,
       "Full adaptive model (synonymous subs/site)":0.01426590700449621,
       "LRT":12.88859858350406,
       "Nucleotide GTR":0.06922213703061836,
       "Rate Distributions":        [
[0, 0.8143295715711495],
        [9.370894250382444, 0.1856704284288505] 
        ],
       "Rate classes":2,
       "Uncorrected P-value":0.0005429853748052937,
       "original name":"SI@DKEY-253D23.9_DANRE"
      },
     "ZGC_123008_DANRE":{
       "Baseline MG94xREV":0.02374001574569477,
       "Baseline MG94xREV omega ratio":0.5953007669685932,
       "Corrected P-value":0.1464083401724072,
       "Full adaptive model":0.03990603068715243,
       "Full adaptive model (non-synonymous subs/site)":0.03020418746665023,
       "Full adaptive model (synonymous subs/site)":0.009701843220502203,
       "LRT":4.593083864361688,
       "Nucleotide GTR":0.02407863338554619,
       "Rate Distributions":        [
[0, 0.9515615602531079],
        [22.80563958062759, 0.0484384397468921] 
        ],
       "Rate classes":2,
       "Uncorrected P-value":0.03660208504310181,
       "original name":"ZGC@123008_DANRE"
      }
    },
   "attributes":{
     "Baseline MG94xREV":{
       "attribute type":"branch length",
       "display order":1
      },
     "Baseline MG94xREV omega ratio":{
       "attribute type":"branch label",
       "display order":1
      },
     "Corrected P-value":{
       "attribute type":"branch label",
       "display order":6
      },
     "Full adaptive model":{
       "attribute type":"branch length",
       "display order":2
      },
     "Full adaptive model (non-synonymous subs/site)":{
       "attribute type":"branch label",
       "display order":10
      },
     "Full adaptive model (synonymous subs/site)":{
       "attribute type":"branch label",
       "display order":9
      },
     "LRT":{
       "attribute type":"branch label",
       "display order":4
      },
     "Nucleotide GTR":{
       "attribute type":"branch length",
       "display order":0
      },
     "Rate Distributions":{
       "attribute type":"branch label",
       "display order":3
      },
     "Rate classes":{
       "attribute type":"branch label",