{
 "analysis":{
   "authors":"Sergei L Kosakovsky Pond, Ben Murrell, Steven Weaver and Temple iGEM / UCSD viral evolution group",
   "citation":"Less Is More: An Adaptive Branch-Site Random Effects Model for Efficient Detection of Episodic Diversifying Selection (2015). Mol Biol Evol 32 (5): 1342-1353. v2.2 adds support for multiple-hit models",
   "contact":"spond@temple.edu",
   "info":"aBSREL (Adaptive branch-site random effects likelihood)\n                            uses an adaptive random effects branch-site model framework\n                            to test whether each branch has evolved under positive selection,\n                            using a procedure which infers an optimal number of rate categories per branch.",
   "requirements":"in-frame codon alignment and a phylogenetic tree",
   "version":"2.2"
  },
 "branch attributes":{
   "0":{
     "CP_DANRE":{
       "Baseline MG94xREV":1440.856828101463,
       "Baseline MG94xREV omega ratio":2.741100719557609e-05,
       "Corrected P-value":1,
       "Full adaptive model":0.936256578151864,
       "Full adaptive model (non-synonymous subs/site)":0.5135603989593889,
       "Full adaptive model (synonymous subs/site)":0.4226961791924753,
       "LRT":0.4931329026221647,
       "Nucleotide GTR":0.2864916910272584,
       "Rate Distributions":        [
[0.00200210578565598, 0.6381831846971192],
        [0.2063495264676104, 0.2964809702746862],
        [5.31911976126096, 0.0653358450281946] 
        ],
       "Rate classes":3,
       "Uncorrected P-value":0.3309504502235048,
       "original name":"CP_DANRE"
      },
     "CP_GADMO":{
       "Baseline MG94xREV":0.2022952075097878,
       "Baseline MG94xREV omega ratio":0.1312769762653374,
       "Corrected P-value":0.03388340343490054,
       "Full adaptive model":11.52585269324926,
       "Full adaptive model (non-synonymous subs/site)":11.40253361941989,
       "Full adaptive model (synonymous subs/site)":0.1233190738293663,
       "LRT":9.452053140972566,
       "Nucleotide GTR":0.1305083906496828,
       "Rate Distributions":        [
[0.05609865846140405, 0.8839844970438395],
        [0.4408477699628526, 0.07846582247317356],
        [828.699261602607, 0.03754968048298692] 
        ],
       "Rate classes":3,
       "Uncorrected P-value":0.003080309403172776,
       "original name":"CP_GADMO"
      },
     "CP_GASAC":{
       "Baseline MG94xREV":0.1166088069189182,
       "Baseline MG94xREV omega ratio":0.1453304882808658,
       "Corrected P-value":1,
       "Full adaptive model":0.1194378216792834,
       "Full adaptive model (non-synonymous subs/site)":0.03727679975793844,
       "Full adaptive model (synonymous subs/site)":0.08216102192134493,
       "LRT":0.01822880180407083,
       "Nucleotide GTR":0.09832470975962164,
       "Rate Distributions":        [
[0.03657562623547456, 0.8858603312061539],
        [1.057477753537851, 0.1141396687938461] 
        ],
       "Rate classes":2,
       "Uncorrected P-value":0.4757982512083416,
       "original name":"CP_GASAC"
      },
     "CP_ORENI":{
       "Baseline MG94xREV":0.1048218455116654,
       "Baseline MG94xREV omega ratio":0.1146342119870628,
       "Corrected P-value":1,
       "Full adaptive model":0.1076192125413004,
       "Full adaptive model (non-synonymous subs/site)":0.02946765302664657,
       "Full adaptive model (synonymous subs/site)":0.07815155951465383,
       "LRT":0,
       "Nucleotide GTR":0.08998544439847699,
       "Rate Distributions":        [
[0, 0.8689803141851409],
        [0.9711286024760082, 0.1310196858148591] 
        ],
       "Rate classes":2,
       "Uncorrected P-value":1,
       "original name":"CP_ORENI"
      },
     "CP_ORYLA":{
       "Baseline MG94xREV":0.2097487780814693,
       "Baseline MG94xREV omega ratio":0.09432120935585052,
       "Corrected P-value":1,
       "Full adaptive model":0.2060014740866593,
       "Full adaptive model (non-synonymous subs/site)":0.05039065524751023,
       "Full adaptive model (synonymous subs/site)":0.155610818839149,
       "LRT":0,
       "Nucleotide GTR":0.1457985494115605,
       "Rate Distributions":        [
[0, 0.7807317396635666],
        [0.4983561787786915, 0.2192682603364334] 
        ],
       "Rate classes":2,
       "Uncorrected P-value":1,
       "original name":"CP_ORYLA"
      },
     "CP_TAKRU":{
       "Baseline MG94xREV":0.05761653028425593,
       "Baseline MG94xREV omega ratio":0.1415075373281858,
       "Corrected P-value":1,
       "Full adaptive model":0.05809055740107644,
       "Full adaptive model (non-synonymous subs/site)":0.01656296814873688,
       "Full adaptive model (synonymous subs/site)":0.04152758925233955,
       "LRT":0.00476329583034385,
       "Nucleotide GTR":0.05351523112989585,
       "Rate Distributions":        [
[0.002518089391022429, 0.8782245463592258],
        [1.087055768265008, 0.1217754536407742] 
        ],
       "Rate classes":2,
       "Uncorrected P-value":0.4882816315277886,
       "original name":"CP_TAKRU"
      },
     "CP_TETNG":{
       "Baseline MG94xREV":0.06288898166185682,
       "Baseline MG94xREV omega ratio":0.1642227129395622,
       "Corrected P-value":1,
       "Full adaptive model":0.06596237141379693,
       "Full adaptive model (non-synonymous subs/site)":0.02288429097723697,
       "Full adaptive model (synonymous subs/site)":0.04307808043655997,
       "LRT":0.1706405558579718,
       "Nucleotide GTR":0.0583784092785011,
       "Rate Distributions":        [
[0, 0.8573937135082123],
        [1.257036383288389, 0.1426062864917877] 
        ],
       "Rate classes":2,
       "Uncorrected P-value":0.4113740760525958,
       "original name":"CP_TETNG"
      },
     "NODE_3":{
       "Baseline MG94xREV":0.002374584867087932,
       "Baseline MG94xREV omega ratio":10000000000,
       "Corrected P-value":1,
       "Full adaptive model":0.002902112177484179,
       "Full adaptive model (non-synonymous subs/site)":0.002902112177484179,
       "Full adaptive model (synonymous subs/site)":1e-10,
       "LRT":0.1580052565695951,
       "Nucleotide GTR":0.01176809967593213,
       "Rate Distributions":        [
[10000000000, 1] 
        ],
       "Rate classes":1,
       "Uncorrected P-value":0.4154111903148216
      },
     "NODE_5":{
       "Baseline MG94xREV":0.00571664507025483,
       "Baseline MG94xREV omega ratio":10000000000,
       "Corrected P-value":1,
       "Full adaptive model":0.00670300516252826,
       "Full adaptive model (non-synonymous subs/site)":0.003383799295279111,
       "Full adaptive model (synonymous subs/site)":0.003319205867249151,
       "LRT":0,
       "Nucleotide GTR":0.01967883272686009,
       "Rate Distributions":        [
[0.3440137541106315, 1] 
        ],
       "Rate classes":1,
       "Uncorrected P-value":1
      },
     "NODE_8":{
       "Baseline MG94xREV":0.1291046475231729,
       "Baseline MG94xREV omega ratio":0.09868098871326936,
       "Corrected P-value":1,
       "Full adaptive model":0.1277398275434687,
       "Full adaptive model (non-synonymous subs/site)":0.03166015084296082,
       "Full adaptive model (synonymous subs/site)":0.09607967670050785,
       "LRT":0,
       "Nucleotide GTR":0.08970755878410816,
       "Rate Distributions":        [
[0, 0.8204778890691504],
        [0.6193967193851011, 0.1795221109308496] 
        ],
       "Rate classes":2,
       "Uncorrected P-value":1
      },
     "NODE_9":{
       "Baseline MG94xREV":0.1095251343884138,
       "Baseline MG94xREV omega ratio":0.1362791736322609,
       "Corrected P-value":0.7150265733039068,
       "Full adaptive model":0.1299071122907079,
       "Full adaptive model (non-synonymous subs/site)":0.05357796364224246,
       "Full adaptive model (synonymous subs/site)":0.07632914864846549,
       "LRT":3.299148802710988,
       "Nucleotide GTR":0.08084318994537662,
       "Rate Distributions":        [
[0.02765523345386649, 0.9411774615309065],
        [3.584283892876196, 0.05882253846909347] 
        ],