{
 "analysis":{
   "authors":"Sergei L Kosakovsky Pond, Ben Murrell, Steven Weaver and Temple iGEM / UCSD viral evolution group",
   "citation":"Less Is More: An Adaptive Branch-Site Random Effects Model for Efficient Detection of Episodic Diversifying Selection (2015). Mol Biol Evol 32 (5): 1342-1353. v2.2 adds support for multiple-hit models",
   "contact":"spond@temple.edu",
   "info":"aBSREL (Adaptive branch-site random effects likelihood)\n                            uses an adaptive random effects branch-site model framework\n                            to test whether each branch has evolved under positive selection,\n                            using a procedure which infers an optimal number of rate categories per branch.",
   "requirements":"in-frame codon alignment and a phylogenetic tree",
   "version":"2.2"
  },
 "branch attributes":{
   "0":{
     "ENSONIP00000000799":{
       "Baseline MG94xREV":0.06617964680843204,
       "Baseline MG94xREV omega ratio":0.233549905207084,
       "Corrected P-value":0.1409426626138894,
       "Full adaptive model":9.995550001702211,
       "Full adaptive model (non-synonymous subs/site)":9.942853893565374,
       "Full adaptive model (synonymous subs/site)":0.05269610813683595,
       "LRT":6.019844409624056,
       "Nucleotide GTR":0.07653640075542012,
       "Rate Distributions":        [
[0.156317761278754, 0.9828719049981982],
        [3846.116511251273, 0.01712809500180179] 
        ],
       "Rate classes":2,
       "Uncorrected P-value":0.01761783282673618,
       "original name":"ENSONIP00000000799"
      },
     "ENSORLP00000021926":{
       "Baseline MG94xREV":0.1364070568945687,
       "Baseline MG94xREV omega ratio":0.1451916023249908,
       "Corrected P-value":0.002234093645236024,
       "Full adaptive model":0.2320084902290868,
       "Full adaptive model (non-synonymous subs/site)":0.1668595226310388,
       "Full adaptive model (synonymous subs/site)":0.06514896759804786,
       "LRT":14.84049575898371,
       "Nucleotide GTR":0.08641392130381888,
       "Rate Distributions":        [
[0, 0.9296853721116384],
        [12.74701392650477, 0.07031462788836162] 
        ],
       "Rate classes":2,
       "Uncorrected P-value":0.000203099422294184,
       "original name":"ENSORLP00000021926"
      },
     "ENSTNIP00000016557":{
       "Baseline MG94xREV":0.02795751692270118,
       "Baseline MG94xREV omega ratio":10000000000,
       "Corrected P-value":1,
       "Full adaptive model":0.09391128780124663,
       "Full adaptive model (non-synonymous subs/site)":0.01944652433056619,
       "Full adaptive model (synonymous subs/site)":0.0744647634706805,
       "LRT":0,
       "Nucleotide GTR":0.08703194224001105,
       "Rate Distributions":        [
[0.09139066999269764, 1] 
        ],
       "Rate classes":1,
       "Uncorrected P-value":1,
       "original name":"ENSTNIP00000016557"
      },
     "ENSTRUP00000031834":{
       "Baseline MG94xREV":0.1000566350690922,
       "Baseline MG94xREV omega ratio":0.06861327381854496,
       "Corrected P-value":1,
       "Full adaptive model":0.1166198290535599,
       "Full adaptive model (non-synonymous subs/site)":0.02223917408578037,
       "Full adaptive model (synonymous subs/site)":0.09438065496777964,
       "LRT":0,
       "Nucleotide GTR":0.08817460817565882,
       "Rate Distributions":        [
[0.08246057367024019, 1] 
        ],
       "Rate classes":1,
       "Uncorrected P-value":1,
       "original name":"ENSTRUP00000031834"
      },
     "ENSTRUP00000047622":{
       "Baseline MG94xREV":0.1780842541136457,
       "Baseline MG94xREV omega ratio":0.1610372346219845,
       "Corrected P-value":0.0216180821787032,
       "Full adaptive model":0.4411843282580735,
       "Full adaptive model (non-synonymous subs/site)":0.4071690894846037,
       "Full adaptive model (synonymous subs/site)":0.03401523877346982,
       "LRT":10.1519385940619,
       "Nucleotide GTR":0.1092594448456175,
       "Rate Distributions":        [
[0.0982699096720203, 0.9152586286031531],
        [48.37156857708771, 0.0847413713968469] 
        ],
       "Rate classes":2,
       "Uncorrected P-value":0.00216180821787032,
       "original name":"ENSTRUP00000047622"
      },
     "NODE_12":{
       "Baseline MG94xREV":0.04849625766154719,
       "Baseline MG94xREV omega ratio":0.5585130817518852,
       "Corrected P-value":0.1526839817480573,
       "Full adaptive model":0.06933329377806685,
       "Full adaptive model (non-synonymous subs/site)":0.06303276220785178,
       "Full adaptive model (synonymous subs/site)":0.006300531570215065,
       "LRT":6.093804970393649,
       "Nucleotide GTR":0.06108811336130406,
       "Rate Distributions":        [
[0, 0.9175263826265003],
        [42.45069332313705, 0.08247361737349967] 
        ],
       "Rate classes":2,
       "Uncorrected P-value":0.01696488686089526
      },
     "NODE_3":{
       "Baseline MG94xREV":0.8460162252367297,
       "Baseline MG94xREV omega ratio":0.009287280857913671,
       "Corrected P-value":1,
       "Full adaptive model":0.6648203295417403,
       "Full adaptive model (non-synonymous subs/site)":0.1861492999145798,
       "Full adaptive model (synonymous subs/site)":0.4786710296271603,
       "LRT":0.8225455485553539,
       "Nucleotide GTR":0.1662141745890907,
       "Rate Distributions":        [
[0.007360121535677101, 0.968449603582264],
        [4.087581921779067, 0.03155039641773605] 
        ],
       "Rate classes":2,
       "Uncorrected P-value":0.2717292245530358
      },
     "NODE_5":{
       "Baseline MG94xREV":0.01501400155989447,
       "Baseline MG94xREV omega ratio":10000000000,
       "Corrected P-value":1,
       "Full adaptive model":0.006528362881083099,
       "Full adaptive model (non-synonymous subs/site)":0.006528362881083099,
       "Full adaptive model (synonymous subs/site)":1e-10,
       "LRT":0.06325844560160476,
       "Nucleotide GTR":0.02137758437373252,
       "Rate Distributions":        [
[10000000000, 1] 
        ],
       "Rate classes":1,
       "Uncorrected P-value":0.4509433327699314
      },
     "NODE_7":{
       "Baseline MG94xREV":0.1177042460638467,
       "Baseline MG94xREV omega ratio":0.003465153183366059,
       "Corrected P-value":1,
       "Full adaptive model":0.1226322371019222,
       "Full adaptive model (non-synonymous subs/site)":1e-10,
       "Full adaptive model (synonymous subs/site)":0.1226322371019222,
       "LRT":0,
       "Nucleotide GTR":0.03920637702098036,
       "Rate Distributions":        [
[0, 1] 
        ],
       "Rate classes":1,
       "Uncorrected P-value":1
      },
     "PPIA_XENTR":{
       "Baseline MG94xREV":0.65732698914151,
       "Baseline MG94xREV omega ratio":0.06086663743491449,
       "Corrected P-value":0.4988686623613129,
       "Full adaptive model":246.9959311655248,
       "Full adaptive model (non-synonymous subs/site)":246.6888834312693,
       "Full adaptive model (synonymous subs/site)":0.3070477342555117,
       "LRT":3.305485542791757,
       "Nucleotide GTR":0.2588577925100393,
       "Rate Distributions":        [
[0.008025242992909689, 0.8591346704230404],
        [1995.903779899815, 0.1408653295769596] 
        ],
       "Rate classes":2,
       "Uncorrected P-value":0.07126695176590184,
       "original name":"PPIA_XENTR"
      },
     "Q4SXN5_TETNG":{
       "Baseline MG94xREV":0.05863943400975755,
       "Baseline MG94xREV omega ratio":0.1337936185023807,
       "Corrected P-value":1,
       "Full adaptive model":0.03413269207073812,
       "Full adaptive model (non-synonymous subs/site)":0.006950621275912931,
       "Full adaptive model (synonymous subs/site)":0.02718207079482518,
       "LRT":0,
       "Nucleotide GTR":0.03587806517055741,
       "Rate Distributions":        [
[0.08948531482956169, 1] 
        ],
       "Rate classes":1,
       "Uncorrected P-value":1,
       "original name":"Q4SXN5_TETNG"
      }
    },