{
 "analysis":{
   "authors":"Sergei L Kosakovsky Pond, Ben Murrell, Steven Weaver and Temple iGEM / UCSD viral evolution group",
   "citation":"Less Is More: An Adaptive Branch-Site Random Effects Model for Efficient Detection of Episodic Diversifying Selection (2015). Mol Biol Evol 32 (5): 1342-1353. v2.2 adds support for multiple-hit models",
   "contact":"spond@temple.edu",
   "info":"aBSREL (Adaptive branch-site random effects likelihood)\n                            uses an adaptive random effects branch-site model framework\n                            to test whether each branch has evolved under positive selection,\n                            using a procedure which infers an optimal number of rate categories per branch.",
   "requirements":"in-frame codon alignment and a phylogenetic tree",
   "version":"2.2"
  },
 "branch attributes":{
   "0":{
     "ENSDARP00000072101":{
       "Baseline MG94xREV":0.4428207108437889,
       "Baseline MG94xREV omega ratio":0.07117134493781295,
       "Corrected P-value":1,
       "Full adaptive model":0.5854381120022421,
       "Full adaptive model (non-synonymous subs/site)":0.2474004697294018,
       "Full adaptive model (synonymous subs/site)":0.3380376422728403,
       "LRT":0.06947240496674567,
       "Nucleotide GTR":0.2765359275087399,
       "Rate Distributions":        [
[0, 0.8309167777737797],
        [1.554894519808478, 0.1690832222262203] 
        ],
       "Rate classes":2,
       "Uncorrected P-value":0.4481793546261439,
       "original name":"ENSDARP00000072101"
      },
     "ENSLACP00000000346":{
       "Baseline MG94xREV":0.4881548300014438,
       "Baseline MG94xREV omega ratio":0.2463311799907872,
       "Corrected P-value":1,
       "Full adaptive model":0.644610060432901,
       "Full adaptive model (non-synonymous subs/site)":0.368808452763106,
       "Full adaptive model (synonymous subs/site)":0.275801607669795,
       "LRT":0.6120892142660068,
       "Nucleotide GTR":0.4181822340128344,
       "Rate Distributions":        [
[0, 0.7186333067990028],
        [1.707251012028645, 0.2813666932009972] 
        ],
       "Rate classes":2,
       "Uncorrected P-value":0.3077065849817087,
       "original name":"ENSLACP00000000346"
      },
     "ENSONIP00000016223":{
       "Baseline MG94xREV":1265.921341025928,
       "Baseline MG94xREV omega ratio":5.974350740170441e-05,
       "Corrected P-value":1,
       "Full adaptive model":1099.373515906547,
       "Full adaptive model (non-synonymous subs/site)":0.1939583921328222,
       "Full adaptive model (synonymous subs/site)":1099.179557514413,
       "LRT":0,
       "Nucleotide GTR":0.4046485531843051,
       "Rate Distributions":        [
[6.338783591479132e-05, 1] 
        ],
       "Rate classes":1,
       "Uncorrected P-value":1,
       "original name":"ENSONIP00000016223"
      },
     "ENSONIP00000018960":{
       "Baseline MG94xREV":0.06168771790508298,
       "Baseline MG94xREV omega ratio":0.4816186298872583,
       "Corrected P-value":1,
       "Full adaptive model":0.06313027594397362,
       "Full adaptive model (non-synonymous subs/site)":0.04030969233842308,
       "Full adaptive model (synonymous subs/site)":0.02282058360555055,
       "LRT":0,
       "Nucleotide GTR":0.1036073486467925,
       "Rate Distributions":        [
[0.6345249876191071, 1] 
        ],
       "Rate classes":1,
       "Uncorrected P-value":1,
       "original name":"ENSONIP00000018960"
      },
     "ENSTNIP00000001124":{
       "Baseline MG94xREV":0.02748812243567453,
       "Baseline MG94xREV omega ratio":0.1892658391297871,
       "Corrected P-value":1,
       "Full adaptive model":0.02764547956201909,
       "Full adaptive model (non-synonymous subs/site)":0.009201695758411671,
       "Full adaptive model (synonymous subs/site)":0.01844378380360745,
       "LRT":0,
       "Nucleotide GTR":0.02792858509963761,
       "Rate Distributions":        [
[0.1792189132748644, 1] 
        ],
       "Rate classes":1,
       "Uncorrected P-value":1,
       "original name":"ENSTNIP00000001124"
      },
     "ENSTNIP00000005467":{
       "Baseline MG94xREV":0.02730842804237115,
       "Baseline MG94xREV omega ratio":0.1876911164226801,
       "Corrected P-value":1,
       "Full adaptive model":0.02741938385709472,
       "Full adaptive model (non-synonymous subs/site)":0.009069957666736317,
       "Full adaptive model (synonymous subs/site)":0.01834942619035842,
       "LRT":0,
       "Nucleotide GTR":0.02779916195404902,
       "Rate Distributions":        [
[0.1775614834650791, 1] 
        ],
       "Rate classes":1,
       "Uncorrected P-value":1,
       "original name":"ENSTNIP00000005467"
      },
     "ENSTNIP00000008649":{
       "Baseline MG94xREV":0,
       "Baseline MG94xREV omega ratio":1,
       "Corrected P-value":1,
       "Full adaptive model":0,
       "Full adaptive model (non-synonymous subs/site)":1e-10,
       "Full adaptive model (synonymous subs/site)":1e-10,
       "LRT":0,
       "Nucleotide GTR":0,
       "Rate Distributions":        [
[1, 1] 
        ],
       "Rate classes":1,
       "Uncorrected P-value":1,
       "original name":"ENSTNIP00000008649"
      },
     "ENSTRUP00000002945":{
       "Baseline MG94xREV":0.2160531241085159,
       "Baseline MG94xREV omega ratio":10000000000,
       "Corrected P-value":1,
       "Full adaptive model":0.2346041504675525,
       "Full adaptive model (non-synonymous subs/site)":0.2346041504675525,
       "Full adaptive model (synonymous subs/site)":1e-10,
       "LRT":1.38277366632451,
       "Nucleotide GTR":0.2748444396576904,
       "Rate Distributions":        [
[10000000000, 1] 
        ],
       "Rate classes":1,
       "Uncorrected P-value":0.1981901357706627,
       "original name":"ENSTRUP00000002945"
      },
     "HIST1H1T_GASAC":{
       "Baseline MG94xREV":0.1843788631372323,
       "Baseline MG94xREV omega ratio":0.2032225003578306,
       "Corrected P-value":1,
       "Full adaptive model":0.1854232382742163,
       "Full adaptive model (non-synonymous subs/site)":0.06014552394577351,
       "Full adaptive model (synonymous subs/site)":0.1252777143284426,
       "LRT":0,
       "Nucleotide GTR":0.1371970921043842,
       "Rate Distributions":        [
[0.1724628203227584, 1] 
        ],
       "Rate classes":1,
       "Uncorrected P-value":1,
       "original name":"HIST1H1T_GASAC"
      },
     "NODE_12":{
       "Baseline MG94xREV":0.04937915685734909,
       "Baseline MG94xREV omega ratio":10000000000,
       "Corrected P-value":1,
       "Full adaptive model":0.04311756935948042,
       "Full adaptive model (non-synonymous subs/site)":0.04311756935948042,
       "Full adaptive model (synonymous subs/site)":1e-10,
       "LRT":0.5450833560892079,
       "Nucleotide GTR":0.03646778613199755,
       "Rate Distributions":        [
[10000000000, 1] 
        ],
       "Rate classes":1,
       "Uncorrected P-value":0.3204992320420593
      },
     "NODE_3":{
       "Baseline MG94xREV":0.009259618414255898,
       "Baseline MG94xREV omega ratio":10000000000,
       "Corrected P-value":1,
       "Full adaptive model":0.009204310927609096,
       "Full adaptive model (non-synonymous subs/site)":0.009204310927609096,
       "Full adaptive model (synonymous subs/site)":1e-10,
       "LRT":0.5782586789107427,
       "Nucleotide GTR":0.009178527963380156,
       "Rate Distributions":        [
[10000000000, 1] 
        ],
       "Rate classes":1,
       "Uncorrected P-value":0.3140737352053984
      },
     "NODE_5":{
       "Baseline MG94xREV":0.2505542939408464,
       "Baseline MG94xREV omega ratio":0.4733707315629326,
       "Corrected P-value":1,
       "Full adaptive model":0.2318616335133627,
       "Full adaptive model (non-synonymous subs/site)":0.1218356359893473,
       "Full adaptive model (synonymous subs/site)":0.1100259975240154,
       "LRT":0,
       "Nucleotide GTR":0.1939940709561928,
       "Rate Distributions":        [
[0.3977818951985163, 1] 
        ],