{
 "analysis":{
   "authors":"Sergei L Kosakovsky Pond, Ben Murrell, Steven Weaver and Temple iGEM / UCSD viral evolution group",
   "citation":"Less Is More: An Adaptive Branch-Site Random Effects Model for Efficient Detection of Episodic Diversifying Selection (2015). Mol Biol Evol 32 (5): 1342-1353. v2.2 adds support for multiple-hit models",
   "contact":"spond@temple.edu",
   "info":"aBSREL (Adaptive branch-site random effects likelihood)\n                            uses an adaptive random effects branch-site model framework\n                            to test whether each branch has evolved under positive selection,\n                            using a procedure which infers an optimal number of rate categories per branch.",
   "requirements":"in-frame codon alignment and a phylogenetic tree",
   "version":"2.2"
  },
 "branch attributes":{
   "0":{
     "ENSGACP00000012772":{
       "Baseline MG94xREV":0.1570543737318142,
       "Baseline MG94xREV omega ratio":0.1708829707999444,
       "Corrected P-value":1,
       "Full adaptive model":0.1561632397278037,
       "Full adaptive model (non-synonymous subs/site)":0.05977111206095816,
       "Full adaptive model (synonymous subs/site)":0.09639212766684557,
       "LRT":0,
       "Nucleotide GTR":0.1144456056511357,
       "Rate Distributions":        [
[0, 0.6438032394501828],
        [0.5508709164284507, 0.3561967605498172] 
        ],
       "Rate classes":2,
       "Uncorrected P-value":1,
       "original name":"ENSGACP00000012772"
      },
     "ENSGMOP00000002150":{
       "Baseline MG94xREV":0.3138541611715089,
       "Baseline MG94xREV omega ratio":0.1387019659301374,
       "Corrected P-value":1,
       "Full adaptive model":0.3267141587163209,
       "Full adaptive model (non-synonymous subs/site)":0.1350393879949154,
       "Full adaptive model (synonymous subs/site)":0.1916747707214054,
       "LRT":0,
       "Nucleotide GTR":0.2086753760110756,
       "Rate Distributions":        [
[0.007374925623706838, 0.7431438791267969],
        [0.8466144848037533, 0.2568561208732031] 
        ],
       "Rate classes":2,
       "Uncorrected P-value":1,
       "original name":"ENSGMOP00000002150"
      },
     "ENSONIP00000009082":{
       "Baseline MG94xREV":0.1482901459582333,
       "Baseline MG94xREV omega ratio":0.129073821136976,
       "Corrected P-value":1,
       "Full adaptive model":0.1477220514288197,
       "Full adaptive model (non-synonymous subs/site)":0.04859597748991701,
       "Full adaptive model (synonymous subs/site)":0.09912607393890266,
       "LRT":0,
       "Nucleotide GTR":0.1260938587312073,
       "Rate Distributions":        [
[0, 0.8036688724021793],
        [0.7901568252719618, 0.1963311275978207] 
        ],
       "Rate classes":2,
       "Uncorrected P-value":1,
       "original name":"ENSONIP00000009082"
      },
     "ENSORLP00000000920":{
       "Baseline MG94xREV":0.1975140805034229,
       "Baseline MG94xREV omega ratio":0.1431713204479181,
       "Corrected P-value":1,
       "Full adaptive model":0.1989643055163141,
       "Full adaptive model (non-synonymous subs/site)":0.06240049009922009,
       "Full adaptive model (synonymous subs/site)":0.1365638154170939,
       "LRT":0,
       "Nucleotide GTR":0.1582880704341338,
       "Rate Distributions":        [
[0.04867270231053281, 0.7383402400822017],
        [0.4152505682553728, 0.2616597599177983] 
        ],
       "Rate classes":2,
       "Uncorrected P-value":1,
       "original name":"ENSORLP00000000920"
      },
     "ENSTNIP00000008064":{
       "Baseline MG94xREV":0.1491446826184018,
       "Baseline MG94xREV omega ratio":0.209640322296919,
       "Corrected P-value":1,
       "Full adaptive model":0.1562429751760331,
       "Full adaptive model (non-synonymous subs/site)":0.07422557485576703,
       "Full adaptive model (synonymous subs/site)":0.08201740032026607,
       "LRT":0.3013884482643334,
       "Nucleotide GTR":0.1121266846709498,
       "Rate Distributions":        [
[0.06104762451314604, 0.8499707124241661],
        [1.562947906808118, 0.1500292875758339] 
        ],
       "Rate classes":2,
       "Uncorrected P-value":0.3746358568527624,
       "original name":"ENSTNIP00000008064"
      },
     "ENSTRUP00000005438":{
       "Baseline MG94xREV":0.08813570246384615,
       "Baseline MG94xREV omega ratio":0.1606946391591548,
       "Corrected P-value":1,
       "Full adaptive model":0.0928280658064457,
       "Full adaptive model (non-synonymous subs/site)":0.0277564397641469,
       "Full adaptive model (synonymous subs/site)":0.06507162604229892,
       "LRT":0,
       "Nucleotide GTR":0.09197575742255579,
       "Rate Distributions":        [
[0.1349777363455377, 1] 
        ],
       "Rate classes":1,
       "Uncorrected P-value":1,
       "original name":"ENSTRUP00000005438"
      },
     "NODE_3":{
       "Baseline MG94xREV":0.0777148755469949,
       "Baseline MG94xREV omega ratio":0.08001979676737525,
       "Corrected P-value":1,
       "Full adaptive model":0.08274790371449965,
       "Full adaptive model (non-synonymous subs/site)":0.01342811085473452,
       "Full adaptive model (synonymous subs/site)":0.06931979285976515,
       "LRT":0,
       "Nucleotide GTR":0.06151754787300611,
       "Rate Distributions":        [
[0.06129819715177666, 1] 
        ],
       "Rate classes":1,
       "Uncorrected P-value":1
      },
     "NODE_5":{
       "Baseline MG94xREV":0.04406136176568376,
       "Baseline MG94xREV omega ratio":0.1670268486685614,
       "Corrected P-value":0.1669444861430766,
       "Full adaptive model":0.04522163391722067,
       "Full adaptive model (non-synonymous subs/site)":0.02341609485572093,
       "Full adaptive model (synonymous subs/site)":0.02180553906149973,
       "LRT":5.918974051321129,
       "Nucleotide GTR":0.03319762641964383,
       "Rate Distributions":        [
[0, 0.9575052158527048],
        [7.996538889614264, 0.04249478414729524] 
        ],
       "Rate classes":2,
       "Uncorrected P-value":0.01854938734923073
      },
     "NODE_8":{
       "Baseline MG94xREV":0.05894405877724437,
       "Baseline MG94xREV omega ratio":0.3904131002541883,
       "Corrected P-value":1,
       "Full adaptive model":0.06869399917426319,
       "Full adaptive model (non-synonymous subs/site)":0.03814185720833556,
       "Full adaptive model (synonymous subs/site)":0.03055214196592763,
       "LRT":0.7923081281915074,
       "Nucleotide GTR":0.06033973604259006,
       "Rate Distributions":        [
[0, 0.8139504262699112],
        [2.123349739726359, 0.1860495737300888] 
        ],
       "Rate classes":2,
       "Uncorrected P-value":0.2765515272346764
      }
    },
   "attributes":{
     "Baseline MG94xREV":{
       "attribute type":"branch length",
       "display order":1
      },
     "Baseline MG94xREV omega ratio":{
       "attribute type":"branch label",
       "display order":1
      },
     "Corrected P-value":{
       "attribute type":"branch label",
       "display order":6
      },
     "Full adaptive model":{
       "attribute type":"branch length",
       "display order":2
      },
     "Full adaptive model (non-synonymous subs/site)":{
       "attribute type":"branch label",
       "display order":10
      },
     "Full adaptive model (synonymous subs/site)":{
       "attribute type":"branch label",
       "display order":9
      },
     "LRT":{
       "attribute type":"branch label",
       "display order":4
      },
     "Nucleotide GTR":{
       "attribute type":"branch length",
       "display order":0
      },
     "Rate Distributions":{
       "attribute type":"branch label",
       "display order":3
      },
     "Rate classes":{
       "attribute type":"branch label",
       "display order":2
      },
     "Uncorrected P-value":{
       "attribute type":"branch label",
       "display order":5
      },
     "original name":{
       "attribute type":"node label",
       "display order":-1
      }
    }
  },