{
 "analysis":{
   "authors":"Sergei L Kosakovsky Pond, Ben Murrell, Steven Weaver and Temple iGEM / UCSD viral evolution group",
   "citation":"Less Is More: An Adaptive Branch-Site Random Effects Model for Efficient Detection of Episodic Diversifying Selection (2015). Mol Biol Evol 32 (5): 1342-1353. v2.2 adds support for multiple-hit models",
   "contact":"spond@temple.edu",
   "info":"aBSREL (Adaptive branch-site random effects likelihood)\n                            uses an adaptive random effects branch-site model framework\n                            to test whether each branch has evolved under positive selection,\n                            using a procedure which infers an optimal number of rate categories per branch.",
   "requirements":"in-frame codon alignment and a phylogenetic tree",
   "version":"2.2"
  },
 "branch attributes":{
   "0":{
     "ENSLACP00000000986":{
       "Baseline MG94xREV":0.8907988018423755,
       "Baseline MG94xREV omega ratio":0.0508121073924582,
       "Corrected P-value":1,
       "Full adaptive model":1.896772836842904,
       "Full adaptive model (non-synonymous subs/site)":1.10323228634636,
       "Full adaptive model (synonymous subs/site)":0.7935405504965436,
       "LRT":0.5398614585797077,
       "Nucleotide GTR":0.2962228787164008,
       "Rate Distributions":        [
[0.01504483243738722, 0.8241186943857939],
        [2.664882622190482, 0.1758813056142061] 
        ],
       "Rate classes":2,
       "Uncorrected P-value":0.3215277424419807,
       "original name":"ENSLACP00000000986"
      },
     "ENSLACP00000004750":{
       "Baseline MG94xREV":0.02441427519066018,
       "Baseline MG94xREV omega ratio":0.2733097481426666,
       "Corrected P-value":1,
       "Full adaptive model":0.02611713551892171,
       "Full adaptive model (non-synonymous subs/site)":0.01243085814394033,
       "Full adaptive model (synonymous subs/site)":0.01368627737498138,
       "LRT":0,
       "Nucleotide GTR":0.02435674473589297,
       "Rate Distributions":        [
[0.3143075999451835, 1] 
        ],
       "Rate classes":1,
       "Uncorrected P-value":1,
       "original name":"ENSLACP00000004750"
      },
     "ENSLACP00000005247":{
       "Baseline MG94xREV":0.01784624498223903,
       "Baseline MG94xREV omega ratio":1.029051984186097,
       "Corrected P-value":1,
       "Full adaptive model":0.01966939002149858,
       "Full adaptive model (non-synonymous subs/site)":0.01528686941329597,
       "Full adaptive model (synonymous subs/site)":0.004382520608202601,
       "LRT":0.02733822786603923,
       "Nucleotide GTR":0.01761911529321988,
       "Rate Distributions":        [
[1.207073451242157, 1] 
        ],
       "Rate classes":1,
       "Uncorrected P-value":0.4696620063257959,
       "original name":"ENSLACP00000005247"
      },
     "ENSLACP00000007637":{
       "Baseline MG94xREV":0.3380929565673891,
       "Baseline MG94xREV omega ratio":0.4320560743479311,
       "Corrected P-value":0.2990991090899109,
       "Full adaptive model":2.015706428090468,
       "Full adaptive model (non-synonymous subs/site)":2.002665158343694,
       "Full adaptive model (synonymous subs/site)":0.0130412697467745,
       "LRT":4.985948827001721,
       "Nucleotide GTR":0.3626150549539492,
       "Rate Distributions":        [
[1, 0.7959370859308372],
        [256.513047376459, 0.2040629140691628] 
        ],
       "Rate classes":2,
       "Uncorrected P-value":0.02990991090899109,
       "original name":"ENSLACP00000007637"
      },
     "ENSLACP00000009314":{
       "Baseline MG94xREV":0.6053898072316312,
       "Baseline MG94xREV omega ratio":0.1307237993138096,
       "Corrected P-value":0.3010494552146195,
       "Full adaptive model":0.9668205490075703,
       "Full adaptive model (non-synonymous subs/site)":0.9490883357406205,
       "Full adaptive model (synonymous subs/site)":0.01773221326694954,
       "LRT":4.768179859775501,
       "Nucleotide GTR":0.3224260851682776,
       "Rate Distributions":        [
[1, 0.7724396572654537],
        [77.99840452775636, 0.2275603427345463] 
        ],
       "Rate classes":2,
       "Uncorrected P-value":0.03344993946829106,
       "original name":"ENSLACP00000009314"
      },
     "ENSLACP00000013259":{
       "Baseline MG94xREV":0.2640801417107994,
       "Baseline MG94xREV omega ratio":0.1805779733839037,
       "Corrected P-value":1,
       "Full adaptive model":0.1308263122529586,
       "Full adaptive model (non-synonymous subs/site)":0.1068284387991807,
       "Full adaptive model (synonymous subs/site)":0.0239978734537777,
       "LRT":0.01376194654631036,
       "Nucleotide GTR":0.1885737377264154,
       "Rate Distributions":        [
[1.540469954037172, 1] 
        ],
       "Rate classes":1,
       "Uncorrected P-value":0.4792654644041434,
       "original name":"ENSLACP00000013259"
      },
     "ENSLACP00000020671":{
       "Baseline MG94xREV":0.01510388153695468,
       "Baseline MG94xREV omega ratio":0.8916717678612305,
       "Corrected P-value":1,
       "Full adaptive model":0.01323721500916215,
       "Full adaptive model (non-synonymous subs/site)":0.008902327706291147,
       "Full adaptive model (synonymous subs/site)":0.004334887302871,
       "LRT":0,
       "Nucleotide GTR":0.01508279025727443,
       "Rate Distributions":        [
[0.7106649150646477, 1] 
        ],
       "Rate classes":1,
       "Uncorrected P-value":1,
       "original name":"ENSLACP00000020671"
      },
     "NODE_10":{
       "Baseline MG94xREV":0.3750963684200185,
       "Baseline MG94xREV omega ratio":0.08243498114175372,
       "Corrected P-value":1,
       "Full adaptive model":14659.83087600506,
       "Full adaptive model (non-synonymous subs/site)":14659.28998821161,
       "Full adaptive model (synonymous subs/site)":0.5408877934572853,
       "LRT":1.239642654124964,
       "Nucleotide GTR":0.2182316169194714,
       "Rate Distributions":        [
[0, 0.9062125204320624],
        [100000, 0.09378747956793765] 
        ],
       "Rate classes":2,
       "Uncorrected P-value":0.2145201555331251
      },
     "NODE_12":{
       "Baseline MG94xREV":1358.41534673558,
       "Baseline MG94xREV omega ratio":4.331761019204822e-05,
       "Corrected P-value":1,
       "Full adaptive model":0.953134052661341,
       "Full adaptive model (non-synonymous subs/site)":0.4814088403872739,
       "Full adaptive model (synonymous subs/site)":0.4717252122740672,
       "LRT":0.02735995800094315,
       "Nucleotide GTR":0.3133695625234876,
       "Rate Distributions":        [
[0, 0.6845103272725426],
        [1.119383586033534, 0.3154896727274574] 
        ],
       "Rate classes":2,
       "Uncorrected P-value":0.4696484493671782
      },
     "NODE_3":{
       "Baseline MG94xREV":0.08029471903516902,
       "Baseline MG94xREV omega ratio":0.3178812028441248,
       "Corrected P-value":1,
       "Full adaptive model":0.9292368095046862,
       "Full adaptive model (non-synonymous subs/site)":0.0329265848220888,
       "Full adaptive model (synonymous subs/site)":0.8963102246825968,
       "LRT":0,
       "Nucleotide GTR":0.08663612875263337,
       "Rate Distributions":        [
[0.01271239697350751, 1] 
        ],
       "Rate classes":1,
       "Uncorrected P-value":1
      }
    },
   "attributes":{
     "Baseline MG94xREV":{
       "attribute type":"branch length",
       "display order":1
      },
     "Baseline MG94xREV omega ratio":{
       "attribute type":"branch label",
       "display order":1
      },
     "Corrected P-value":{
       "attribute type":"branch label",
       "display order":6
      },
     "Full adaptive model":{
       "attribute type":"branch length",
       "display order":2
      },
     "Full adaptive model (non-synonymous subs/site)":{
       "attribute type":"branch label",
       "display order":10
      },
     "Full adaptive model (synonymous subs/site)":{
       "attribute type":"branch label",
       "display order":9
      },