{
 "analysis":{
   "authors":"Sergei L Kosakovsky Pond, Ben Murrell, Steven Weaver and Temple iGEM / UCSD viral evolution group",
   "citation":"Less Is More: An Adaptive Branch-Site Random Effects Model for Efficient Detection of Episodic Diversifying Selection (2015). Mol Biol Evol 32 (5): 1342-1353. v2.2 adds support for multiple-hit models",
   "contact":"spond@temple.edu",
   "info":"aBSREL (Adaptive branch-site random effects likelihood)\n                            uses an adaptive random effects branch-site model framework\n                            to test whether each branch has evolved under positive selection,\n                            using a procedure which infers an optimal number of rate categories per branch.",
   "requirements":"in-frame codon alignment and a phylogenetic tree",
   "version":"2.2"
  },
 "branch attributes":{
   "0":{
     "ENSGACP00000017481":{
       "Baseline MG94xREV":0.07476309954529355,
       "Baseline MG94xREV omega ratio":2.087777807698152,
       "Corrected P-value":0.02168005377247528,
       "Full adaptive model":81.83837317928574,
       "Full adaptive model (non-synonymous subs/site)":81.83560615029485,
       "Full adaptive model (synonymous subs/site)":0.002767028990899561,
       "LRT":11.07631771604611,
       "Nucleotide GTR":0.1159743400784622,
       "Rate Distributions":        [
[1, 0.8918341184061067],
        [100000, 0.1081658815938933] 
        ],
       "Rate classes":2,
       "Uncorrected P-value":0.001355003360779705,
       "original name":"ENSGACP00000017481"
      },
     "ENSONIP00000002857":{
       "Baseline MG94xREV":0.1496328207763503,
       "Baseline MG94xREV omega ratio":0.4689669023327811,
       "Corrected P-value":1,
       "Full adaptive model":0.1626772128940878,
       "Full adaptive model (non-synonymous subs/site)":0.08833673830546133,
       "Full adaptive model (synonymous subs/site)":0.07434047458862646,
       "LRT":0,
       "Nucleotide GTR":0.1492700603588173,
       "Rate Distributions":        [
[0.4346238321992102, 1] 
        ],
       "Rate classes":1,
       "Uncorrected P-value":1,
       "original name":"ENSONIP00000002857"
      },
     "ENSONIP00000002858":{
       "Baseline MG94xREV":0.09401545253474569,
       "Baseline MG94xREV omega ratio":0.4651773885769224,
       "Corrected P-value":1,
       "Full adaptive model":0.0975816785355194,
       "Full adaptive model (non-synonymous subs/site)":0.05429514585884818,
       "Full adaptive model (synonymous subs/site)":0.04328653267667112,
       "LRT":0,
       "Nucleotide GTR":0.0911252335662312,
       "Rate Distributions":        [
[0.4587813036765185, 1] 
        ],
       "Rate classes":1,
       "Uncorrected P-value":1,
       "original name":"ENSONIP00000002858"
      },
     "ENSONIP00000002862":{
       "Baseline MG94xREV":0.1116658199250984,
       "Baseline MG94xREV omega ratio":0.1729462519966076,
       "Corrected P-value":1,
       "Full adaptive model":0.1156011569464652,
       "Full adaptive model (non-synonymous subs/site)":0.03423880594341208,
       "Full adaptive model (synonymous subs/site)":0.08136235100305311,
       "LRT":0,
       "Nucleotide GTR":0.09220722158083319,
       "Rate Distributions":        [
[0.1539191398715578, 1] 
        ],
       "Rate classes":1,
       "Uncorrected P-value":1,
       "original name":"ENSONIP00000002862"
      },
     "ENSORLP00000020196":{
       "Baseline MG94xREV":0.2999495659955391,
       "Baseline MG94xREV omega ratio":0.1632192346280817,
       "Corrected P-value":1,
       "Full adaptive model":0.3375179767090127,
       "Full adaptive model (non-synonymous subs/site)":0.1513573427266492,
       "Full adaptive model (synonymous subs/site)":0.1861606339823636,
       "LRT":0,
       "Nucleotide GTR":0.2206075577415139,
       "Rate Distributions":        [
[0, 0.6871299546783688],
        [0.950493533630145, 0.3128700453216312] 
        ],
       "Rate classes":2,
       "Uncorrected P-value":1,
       "original name":"ENSORLP00000020196"
      },
     "ENSTNIP00000005515":{
       "Baseline MG94xREV":0.2047873629828465,
       "Baseline MG94xREV omega ratio":0.2666943201086361,
       "Corrected P-value":1,
       "Full adaptive model":0.2582776323534521,
       "Full adaptive model (non-synonymous subs/site)":0.09430377861717631,
       "Full adaptive model (synonymous subs/site)":0.1639738537362755,
       "LRT":0,
       "Nucleotide GTR":0.1565330580649726,
       "Rate Distributions":        [
[0.2103545922326304, 1] 
        ],
       "Rate classes":1,
       "Uncorrected P-value":1,
       "original name":"ENSTNIP00000005515"
      },
     "NODE_14":{
       "Baseline MG94xREV":0.05061865984053256,
       "Baseline MG94xREV omega ratio":2.636696191285664,
       "Corrected P-value":1,
       "Full adaptive model":0.04363141248029053,
       "Full adaptive model (non-synonymous subs/site)":0.04363141248029053,
       "Full adaptive model (synonymous subs/site)":1e-10,
       "LRT":0.3123865259474314,
       "Nucleotide GTR":0.04473393654243552,
       "Rate Distributions":        [
[10000000000, 1] 
        ],
       "Rate classes":1,
       "Uncorrected P-value":0.3718620368876452
      },
     "NODE_16":{
       "Baseline MG94xREV":0.1945019802852388,
       "Baseline MG94xREV omega ratio":0.02316946038852329,
       "Corrected P-value":1,
       "Full adaptive model":0.2070395132061865,
       "Full adaptive model (non-synonymous subs/site)":0.003943614359180486,
       "Full adaptive model (synonymous subs/site)":0.2030958988470062,
       "LRT":0,
       "Nucleotide GTR":0.03109975542352723,
       "Rate Distributions":        [
[0.007102165560745691, 1] 
        ],
       "Rate classes":1,
       "Uncorrected P-value":1
      },
     "NODE_18":{
       "Baseline MG94xREV":1235.066598266855,
       "Baseline MG94xREV omega ratio":4.940140303935447e-05,
       "Corrected P-value":1,
       "Full adaptive model":4.828582173612322,
       "Full adaptive model (non-synonymous subs/site)":0.2902347951821292,
       "Full adaptive model (synonymous subs/site)":4.538347378430193,
       "LRT":0,
       "Nucleotide GTR":0.3274127487943414,
       "Rate Distributions":        [
[0, 0.6829605152796218],
        [0.0737795318545043, 0.3170394847203782] 
        ],
       "Rate classes":2,
       "Uncorrected P-value":1
      },
     "NODE_3":{
       "Baseline MG94xREV":0.0301122292618373,
       "Baseline MG94xREV omega ratio":0,
       "Corrected P-value":1,
       "Full adaptive model":0,
       "Full adaptive model (non-synonymous subs/site)":1e-10,
       "Full adaptive model (synonymous subs/site)":1e-10,
       "LRT":0,
       "Nucleotide GTR":0.030148520556483,
       "Rate Distributions":        [
[1, 1] 
        ],
       "Rate classes":1,
       "Uncorrected P-value":1
      },
     "NODE_8":{
       "Baseline MG94xREV":0.1283687376617306,
       "Baseline MG94xREV omega ratio":0.1856995036343032,
       "Corrected P-value":1,
       "Full adaptive model":0.1443385030456782,
       "Full adaptive model (non-synonymous subs/site)":0.03201703393375657,
       "Full adaptive model (synonymous subs/site)":0.1123214691119217,
       "LRT":0,
       "Nucleotide GTR":0.05660567446401562,
       "Rate Distributions":        [
[0.1042595455552377, 1] 
        ],
       "Rate classes":1,
       "Uncorrected P-value":1
      },
     "NODE_9":{
       "Baseline MG94xREV":0,
       "Baseline MG94xREV omega ratio":1,
       "Corrected P-value":1,
       "Full adaptive model":0,
       "Full adaptive model (non-synonymous subs/site)":1e-10,
       "Full adaptive model (synonymous subs/site)":1e-10,
       "LRT":0,
       "Nucleotide GTR":0.05541496888298126,
       "Rate Distributions":        [
[1, 1] 
        ],
       "Rate classes":1,
       "Uncorrected P-value":1
      },
     "TMEM176L_1_DANRE":{
       "Baseline MG94xREV":0.2767188004766453,
       "Baseline MG94xREV omega ratio":0.2179097693526849,