{
 "analysis":{
   "authors":"Sergei L Kosakovsky Pond, Ben Murrell, Steven Weaver and Temple iGEM / UCSD viral evolution group",
   "citation":"Less Is More: An Adaptive Branch-Site Random Effects Model for Efficient Detection of Episodic Diversifying Selection (2015). Mol Biol Evol 32 (5): 1342-1353. v2.2 adds support for multiple-hit models",
   "contact":"spond@temple.edu",
   "info":"aBSREL (Adaptive branch-site random effects likelihood)\n                            uses an adaptive random effects branch-site model framework\n                            to test whether each branch has evolved under positive selection,\n                            using a procedure which infers an optimal number of rate categories per branch.",
   "requirements":"in-frame codon alignment and a phylogenetic tree",
   "version":"2.2"
  },
 "branch attributes":{
   "0":{
     "ENSGACP00000009614":{
       "Baseline MG94xREV":0.09611983644132512,
       "Baseline MG94xREV omega ratio":0.1115761487609752,
       "Corrected P-value":1,
       "Full adaptive model":0.1002799909550275,
       "Full adaptive model (non-synonymous subs/site)":0.02545008724469868,
       "Full adaptive model (synonymous subs/site)":0.07482990371032884,
       "LRT":0.2280093451208813,
       "Nucleotide GTR":0.08397489423609493,
       "Rate Distributions":        [
[0.06503082368060777, 0.9836457252085699],
        [3.136843826421235, 0.01635427479143015] 
        ],
       "Rate classes":2,
       "Uncorrected P-value":0.3942768987450164,
       "original name":"ENSGACP00000009614"
      },
     "ENSGMOP00000020535":{
       "Baseline MG94xREV":0.220373697416518,
       "Baseline MG94xREV omega ratio":0.07057755523016475,
       "Corrected P-value":1,
       "Full adaptive model":0.5584711276084218,
       "Full adaptive model (non-synonymous subs/site)":0.3905099269325623,
       "Full adaptive model (synonymous subs/site)":0.1679612006758595,
       "LRT":2.341862340008447,
       "Nucleotide GTR":0.119284611221233,
       "Rate Distributions":        [
[0.04874370711609168, 0.9848267491174965],
        [48.76880050898492, 0.01517325088250354] 
        ],
       "Rate classes":2,
       "Uncorrected P-value":0.1182112036777873,
       "original name":"ENSGMOP00000020535"
      },
     "ENSONIP00000010327":{
       "Baseline MG94xREV":0.06354404316468411,
       "Baseline MG94xREV omega ratio":0.03333466471734194,
       "Corrected P-value":1,
       "Full adaptive model":0.06618166938941414,
       "Full adaptive model (non-synonymous subs/site)":0.008870945669287806,
       "Full adaptive model (synonymous subs/site)":0.05731072372012633,
       "LRT":1.118496305874032,
       "Nucleotide GTR":0.05759330508981987,
       "Rate Distributions":        [
[1.703531151583649e-21, 0.9867776639167306],
        [3.967535957638472, 0.01322233608326939] 
        ],
       "Rate classes":2,
       "Uncorrected P-value":0.2295400999006727,
       "original name":"ENSONIP00000010327"
      },
     "ENSORLP00000021889":{
       "Baseline MG94xREV":0.1191799722502774,
       "Baseline MG94xREV omega ratio":0.01882062686001039,
       "Corrected P-value":1,
       "Full adaptive model":0.1110721265276561,
       "Full adaptive model (non-synonymous subs/site)":0.005358000359847479,
       "Full adaptive model (synonymous subs/site)":0.1057141261678086,
       "LRT":0,
       "Nucleotide GTR":0.09247225065376581,
       "Rate Distributions":        [
[0.01717768959948433, 1] 
        ],
       "Rate classes":1,
       "Uncorrected P-value":1,
       "original name":"ENSORLP00000021889"
      },
     "ENSTNIP00000000226":{
       "Baseline MG94xREV":0.006944784797367667,
       "Baseline MG94xREV omega ratio":0.2002047259879727,
       "Corrected P-value":1,
       "Full adaptive model":0.007066657642116107,
       "Full adaptive model (non-synonymous subs/site)":0.002254458637027015,
       "Full adaptive model (synonymous subs/site)":0.004812199005089095,
       "LRT":0,
       "Nucleotide GTR":0.007014296176593551,
       "Rate Distributions":        [
[0.1587792438064906, 1] 
        ],
       "Rate classes":1,
       "Uncorrected P-value":1,
       "original name":"ENSTNIP00000000226"
      },
     "ENSTNIP00000020026":{
       "Baseline MG94xREV":0.004396440326751949,
       "Baseline MG94xREV omega ratio":0,
       "Corrected P-value":1,
       "Full adaptive model":0.004223710264228187,
       "Full adaptive model (non-synonymous subs/site)":1e-10,
       "Full adaptive model (synonymous subs/site)":0.004223710264228187,
       "LRT":0,
       "Nucleotide GTR":0.004267948932766333,
       "Rate Distributions":        [
[0, 1] 
        ],
       "Rate classes":1,
       "Uncorrected P-value":1,
       "original name":"ENSTNIP00000020026"
      },
     "ENSTRUP00000009254":{
       "Baseline MG94xREV":0.05400643234631231,
       "Baseline MG94xREV omega ratio":0.02791434496574046,
       "Corrected P-value":1,
       "Full adaptive model":0.05273289166480916,
       "Full adaptive model (non-synonymous subs/site)":0.003408250676692632,
       "Full adaptive model (synonymous subs/site)":0.04932464098811659,
       "LRT":0,
       "Nucleotide GTR":0.04062976224848572,
       "Rate Distributions":        [
[0.02341869191798534, 1] 
        ],
       "Rate classes":1,
       "Uncorrected P-value":1,
       "original name":"ENSTRUP00000009254"
      },
     "NODE_10":{
       "Baseline MG94xREV":0.001361982660234832,
       "Baseline MG94xREV omega ratio":10000000000,
       "Corrected P-value":1,
       "Full adaptive model":0.001153761285941218,
       "Full adaptive model (non-synonymous subs/site)":0.001153761285941218,
       "Full adaptive model (synonymous subs/site)":1e-10,
       "LRT":0.08614048904473748,
       "Nucleotide GTR":0.005282309369862462,
       "Rate Distributions":        [
[10000000000, 1] 
        ],
       "Rate classes":1,
       "Uncorrected P-value":0.4411816897623902
      },
     "NODE_11":{
       "Baseline MG94xREV":0.005434332873947183,
       "Baseline MG94xREV omega ratio":10000000000,
       "Corrected P-value":1,
       "Full adaptive model":0.005555481730379327,
       "Full adaptive model (non-synonymous subs/site)":0.005555481730379327,
       "Full adaptive model (synonymous subs/site)":1e-10,
       "LRT":0.03013453827770718,
       "Nucleotide GTR":0.04059254289439448,
       "Rate Distributions":        [
[10000000000, 1] 
        ],
       "Rate classes":1,
       "Uncorrected P-value":0.4679507650925989
      },
     "NODE_3":{
       "Baseline MG94xREV":0.002811908868423122,
       "Baseline MG94xREV omega ratio":10000000000,
       "Corrected P-value":1,
       "Full adaptive model":0.002634720659860033,
       "Full adaptive model (non-synonymous subs/site)":0.002634720659860033,
       "Full adaptive model (synonymous subs/site)":1e-10,
       "LRT":0.428873037332778,
       "Nucleotide GTR":0.004157946696411684,
       "Rate Distributions":        [
[10000000000, 1] 
        ],
       "Rate classes":1,
       "Uncorrected P-value":0.3446073018622769
      },
     "NODE_6":{
       "Baseline MG94xREV":0.02284965448431007,
       "Baseline MG94xREV omega ratio":0.0214787202114751,
       "Corrected P-value":1,
       "Full adaptive model":0.02347195026428558,
       "Full adaptive model (non-synonymous subs/site)":0.001108222911788183,
       "Full adaptive model (synonymous subs/site)":0.02236372735249742,
       "LRT":0,
       "Nucleotide GTR":0.02653158754058234,
       "Rate Distributions":        [
[0.0167949212715906, 1] 
        ],
       "Rate classes":1,
       "Uncorrected P-value":1
      },
     "NODE_8":{
       "Baseline MG94xREV":0.1152006052620007,
       "Baseline MG94xREV omega ratio":0.05043927735834566,
       "Corrected P-value":1,
       "Full adaptive model":0.1090322269711137,
       "Full adaptive model (non-synonymous subs/site)":0.01252841780036881,
       "Full adaptive model (synonymous subs/site)":0.0965038091707449,