{
 "analysis":{
   "authors":"Sergei L Kosakovsky Pond, Ben Murrell, Steven Weaver and Temple iGEM / UCSD viral evolution group",
   "citation":"Less Is More: An Adaptive Branch-Site Random Effects Model for Efficient Detection of Episodic Diversifying Selection (2015). Mol Biol Evol 32 (5): 1342-1353. v2.2 adds support for multiple-hit models",
   "contact":"spond@temple.edu",
   "info":"aBSREL (Adaptive branch-site random effects likelihood)\n                            uses an adaptive random effects branch-site model framework\n                            to test whether each branch has evolved under positive selection,\n                            using a procedure which infers an optimal number of rate categories per branch.",
   "requirements":"in-frame codon alignment and a phylogenetic tree",
   "version":"2.2"
  },
 "branch attributes":{
   "0":{
     "ENSDARP00000116294":{
       "Baseline MG94xREV":0.379813411876287,
       "Baseline MG94xREV omega ratio":0.03625334596907023,
       "Corrected P-value":1,
       "Full adaptive model":19.38903496580619,
       "Full adaptive model (non-synonymous subs/site)":19.14514497253737,
       "Full adaptive model (synonymous subs/site)":0.2438899932688141,
       "LRT":0.8379361508395959,
       "Nucleotide GTR":0.1944109587328436,
       "Rate Distributions":        [
[0.0321643148387985, 0.9897045835760889],
        [2031.681078922612, 0.01029541642391107] 
        ],
       "Rate classes":2,
       "Uncorrected P-value":0.2693150978767109,
       "original name":"ENSDARP00000116294"
      },
     "ENSGACP00000006466":{
       "Baseline MG94xREV":0.04898935446876256,
       "Baseline MG94xREV omega ratio":0.06553961915358951,
       "Corrected P-value":1,
       "Full adaptive model":0.04789613946753647,
       "Full adaptive model (non-synonymous subs/site)":0.007664594169911429,
       "Full adaptive model (synonymous subs/site)":0.04023154529762506,
       "LRT":0,
       "Nucleotide GTR":0.05209651412107702,
       "Rate Distributions":        [
[0.05084141952890892, 1] 
        ],
       "Rate classes":1,
       "Uncorrected P-value":1,
       "original name":"ENSGACP00000006466"
      },
     "ENSGMOP00000017078":{
       "Baseline MG94xREV":0.2141438034071208,
       "Baseline MG94xREV omega ratio":0.06675591025169278,
       "Corrected P-value":0.886053956950437,
       "Full adaptive model":3.467985452312107,
       "Full adaptive model (non-synonymous subs/site)":3.277057576561799,
       "Full adaptive model (synonymous subs/site)":0.1909278757503074,
       "LRT":3.070860446461666,
       "Nucleotide GTR":0.111672930851009,
       "Rate Distributions":        [
[0.03170328437879117, 0.9768391719260737],
        [196.4308003439299, 0.02316082807392628] 
        ],
       "Rate classes":2,
       "Uncorrected P-value":0.080550359722767,
       "original name":"ENSGMOP00000017078"
      },
     "ENSONIP00000015462":{
       "Baseline MG94xREV":0.1068186613700281,
       "Baseline MG94xREV omega ratio":0.03790654659930953,
       "Corrected P-value":1,
       "Full adaptive model":0.08710675154151763,
       "Full adaptive model (non-synonymous subs/site)":0.009783775032556518,
       "Full adaptive model (synonymous subs/site)":0.07732297650896107,
       "LRT":0,
       "Nucleotide GTR":0.08430118285555441,
       "Rate Distributions":        [
[0.03376704930356872, 1] 
        ],
       "Rate classes":1,
       "Uncorrected P-value":1,
       "original name":"ENSONIP00000015462"
      },
     "ENSORLP00000022779":{
       "Baseline MG94xREV":0.1103713929908063,
       "Baseline MG94xREV omega ratio":0.05091532153725921,
       "Corrected P-value":1,
       "Full adaptive model":0.1116185575301293,
       "Full adaptive model (non-synonymous subs/site)":0.01751214898052031,
       "Full adaptive model (synonymous subs/site)":0.094106408549609,
       "LRT":0,
       "Nucleotide GTR":0.0791673114425057,
       "Rate Distributions":        [
[0.004409359891174578, 0.9399181454764564],
        [0.7575758619468003, 0.06008185452354364] 
        ],
       "Rate classes":2,
       "Uncorrected P-value":1,
       "original name":"ENSORLP00000022779"
      },
     "ENSTNIP00000013458":{
       "Baseline MG94xREV":0.05266409160565222,
       "Baseline MG94xREV omega ratio":0.0268571818243143,
       "Corrected P-value":1,
       "Full adaptive model":0.04974628485953988,
       "Full adaptive model (non-synonymous subs/site)":0.003722245726853757,
       "Full adaptive model (synonymous subs/site)":0.04602403913268609,
       "LRT":0,
       "Nucleotide GTR":0.04061204217019761,
       "Rate Distributions":        [
[0.02158318470209096, 1] 
        ],
       "Rate classes":1,
       "Uncorrected P-value":1,
       "original name":"ENSTNIP00000013458"
      },
     "ENSTRUP00000045151":{
       "Baseline MG94xREV":0.05048845120209858,
       "Baseline MG94xREV omega ratio":0.05522035983613763,
       "Corrected P-value":1,
       "Full adaptive model":0.05228997109226135,
       "Full adaptive model (non-synonymous subs/site)":0.006823159035382487,
       "Full adaptive model (synonymous subs/site)":0.04546681205687887,
       "LRT":0,
       "Nucleotide GTR":0.04709541342622139,
       "Rate Distributions":        [
[0.04004849564896488, 1] 
        ],
       "Rate classes":1,
       "Uncorrected P-value":1,
       "original name":"ENSTRUP00000045151"
      },
     "NODE_3":{
       "Baseline MG94xREV":0.04872339288517148,
       "Baseline MG94xREV omega ratio":0.06309552045336733,
       "Corrected P-value":1,
       "Full adaptive model":0.05013760816784014,
       "Full adaptive model (non-synonymous subs/site)":0.007449265805172401,
       "Full adaptive model (synonymous subs/site)":0.04268834236266774,
       "LRT":0,
       "Nucleotide GTR":0.03976758391147259,
       "Rate Distributions":        [
[0.0465692665141843, 1] 
        ],
       "Rate classes":1,
       "Uncorrected P-value":1
      },
     "NODE_5":{
       "Baseline MG94xREV":0.01559773935214082,
       "Baseline MG94xREV omega ratio":0,
       "Corrected P-value":1,
       "Full adaptive model":0.01431638502957018,
       "Full adaptive model (non-synonymous subs/site)":1e-10,
       "Full adaptive model (synonymous subs/site)":0.01431638502957018,
       "LRT":0,
       "Nucleotide GTR":0.01217115734826516,
       "Rate Distributions":        [
[0, 1] 
        ],
       "Rate classes":1,
       "Uncorrected P-value":1
      },
     "NODE_7":{
       "Baseline MG94xREV":0.001442862587479089,
       "Baseline MG94xREV omega ratio":10000000000,
       "Corrected P-value":1,
       "Full adaptive model":0.01421835365654863,
       "Full adaptive model (non-synonymous subs/site)":0.001990158564365981,
       "Full adaptive model (synonymous subs/site)":0.01222819509218265,
       "LRT":0,
       "Nucleotide GTR":0.01082426739332077,
       "Rate Distributions":        [
[0.04343307105813143, 1] 
        ],
       "Rate classes":1,
       "Uncorrected P-value":1
      },
     "NODE_9":{
       "Baseline MG94xREV":0.1028197486514262,
       "Baseline MG94xREV omega ratio":0.01198467281118154,
       "Corrected P-value":1,
       "Full adaptive model":0.06000814412753169,
       "Full adaptive model (non-synonymous subs/site)":0.002667559646391045,
       "Full adaptive model (synonymous subs/site)":0.0573405844811407,
       "LRT":0,
       "Nucleotide GTR":0.04958722056798893,
       "Rate Distributions":        [
[0.01241501478515596, 1] 
        ],
       "Rate classes":1,
       "Uncorrected P-value":1
      }
    },
   "attributes":{
     "Baseline MG94xREV":{
       "attribute type":"branch length",
       "display order":1
      },
     "Baseline MG94xREV omega ratio":{
       "attribute type":"branch label",
       "display order":1
      },
     "Corrected P-value":{
       "attribute type":"branch label",
       "display order":6
      },
     "Full adaptive model":{
       "attribute type":"branch length",