{
 "analysis":{
   "authors":"Sergei L Kosakovsky Pond, Ben Murrell, Steven Weaver and Temple iGEM / UCSD viral evolution group",
   "citation":"Less Is More: An Adaptive Branch-Site Random Effects Model for Efficient Detection of Episodic Diversifying Selection (2015). Mol Biol Evol 32 (5): 1342-1353. v2.2 adds support for multiple-hit models",
   "contact":"spond@temple.edu",
   "info":"aBSREL (Adaptive branch-site random effects likelihood)\n                            uses an adaptive random effects branch-site model framework\n                            to test whether each branch has evolved under positive selection,\n                            using a procedure which infers an optimal number of rate categories per branch.",
   "requirements":"in-frame codon alignment and a phylogenetic tree",
   "version":"2.2"
  },
 "branch attributes":{
   "0":{
     "ENSCJAP00000041705":{
       "Baseline MG94xREV":0.03471197341287866,
       "Baseline MG94xREV omega ratio":3.431777738025909,
       "Corrected P-value":1,
       "Full adaptive model":0.0348742397954134,
       "Full adaptive model (non-synonymous subs/site)":0.03063902067521808,
       "Full adaptive model (synonymous subs/site)":0.004235219120195295,
       "LRT":1.806219423197945,
       "Nucleotide GTR":0.03371118354748259,
       "Rate Distributions":        [
[3.51223974081558, 1] 
        ],
       "Rate classes":1,
       "Uncorrected P-value":0.1573846751205577,
       "original name":"ENSCJAP00000041705"
      },
     "ENSCPOP00000014846":{
       "Baseline MG94xREV":0.04763242641626434,
       "Baseline MG94xREV omega ratio":2.105669591935269,
       "Corrected P-value":1,
       "Full adaptive model":0.04953061994073901,
       "Full adaptive model (non-synonymous subs/site)":0.04076125360954611,
       "Full adaptive model (synonymous subs/site)":0.008769366331192893,
       "LRT":1.247187151447179,
       "Nucleotide GTR":0.04556099658208478,
       "Rate Distributions":        [
[2.256651406345834, 1] 
        ],
       "Rate classes":1,
       "Uncorrected P-value":0.2136225082288022,
       "original name":"ENSCPOP00000014846"
      },
     "ENSFCAP00000013228":{
       "Baseline MG94xREV":0.05812528231914257,
       "Baseline MG94xREV omega ratio":5.569299144950739,
       "Corrected P-value":0.6823709456618837,
       "Full adaptive model":0.05862084640415549,
       "Full adaptive model (non-synonymous subs/site)":0.05402436391243712,
       "Full adaptive model (synonymous subs/site)":0.004596482491718412,
       "LRT":4.171272582356778,
       "Nucleotide GTR":0.05566748478678506,
       "Rate Distributions":        [
[5.706229169521332, 1] 
        ],
       "Rate classes":1,
       "Uncorrected P-value":0.04549139637745891,
       "original name":"ENSFCAP00000013228"
      },
     "ENSGGOP00000028473":{
       "Baseline MG94xREV":0.003915882873516799,
       "Baseline MG94xREV omega ratio":10000000000,
       "Corrected P-value":1,
       "Full adaptive model":0.003914132059856848,
       "Full adaptive model (non-synonymous subs/site)":0.003914132059856848,
       "Full adaptive model (synonymous subs/site)":1e-10,
       "LRT":0.7439312296110074,
       "Nucleotide GTR":0.003994316210350864,
       "Rate Distributions":        [
[10000000000, 1] 
        ],
       "Rate classes":1,
       "Uncorrected P-value":0.2844942775493599,
       "original name":"ENSGGOP00000028473"
      },
     "ENSMEUP00000008365":{
       "Baseline MG94xREV":0.03148395294657565,
       "Baseline MG94xREV omega ratio":2.403437374966601,
       "Corrected P-value":1,
       "Full adaptive model":0.03176690541816663,
       "Full adaptive model (non-synonymous subs/site)":0.02656044417458495,
       "Full adaptive model (synonymous subs/site)":0.005206461243581685,
       "LRT":0.8750474328749078,
       "Nucleotide GTR":0.03238041168574466,
       "Rate Distributions":        [
[2.476725360696821, 1] 
        ],
       "Rate classes":1,
       "Uncorrected P-value":0.2636023133026696,
       "original name":"ENSMEUP00000008365"
      },
     "ENSMODP00000002354":{
       "Baseline MG94xREV":0.03986545808602322,
       "Baseline MG94xREV omega ratio":3.393677748300433,
       "Corrected P-value":1,
       "Full adaptive model":0.03989786098054795,
       "Full adaptive model (non-synonymous subs/site)":0.03498817925797761,
       "Full adaptive model (synonymous subs/site)":0.004909681722570316,
       "LRT":1.84536131891673,
       "Nucleotide GTR":0.0368038613035461,
       "Rate Distributions":        [
[3.459817262329924, 1] 
        ],
       "Rate classes":1,
       "Uncorrected P-value":0.1541004264911207,
       "original name":"ENSMODP00000002354"
      },
     "ENSNLEP00000022333":{
       "Baseline MG94xREV":0.004265255732420603,
       "Baseline MG94xREV omega ratio":0,
       "Corrected P-value":1,
       "Full adaptive model":0.00427190747385244,
       "Full adaptive model (non-synonymous subs/site)":1e-10,
       "Full adaptive model (synonymous subs/site)":0.00427190747385244,
       "LRT":0,
       "Nucleotide GTR":0.003997783851564856,
       "Rate Distributions":        [
[0, 1] 
        ],
       "Rate classes":1,
       "Uncorrected P-value":1,
       "original name":"ENSNLEP00000022333"
      },
     "ENSOCUP00000015162":{
       "Baseline MG94xREV":0.02462768997617247,
       "Baseline MG94xREV omega ratio":10000000000,
       "Corrected P-value":0.6232241725070038,
       "Full adaptive model":0.02471738698579557,
       "Full adaptive model (non-synonymous subs/site)":0.02471738698579557,
       "Full adaptive model (synonymous subs/site)":1e-10,
       "LRT":4.472247921802591,
       "Nucleotide GTR":0.02460923557029917,
       "Rate Distributions":        [
[10000000000, 1] 
        ],
       "Rate classes":1,
       "Uncorrected P-value":0.03895151078168774,
       "original name":"ENSOCUP00000015162"
      },
     "ENSPTRP00000060037":{
       "Baseline MG94xREV":0,
       "Baseline MG94xREV omega ratio":1,
       "Corrected P-value":1,
       "Full adaptive model":0,
       "Full adaptive model (non-synonymous subs/site)":1e-10,
       "Full adaptive model (synonymous subs/site)":1e-10,
       "LRT":0,
       "Nucleotide GTR":0,
       "Rate Distributions":        [
[1, 1] 
        ],
       "Rate classes":1,
       "Uncorrected P-value":1,
       "original name":"ENSPTRP00000060037"
      },
     "ENSTTRP00000002673":{
       "Baseline MG94xREV":0.04789562304569783,
       "Baseline MG94xREV omega ratio":1.499369278068751,
       "Corrected P-value":1,
       "Full adaptive model":0.04805089549044628,
       "Full adaptive model (non-synonymous subs/site)":0.03652278860385901,
       "Full adaptive model (synonymous subs/site)":0.01152810688658728,
       "LRT":0.4222718726305175,
       "Nucleotide GTR":0.04682451702068233,
       "Rate Distributions":        [
[1.53812309292475, 1] 
        ],
       "Rate classes":1,
       "Uncorrected P-value":0.3460603180901894,
       "original name":"ENSTTRP00000002673"
      },
     "F1M9Q9_RAT":{
       "Baseline MG94xREV":0.08702236988854629,
       "Baseline MG94xREV omega ratio":2.715953757572912,
       "Corrected P-value":1,
       "Full adaptive model":0.08744026886023983,
       "Full adaptive model (non-synonymous subs/site)":0.07444143077222153,
       "Full adaptive model (synonymous subs/site)":0.01299883808801831,
       "LRT":2.53503357676118,
       "Nucleotide GTR":0.08601262933382413,
       "Rate Distributions":        [
[2.780323528870833, 1] 
        ],
       "Rate classes":1,
       "Uncorrected P-value":0.106727859403585,
       "original name":"F1M9Q9_RAT"
      },
     "NODE_15":{
       "Baseline MG94xREV":0.001749525979704528,
       "Baseline MG94xREV omega ratio":10000000000,
       "Corrected P-value":1,
       "Full adaptive model":0.00160058008701689,
       "Full adaptive model (non-synonymous subs/site)":0.00160058008701689,