{
 "analysis":{
   "authors":"Sergei L Kosakovsky Pond, Ben Murrell, Steven Weaver and Temple iGEM / UCSD viral evolution group",
   "citation":"Less Is More: An Adaptive Branch-Site Random Effects Model for Efficient Detection of Episodic Diversifying Selection (2015). Mol Biol Evol 32 (5): 1342-1353. v2.2 adds support for multiple-hit models",
   "contact":"spond@temple.edu",
   "info":"aBSREL (Adaptive branch-site random effects likelihood)\n                            uses an adaptive random effects branch-site model framework\n                            to test whether each branch has evolved under positive selection,\n                            using a procedure which infers an optimal number of rate categories per branch.",
   "requirements":"in-frame codon alignment and a phylogenetic tree",
   "version":"2.2"
  },
 "branch attributes":{
   "0":{
     "ENSPSIP00000000222":{
       "Baseline MG94xREV":0.01710013909145446,
       "Baseline MG94xREV omega ratio":0.6010358535656324,
       "Corrected P-value":0.002228535023587275,
       "Full adaptive model":8.346847689402237,
       "Full adaptive model (non-synonymous subs/site)":8.342501434066616,
       "Full adaptive model (synonymous subs/site)":0.00434625533561997,
       "LRT":15.17727670950353,
       "Nucleotide GTR":0.01726627762433516,
       "Rate Distributions":        [
[0.6519588544854387, 0.9919002503603953],
        [100000, 0.008099749639604692] 
        ],
       "Rate classes":2,
       "Uncorrected P-value":0.000171425771045175,
       "original name":"ENSPSIP00000000222"
      },
     "ENSPSIP00000000491":{
       "Baseline MG94xREV":0.006662558340257093,
       "Baseline MG94xREV omega ratio":0.8278175216154322,
       "Corrected P-value":1,
       "Full adaptive model":0.006767486004134592,
       "Full adaptive model (non-synonymous subs/site)":0.004436693158217689,
       "Full adaptive model (synonymous subs/site)":0.002330792845916907,
       "LRT":0,
       "Nucleotide GTR":0.006761915427816261,
       "Rate Distributions":        [
[0.8038830263716881, 1] 
        ],
       "Rate classes":1,
       "Uncorrected P-value":1,
       "original name":"ENSPSIP00000000491"
      },
     "ENSPSIP00000000636":{
       "Baseline MG94xREV":0.007803628362229298,
       "Baseline MG94xREV omega ratio":0.5724271872734649,
       "Corrected P-value":1,
       "Full adaptive model":0.007808004483089174,
       "Full adaptive model (non-synonymous subs/site)":0.004479448186451841,
       "Full adaptive model (synonymous subs/site)":0.003328556296637345,
       "LRT":0,
       "Nucleotide GTR":0.007786798983469086,
       "Rate Distributions":        [
[0.5683367665567671, 1] 
        ],
       "Rate classes":1,
       "Uncorrected P-value":1,
       "original name":"ENSPSIP00000000636"
      },
     "ENSPSIP00000000719":{
       "Baseline MG94xREV":0.008755408826566408,
       "Baseline MG94xREV omega ratio":2.276991912341755,
       "Corrected P-value":0.3043085541425874,
       "Full adaptive model":0.01142371662198747,
       "Full adaptive model (non-synonymous subs/site)":0.01043028165768565,
       "Full adaptive model (synonymous subs/site)":0.0009934349643018257,
       "LRT":5.307788195942521,
       "Nucleotide GTR":0.008663646114373175,
       "Rate Distributions":        [
[0, 0.9582021725079141],
        [106.0815916316327, 0.04179782749208594] 
        ],
       "Rate classes":2,
       "Uncorrected P-value":0.02535904617854895,
       "original name":"ENSPSIP00000000719"
      },
     "ENSPSIP00000001360":{
       "Baseline MG94xREV":0.01082381828373458,
       "Baseline MG94xREV omega ratio":1.142774924952511,
       "Corrected P-value":1,
       "Full adaptive model":0.0108281111799107,
       "Full adaptive model (non-synonymous subs/site)":0.007894534345998173,
       "Full adaptive model (synonymous subs/site)":0.002933576833912526,
       "LRT":0.02973116066186776,
       "Nucleotide GTR":0.01106438708316395,
       "Rate Distributions":        [
[1.136491501308617, 1] 
        ],
       "Rate classes":1,
       "Uncorrected P-value":0.4681936383205001,
       "original name":"ENSPSIP00000001360"
      },
     "ENSPSIP00000001442":{
       "Baseline MG94xREV":0.003146810214566201,
       "Baseline MG94xREV omega ratio":0.7700523450396651,
       "Corrected P-value":1,
       "Full adaptive model":0.003141293191501519,
       "Full adaptive model (non-synonymous subs/site)":0.002027557058496036,
       "Full adaptive model (synonymous subs/site)":0.00111373613300548,
       "LRT":0,
       "Nucleotide GTR":0.003199369990547317,
       "Rate Distributions":        [
[0.7688257424670294, 1] 
        ],
       "Rate classes":1,
       "Uncorrected P-value":1,
       "original name":"ENSPSIP00000001442"
      },
     "ENSPSIP00000001653":{
       "Baseline MG94xREV":0.01993247995218416,
       "Baseline MG94xREV omega ratio":0.45265206410456,
       "Corrected P-value":1,
       "Full adaptive model":0.01984050664599987,
       "Full adaptive model (non-synonymous subs/site)":0.01025980171435525,
       "Full adaptive model (synonymous subs/site)":0.009580704931644582,
       "LRT":0,
       "Nucleotide GTR":0.02002021865055597,
       "Rate Distributions":        [
[0.452250071180139, 1] 
        ],
       "Rate classes":1,
       "Uncorrected P-value":1,
       "original name":"ENSPSIP00000001653"
      },
     "ENSPSIP00000001742":{
       "Baseline MG94xREV":0.008895475304205544,
       "Baseline MG94xREV omega ratio":0.2621814848835313,
       "Corrected P-value":1,
       "Full adaptive model":0.008904899075165453,
       "Full adaptive model (non-synonymous subs/site)":0.003396718362643152,
       "Full adaptive model (synonymous subs/site)":0.005508180712522296,
       "LRT":0,
       "Nucleotide GTR":0.008898693686479633,
       "Rate Distributions":        [
[0.2604284943862312, 1] 
        ],
       "Rate classes":1,
       "Uncorrected P-value":1,
       "original name":"ENSPSIP00000001742"
      },
     "ENSPSIP00000002033":{
       "Baseline MG94xREV":0.007461895447526593,
       "Baseline MG94xREV omega ratio":2.621960857939399,
       "Corrected P-value":1,
       "Full adaptive model":0.007430569282485848,
       "Full adaptive model (non-synonymous subs/site)":0.006391974072637449,
       "Full adaptive model (synonymous subs/site)":0.0010385952098484,
       "LRT":1.014886428519276,
       "Nucleotide GTR":0.007714906829414369,
       "Rate Distributions":        [
[2.599117005588478, 1] 
        ],
       "Rate classes":1,
       "Uncorrected P-value":0.2433568727757658,
       "original name":"ENSPSIP00000002033"
      },
     "NODE_12":{
       "Baseline MG94xREV":0.001199726380365645,
       "Baseline MG94xREV omega ratio":10000000000,
       "Corrected P-value":1,
       "Full adaptive model":0.00119957882804575,
       "Full adaptive model (non-synonymous subs/site)":0.00119957882804575,
       "Full adaptive model (synonymous subs/site)":1e-10,
       "LRT":0.7352560557756078,
       "Nucleotide GTR":0.00100296680824366,
       "Rate Distributions":        [
[10000000000, 1] 
        ],
       "Rate classes":1,
       "Uncorrected P-value":0.2859493600504534
      },
     "NODE_14":{
       "Baseline MG94xREV":0.005636050649405856,
       "Baseline MG94xREV omega ratio":0.1214137593053282,
       "Corrected P-value":1,
       "Full adaptive model":0.005709556204936267,
       "Full adaptive model (non-synonymous subs/site)":0.001253007866834099,
       "Full adaptive model (synonymous subs/site)":0.004456548338102165,
       "LRT":0,
       "Nucleotide GTR":0.006014668917430474,
       "Rate Distributions":        [
[0.1187387075721283, 1] 
        ],
       "Rate classes":1,
       "Uncorrected P-value":1
      },
     "NODE_16":{
       "Baseline MG94xREV":0.003010201341780628,
       "Baseline MG94xREV omega ratio":0.1476350760809872,
       "Corrected P-value":1,
       "Full adaptive model":0.003040429147275342,