{
 "analysis":{
   "authors":"Sergei L Kosakovsky Pond, Ben Murrell, Steven Weaver and Temple iGEM / UCSD viral evolution group",
   "citation":"Less Is More: An Adaptive Branch-Site Random Effects Model for Efficient Detection of Episodic Diversifying Selection (2015). Mol Biol Evol 32 (5): 1342-1353. v2.2 adds support for multiple-hit models",
   "contact":"spond@temple.edu",
   "info":"aBSREL (Adaptive branch-site random effects likelihood)\n                            uses an adaptive random effects branch-site model framework\n                            to test whether each branch has evolved under positive selection,\n                            using a procedure which infers an optimal number of rate categories per branch.",
   "requirements":"in-frame codon alignment and a phylogenetic tree",
   "version":"2.2"
  },
 "branch attributes":{
   "0":{
     "ENSCJAP00000018535":{
       "Baseline MG94xREV":0.06951602810917423,
       "Baseline MG94xREV omega ratio":2.584149720685148,
       "Corrected P-value":0.9113452542174464,
       "Full adaptive model":0.07008472080429452,
       "Full adaptive model (non-synonymous subs/site)":0.06055882603070933,
       "Full adaptive model (synonymous subs/site)":0.009525894773585166,
       "LRT":1.131774065920013,
       "Nucleotide GTR":0.07012087068950563,
       "Rate Distributions":        [
[2.926997338641825, 1] 
        ],
       "Rate classes":1,
       "Uncorrected P-value":0.2278363135543616,
       "original name":"ENSCJAP00000018535"
      },
     "ENSGGOP00000024748":{
       "Baseline MG94xREV":0.006281489343644169,
       "Baseline MG94xREV omega ratio":10000000000,
       "Corrected P-value":0.8696620608470855,
       "Full adaptive model":0.006239146161917771,
       "Full adaptive model (non-synonymous subs/site)":0.006239146161917771,
       "Full adaptive model (synonymous subs/site)":1e-10,
       "LRT":0.7120616701052995,
       "Nucleotide GTR":0.006496958270257277,
       "Rate Distributions":        [
[10000000000, 1] 
        ],
       "Rate classes":1,
       "Uncorrected P-value":0.2898873536156952,
       "original name":"ENSGGOP00000024748"
      },
     "ENSTTRP00000013720":{
       "Baseline MG94xREV":0.04521982049928707,
       "Baseline MG94xREV omega ratio":10000000000,
       "Corrected P-value":0.487782760483556,
       "Full adaptive model":0.05269284666964171,
       "Full adaptive model (non-synonymous subs/site)":0.05269284666964171,
       "Full adaptive model (synonymous subs/site)":1e-10,
       "LRT":3.053210876843309,
       "Nucleotide GTR":0.04556909500303655,
       "Rate Distributions":        [
[10000000000, 1] 
        ],
       "Rate classes":1,
       "Uncorrected P-value":0.08129712674725934,
       "original name":"ENSTTRP00000013720"
      },
     "ENSVPAP00000002356":{
       "Baseline MG94xREV":0.05718790724597875,
       "Baseline MG94xREV omega ratio":1.74771871586556,
       "Corrected P-value":0.7001325136370468,
       "Full adaptive model":0.06190451680770704,
       "Full adaptive model (non-synonymous subs/site)":0.05013697470461942,
       "Full adaptive model (synonymous subs/site)":0.0117675421030876,
       "LRT":0.4043036850176804,
       "Nucleotide GTR":0.05901057259317673,
       "Rate Distributions":        [
[1.961656780944224, 1] 
        ],
       "Rate classes":1,
       "Uncorrected P-value":0.3500662568185234,
       "original name":"ENSVPAP00000002356"
      },
     "LOC741231_PANTR":{
       "Baseline MG94xREV":0.01172276429801483,
       "Baseline MG94xREV omega ratio":10000000000,
       "Corrected P-value":0.9973549014899701,
       "Full adaptive model":0.0116441228301994,
       "Full adaptive model (non-synonymous subs/site)":0.0116441228301994,
       "Full adaptive model (synonymous subs/site)":1e-10,
       "LRT":1.371077545957178,
       "Nucleotide GTR":0.01230672476324296,
       "Rate Distributions":        [
[10000000000, 1] 
        ],
       "Rate classes":1,
       "Uncorrected P-value":0.199470980297994,
       "original name":"LOC741231_PANTR"
      },
     "NODE_10":{
       "Baseline MG94xREV":0.1131253880838648,
       "Baseline MG94xREV omega ratio":0.4515518664479518,
       "Corrected P-value":0.1015784477749602,
       "Full adaptive model":428.8535316936843,
       "Full adaptive model (non-synonymous subs/site)":428.8176904916478,
       "Full adaptive model (synonymous subs/site)":0.03584120203654823,
       "LRT":6.661953518063797,
       "Nucleotide GTR":0.1129902934371737,
       "Rate Distributions":        [
[0.174564677997288, 0.9449157066878673],
        [100000, 0.05508429331213271] 
        ],
       "Rate classes":2,
       "Uncorrected P-value":0.01269730597187002
      },
     "NODE_8":{
       "Baseline MG94xREV":0.05732948218295599,
       "Baseline MG94xREV omega ratio":10000000000,
       "Corrected P-value":0.1914573552102154,
       "Full adaptive model":0.06373616055534971,
       "Full adaptive model (non-synonymous subs/site)":0.06373616055534971,
       "Full adaptive model (synonymous subs/site)":1e-10,
       "LRT":5.1602659165859,
       "Nucleotide GTR":0.05767822778793422,
       "Rate Distributions":        [
[10000000000, 1] 
        ],
       "Rate classes":1,
       "Uncorrected P-value":0.02735105074431649
      },
     "RP1_177G6_2_HUMAN":{
       "Baseline MG94xREV":0,
       "Baseline MG94xREV omega ratio":1,
       "Corrected P-value":1,
       "Full adaptive model":0,
       "Full adaptive model (non-synonymous subs/site)":1e-10,
       "Full adaptive model (synonymous subs/site)":1e-10,
       "LRT":0,
       "Nucleotide GTR":0,
       "Rate Distributions":        [
[1, 1] 
        ],
       "Rate classes":1,
       "Uncorrected P-value":1,
       "original name":"RP1-177G6.2_HUMAN"
      }
    },
   "attributes":{
     "Baseline MG94xREV":{
       "attribute type":"branch length",
       "display order":1
      },
     "Baseline MG94xREV omega ratio":{
       "attribute type":"branch label",
       "display order":1
      },
     "Corrected P-value":{
       "attribute type":"branch label",
       "display order":6
      },
     "Full adaptive model":{
       "attribute type":"branch length",
       "display order":2
      },
     "Full adaptive model (non-synonymous subs/site)":{
       "attribute type":"branch label",
       "display order":10
      },
     "Full adaptive model (synonymous subs/site)":{
       "attribute type":"branch label",
       "display order":9
      },
     "LRT":{
       "attribute type":"branch label",
       "display order":4
      },
     "Nucleotide GTR":{
       "attribute type":"branch length",
       "display order":0
      },
     "Rate Distributions":{
       "attribute type":"branch label",
       "display order":3
      },
     "Rate classes":{
       "attribute type":"branch label",
       "display order":2
      },
     "Uncorrected P-value":{
       "attribute type":"branch label",
       "display order":5
      },
     "original name":{
       "attribute type":"node label",
       "display order":-1
      }
    }
  },
 "data partitions":{
   "0":{
     "coverage":      [
[0, 1, 2, 3, 4, 5, 6, 7, 8, 9, 10, 11, 12, 13, 14, 15, 16, 17, 18, 19, 20, 21, 22, 23, 24, 25, 26, 27, 28, 29, 30, 31, 32, 33, 34, 35, 36, 37, 38, 39, 40, 41, 42, 43, 44, 45, 46, 47, 48, 49, 50, 51, 52, 53, 54] 
      ],
     "name":"absrel.filter.default"
    }
  },
 "fits":{
   "Baseline MG94xREV":{
     "AIC-c":883.6262623769968,