{
 "analysis":{
   "authors":"Sergei L Kosakovsky Pond, Ben Murrell, Steven Weaver and Temple iGEM / UCSD viral evolution group",
   "citation":"Less Is More: An Adaptive Branch-Site Random Effects Model for Efficient Detection of Episodic Diversifying Selection (2015). Mol Biol Evol 32 (5): 1342-1353. v2.2 adds support for multiple-hit models",
   "contact":"spond@temple.edu",
   "info":"aBSREL (Adaptive branch-site random effects likelihood)\n                            uses an adaptive random effects branch-site model framework\n                            to test whether each branch has evolved under positive selection,\n                            using a procedure which infers an optimal number of rate categories per branch.",
   "requirements":"in-frame codon alignment and a phylogenetic tree",
   "version":"2.2"
  },
 "branch attributes":{
   "0":{
     "ENSGACP00000023646":{
       "Baseline MG94xREV":0.111315789340779,
       "Baseline MG94xREV omega ratio":0.3391588184098472,
       "Corrected P-value":1,
       "Full adaptive model":0.1165508379712081,
       "Full adaptive model (non-synonymous subs/site)":0.0614731957772961,
       "Full adaptive model (synonymous subs/site)":0.05507764219391199,
       "LRT":1.370311487745312,
       "Nucleotide GTR":0.1142869199517725,
       "Rate Distributions":        [
[0.1698963383140678, 0.9337516445075719],
        [4.776615528840118, 0.06624835549242813] 
        ],
       "Rate classes":2,
       "Uncorrected P-value":0.1995551926252297,
       "original name":"ENSGACP00000023646"
      },
     "ENSGMOP00000008517":{
       "Baseline MG94xREV":0.3908173164325977,
       "Baseline MG94xREV omega ratio":0.1387745840037142,
       "Corrected P-value":1,
       "Full adaptive model":0.4275201787868109,
       "Full adaptive model (non-synonymous subs/site)":0.1562873263914251,
       "Full adaptive model (synonymous subs/site)":0.2712328523953859,
       "LRT":0.2912134977414098,
       "Nucleotide GTR":0.2580184929896695,
       "Rate Distributions":        [
[0.08493440012211724, 0.9241370879612115],
        [2.19840263331771, 0.07586291203878848] 
        ],
       "Rate classes":2,
       "Uncorrected P-value":0.3772380682782617,
       "original name":"ENSGMOP00000008517"
      },
     "ENSONIP00000018310":{
       "Baseline MG94xREV":0.1085563912779351,
       "Baseline MG94xREV omega ratio":0.1701562793096747,
       "Corrected P-value":1,
       "Full adaptive model":0.1066907380640599,
       "Full adaptive model (non-synonymous subs/site)":0.02848624313723503,
       "Full adaptive model (synonymous subs/site)":0.07820449492682491,
       "LRT":0,
       "Nucleotide GTR":0.09134223790291938,
       "Rate Distributions":        [
[0.1550469871667356, 1] 
        ],
       "Rate classes":1,
       "Uncorrected P-value":1,
       "original name":"ENSONIP00000018310"
      },
     "ENSORLP00000007784":{
       "Baseline MG94xREV":0.1930226232254963,
       "Baseline MG94xREV omega ratio":0.1610309889391516,
       "Corrected P-value":1,
       "Full adaptive model":0.2173880197919735,
       "Full adaptive model (non-synonymous subs/site)":0.08248825812626415,
       "Full adaptive model (synonymous subs/site)":0.1348997616657093,
       "LRT":0.5238308094740205,
       "Nucleotide GTR":0.1580164821176753,
       "Rate Distributions":        [
[0.07979583932327068, 0.933687017501696],
        [2.801497797270492, 0.06631298249830397] 
        ],
       "Rate classes":2,
       "Uncorrected P-value":0.3247152623630755,
       "original name":"ENSORLP00000007784"
      },
     "ENSTNIP00000013480":{
       "Baseline MG94xREV":0.06701584188688636,
       "Baseline MG94xREV omega ratio":0.2438787492647365,
       "Corrected P-value":1,
       "Full adaptive model":0.06631334807840697,
       "Full adaptive model (non-synonymous subs/site)":0.0246937742216188,
       "Full adaptive model (synonymous subs/site)":0.04161957385678813,
       "LRT":0,
       "Nucleotide GTR":0.07265399020339808,
       "Rate Distributions":        [
[0.2525513615283115, 1] 
        ],
       "Rate classes":1,
       "Uncorrected P-value":1,
       "original name":"ENSTNIP00000013480"
      },
     "NODE_3":{
       "Baseline MG94xREV":0.09378221483598416,
       "Baseline MG94xREV omega ratio":0.1713400844019686,
       "Corrected P-value":1,
       "Full adaptive model":0.1132768744417331,
       "Full adaptive model (non-synonymous subs/site)":0.04334047071315915,
       "Full adaptive model (synonymous subs/site)":0.0699364037285739,
       "LRT":1.485209272698739,
       "Nucleotide GTR":0.06825422202223762,
       "Rate Distributions":        [
[0, 0.8992462257024955],
        [2.618115933910079, 0.1007537742975045] 
        ],
       "Rate classes":2,
       "Uncorrected P-value":0.1873540989900834
      },
     "NODE_5":{
       "Baseline MG94xREV":0.008133131283146437,
       "Baseline MG94xREV omega ratio":10000000000,
       "Corrected P-value":1,
       "Full adaptive model":0.008442556623008144,
       "Full adaptive model (non-synonymous subs/site)":0.008442556623008144,
       "Full adaptive model (synonymous subs/site)":1e-10,
       "LRT":0.04747630969995953,
       "Nucleotide GTR":0.02724430399517054,
       "Rate Distributions":        [
[10000000000, 1] 
        ],
       "Rate classes":1,
       "Uncorrected P-value":0.4584652853201784
      },
     "NODE_8":{
       "Baseline MG94xREV":0.2004814241067878,
       "Baseline MG94xREV omega ratio":0.1667307933607231,
       "Corrected P-value":1,
       "Full adaptive model":0.2022235019331627,
       "Full adaptive model (non-synonymous subs/site)":0.05669186807599882,
       "Full adaptive model (synonymous subs/site)":0.1455316338571638,
       "LRT":0,
       "Nucleotide GTR":0.1362020655816973,
       "Rate Distributions":        [
[0.1658147777059428, 1] 
        ],
       "Rate classes":1,
       "Uncorrected P-value":1
      },
     "SCPP2_TAKRU":{
       "Baseline MG94xREV":0.1080666715002693,
       "Baseline MG94xREV omega ratio":0.1182907084892103,
       "Corrected P-value":1,
       "Full adaptive model":0.107852569486553,
       "Full adaptive model (non-synonymous subs/site)":0.02207067811096558,
       "Full adaptive model (synonymous subs/site)":0.08578189137558728,
       "LRT":0,
       "Nucleotide GTR":0.08113183292847376,
       "Rate Distributions":        [
[0.1095165942288632, 1] 
        ],
       "Rate classes":1,
       "Uncorrected P-value":1,
       "original name":"SCPP2_TAKRU"
      }
    },
   "attributes":{
     "Baseline MG94xREV":{
       "attribute type":"branch length",
       "display order":1
      },
     "Baseline MG94xREV omega ratio":{
       "attribute type":"branch label",
       "display order":1
      },
     "Corrected P-value":{
       "attribute type":"branch label",
       "display order":6
      },
     "Full adaptive model":{
       "attribute type":"branch length",
       "display order":2
      },
     "Full adaptive model (non-synonymous subs/site)":{
       "attribute type":"branch label",
       "display order":10
      },
     "Full adaptive model (synonymous subs/site)":{
       "attribute type":"branch label",
       "display order":9
      },
     "LRT":{
       "attribute type":"branch label",
       "display order":4
      },
     "Nucleotide GTR":{
       "attribute type":"branch length",
       "display order":0
      },
     "Rate Distributions":{
       "attribute type":"branch label",
       "display order":3
      },
     "Rate classes":{
       "attribute type":"branch label",
       "display order":2
      },
     "Uncorrected P-value":{
       "attribute type":"branch label",
       "display order":5
      },
     "original name":{
       "attribute type":"node label",
       "display order":-1
      }
    }
  },