{
 "analysis":{
   "authors":"Sergei L Kosakovsky Pond, Ben Murrell, Steven Weaver and Temple iGEM / UCSD viral evolution group",
   "citation":"Less Is More: An Adaptive Branch-Site Random Effects Model for Efficient Detection of Episodic Diversifying Selection (2015). Mol Biol Evol 32 (5): 1342-1353. v2.2 adds support for multiple-hit models",
   "contact":"spond@temple.edu",
   "info":"aBSREL (Adaptive branch-site random effects likelihood)\n                            uses an adaptive random effects branch-site model framework\n                            to test whether each branch has evolved under positive selection,\n                            using a procedure which infers an optimal number of rate categories per branch.",
   "requirements":"in-frame codon alignment and a phylogenetic tree",
   "version":"2.2"
  },
 "branch attributes":{
   "0":{
     "GAMT_DANRE":{
       "Baseline MG94xREV":0.241157017235156,
       "Baseline MG94xREV omega ratio":0.04038299013194387,
       "Corrected P-value":1,
       "Full adaptive model":0.2601166475787813,
       "Full adaptive model (non-synonymous subs/site)":0.09484731103035077,
       "Full adaptive model (synonymous subs/site)":0.1652693365484305,
       "LRT":1.344057459719807,
       "Nucleotide GTR":0.1209482368859246,
       "Rate Distributions":        [
[0.01572154450501282, 0.9639625019200855],
        [4.471387052609625, 0.03603749807991452] 
        ],
       "Rate classes":2,
       "Uncorrected P-value":0.2024653920061145,
       "original name":"GAMT_DANRE"
      },
     "GAMT_GADMO":{
       "Baseline MG94xREV":0.1749493134719366,
       "Baseline MG94xREV omega ratio":0.1086414095434784,
       "Corrected P-value":1,
       "Full adaptive model":0.1877774808465342,
       "Full adaptive model (non-synonymous subs/site)":0.05063364271137708,
       "Full adaptive model (synonymous subs/site)":0.1371438381351571,
       "LRT":0,
       "Nucleotide GTR":0.1154214155432653,
       "Rate Distributions":        [
[0.02495643991717535, 0.8992819991792657],
        [0.9032195856864264, 0.1007180008207343] 
        ],
       "Rate classes":2,
       "Uncorrected P-value":1,
       "original name":"GAMT_GADMO"
      },
     "GAMT_GASAC":{
       "Baseline MG94xREV":0.06972081303439898,
       "Baseline MG94xREV omega ratio":0.1625189764708917,
       "Corrected P-value":0.6210163049253585,
       "Full adaptive model":0.232180305914121,
       "Full adaptive model (non-synonymous subs/site)":0.1881836481869799,
       "Full adaptive model (synonymous subs/site)":0.04399665772714115,
       "LRT":4.07662888246432,
       "Nucleotide GTR":0.06012125938980555,
       "Rate Distributions":        [
[0.06390945261484574, 0.9760905308192326],
        [52.34420555327071, 0.02390946918076742] 
        ],
       "Rate classes":2,
       "Uncorrected P-value":0.04777048499425834,
       "original name":"GAMT_GASAC"
      },
     "GAMT_LATCH":{
       "Baseline MG94xREV":0.4560189108736983,
       "Baseline MG94xREV omega ratio":0.07001780700459188,
       "Corrected P-value":1,
       "Full adaptive model":0.4176578467964773,
       "Full adaptive model (non-synonymous subs/site)":0.1035527931466707,
       "Full adaptive model (synonymous subs/site)":0.3141050536498067,
       "LRT":0.000329853725816065,
       "Nucleotide GTR":0.2280748905491369,
       "Rate Distributions":        [
[0.04703418157219318, 0.9455332205609834],
        [1.042825385906962, 0.05446677943901657] 
        ],
       "Rate classes":2,
       "Uncorrected P-value":0.4970524693150939,
       "original name":"GAMT_LATCH"
      },
     "GAMT_ORENI":{
       "Baseline MG94xREV":0.06592684463682684,
       "Baseline MG94xREV omega ratio":0.1056456274071933,
       "Corrected P-value":1,
       "Full adaptive model":0.07433438221050401,
       "Full adaptive model (non-synonymous subs/site)":0.02042115138202565,
       "Full adaptive model (synonymous subs/site)":0.05391323082847836,
       "LRT":1.013412503592917,
       "Nucleotide GTR":0.05729507008400887,
       "Rate Distributions":        [
[0, 0.9510982447569836],
        [2.379368552484348, 0.04890175524301643] 
        ],
       "Rate classes":2,
       "Uncorrected P-value":0.2435603551921219,
       "original name":"GAMT_ORENI"
      },
     "GAMT_ORYLA":{
       "Baseline MG94xREV":0.09277086557692422,
       "Baseline MG94xREV omega ratio":0.04941206353699108,
       "Corrected P-value":1,
       "Full adaptive model":0.08980266711976036,
       "Full adaptive model (non-synonymous subs/site)":0.01176142739222594,
       "Full adaptive model (synonymous subs/site)":0.07804123972753445,
       "LRT":0,
       "Nucleotide GTR":0.0723625279148041,
       "Rate Distributions":        [
[0.04629532855637847, 1] 
        ],
       "Rate classes":1,
       "Uncorrected P-value":1,
       "original name":"GAMT_ORYLA"
      },
     "GAMT_TAKRU":{
       "Baseline MG94xREV":0.05591499979368101,
       "Baseline MG94xREV omega ratio":0.03163638492408066,
       "Corrected P-value":1,
       "Full adaptive model":0.05631086391903755,
       "Full adaptive model (non-synonymous subs/site)":0.004427865171739976,
       "Full adaptive model (synonymous subs/site)":0.0518829987472976,
       "LRT":0,
       "Nucleotide GTR":0.04588943213994288,
       "Rate Distributions":        [
[0.02621625285203353, 1] 
        ],
       "Rate classes":1,
       "Uncorrected P-value":1,
       "original name":"GAMT_TAKRU"
      },
     "GAMT_TETNG":{
       "Baseline MG94xREV":0.0534414122981417,
       "Baseline MG94xREV omega ratio":0.08904466528130432,
       "Corrected P-value":1,
       "Full adaptive model":0.05318627073979155,
       "Full adaptive model (non-synonymous subs/site)":0.01031046255847042,
       "Full adaptive model (synonymous subs/site)":0.04287580818132108,
       "LRT":0,
       "Nucleotide GTR":0.04419927360466669,
       "Rate Distributions":        [
[0.07386983496099063, 1] 
        ],
       "Rate classes":1,
       "Uncorrected P-value":1,
       "original name":"GAMT_TETNG"
      },
     "NODE_11":{
       "Baseline MG94xREV":0.1064074475374675,
       "Baseline MG94xREV omega ratio":0.02790452695151805,
       "Corrected P-value":1,
       "Full adaptive model":0.08115376404878473,
       "Full adaptive model (non-synonymous subs/site)":0.004536410382255654,
       "Full adaptive model (synonymous subs/site)":0.07661735366652907,
       "LRT":0,
       "Nucleotide GTR":0.04734763801082654,
       "Rate Distributions":        [
[0.01818806454406509, 1] 
        ],
       "Rate classes":1,
       "Uncorrected P-value":1
      },
     "NODE_3":{
       "Baseline MG94xREV":0.05985235860296809,
       "Baseline MG94xREV omega ratio":0.08508173318687494,
       "Corrected P-value":1,
       "Full adaptive model":0.06035475134259293,
       "Full adaptive model (non-synonymous subs/site)":0.01087670022695859,
       "Full adaptive model (synonymous subs/site)":0.04947805111563425,
       "LRT":0,
       "Nucleotide GTR":0.04527242396954451,
       "Rate Distributions":        [
[0.06752830871644414, 1] 
        ],
       "Rate classes":1,
       "Uncorrected P-value":1
      },
     "NODE_5":{
       "Baseline MG94xREV":0.02272896655274651,
       "Baseline MG94xREV omega ratio":0.1392220973071195,
       "Corrected P-value":1,
       "Full adaptive model":0.02093363357264069,
       "Full adaptive model (non-synonymous subs/site)":0.006619945053478117,
       "Full adaptive model (synonymous subs/site)":0.01431368851916259,
       "LRT":0,
       "Nucleotide GTR":0.02020868697190024,
       "Rate Distributions":        [
[0.1420705693844667, 1] 
        ],
       "Rate classes":1,
       "Uncorrected P-value":1
      },
     "NODE_7":{
       "Baseline MG94xREV":0.006258176626462312,
       "Baseline MG94xREV omega ratio":0,
       "Corrected P-value":1,
       "Full adaptive model":0.005857051016560727,
       "Full adaptive model (non-synonymous subs/site)":1e-10,