{
 "analysis":{
   "authors":"Sergei L Kosakovsky Pond, Ben Murrell, Steven Weaver and Temple iGEM / UCSD viral evolution group",
   "citation":"Less Is More: An Adaptive Branch-Site Random Effects Model for Efficient Detection of Episodic Diversifying Selection (2015). Mol Biol Evol 32 (5): 1342-1353. v2.2 adds support for multiple-hit models",
   "contact":"spond@temple.edu",
   "info":"aBSREL (Adaptive branch-site random effects likelihood)\n                            uses an adaptive random effects branch-site model framework\n                            to test whether each branch has evolved under positive selection,\n                            using a procedure which infers an optimal number of rate categories per branch.",
   "requirements":"in-frame codon alignment and a phylogenetic tree",
   "version":"2.2"
  },
 "branch attributes":{
   "0":{
     "ENSACAP00000011651":{
       "Baseline MG94xREV":0.148892441868874,
       "Baseline MG94xREV omega ratio":0.006462025471650899,
       "Corrected P-value":1,
       "Full adaptive model":0.1452111195979099,
       "Full adaptive model (non-synonymous subs/site)":0.01593939563036856,
       "Full adaptive model (synonymous subs/site)":0.1292717239675414,
       "LRT":2.207154516692754,
       "Nucleotide GTR":0.07985744075436288,
       "Rate Distributions":        [
[0.002194516717073778, 0.9978736854512791],
        [19.28888288126321, 0.00212631454872092] 
        ],
       "Rate classes":2,
       "Uncorrected P-value":0.1269791030587998,
       "original name":"ENSACAP00000011651"
      },
     "ENSMGAP00000002157":{
       "Baseline MG94xREV":0.01978420365812338,
       "Baseline MG94xREV omega ratio":1.121787388132981e-18,
       "Corrected P-value":1,
       "Full adaptive model":0.01949886493296931,
       "Full adaptive model (non-synonymous subs/site)":1e-10,
       "Full adaptive model (synonymous subs/site)":0.01949886493296931,
       "LRT":0,
       "Nucleotide GTR":0.01931669478242504,
       "Rate Distributions":        [
[6.798432830553714e-19, 1] 
        ],
       "Rate classes":1,
       "Uncorrected P-value":1,
       "original name":"ENSMGAP00000002157"
      },
     "ENSPSIP00000002322":{
       "Baseline MG94xREV":0.07445530782582044,
       "Baseline MG94xREV omega ratio":0.01421365100655998,
       "Corrected P-value":1,
       "Full adaptive model":0.07887333160023897,
       "Full adaptive model (non-synonymous subs/site)":0.002088272333171766,
       "Full adaptive model (synonymous subs/site)":0.07678505926706722,
       "LRT":0,
       "Nucleotide GTR":0.05893734060620791,
       "Rate Distributions":        [
[0.009529429264050638, 1] 
        ],
       "Rate classes":1,
       "Uncorrected P-value":1,
       "original name":"ENSPSIP00000002322"
      },
     "F1P4V8_CHICK":{
       "Baseline MG94xREV":0.02207958553040474,
       "Baseline MG94xREV omega ratio":0.0109503684957401,
       "Corrected P-value":1,
       "Full adaptive model":0.02053350299236539,
       "Full adaptive model (non-synonymous subs/site)":0.0004782004410168864,
       "Full adaptive model (synonymous subs/site)":0.02005530255134852,
       "LRT":0,
       "Nucleotide GTR":0.02030826586978725,
       "Rate Distributions":        [
[0.008354822622972677, 1] 
        ],
       "Rate classes":1,
       "Uncorrected P-value":1,
       "original name":"F1P4V8_CHICK"
      },
     "NODE_3":{
       "Baseline MG94xREV":0.02413635043040688,
       "Baseline MG94xREV omega ratio":0,
       "Corrected P-value":1,
       "Full adaptive model":0.02246978711763714,
       "Full adaptive model (non-synonymous subs/site)":1e-10,
       "Full adaptive model (synonymous subs/site)":0.02246978711763714,
       "LRT":0,
       "Nucleotide GTR":0.02300767160509892,
       "Rate Distributions":        [
[0, 1] 
        ],
       "Rate classes":1,
       "Uncorrected P-value":1
      },
     "NODE_5":{
       "Baseline MG94xREV":0.06586344406237053,
       "Baseline MG94xREV omega ratio":0,
       "Corrected P-value":1,
       "Full adaptive model":0.04929270271528797,
       "Full adaptive model (non-synonymous subs/site)":1e-10,
       "Full adaptive model (synonymous subs/site)":0.04929270271528797,
       "LRT":0,
       "Nucleotide GTR":0.03964081751603112,
       "Rate Distributions":        [
[0, 1] 
        ],
       "Rate classes":1,
       "Uncorrected P-value":1
      },
     "NODE_7":{
       "Baseline MG94xREV":0.01528254193001797,
       "Baseline MG94xREV omega ratio":0,
       "Corrected P-value":1,
       "Full adaptive model":0.005038522960305217,
       "Full adaptive model (non-synonymous subs/site)":1e-10,
       "Full adaptive model (synonymous subs/site)":0.005038522960305217,
       "LRT":0,
       "Nucleotide GTR":0.02386477016732862,
       "Rate Distributions":        [
[0, 1] 
        ],
       "Rate classes":1,
       "Uncorrected P-value":1
      },
     "VCP_LATCH":{
       "Baseline MG94xREV":0.3413890963380691,
       "Baseline MG94xREV omega ratio":0.01001349626482208,
       "Corrected P-value":1,
       "Full adaptive model":0.2454167962195739,
       "Full adaptive model (non-synonymous subs/site)":0.015038135234834,
       "Full adaptive model (synonymous subs/site)":0.2303786609847399,
       "LRT":1.355497504746381,
       "Nucleotide GTR":0.1397012421822424,
       "Rate Distributions":        [
[0.006774089052194328, 0.9955418454800774],
        [3.617713418350639, 0.004458154519922597] 
        ],
       "Rate classes":2,
       "Uncorrected P-value":0.201191505249775,
       "original name":"VCP_LATCH"
      },
     "VCP_TAEGU":{
       "Baseline MG94xREV":0.04159894175074583,
       "Baseline MG94xREV omega ratio":0.005944109839417,
       "Corrected P-value":1,
       "Full adaptive model":0.03830193045416728,
       "Full adaptive model (non-synonymous subs/site)":0.0004947206331526018,
       "Full adaptive model (synonymous subs/site)":0.03780720982101467,
       "LRT":0,
       "Nucleotide GTR":0.03240039565634063,
       "Rate Distributions":        [
[0.004585026773382405, 1] 
        ],
       "Rate classes":1,
       "Uncorrected P-value":1,
       "original name":"VCP_TAEGU"
      }
    },
   "attributes":{
     "Baseline MG94xREV":{
       "attribute type":"branch length",
       "display order":1
      },
     "Baseline MG94xREV omega ratio":{
       "attribute type":"branch label",
       "display order":1
      },
     "Corrected P-value":{
       "attribute type":"branch label",
       "display order":6
      },
     "Full adaptive model":{
       "attribute type":"branch length",
       "display order":2
      },
     "Full adaptive model (non-synonymous subs/site)":{
       "attribute type":"branch label",
       "display order":10
      },
     "Full adaptive model (synonymous subs/site)":{
       "attribute type":"branch label",
       "display order":9
      },
     "LRT":{
       "attribute type":"branch label",
       "display order":4
      },
     "Nucleotide GTR":{
       "attribute type":"branch length",
       "display order":0
      },
     "Rate Distributions":{
       "attribute type":"branch label",
       "display order":3
      },
     "Rate classes":{
       "attribute type":"branch label",
       "display order":2
      },
     "Uncorrected P-value":{
       "attribute type":"branch label",
       "display order":5
      },
     "original name":{
       "attribute type":"node label",
       "display order":-1
      }
    }
  },