{
 "analysis":{
   "authors":"Sergei L Kosakovsky Pond, Ben Murrell, Steven Weaver and Temple iGEM / UCSD viral evolution group",
   "citation":"Less Is More: An Adaptive Branch-Site Random Effects Model for Efficient Detection of Episodic Diversifying Selection (2015). Mol Biol Evol 32 (5): 1342-1353. v2.2 adds support for multiple-hit models",
   "contact":"spond@temple.edu",
   "info":"aBSREL (Adaptive branch-site random effects likelihood)\n                            uses an adaptive random effects branch-site model framework\n                            to test whether each branch has evolved under positive selection,\n                            using a procedure which infers an optimal number of rate categories per branch.",
   "requirements":"in-frame codon alignment and a phylogenetic tree",
   "version":"2.2"
  },
 "branch attributes":{
   "0":{
     "ENSGACP00000004332":{
       "Baseline MG94xREV":0.1990856801207079,
       "Baseline MG94xREV omega ratio":0.1531328783831548,
       "Corrected P-value":0.8018784288805134,
       "Full adaptive model":0.2956949691546918,
       "Full adaptive model (non-synonymous subs/site)":0.1172218750960641,
       "Full adaptive model (synonymous subs/site)":0.1784730940586277,
       "LRT":0.2049226086310227,
       "Nucleotide GTR":0.1500326726446613,
       "Rate Distributions":        [
[0, 0.8492249359767851],
        [1.409950099637828, 0.1507750640232149] 
        ],
       "Rate classes":2,
       "Uncorrected P-value":0.4009392144402567,
       "original name":"ENSGACP00000004332"
      },
     "ENSGMOP00000001558":{
       "Baseline MG94xREV":0.01354684310790421,
       "Baseline MG94xREV omega ratio":1.296634015370105,
       "Corrected P-value":0.0002898973719728248,
       "Full adaptive model":0.33852955167629,
       "Full adaptive model (non-synonymous subs/site)":0.3384400923297327,
       "Full adaptive model (synonymous subs/site)":8.945934655736692e-05,
       "LRT":18.50128207595935,
       "Nucleotide GTR":0.01294701161247497,
       "Rate Distributions":        [
[1, 0.9877650285912032],
        [100000, 0.01223497140879681] 
        ],
       "Rate classes":2,
       "Uncorrected P-value":3.221081910809165e-05,
       "original name":"ENSGMOP00000001558"
      },
     "ENSGMOP00000014371":{
       "Baseline MG94xREV":0.02158093377084182,
       "Baseline MG94xREV omega ratio":10000000000,
       "Corrected P-value":0.3179665878426791,
       "Full adaptive model":0.01993212137663202,
       "Full adaptive model (non-synonymous subs/site)":0.01993212137663202,
       "Full adaptive model (synonymous subs/site)":1e-10,
       "LRT":3.09617342925003,
       "Nucleotide GTR":0.02056378372939201,
       "Rate Distributions":        [
[10000000000, 1] 
        ],
       "Rate classes":1,
       "Uncorrected P-value":0.07949164696066977,
       "original name":"ENSGMOP00000014371"
      },
     "ENSGMOP00000014857":{
       "Baseline MG94xREV":0.02470134714760181,
       "Baseline MG94xREV omega ratio":10000000000,
       "Corrected P-value":0.303386893349028,
       "Full adaptive model":0.02640359035539315,
       "Full adaptive model (non-synonymous subs/site)":0.02640359035539315,
       "Full adaptive model (synonymous subs/site)":1e-10,
       "LRT":3.614806352615233,
       "Nucleotide GTR":0.02449255691517436,
       "Rate Distributions":        [
[10000000000, 1] 
        ],
       "Rate classes":1,
       "Uncorrected P-value":0.0606773786698056,
       "original name":"ENSGMOP00000014857"
      },
     "ENSGMOP00000015587":{
       "Baseline MG94xREV":0.0205520718978656,
       "Baseline MG94xREV omega ratio":1.584744797076569,
       "Corrected P-value":1,
       "Full adaptive model":0.02216657022349033,
       "Full adaptive model (non-synonymous subs/site)":0.01857277097511018,
       "Full adaptive model (synonymous subs/site)":0.003593799248380157,
       "LRT":0.2316649306603722,
       "Nucleotide GTR":0.02075034484604864,
       "Rate Distributions":        [
[1.672708418332806, 1] 
        ],
       "Rate classes":1,
       "Uncorrected P-value":0.3932457356187504,
       "original name":"ENSGMOP00000015587"
      },
     "ENSONIP00000000414":{
       "Baseline MG94xREV":0.107285121509815,
       "Baseline MG94xREV omega ratio":0.4884178409562363,
       "Corrected P-value":0.07678478361745994,
       "Full adaptive model":0.1082220777130158,
       "Full adaptive model (non-synonymous subs/site)":0.1009320522144011,
       "Full adaptive model (synonymous subs/site)":0.007290025498614726,
       "LRT":6.949226148554317,
       "Nucleotide GTR":0.1005252476234901,
       "Rate Distributions":        [
[0, 0.8224353700345268],
        [25.23718715664537, 0.1775646299654732] 
        ],
       "Rate classes":2,
       "Uncorrected P-value":0.01096925480249428,
       "original name":"ENSONIP00000000414"
      },
     "ENSONIP00000009224":{
       "Baseline MG94xREV":0.1255602843297089,
       "Baseline MG94xREV omega ratio":0.2196219357747408,
       "Corrected P-value":1,
       "Full adaptive model":0.08036525442764501,
       "Full adaptive model (non-synonymous subs/site)":0.04692661572198051,
       "Full adaptive model (synonymous subs/site)":0.03343863870566444,
       "LRT":0,
       "Nucleotide GTR":0.1242630260373638,
       "Rate Distributions":        [
[0.454221825643372, 1] 
        ],
       "Rate classes":1,
       "Uncorrected P-value":1,
       "original name":"ENSONIP00000009224"
      },
     "NODE_12":{
       "Baseline MG94xREV":0.1300553074782247,
       "Baseline MG94xREV omega ratio":0.7019794498831446,
       "Corrected P-value":0.02101339387685019,
       "Full adaptive model":272.3391081822583,
       "Full adaptive model (non-synonymous subs/site)":272.2868898949697,
       "Full adaptive model (synonymous subs/site)":0.05221828728860986,
       "LRT":9.766858012992543,
       "Nucleotide GTR":0.1358086195583826,
       "Rate Distributions":        [
[0.1986976973039326, 0.8987422037216334],
        [16665.83333333177, 0.1012577962783666] 
        ],
       "Rate classes":2,
       "Uncorrected P-value":0.002626674234606274
      },
     "NODE_3":{
       "Baseline MG94xREV":0.3369716304566175,
       "Baseline MG94xREV omega ratio":0.1798571311391472,
       "Corrected P-value":0.3127549293969735,
       "Full adaptive model":7392.018647485869,
       "Full adaptive model (non-synonymous subs/site)":7391.821778466267,
       "Full adaptive model (synonymous subs/site)":0.1968690196039924,
       "LRT":3.907902250905863,
       "Nucleotide GTR":0.2407880347200499,
       "Rate Distributions":        [
[0.07312800250684663, 0.878474010568972],
        [100000, 0.121525989431028] 
        ],
       "Rate classes":2,
       "Uncorrected P-value":0.05212582156616224
      }
    },
   "attributes":{
     "Baseline MG94xREV":{
       "attribute type":"branch length",
       "display order":1
      },
     "Baseline MG94xREV omega ratio":{
       "attribute type":"branch label",
       "display order":1
      },
     "Corrected P-value":{
       "attribute type":"branch label",
       "display order":6
      },
     "Full adaptive model":{
       "attribute type":"branch length",
       "display order":2
      },
     "Full adaptive model (non-synonymous subs/site)":{
       "attribute type":"branch label",
       "display order":10
      },
     "Full adaptive model (synonymous subs/site)":{
       "attribute type":"branch label",
       "display order":9
      },
     "LRT":{
       "attribute type":"branch label",
       "display order":4
      },
     "Nucleotide GTR":{
       "attribute type":"branch length",
       "display order":0
      },
     "Rate Distributions":{
       "attribute type":"branch label",
       "display order":3
      },
     "Rate classes":{
       "attribute type":"branch label",
       "display order":2
      },
     "Uncorrected P-value":{
       "attribute type":"branch label",
       "display order":5
      },