{
 "analysis":{
   "authors":"Sergei L Kosakovsky Pond, Ben Murrell, Steven Weaver and Temple iGEM / UCSD viral evolution group",
   "citation":"Less Is More: An Adaptive Branch-Site Random Effects Model for Efficient Detection of Episodic Diversifying Selection (2015). Mol Biol Evol 32 (5): 1342-1353. v2.2 adds support for multiple-hit models",
   "contact":"spond@temple.edu",
   "info":"aBSREL (Adaptive branch-site random effects likelihood)\n                            uses an adaptive random effects branch-site model framework\n                            to test whether each branch has evolved under positive selection,\n                            using a procedure which infers an optimal number of rate categories per branch.",
   "requirements":"in-frame codon alignment and a phylogenetic tree",
   "version":"2.2"
  },
 "branch attributes":{
   "0":{
     "BX000442_1_DANRE":{
       "Baseline MG94xREV":0.02954058245682964,
       "Baseline MG94xREV omega ratio":0.4609237397743293,
       "Corrected P-value":0.1607062171245308,
       "Full adaptive model":0.03228993368980255,
       "Full adaptive model (non-synonymous subs/site)":0.01888551774407696,
       "Full adaptive model (synonymous subs/site)":0.01340441594572559,
       "LRT":4.412142011749893,
       "Nucleotide GTR":0.02993135996097194,
       "Rate Distributions":        [
[0, 0.8853593433753354],
        [4.654082001099543, 0.1146406566246646] 
        ],
       "Rate classes":2,
       "Uncorrected P-value":0.0401765542811327,
       "original name":"BX000442.1_DANRE"
      },
     "CABZ01015525_1_DANRE":{
       "Baseline MG94xREV":0.04070932041437244,
       "Baseline MG94xREV omega ratio":0.4661362648473972,
       "Corrected P-value":0.264197360860152,
       "Full adaptive model":0.0436357359857189,
       "Full adaptive model (non-synonymous subs/site)":0.0257321310840746,
       "Full adaptive model (synonymous subs/site)":0.01790360490164429,
       "LRT":2.132948028161991,
       "Nucleotide GTR":0.04036413069174213,
       "Rate Distributions":        [
[0, 0.7912814911548255],
        [2.607750291527973, 0.2087185088451745] 
        ],
       "Rate classes":2,
       "Uncorrected P-value":0.132098680430076,
       "original name":"CABZ01015525.1_DANRE"
      },
     "CT025651_2_DANRE":{
       "Baseline MG94xREV":0.07539568174667949,
       "Baseline MG94xREV omega ratio":0.6572047083890624,
       "Corrected P-value":0.03157869721235373,
       "Full adaptive model":0.09206289511981532,
       "Full adaptive model (non-synonymous subs/site)":0.06627130117963317,
       "Full adaptive model (synonymous subs/site)":0.02579159394018213,
       "LRT":8.962297210755423,
       "Nucleotide GTR":0.07531163306427323,
       "Rate Distributions":        [
[0.4757108720415866, 0.965936996065769],
        [15.07653011263319, 0.03406300393423101] 
        ],
       "Rate classes":2,
       "Uncorrected P-value":0.003947337151544217,
       "original name":"CT025651.2_DANRE"
      },
     "NODE_10":{
       "Baseline MG94xREV":0.008389326765733465,
       "Baseline MG94xREV omega ratio":0.4956789163528878,
       "Corrected P-value":1,
       "Full adaptive model":0.008638997253062634,
       "Full adaptive model (non-synonymous subs/site)":0.005384995421489971,
       "Full adaptive model (synonymous subs/site)":0.003254001831572662,
       "LRT":0,
       "Nucleotide GTR":0.008015192601060307,
       "Rate Distributions":        [
[0.6266993459437299, 1] 
        ],
       "Rate classes":1,
       "Uncorrected P-value":1
      },
     "NODE_3":{
       "Baseline MG94xREV":0.01075013670041844,
       "Baseline MG94xREV omega ratio":1.266140358906119,
       "Corrected P-value":0.04331103457352886,
       "Full adaptive model":0.070943344890973,
       "Full adaptive model (non-synonymous subs/site)":0.06828125522319967,
       "Full adaptive model (synonymous subs/site)":0.002662089667773335,
       "LRT":8.075881232984102,
       "Nucleotide GTR":0.01074968215638028,
       "Rate Distributions":        [
[1, 0.9981003717412817],
        [4587.888482366004, 0.001899628258718256] 
        ],
       "Rate classes":2,
       "Uncorrected P-value":0.006187290653361266
      },
     "NODE_5":{
       "Baseline MG94xREV":0.006971742658494498,
       "Baseline MG94xREV omega ratio":1.602123779305646,
       "Corrected P-value":0.1548290339425544,
       "Full adaptive model":0.007305971233667982,
       "Full adaptive model (non-synonymous subs/site)":0.006076221421546403,
       "Full adaptive model (synonymous subs/site)":0.001229749812121578,
       "LRT":5.273781233952832,
       "Nucleotide GTR":0.006660734718455343,
       "Rate Distributions":        [
[0, 0.9677336040902519],
        [57.9906617146317, 0.03226639590974811] 
        ],
       "Rate classes":2,
       "Uncorrected P-value":0.02580483899042574
      },
     "SI_CH211_223G7_6_DANRE":{
       "Baseline MG94xREV":0.01938868541112492,
       "Baseline MG94xREV omega ratio":0.5036533163433604,
       "Corrected P-value":0.31783256503846,
       "Full adaptive model":0.02005324555645138,
       "Full adaptive model (non-synonymous subs/site)":0.01185810848944819,
       "Full adaptive model (synonymous subs/site)":0.008195137067003182,
       "LRT":2.54899722859227,
       "Nucleotide GTR":0.01969092644353413,
       "Rate Distributions":        [
[0.2545420725025997, 0.9773946844832412],
        [13.23469698914463, 0.02260531551675882] 
        ],
       "Rate classes":2,
       "Uncorrected P-value":0.1059441883461533,
       "original name":"SI@CH211-223G7.6_DANRE"
      },
     "SI_DKEY_23A17_1_DANRE":{
       "Baseline MG94xREV":0.03765552507502225,
       "Baseline MG94xREV omega ratio":0.9830781925946581,
       "Corrected P-value":0.01500235059395283,
       "Full adaptive model":0.04324058459349321,
       "Full adaptive model (non-synonymous subs/site)":0.03299948240385052,
       "Full adaptive model (synonymous subs/site)":0.01024110218964269,
       "LRT":10.66622046068733,
       "Nucleotide GTR":0.03789371487308859,
       "Rate Distributions":        [
[0.7338941484611738, 0.9845071065867524],
        [32.12668395694914, 0.01549289341324755] 
        ],
       "Rate classes":2,
       "Uncorrected P-value":0.001666927843772537,
       "original name":"SI@DKEY-23A17.1_DANRE"
      },
     "SI_DKEY_3H2_2_DANRE":{
       "Baseline MG94xREV":0.01786626350791274,
       "Baseline MG94xREV omega ratio":0.9365458552947257,
       "Corrected P-value":0.2003345727474118,
       "Full adaptive model":0.02658026482569447,
       "Full adaptive model (non-synonymous subs/site)":0.02165233552243235,
       "Full adaptive model (synonymous subs/site)":0.004927929303262122,
       "LRT":4.417445121074707,
       "Nucleotide GTR":0.01765059501660932,
       "Rate Distributions":        [
[0.7703527719585276, 0.9932882596476423],
        [133.9050383555205, 0.006711740352357665] 
        ],
       "Rate classes":2,
       "Uncorrected P-value":0.04006691454948236,
       "original name":"SI@DKEY-3H2.2_DANRE"
      }
    },
   "attributes":{
     "Baseline MG94xREV":{
       "attribute type":"branch length",
       "display order":1
      },
     "Baseline MG94xREV omega ratio":{
       "attribute type":"branch label",
       "display order":1
      },
     "Corrected P-value":{
       "attribute type":"branch label",
       "display order":6
      },
     "Full adaptive model":{
       "attribute type":"branch length",
       "display order":2
      },
     "Full adaptive model (non-synonymous subs/site)":{
       "attribute type":"branch label",
       "display order":10
      },
     "Full adaptive model (synonymous subs/site)":{
       "attribute type":"branch label",
       "display order":9
      },
     "LRT":{
       "attribute type":"branch label",
       "display order":4
      },
     "Nucleotide GTR":{
       "attribute type":"branch length",
       "display order":0
      },