{
 "analysis":{
   "authors":"Sergei L Kosakovsky Pond, Ben Murrell, Steven Weaver and Temple iGEM / UCSD viral evolution group",
   "citation":"Less Is More: An Adaptive Branch-Site Random Effects Model for Efficient Detection of Episodic Diversifying Selection (2015). Mol Biol Evol 32 (5): 1342-1353. v2.2 adds support for multiple-hit models",
   "contact":"spond@temple.edu",
   "info":"aBSREL (Adaptive branch-site random effects likelihood)\n                            uses an adaptive random effects branch-site model framework\n                            to test whether each branch has evolved under positive selection,\n                            using a procedure which infers an optimal number of rate categories per branch.",
   "requirements":"in-frame codon alignment and a phylogenetic tree",
   "version":"2.2"
  },
 "branch attributes":{
   "0":{
     "ENSCHOP00000007563":{
       "Baseline MG94xREV":0.09803832042300349,
       "Baseline MG94xREV omega ratio":0.988435688708943,
       "Corrected P-value":0.1841350921835532,
       "Full adaptive model":0.3026869910301601,
       "Full adaptive model (non-synonymous subs/site)":0.2807002390683637,
       "Full adaptive model (synonymous subs/site)":0.02198675196179634,
       "LRT":6.119996576727203,
       "Nucleotide GTR":0.09444661761646868,
       "Rate Distributions":        [
[0, 0.8547167878895423],
        [35.76563985206219, 0.1452832121104577] 
        ],
       "Rate classes":2,
       "Uncorrected P-value":0.01673955383486847,
       "original name":"ENSCHOP00000007563"
      },
     "ENSMICP00000007646":{
       "Baseline MG94xREV":0.09751502324617096,
       "Baseline MG94xREV omega ratio":0.8755621117072457,
       "Corrected P-value":1,
       "Full adaptive model":0.09743928080900231,
       "Full adaptive model (non-synonymous subs/site)":0.06422043511186638,
       "Full adaptive model (synonymous subs/site)":0.03321884569713601,
       "LRT":0,
       "Nucleotide GTR":0.09272252066638464,
       "Rate Distributions":        [
[0.7868436298353549, 1] 
        ],
       "Rate classes":1,
       "Uncorrected P-value":1,
       "original name":"ENSMICP00000007646"
      },
     "ENSMMUP00000013286":{
       "Baseline MG94xREV":0.01948707876989126,
       "Baseline MG94xREV omega ratio":0.3408637819974864,
       "Corrected P-value":1,
       "Full adaptive model":0.01912752145847521,
       "Full adaptive model (non-synonymous subs/site)":0.009081870190867813,
       "Full adaptive model (synonymous subs/site)":0.0100456512676074,
       "LRT":0,
       "Nucleotide GTR":0.01870377801204925,
       "Rate Distributions":        [
[0.3679568728692733, 1] 
        ],
       "Rate classes":1,
       "Uncorrected P-value":1,
       "original name":"ENSMMUP00000013286"
      },
     "ENSPVAP00000011239":{
       "Baseline MG94xREV":0.09579581310561563,
       "Baseline MG94xREV omega ratio":0.6209327224779919,
       "Corrected P-value":1,
       "Full adaptive model":0.099200394821035,
       "Full adaptive model (non-synonymous subs/site)":0.0619027862914406,
       "Full adaptive model (synonymous subs/site)":0.03729760852959441,
       "LRT":0,
       "Nucleotide GTR":0.09703674523916599,
       "Rate Distributions":        [
[0.6755055753126018, 1] 
        ],
       "Rate classes":1,
       "Uncorrected P-value":1,
       "original name":"ENSPVAP00000011239"
      },
     "ENSTTRP00000002964":{
       "Baseline MG94xREV":0.08433740460786326,
       "Baseline MG94xREV omega ratio":1.161218139953171,
       "Corrected P-value":1,
       "Full adaptive model":0.08537396639262955,
       "Full adaptive model (non-synonymous subs/site)":0.06068293824195619,
       "Full adaptive model (synonymous subs/site)":0.02469102815067328,
       "LRT":-0.0009623771262567971,
       "Nucleotide GTR":0.07794889657124388,
       "Rate Distributions":        [
[1.000292823843042, 1] 
        ],
       "Rate classes":1,
       "Uncorrected P-value":0.5,
       "original name":"ENSTTRP00000002964"
      },
     "ENSVPAP00000005161":{
       "Baseline MG94xREV":0.1298108096564677,
       "Baseline MG94xREV omega ratio":0.8355922269586543,
       "Corrected P-value":1,
       "Full adaptive model":0.1361948395090732,
       "Full adaptive model (non-synonymous subs/site)":0.09207072671325073,
       "Full adaptive model (synonymous subs/site)":0.04412411279582232,
       "LRT":0,
       "Nucleotide GTR":0.1303623104128868,
       "Rate Distributions":        [
[0.8492690781536198, 1] 
        ],
       "Rate classes":1,
       "Uncorrected P-value":1,
       "original name":"ENSVPAP00000005161"
      },
     "LOC100432181_PONAB":{
       "Baseline MG94xREV":0.01873092754535524,
       "Baseline MG94xREV omega ratio":0.3827799729303299,
       "Corrected P-value":1,
       "Full adaptive model":0.01890793647616586,
       "Full adaptive model (non-synonymous subs/site)":0.009150588919674976,
       "Full adaptive model (synonymous subs/site)":0.0097573475564909,
       "LRT":0,
       "Nucleotide GTR":0.0179763199364439,
       "Rate Distributions":        [
[0.381695462817108, 1] 
        ],
       "Rate classes":1,
       "Uncorrected P-value":1,
       "original name":"LOC100432181_PONAB"
      },
     "NODE_10":{
       "Baseline MG94xREV":0.01807081218773719,
       "Baseline MG94xREV omega ratio":10000000000,
       "Corrected P-value":1,
       "Full adaptive model":0.02479566641279441,
       "Full adaptive model (non-synonymous subs/site)":0.02479566641279441,
       "Full adaptive model (synonymous subs/site)":1e-10,
       "LRT":1.061299071169515,
       "Nucleotide GTR":0.01884362535206062,
       "Rate Distributions":        [
[10000000000, 1] 
        ],
       "Rate classes":1,
       "Uncorrected P-value":0.2370506489642608
      },
     "NODE_3":{
       "Baseline MG94xREV":0.03367203119348861,
       "Baseline MG94xREV omega ratio":10000000000,
       "Corrected P-value":1,
       "Full adaptive model":0.03009060642148769,
       "Full adaptive model (non-synonymous subs/site)":0.03009060642148769,
       "Full adaptive model (synonymous subs/site)":1e-10,
       "LRT":1.048389060969043,
       "Nucleotide GTR":0.03507050116316685,
       "Rate Distributions":        [
[10000000000, 1] 
        ],
       "Rate classes":1,
       "Uncorrected P-value":0.2387852893401789
      },
     "NODE_5":{
       "Baseline MG94xREV":0.00495804400921352,
       "Baseline MG94xREV omega ratio":10000000000,
       "Corrected P-value":1,
       "Full adaptive model":0,
       "Full adaptive model (non-synonymous subs/site)":1e-10,
       "Full adaptive model (synonymous subs/site)":1e-10,
       "LRT":0,
       "Nucleotide GTR":0.009244856971333234,
       "Rate Distributions":        [
[1, 1] 
        ],
       "Rate classes":1,
       "Uncorrected P-value":1
      },
     "NODE_8":{
       "Baseline MG94xREV":0.01113106860997369,
       "Baseline MG94xREV omega ratio":0.2518237987871973,
       "Corrected P-value":1,
       "Full adaptive model":0.01056811581562547,
       "Full adaptive model (non-synonymous subs/site)":0.003129118464344844,
       "Full adaptive model (synonymous subs/site)":0.007438997351280637,
       "LRT":0,
       "Nucleotide GTR":0.008554539553007397,
       "Rate Distributions":        [
[0.1712014063896273, 1] 
        ],
       "Rate classes":1,
       "Uncorrected P-value":1
      }
    },
   "attributes":{
     "Baseline MG94xREV":{
       "attribute type":"branch length",
       "display order":1
      },
     "Baseline MG94xREV omega ratio":{
       "attribute type":"branch label",
       "display order":1
      },
     "Corrected P-value":{
       "attribute type":"branch label",
       "display order":6
      },
     "Full adaptive model":{
       "attribute type":"branch length",
       "display order":2
      },
     "Full adaptive model (non-synonymous subs/site)":{
       "attribute type":"branch label",
       "display order":10
      },