{
 "analysis":{
   "authors":"Sergei L Kosakovsky Pond, Ben Murrell, Steven Weaver and Temple iGEM / UCSD viral evolution group",
   "citation":"Less Is More: An Adaptive Branch-Site Random Effects Model for Efficient Detection of Episodic Diversifying Selection (2015). Mol Biol Evol 32 (5): 1342-1353. v2.2 adds support for multiple-hit models",
   "contact":"spond@temple.edu",
   "info":"aBSREL (Adaptive branch-site random effects likelihood)\n                            uses an adaptive random effects branch-site model framework\n                            to test whether each branch has evolved under positive selection,\n                            using a procedure which infers an optimal number of rate categories per branch.",
   "requirements":"in-frame codon alignment and a phylogenetic tree",
   "version":"2.2"
  },
 "branch attributes":{
   "0":{
     "ENSCJAP00000017351":{
       "Baseline MG94xREV":0.08388631656105423,
       "Baseline MG94xREV omega ratio":1.067700746339691,
       "Corrected P-value":0.004393788108963792,
       "Full adaptive model":0.1839150436299575,
       "Full adaptive model (non-synonymous subs/site)":0.1753386434838089,
       "Full adaptive model (synonymous subs/site)":0.008576400146148562,
       "LRT":13.0995739279615,
       "Nucleotide GTR":0.0872974901330142,
       "Rate Distributions":        [
[0.4405487256418291, 0.8793285050460311],
        [66.21073428666401, 0.1206714949539689] 
        ],
       "Rate classes":2,
       "Uncorrected P-value":0.0004881986787737547,
       "original name":"ENSCJAP00000017351"
      },
     "ENSGGOP00000025775":{
       "Baseline MG94xREV":0.03408677568535359,
       "Baseline MG94xREV omega ratio":0.4686334358573225,
       "Corrected P-value":0.2261635414089416,
       "Full adaptive model":0.04162815311062225,
       "Full adaptive model (non-synonymous subs/site)":0.02796464633326057,
       "Full adaptive model (synonymous subs/site)":0.01366350677736167,
       "LRT":4.835705324508126,
       "Nucleotide GTR":0.03451249575816778,
       "Rate Distributions":        [
[0, 0.938870422049626],
        [13.71888079601091, 0.06112957795037399] 
        ],
       "Rate classes":2,
       "Uncorrected P-value":0.03230907734413452,
       "original name":"ENSGGOP00000025775"
      },
     "ENSNLEP00000009120":{
       "Baseline MG94xREV":0.02086582010837726,
       "Baseline MG94xREV omega ratio":0.7129557780106468,
       "Corrected P-value":1,
       "Full adaptive model":0.02082237297122931,
       "Full adaptive model (non-synonymous subs/site)":0.01357011942342765,
       "Full adaptive model (synonymous subs/site)":0.007252253547801664,
       "LRT":0,
       "Nucleotide GTR":0.02135463755243461,
       "Rate Distributions":        [
[0.7667143924152303, 1] 
        ],
       "Rate classes":1,
       "Uncorrected P-value":1,
       "original name":"ENSNLEP00000009120"
      },
     "ENSPTRP00000007671":{
       "Baseline MG94xREV":0,
       "Baseline MG94xREV omega ratio":1,
       "Corrected P-value":1,
       "Full adaptive model":0,
       "Full adaptive model (non-synonymous subs/site)":1e-10,
       "Full adaptive model (synonymous subs/site)":1e-10,
       "LRT":0,
       "Nucleotide GTR":0,
       "Rate Distributions":        [
[1, 1] 
        ],
       "Rate classes":1,
       "Uncorrected P-value":1,
       "original name":"ENSPTRP00000007671"
      },
     "ENSPVAP00000012058":{
       "Baseline MG94xREV":0.1881063157095617,
       "Baseline MG94xREV omega ratio":0.6223276501380788,
       "Corrected P-value":1,
       "Full adaptive model":0.1880898388221937,
       "Full adaptive model (non-synonymous subs/site)":0.1139875235191855,
       "Full adaptive model (synonymous subs/site)":0.07410231530300838,
       "LRT":0,
       "Nucleotide GTR":0.1845712376218618,
       "Rate Distributions":        [
[0.6303016818211521, 1] 
        ],
       "Rate classes":1,
       "Uncorrected P-value":1,
       "original name":"ENSPVAP00000012058"
      },
     "NODE_3":{
       "Baseline MG94xREV":0.01261450359578472,
       "Baseline MG94xREV omega ratio":1.269205281595131,
       "Corrected P-value":0.2008091064323931,
       "Full adaptive model":0.01491953669277799,
       "Full adaptive model (non-synonymous subs/site)":0.01181510944313678,
       "Full adaptive model (synonymous subs/site)":0.003104427249641209,
       "LRT":5.327739384904817,
       "Nucleotide GTR":0.01270933322109252,
       "Rate Distributions":        [
[0, 0.9697543417511748],
        [51.56038439944545, 0.03024565824882519] 
        ],
       "Rate classes":2,
       "Uncorrected P-value":0.02510113830404914
      },
     "NODE_5":{
       "Baseline MG94xREV":0.01325058027614087,
       "Baseline MG94xREV omega ratio":0.501432995711056,
       "Corrected P-value":1,
       "Full adaptive model":0.01340708291667352,
       "Full adaptive model (non-synonymous subs/site)":0.00712888558458969,
       "Full adaptive model (synonymous subs/site)":0.006278197332083836,
       "LRT":0,
       "Nucleotide GTR":0.01328781577106944,
       "Rate Distributions":        [
[0.4652748820625607, 1] 
        ],
       "Rate classes":1,
       "Uncorrected P-value":1
      },
     "NODE_7":{
       "Baseline MG94xREV":0.03709299578492151,
       "Baseline MG94xREV omega ratio":0.1933957352274625,
       "Corrected P-value":1,
       "Full adaptive model":0.03791895448259417,
       "Full adaptive model (non-synonymous subs/site)":0.01316176434924426,
       "Full adaptive model (synonymous subs/site)":0.0247571901333499,
       "LRT":0,
       "Nucleotide GTR":0.03471897833143864,
       "Rate Distributions":        [
[0.217839024744138, 1] 
        ],
       "Rate classes":1,
       "Uncorrected P-value":1
      },
     "RP11_121M22_1_HUMAN":{
       "Baseline MG94xREV":0,
       "Baseline MG94xREV omega ratio":1,
       "Corrected P-value":1,
       "Full adaptive model":0,
       "Full adaptive model (non-synonymous subs/site)":1e-10,
       "Full adaptive model (synonymous subs/site)":1e-10,
       "LRT":0,
       "Nucleotide GTR":0,
       "Rate Distributions":        [
[1, 1] 
        ],
       "Rate classes":1,
       "Uncorrected P-value":1,
       "original name":"RP11-121M22.1_HUMAN"
      }
    },
   "attributes":{
     "Baseline MG94xREV":{
       "attribute type":"branch length",
       "display order":1
      },
     "Baseline MG94xREV omega ratio":{
       "attribute type":"branch label",
       "display order":1
      },
     "Corrected P-value":{
       "attribute type":"branch label",
       "display order":6
      },
     "Full adaptive model":{
       "attribute type":"branch length",
       "display order":2
      },
     "Full adaptive model (non-synonymous subs/site)":{
       "attribute type":"branch label",
       "display order":10
      },
     "Full adaptive model (synonymous subs/site)":{
       "attribute type":"branch label",
       "display order":9
      },
     "LRT":{
       "attribute type":"branch label",
       "display order":4
      },
     "Nucleotide GTR":{
       "attribute type":"branch length",
       "display order":0
      },
     "Rate Distributions":{
       "attribute type":"branch label",
       "display order":3
      },
     "Rate classes":{
       "attribute type":"branch label",
       "display order":2
      },
     "Uncorrected P-value":{
       "attribute type":"branch label",
       "display order":5
      },
     "original name":{
       "attribute type":"node label",
       "display order":-1
      }
    }
  },