{
 "analysis":{
   "authors":"Sergei L Kosakovsky Pond, Ben Murrell, Steven Weaver and Temple iGEM / UCSD viral evolution group",
   "citation":"Less Is More: An Adaptive Branch-Site Random Effects Model for Efficient Detection of Episodic Diversifying Selection (2015). Mol Biol Evol 32 (5): 1342-1353. v2.2 adds support for multiple-hit models",
   "contact":"spond@temple.edu",
   "info":"aBSREL (Adaptive branch-site random effects likelihood)\n                            uses an adaptive random effects branch-site model framework\n                            to test whether each branch has evolved under positive selection,\n                            using a procedure which infers an optimal number of rate categories per branch.",
   "requirements":"in-frame codon alignment and a phylogenetic tree",
   "version":"2.2"
  },
 "branch attributes":{
   "0":{
     "ENSCHOP00000006536":{
       "Baseline MG94xREV":0.02605335198981977,
       "Baseline MG94xREV omega ratio":0.04603183595978511,
       "Corrected P-value":1,
       "Full adaptive model":0.02472588383622892,
       "Full adaptive model (non-synonymous subs/site)":0.00202316060952429,
       "Full adaptive model (synonymous subs/site)":0.02270272322670467,
       "LRT":0,
       "Nucleotide GTR":0.02273965027698579,
       "Rate Distributions":        [
[0.03591581513139951, 1] 
        ],
       "Rate classes":1,
       "Uncorrected P-value":1,
       "original name":"ENSCHOP00000006536"
      },
     "ENSDORP00000014371":{
       "Baseline MG94xREV":0.1206083554487152,
       "Baseline MG94xREV omega ratio":0.06190175765495184,
       "Corrected P-value":1,
       "Full adaptive model":0.1144625530509789,
       "Full adaptive model (non-synonymous subs/site)":0.01675430666387739,
       "Full adaptive model (synonymous subs/site)":0.09770824638710147,
       "LRT":0.0404224896069536,
       "Nucleotide GTR":0.08902471765660801,
       "Rate Distributions":        [
[0, 0.9427139800870243],
        [1.206368290181057, 0.05728601991297566] 
        ],
       "Rate classes":2,
       "Uncorrected P-value":0.4621288460921618,
       "original name":"ENSDORP00000014371"
      },
     "ENSFCAP00000015582":{
       "Baseline MG94xREV":0.0492321519066875,
       "Baseline MG94xREV omega ratio":0.04906917064477721,
       "Corrected P-value":1,
       "Full adaptive model":0.04607094525824945,
       "Full adaptive model (non-synonymous subs/site)":0.004051907709207338,
       "Full adaptive model (synonymous subs/site)":0.0420190375490421,
       "LRT":0,
       "Nucleotide GTR":0.0428126993599716,
       "Rate Distributions":        [
[0.03886393449608614, 1] 
        ],
       "Rate classes":1,
       "Uncorrected P-value":1,
       "original name":"ENSFCAP00000015582"
      },
     "ENSMMUP00000011907":{
       "Baseline MG94xREV":0.01236799099575116,
       "Baseline MG94xREV omega ratio":0.1189492440444928,
       "Corrected P-value":1,
       "Full adaptive model":0.01242603025296653,
       "Full adaptive model (non-synonymous subs/site)":0.002239486679123093,
       "Full adaptive model (synonymous subs/site)":0.01018654357384345,
       "LRT":0,
       "Nucleotide GTR":0.01352916641003694,
       "Rate Distributions":        [
[0.08860433236968256, 1] 
        ],
       "Rate classes":1,
       "Uncorrected P-value":1,
       "original name":"ENSMMUP00000011907"
      },
     "ENSPCAP00000004692":{
       "Baseline MG94xREV":0.05084512140507499,
       "Baseline MG94xREV omega ratio":0.1062700314199946,
       "Corrected P-value":1,
       "Full adaptive model":0.04843718527022577,
       "Full adaptive model (non-synonymous subs/site)":0.008228749912265004,
       "Full adaptive model (synonymous subs/site)":0.0402084353579607,
       "LRT":0,
       "Nucleotide GTR":0.04604492283073396,
       "Rate Distributions":        [
[0.08248025806980587, 1] 
        ],
       "Rate classes":1,
       "Uncorrected P-value":1,
       "original name":"ENSPCAP00000004692"
      },
     "ENSPPYP00000004310":{
       "Baseline MG94xREV":0.005763192103419999,
       "Baseline MG94xREV omega ratio":0.2325666681068005,
       "Corrected P-value":1,
       "Full adaptive model":0.005332955802059932,
       "Full adaptive model (non-synonymous subs/site)":0.001689541521377018,
       "Full adaptive model (synonymous subs/site)":0.003643414280682907,
       "LRT":0,
       "Nucleotide GTR":0.004352239165196226,
       "Rate Distributions":        [
[0.1868932577345286, 1] 
        ],
       "Rate classes":1,
       "Uncorrected P-value":1,
       "original name":"ENSPPYP00000004310"
      },
     "ENSPVAP00000016322":{
       "Baseline MG94xREV":0.02473036333285304,
       "Baseline MG94xREV omega ratio":0.04867712774414386,
       "Corrected P-value":1,
       "Full adaptive model":0.023470633752253,
       "Full adaptive model (non-synonymous subs/site)":0.002021281872374741,
       "Full adaptive model (synonymous subs/site)":0.02144935187987828,
       "LRT":0,
       "Nucleotide GTR":0.02342320040279532,
       "Rate Distributions":        [
[0.0379792188866696, 1] 
        ],
       "Rate classes":1,
       "Uncorrected P-value":1,
       "original name":"ENSPVAP00000016322"
      },
     "ENSTSYP00000013070":{
       "Baseline MG94xREV":0.05536517943484387,
       "Baseline MG94xREV omega ratio":0.02329231164745354,
       "Corrected P-value":1,
       "Full adaptive model":0.05048640583562333,
       "Full adaptive model (non-synonymous subs/site)":0.002293420790199102,
       "Full adaptive model (synonymous subs/site)":0.04819298504542425,
       "LRT":0,
       "Nucleotide GTR":0.04423416548050053,
       "Rate Distributions":        [
[0.01917932150413708, 1] 
        ],
       "Rate classes":1,
       "Uncorrected P-value":1,
       "original name":"ENSTSYP00000013070"
      },
     "ENSTTRP00000007612":{
       "Baseline MG94xREV":0.02591000558544946,
       "Baseline MG94xREV omega ratio":0.04582916388195771,
       "Corrected P-value":1,
       "Full adaptive model":0.0244395316509286,
       "Full adaptive model (non-synonymous subs/site)":0.001999936456489658,
       "Full adaptive model (synonymous subs/site)":0.02243959519443894,
       "LRT":0,
       "Nucleotide GTR":0.02208010866692513,
       "Rate Distributions":        [
[0.0359198488370645, 1] 
        ],
       "Rate classes":1,
       "Uncorrected P-value":1,
       "original name":"ENSTTRP00000007612"
      },
     "ENSVPAP00000001753":{
       "Baseline MG94xREV":0.07977359086479892,
       "Baseline MG94xREV omega ratio":0.06220363380087066,
       "Corrected P-value":1,
       "Full adaptive model":0.07303520560233508,
       "Full adaptive model (non-synonymous subs/site)":0.00817150070754373,
       "Full adaptive model (synonymous subs/site)":0.06486370489479133,
       "LRT":0,
       "Nucleotide GTR":0.06627453902673844,
       "Rate Distributions":        [
[0.05077306636449576, 1] 
        ],
       "Rate classes":1,
       "Uncorrected P-value":1,
       "original name":"ENSVPAP00000001753"
      },
     "NODE_10":{
       "Baseline MG94xREV":0.02007925650310514,
       "Baseline MG94xREV omega ratio":0,
       "Corrected P-value":1,
       "Full adaptive model":0.02147238403503028,
       "Full adaptive model (non-synonymous subs/site)":1e-10,
       "Full adaptive model (synonymous subs/site)":0.02147238403503028,
       "LRT":0,
       "Nucleotide GTR":0.02273567334783751,
       "Rate Distributions":        [
[0, 1] 
        ],
       "Rate classes":1,
       "Uncorrected P-value":1
      },
     "NODE_12":{
       "Baseline MG94xREV":0.009394229187108879,
       "Baseline MG94xREV omega ratio":0.2082588657555015,
       "Corrected P-value":1,
       "Full adaptive model":0.008799043540161663,
       "Full adaptive model (non-synonymous subs/site)":0.002611892396929169,
       "Full adaptive model (synonymous subs/site)":0.006187151143232491,
       "LRT":0,
       "Nucleotide GTR":0.008370659074391504,