{
 "analysis":{
   "authors":"Sergei L Kosakovsky Pond, Ben Murrell, Steven Weaver and Temple iGEM / UCSD viral evolution group",
   "citation":"Less Is More: An Adaptive Branch-Site Random Effects Model for Efficient Detection of Episodic Diversifying Selection (2015). Mol Biol Evol 32 (5): 1342-1353. v2.2 adds support for multiple-hit models",
   "contact":"spond@temple.edu",
   "info":"aBSREL (Adaptive branch-site random effects likelihood)\n                            uses an adaptive random effects branch-site model framework\n                            to test whether each branch has evolved under positive selection,\n                            using a procedure which infers an optimal number of rate categories per branch.",
   "requirements":"in-frame codon alignment and a phylogenetic tree",
   "version":"2.2"
  },
 "branch attributes":{
   "0":{
     "ENSCJAP00000014878":{
       "Baseline MG94xREV":0.07147444935574686,
       "Baseline MG94xREV omega ratio":0.8898073740022514,
       "Corrected P-value":1,
       "Full adaptive model":0.07151129803801151,
       "Full adaptive model (non-synonymous subs/site)":0.04913157757822662,
       "Full adaptive model (synonymous subs/site)":0.0223797204597849,
       "LRT":0,
       "Nucleotide GTR":0.07501785320845863,
       "Rate Distributions":        [
[0.8953732255200783, 1] 
        ],
       "Rate classes":1,
       "Uncorrected P-value":1,
       "original name":"ENSCJAP00000014878"
      },
     "ENSDNOP00000001261":{
       "Baseline MG94xREV":0.1815784636249048,
       "Baseline MG94xREV omega ratio":0.6447659881222635,
       "Corrected P-value":0.5034594282340257,
       "Full adaptive model":0.3450598704664541,
       "Full adaptive model (non-synonymous subs/site)":0.2827437794907658,
       "Full adaptive model (synonymous subs/site)":0.06231609097568835,
       "LRT":5.222075560868916,
       "Nucleotide GTR":0.1810832467355567,
       "Rate Distributions":        [
[0.2063360203371393, 0.8395940204277378],
        [10.45640109491114, 0.1604059795722622] 
        ],
       "Rate classes":2,
       "Uncorrected P-value":0.02649786464389609,
       "original name":"ENSDNOP00000001261"
      },
     "ENSFCAP00000007357":{
       "Baseline MG94xREV":0.1045519311260045,
       "Baseline MG94xREV omega ratio":0.8998352308384835,
       "Corrected P-value":1,
       "Full adaptive model":0.1028437575675819,
       "Full adaptive model (non-synonymous subs/site)":0.07037874632630335,
       "Full adaptive model (synonymous subs/site)":0.03246501124127869,
       "LRT":0,
       "Nucleotide GTR":0.1056126907820932,
       "Rate Distributions":        [
[0.884146069453117, 1] 
        ],
       "Rate classes":1,
       "Uncorrected P-value":1,
       "original name":"ENSFCAP00000007357"
      },
     "ENSMICP00000000436":{
       "Baseline MG94xREV":0.06712620441822052,
       "Baseline MG94xREV omega ratio":1.615554457022464,
       "Corrected P-value":1,
       "Full adaptive model":0.06735475871237111,
       "Full adaptive model (non-synonymous subs/site)":0.05354633986817164,
       "Full adaptive model (synonymous subs/site)":0.01380841884419946,
       "LRT":0.3919887798133459,
       "Nucleotide GTR":0.06354167823780808,
       "Rate Distributions":        [
[1.581553509409356, 1] 
        ],
       "Rate classes":1,
       "Uncorrected P-value":0.3528562264646181,
       "original name":"ENSMICP00000000436"
      },
     "ENSNLEP00000018216":{
       "Baseline MG94xREV":0.003344575344251489,
       "Baseline MG94xREV omega ratio":10000000000,
       "Corrected P-value":1,
       "Full adaptive model":0.003304612368471263,
       "Full adaptive model (non-synonymous subs/site)":0.003304612368471263,
       "Full adaptive model (synonymous subs/site)":1e-10,
       "LRT":0.3416648331158285,
       "Nucleotide GTR":0,
       "Rate Distributions":        [
[10000000000, 1] 
        ],
       "Rate classes":1,
       "Uncorrected P-value":0.3646628127732575,
       "original name":"ENSNLEP00000018216"
      },
     "ENSPVAP00000002349":{
       "Baseline MG94xREV":0.05210455515170476,
       "Baseline MG94xREV omega ratio":3.553666482133594,
       "Corrected P-value":1,
       "Full adaptive model":0.0517798509033473,
       "Full adaptive model (non-synonymous subs/site)":0.04646660642356411,
       "Full adaptive model (synonymous subs/site)":0.005313244479783197,
       "LRT":1.905276088298478,
       "Nucleotide GTR":0.05079099481596284,
       "Rate Distributions":        [
[3.566803696806602, 1] 
        ],
       "Rate classes":1,
       "Uncorrected P-value":0.1492144272173184,
       "original name":"ENSPVAP00000002349"
      },
     "ENSTBEP00000009160":{
       "Baseline MG94xREV":0.08703086576011275,
       "Baseline MG94xREV omega ratio":0.340919587026222,
       "Corrected P-value":1,
       "Full adaptive model":0.08722501047828879,
       "Full adaptive model (non-synonymous subs/site)":0.04003609789496872,
       "Full adaptive model (synonymous subs/site)":0.04718891258332013,
       "LRT":0,
       "Nucleotide GTR":0.08441844110358679,
       "Rate Distributions":        [
[0.3460268702624885, 1] 
        ],
       "Rate classes":1,
       "Uncorrected P-value":1,
       "original name":"ENSTBEP00000009160"
      },
     "ENSTSYP00000012399":{
       "Baseline MG94xREV":0.075781042977813,
       "Baseline MG94xREV omega ratio":0.8053067348320867,
       "Corrected P-value":1,
       "Full adaptive model":0.07554355279613574,
       "Full adaptive model (non-synonymous subs/site)":0.05052489698909767,
       "Full adaptive model (synonymous subs/site)":0.02501865580703812,
       "LRT":0,
       "Nucleotide GTR":0.08428196057695894,
       "Rate Distributions":        [
[0.8236439565414951, 1] 
        ],
       "Rate classes":1,
       "Uncorrected P-value":1,
       "original name":"ENSTSYP00000012399"
      },
     "ENSTTRP00000006406":{
       "Baseline MG94xREV":0.04885396257594452,
       "Baseline MG94xREV omega ratio":0.2503186268822556,
       "Corrected P-value":1,
       "Full adaptive model":0.0468065344457339,
       "Full adaptive model (non-synonymous subs/site)":0.01678856280937846,
       "Full adaptive model (synonymous subs/site)":0.03001797163635539,
       "LRT":0,
       "Nucleotide GTR":0.05026371399682546,
       "Rate Distributions":        [
[0.2281025963886953, 1] 
        ],
       "Rate classes":1,
       "Uncorrected P-value":1,
       "original name":"ENSTTRP00000006406"
      },
     "ENSVPAP00000002319":{
       "Baseline MG94xREV":0.07676379070496761,
       "Baseline MG94xREV omega ratio":0.9832644979243497,
       "Corrected P-value":1,
       "Full adaptive model":0.07829556961714627,
       "Full adaptive model (non-synonymous subs/site)":0.05601828727557289,
       "Full adaptive model (synonymous subs/site)":0.02227728234157339,
       "LRT":0.001007786406262312,
       "Nucleotide GTR":0.077166047952411,
       "Rate Distributions":        [
[1.025570851791425, 1] 
        ],
       "Rate classes":1,
       "Uncorrected P-value":0.4947838477931686,
       "original name":"ENSVPAP00000002319"
      },
     "LOC100459393_PONAB":{
       "Baseline MG94xREV":0.01168186190026207,
       "Baseline MG94xREV omega ratio":10000000000,
       "Corrected P-value":1,
       "Full adaptive model":0.01176419819350344,
       "Full adaptive model (non-synonymous subs/site)":0.01176419819350344,
       "Full adaptive model (synonymous subs/site)":1e-10,
       "LRT":1.459192297948903,
       "Nucleotide GTR":0.01546416749306678,
       "Rate Distributions":        [
[10000000000, 1] 
        ],
       "Rate classes":1,
       "Uncorrected P-value":0.1900428303173667,
       "original name":"LOC100459393_PONAB"
      },
     "NODE_14":{
       "Baseline MG94xREV":0.01628570967655475,
       "Baseline MG94xREV omega ratio":10000000000,
       "Corrected P-value":1,
       "Full adaptive model":0.0184759980223875,