{
 "analysis":{
   "authors":"Sergei L Kosakovsky Pond, Ben Murrell, Steven Weaver and Temple iGEM / UCSD viral evolution group",
   "citation":"Less Is More: An Adaptive Branch-Site Random Effects Model for Efficient Detection of Episodic Diversifying Selection (2015). Mol Biol Evol 32 (5): 1342-1353. v2.2 adds support for multiple-hit models",
   "contact":"spond@temple.edu",
   "info":"aBSREL (Adaptive branch-site random effects likelihood)\n                            uses an adaptive random effects branch-site model framework\n                            to test whether each branch has evolved under positive selection,\n                            using a procedure which infers an optimal number of rate categories per branch.",
   "requirements":"in-frame codon alignment and a phylogenetic tree",
   "version":"2.2"
  },
 "branch attributes":{
   "0":{
     "ENSDARP00000123681":{
       "Baseline MG94xREV":0.5922839692466505,
       "Baseline MG94xREV omega ratio":0.2101570955597533,
       "Corrected P-value":1,
       "Full adaptive model":0.7542559116092351,
       "Full adaptive model (non-synonymous subs/site)":0.3833345388843539,
       "Full adaptive model (synonymous subs/site)":0.3709213727248813,
       "LRT":0.07250465585548227,
       "Nucleotide GTR":0.4449384631266057,
       "Rate Distributions":        [
[0.07824071078421441, 0.7494102616102153],
        [1.285680722366264, 0.2505897383897847] 
        ],
       "Rate classes":2,
       "Uncorrected P-value":0.4468639380737577,
       "original name":"ENSDARP00000123681"
      },
     "ENSGACP00000007640":{
       "Baseline MG94xREV":0.1039315451235246,
       "Baseline MG94xREV omega ratio":0.09189618665620608,
       "Corrected P-value":1,
       "Full adaptive model":0.1060711734431209,
       "Full adaptive model (non-synonymous subs/site)":0.01978629147338787,
       "Full adaptive model (synonymous subs/site)":0.08628488196973309,
       "LRT":0,
       "Nucleotide GTR":0.09421166828751308,
       "Rate Distributions":        [
[0.08449774581160817, 1] 
        ],
       "Rate classes":1,
       "Uncorrected P-value":1,
       "original name":"ENSGACP00000007640"
      },
     "ENSGMOP00000007265":{
       "Baseline MG94xREV":0.1861372669528871,
       "Baseline MG94xREV omega ratio":0.0317602624142858,
       "Corrected P-value":1,
       "Full adaptive model":0.2502940519414254,
       "Full adaptive model (non-synonymous subs/site)":0.03551010274746947,
       "Full adaptive model (synonymous subs/site)":0.214783949193956,
       "LRT":0.5664941729155544,
       "Nucleotide GTR":0.08427756772716272,
       "Rate Distributions":        [
[0, 0.9721873762172492],
        [2.190400724689987, 0.02781262378275084] 
        ],
       "Rate classes":2,
       "Uncorrected P-value":0.3163311702075184,
       "original name":"ENSGMOP00000007265"
      },
     "ENSONIP00000026150":{
       "Baseline MG94xREV":0.1017109550676485,
       "Baseline MG94xREV omega ratio":0.06045790876745179,
       "Corrected P-value":1,
       "Full adaptive model":0.09476422857396503,
       "Full adaptive model (non-synonymous subs/site)":0.01362204140033172,
       "Full adaptive model (synonymous subs/site)":0.08114218717363332,
       "LRT":0,
       "Nucleotide GTR":0.08715268161358695,
       "Rate Distributions":        [
[0.06186014250928012, 1] 
        ],
       "Rate classes":1,
       "Uncorrected P-value":1,
       "original name":"ENSONIP00000026150"
      },
     "ENSORLP00000013840":{
       "Baseline MG94xREV":0.1811057735360057,
       "Baseline MG94xREV omega ratio":0.07002521026674768,
       "Corrected P-value":1,
       "Full adaptive model":0.1847603240526129,
       "Full adaptive model (non-synonymous subs/site)":0.03393523312651462,
       "Full adaptive model (synonymous subs/site)":0.1508250909260984,
       "LRT":0.006453926343056082,
       "Nucleotide GTR":0.1433677226040061,
       "Rate Distributions":        [
[0.03290618586836514, 0.9520110927016614],
        [1.074836451703958, 0.0479889072983386] 
        ],
       "Rate classes":2,
       "Uncorrected P-value":0.4862274238268757,
       "original name":"ENSORLP00000013840"
      },
     "ENSTRUP00000031606":{
       "Baseline MG94xREV":0.1570234244809197,
       "Baseline MG94xREV omega ratio":0.0524150778939445,
       "Corrected P-value":1,
       "Full adaptive model":0.1516701049741254,
       "Full adaptive model (non-synonymous subs/site)":0.01752329597617331,
       "Full adaptive model (synonymous subs/site)":0.134146808997952,
       "LRT":0,
       "Nucleotide GTR":0.1026118138607463,
       "Rate Distributions":        [
[0.04813388102986128, 1] 
        ],
       "Rate classes":1,
       "Uncorrected P-value":1,
       "original name":"ENSTRUP00000031606"
      },
     "NODE_3":{
       "Baseline MG94xREV":0,
       "Baseline MG94xREV omega ratio":1,
       "Corrected P-value":1,
       "Full adaptive model":0,
       "Full adaptive model (non-synonymous subs/site)":1e-10,
       "Full adaptive model (synonymous subs/site)":1e-10,
       "LRT":0,
       "Nucleotide GTR":0.00430415904251496,
       "Rate Distributions":        [
[1, 1] 
        ],
       "Rate classes":1,
       "Uncorrected P-value":1
      },
     "NODE_5":{
       "Baseline MG94xREV":0.04039980271270296,
       "Baseline MG94xREV omega ratio":0.1833260562223651,
       "Corrected P-value":1,
       "Full adaptive model":0.04699976522121479,
       "Full adaptive model (non-synonymous subs/site)":0.01297936910550529,
       "Full adaptive model (synonymous subs/site)":0.03402039611570947,
       "LRT":0,
       "Nucleotide GTR":0.05319226591363501,
       "Rate Distributions":        [
[0.1405819772200024, 1] 
        ],
       "Rate classes":1,
       "Uncorrected P-value":1
      },
     "NODE_7":{
       "Baseline MG94xREV":0.04532998173880991,
       "Baseline MG94xREV omega ratio":0.1846167174705191,
       "Corrected P-value":1,
       "Full adaptive model":0.02167828903714621,
       "Full adaptive model (non-synonymous subs/site)":0.01555998641523249,
       "Full adaptive model (synonymous subs/site)":0.006118302621913711,
       "LRT":0,
       "Nucleotide GTR":0.05826236463669343,
       "Rate Distributions":        [
[0.9371167262498475, 1] 
        ],
       "Rate classes":1,
       "Uncorrected P-value":1
      }
    },
   "attributes":{
     "Baseline MG94xREV":{
       "attribute type":"branch length",
       "display order":1
      },
     "Baseline MG94xREV omega ratio":{
       "attribute type":"branch label",
       "display order":1
      },
     "Corrected P-value":{
       "attribute type":"branch label",
       "display order":6
      },
     "Full adaptive model":{
       "attribute type":"branch length",
       "display order":2
      },
     "Full adaptive model (non-synonymous subs/site)":{
       "attribute type":"branch label",
       "display order":10
      },
     "Full adaptive model (synonymous subs/site)":{
       "attribute type":"branch label",
       "display order":9
      },
     "LRT":{
       "attribute type":"branch label",
       "display order":4
      },
     "Nucleotide GTR":{
       "attribute type":"branch length",
       "display order":0
      },
     "Rate Distributions":{
       "attribute type":"branch label",
       "display order":3
      },
     "Rate classes":{
       "attribute type":"branch label",
       "display order":2
      },
     "Uncorrected P-value":{
       "attribute type":"branch label",
       "display order":5
      },
     "original name":{
       "attribute type":"node label",
       "display order":-1
      }
    }
  },