{
 "analysis":{
   "authors":"Sergei L Kosakovsky Pond, Ben Murrell, Steven Weaver and Temple iGEM / UCSD viral evolution group",
   "citation":"Less Is More: An Adaptive Branch-Site Random Effects Model for Efficient Detection of Episodic Diversifying Selection (2015). Mol Biol Evol 32 (5): 1342-1353. v2.2 adds support for multiple-hit models",
   "contact":"spond@temple.edu",
   "info":"aBSREL (Adaptive branch-site random effects likelihood)\n                            uses an adaptive random effects branch-site model framework\n                            to test whether each branch has evolved under positive selection,\n                            using a procedure which infers an optimal number of rate categories per branch.",
   "requirements":"in-frame codon alignment and a phylogenetic tree",
   "version":"2.2"
  },
 "branch attributes":{
   "0":{
     "CABZ01070468_1_DANRE":{
       "Baseline MG94xREV":0.1263197762894207,
       "Baseline MG94xREV omega ratio":0.08559370053949085,
       "Corrected P-value":1,
       "Full adaptive model":0.1537213061313105,
       "Full adaptive model (non-synonymous subs/site)":0.0683776021523103,
       "Full adaptive model (synonymous subs/site)":0.08534370397900018,
       "LRT":1.317325642705327,
       "Nucleotide GTR":0.1097429243900475,
       "Rate Distributions":        [
[0.07359350948514135, 0.9846284637857149],
        [12.18231573665314, 0.01537153621428511] 
        ],
       "Rate classes":2,
       "Uncorrected P-value":0.2054773915577659,
       "original name":"CABZ01070468.1_DANRE"
      },
     "ENSGACP00000014746":{
       "Baseline MG94xREV":0.08744755131578834,
       "Baseline MG94xREV omega ratio":0.06586068931447012,
       "Corrected P-value":1,
       "Full adaptive model":0.08373618818586094,
       "Full adaptive model (non-synonymous subs/site)":0.01298323336357135,
       "Full adaptive model (synonymous subs/site)":0.07075295482228958,
       "LRT":0,
       "Nucleotide GTR":0.06221389533440198,
       "Rate Distributions":        [
[0.05948488137818027, 1] 
        ],
       "Rate classes":1,
       "Uncorrected P-value":1,
       "original name":"ENSGACP00000014746"
      },
     "ENSGMOP00000006698":{
       "Baseline MG94xREV":0.1252306745653389,
       "Baseline MG94xREV omega ratio":0.1618820752129632,
       "Corrected P-value":1,
       "Full adaptive model":0.1235936667232135,
       "Full adaptive model (non-synonymous subs/site)":0.05170226969316078,
       "Full adaptive model (synonymous subs/site)":0.07189139703005271,
       "LRT":0.1493201551384118,
       "Nucleotide GTR":0.09395349322300613,
       "Rate Distributions":        [
[0, 0.8241563212614367],
        [1.325788486557217, 0.1758436787385633] 
        ],
       "Rate classes":2,
       "Uncorrected P-value":0.4182548483732031,
       "original name":"ENSGMOP00000006698"
      },
     "ENSONIP00000013372":{
       "Baseline MG94xREV":0.09946058008651565,
       "Baseline MG94xREV omega ratio":0.03614098417162454,
       "Corrected P-value":1,
       "Full adaptive model":0.09621091085925761,
       "Full adaptive model (non-synonymous subs/site)":0.008763311784593912,
       "Full adaptive model (synonymous subs/site)":0.08744759907466383,
       "LRT":0,
       "Nucleotide GTR":0.07611532768815471,
       "Rate Distributions":        [
[0.03248543538174837, 1] 
        ],
       "Rate classes":1,
       "Uncorrected P-value":1,
       "original name":"ENSONIP00000013372"
      },
     "ENSORLP00000014524":{
       "Baseline MG94xREV":0.1466524784025923,
       "Baseline MG94xREV omega ratio":0.02917067404636435,
       "Corrected P-value":1,
       "Full adaptive model":0.1392693119759111,
       "Full adaptive model (non-synonymous subs/site)":0.01105553414377928,
       "Full adaptive model (synonymous subs/site)":0.1282137778321318,
       "LRT":0,
       "Nucleotide GTR":0.10804036079239,
       "Rate Distributions":        [
[0.02795202986750171, 1] 
        ],
       "Rate classes":1,
       "Uncorrected P-value":1,
       "original name":"ENSORLP00000014524"
      },
     "ENSTNIP00000009041":{
       "Baseline MG94xREV":0.06902402778276147,
       "Baseline MG94xREV omega ratio":0.1225897596221999,
       "Corrected P-value":1,
       "Full adaptive model":0.06966034837539854,
       "Full adaptive model (non-synonymous subs/site)":0.01735211101615849,
       "Full adaptive model (synonymous subs/site)":0.05230823735924009,
       "LRT":0,
       "Nucleotide GTR":0.05306484631042833,
       "Rate Distributions":        [
[0.1075351759919235, 1] 
        ],
       "Rate classes":1,
       "Uncorrected P-value":1,
       "original name":"ENSTNIP00000009041"
      },
     "ENSTRUP00000007813":{
       "Baseline MG94xREV":0.0376804860807473,
       "Baseline MG94xREV omega ratio":0.06079507613794602,
       "Corrected P-value":1,
       "Full adaptive model":0.03708368256114353,
       "Full adaptive model (non-synonymous subs/site)":0.005310206476117133,
       "Full adaptive model (synonymous subs/site)":0.03177347608502643,
       "LRT":0,
       "Nucleotide GTR":0.04047808463753844,
       "Rate Distributions":        [
[0.05417700543513474, 1] 
        ],
       "Rate classes":1,
       "Uncorrected P-value":1,
       "original name":"ENSTRUP00000007813"
      },
     "NODE_11":{
       "Baseline MG94xREV":0.2587982433441012,
       "Baseline MG94xREV omega ratio":0.05701133673596245,
       "Corrected P-value":1,
       "Full adaptive model":0.2668994113105534,
       "Full adaptive model (non-synonymous subs/site)":0.05253802027830064,
       "Full adaptive model (synonymous subs/site)":0.2143613910322528,
       "LRT":0.08738901402102783,
       "Nucleotide GTR":0.09405109068298077,
       "Rate Distributions":        [
[0.03172163833828627, 0.9694704379187429],
        [1.59507999369318, 0.03052956208125712] 
        ],
       "Rate classes":2,
       "Uncorrected P-value":0.4406785238412818
      },
     "NODE_3":{
       "Baseline MG94xREV":0.002079655707151732,
       "Baseline MG94xREV omega ratio":10000000000,
       "Corrected P-value":1,
       "Full adaptive model":0.005599495350978231,
       "Full adaptive model (non-synonymous subs/site)":0.002117077750410308,
       "Full adaptive model (synonymous subs/site)":0.003482417600567922,
       "LRT":0,
       "Nucleotide GTR":0.01581731571193859,
       "Rate Distributions":        [
[0.1970717064651562, 1] 
        ],
       "Rate classes":1,
       "Uncorrected P-value":1
      },
     "NODE_5":{
       "Baseline MG94xREV":0.0277345148984243,
       "Baseline MG94xREV omega ratio":0.0738823796261584,
       "Corrected P-value":1,
       "Full adaptive model":0.02291259216242756,
       "Full adaptive model (non-synonymous subs/site)":0.003846506447385092,
       "Full adaptive model (synonymous subs/site)":0.01906608571504249,
       "LRT":0,
       "Nucleotide GTR":0.02295075979473227,
       "Rate Distributions":        [
[0.0653993213998335, 1] 
        ],
       "Rate classes":1,
       "Uncorrected P-value":1
      },
     "NODE_8":{
       "Baseline MG94xREV":0.07270888291870936,
       "Baseline MG94xREV omega ratio":0.07024899948307013,
       "Corrected P-value":1,
       "Full adaptive model":0.07523149997525884,
       "Full adaptive model (non-synonymous subs/site)":0.01247386376534164,
       "Full adaptive model (synonymous subs/site)":0.06275763620991727,
       "LRT":0,
       "Nucleotide GTR":0.05154564859744868,
       "Rate Distributions":        [
[0.06443216695560805, 1] 
        ],
       "Rate classes":1,
       "Uncorrected P-value":1
      },
     "NODE_9":{
       "Baseline MG94xREV":0.1168511858157738,
       "Baseline MG94xREV omega ratio":0.03208761410438832,
       "Corrected P-value":1,
       "Full adaptive model":0.1232878309698929,
       "Full adaptive model (non-synonymous subs/site)":0.007757990384981719,
       "Full adaptive model (synonymous subs/site)":0.1155298405849113,