{
 "analysis":{
   "authors":"Sergei L Kosakovsky Pond, Ben Murrell, Steven Weaver and Temple iGEM / UCSD viral evolution group",
   "citation":"Less Is More: An Adaptive Branch-Site Random Effects Model for Efficient Detection of Episodic Diversifying Selection (2015). Mol Biol Evol 32 (5): 1342-1353. v2.2 adds support for multiple-hit models",
   "contact":"spond@temple.edu",
   "info":"aBSREL (Adaptive branch-site random effects likelihood)\n                            uses an adaptive random effects branch-site model framework\n                            to test whether each branch has evolved under positive selection,\n                            using a procedure which infers an optimal number of rate categories per branch.",
   "requirements":"in-frame codon alignment and a phylogenetic tree",
   "version":"2.2"
  },
 "branch attributes":{
   "0":{
     "AADAT_DANRE":{
       "Baseline MG94xREV":0.2933790553645316,
       "Baseline MG94xREV omega ratio":0.08760960595442573,
       "Corrected P-value":0.1503823199567708,
       "Full adaptive model":27.59349072148584,
       "Full adaptive model (non-synonymous subs/site)":27.40137687304821,
       "Full adaptive model (synonymous subs/site)":0.1921138484376327,
       "LRT":6.516949625707639,
       "Nucleotide GTR":0.1866993104583743,
       "Rate Distributions":        [
[0.04880600223417714, 0.0889719978259339],
        [0.05205196395725929, 0.8587927640578643],
        [873.4674443516136, 0.05223523811620179] 
        ],
       "Rate classes":3,
       "Uncorrected P-value":0.01367111999607007,
       "original name":"AADAT_DANRE"
      },
     "AADAT_GADMO":{
       "Baseline MG94xREV":0.2545452723464216,
       "Baseline MG94xREV omega ratio":0.06174376116799728,
       "Corrected P-value":1,
       "Full adaptive model":0.2449844801670183,
       "Full adaptive model (non-synonymous subs/site)":0.03784249755637929,
       "Full adaptive model (synonymous subs/site)":0.2071419826106392,
       "LRT":0,
       "Nucleotide GTR":0.1335707176307944,
       "Rate Distributions":        [
[0.05850255491204848, 1] 
        ],
       "Rate classes":1,
       "Uncorrected P-value":1,
       "original name":"AADAT_GADMO"
      },
     "AADAT_GASAC":{
       "Baseline MG94xREV":0.09796106001200189,
       "Baseline MG94xREV omega ratio":0.04615479886997052,
       "Corrected P-value":1,
       "Full adaptive model":0.09597054589786447,
       "Full adaptive model (non-synonymous subs/site)":0.01024015439195826,
       "Full adaptive model (synonymous subs/site)":0.08573039150590617,
       "LRT":0,
       "Nucleotide GTR":0.06840856466084824,
       "Rate Distributions":        [
[0.03825030192897733, 1] 
        ],
       "Rate classes":1,
       "Uncorrected P-value":1,
       "original name":"AADAT_GASAC"
      },
     "AADAT_ORENI":{
       "Baseline MG94xREV":0.07603481666376102,
       "Baseline MG94xREV omega ratio":0.06300953101771811,
       "Corrected P-value":1,
       "Full adaptive model":0.07403650413785054,
       "Full adaptive model (non-synonymous subs/site)":0.01146182029836245,
       "Full adaptive model (synonymous subs/site)":0.06257468383948797,
       "LRT":0,
       "Nucleotide GTR":0.07292054922840609,
       "Rate Distributions":        [
[0.05865676416938569, 1] 
        ],
       "Rate classes":1,
       "Uncorrected P-value":1,
       "original name":"AADAT_ORENI"
      },
     "AADAT_ORYLA":{
       "Baseline MG94xREV":0.1526994244016616,
       "Baseline MG94xREV omega ratio":0.04332584742611661,
       "Corrected P-value":1,
       "Full adaptive model":0.1463981173425355,
       "Full adaptive model (non-synonymous subs/site)":0.01653729432594746,
       "Full adaptive model (synonymous subs/site)":0.1298608230165881,
       "LRT":0,
       "Nucleotide GTR":0.1114827745439449,
       "Rate Distributions":        [
[0.04078021160758102, 1] 
        ],
       "Rate classes":1,
       "Uncorrected P-value":1,
       "original name":"AADAT_ORYLA"
      },
     "AADAT_TAKRU":{
       "Baseline MG94xREV":0.07985612212767303,
       "Baseline MG94xREV omega ratio":0.06071327226976941,
       "Corrected P-value":1,
       "Full adaptive model":0.07655864482902765,
       "Full adaptive model (non-synonymous subs/site)":0.0115551930048918,
       "Full adaptive model (synonymous subs/site)":0.06500345182413587,
       "LRT":0,
       "Nucleotide GTR":0.06600073418239291,
       "Rate Distributions":        [
[0.05692511998084215, 1] 
        ],
       "Rate classes":1,
       "Uncorrected P-value":1,
       "original name":"AADAT_TAKRU"
      },
     "AADAT_TETNG":{
       "Baseline MG94xREV":0.05824901489692404,
       "Baseline MG94xREV omega ratio":0.1791402784143528,
       "Corrected P-value":1,
       "Full adaptive model":0.05894143789794681,
       "Full adaptive model (non-synonymous subs/site)":0.01990607503056777,
       "Full adaptive model (synonymous subs/site)":0.03903536286737901,
       "LRT":0,
       "Nucleotide GTR":0.05446643602901684,
       "Rate Distributions":        [
[0.1633016548889271, 1] 
        ],
       "Rate classes":1,
       "Uncorrected P-value":1,
       "original name":"AADAT_TETNG"
      },
     "NODE_3":{
       "Baseline MG94xREV":0.08068729137009303,
       "Baseline MG94xREV omega ratio":0.06267832142246521,
       "Corrected P-value":1,
       "Full adaptive model":0.07876928445775112,
       "Full adaptive model (non-synonymous subs/site)":0.01255367163151874,
       "Full adaptive model (synonymous subs/site)":0.06621561282623246,
       "LRT":0,
       "Nucleotide GTR":0.0617185100456897,
       "Rate Distributions":        [
[0.06071185908276898, 1] 
        ],
       "Rate classes":1,
       "Uncorrected P-value":1
      },
     "NODE_5":{
       "Baseline MG94xREV":0.007338065438063503,
       "Baseline MG94xREV omega ratio":0.4909917916663429,
       "Corrected P-value":0.143763703070644,
       "Full adaptive model":0.009552665005865345,
       "Full adaptive model (non-synonymous subs/site)":0.009551096041664361,
       "Full adaptive model (synonymous subs/site)":1.568964200984925e-06,
       "LRT":6.418288225004289,
       "Nucleotide GTR":0.01369425077585435,
       "Rate Distributions":        [
[1, 0.98051569805448],
        [100000, 0.01948430194551998] 
        ],
       "Rate classes":2,
       "Uncorrected P-value":0.0143763703070644
      },
     "NODE_7":{
       "Baseline MG94xREV":0,
       "Baseline MG94xREV omega ratio":1,
       "Corrected P-value":1,
       "Full adaptive model":0,
       "Full adaptive model (non-synonymous subs/site)":1e-10,
       "Full adaptive model (synonymous subs/site)":1e-10,
       "LRT":0,
       "Nucleotide GTR":0.0005204238933937161,
       "Rate Distributions":        [
[1, 1] 
        ],
       "Rate classes":1,
       "Uncorrected P-value":1
      },
     "NODE_9":{
       "Baseline MG94xREV":0.06273474740121089,
       "Baseline MG94xREV omega ratio":0.05699360714510477,
       "Corrected P-value":0.8927400010567387,
       "Full adaptive model":0.08071592420811942,
       "Full adaptive model (non-synonymous subs/site)":0.03344930248911325,
       "Full adaptive model (synonymous subs/site)":0.04726662171900618,
       "LRT":2.67392832061887,
       "Nucleotide GTR":0.04705555941670841,
       "Rate Distributions":        [
[0.03021880044113418, 0.9900185897187747],
        [19.70678322978332, 0.009981410281225345] 
        ],
       "Rate classes":2,
       "Uncorrected P-value":0.09919333345074874
      }
    },
   "attributes":{
     "Baseline MG94xREV":{
       "attribute type":"branch length",
       "display order":1
      },
     "Baseline MG94xREV omega ratio":{
       "attribute type":"branch label",
       "display order":1
      },
     "Corrected P-value":{
       "attribute type":"branch label",
       "display order":6
      },
     "Full adaptive model":{
       "attribute type":"branch length",
       "display order":2
      },