{
 "analysis":{
   "authors":"Sergei L Kosakovsky Pond, Ben Murrell, Steven Weaver and Temple iGEM / UCSD viral evolution group",
   "citation":"Less Is More: An Adaptive Branch-Site Random Effects Model for Efficient Detection of Episodic Diversifying Selection (2015). Mol Biol Evol 32 (5): 1342-1353. v2.2 adds support for multiple-hit models",
   "contact":"spond@temple.edu",
   "info":"aBSREL (Adaptive branch-site random effects likelihood)\n                            uses an adaptive random effects branch-site model framework\n                            to test whether each branch has evolved under positive selection,\n                            using a procedure which infers an optimal number of rate categories per branch.",
   "requirements":"in-frame codon alignment and a phylogenetic tree",
   "version":"2.2"
  },
 "branch attributes":{
   "0":{
     "ENSECAP00000005088":{
       "Baseline MG94xREV":0.03253659436793658,
       "Baseline MG94xREV omega ratio":0.6386962896477765,
       "Corrected P-value":1,
       "Full adaptive model":0.03262012365552873,
       "Full adaptive model (non-synonymous subs/site)":0.02050457101978364,
       "Full adaptive model (synonymous subs/site)":0.01211555263574513,
       "LRT":0,
       "Nucleotide GTR":0.03210795482894734,
       "Rate Distributions":        [
[0.6166636813657473, 1] 
        ],
       "Rate classes":1,
       "Uncorrected P-value":1,
       "original name":"ENSECAP00000005088"
      },
     "ENSMLUP00000022048":{
       "Baseline MG94xREV":0.0785865082623592,
       "Baseline MG94xREV omega ratio":0.9698004591545404,
       "Corrected P-value":0.0004629364536223313,
       "Full adaptive model":0.193835684585327,
       "Full adaptive model (non-synonymous subs/site)":0.1769696446419684,
       "Full adaptive model (synonymous subs/site)":0.01686603994335857,
       "LRT":19.05675118260388,
       "Nucleotide GTR":0.07851870581208384,
       "Rate Distributions":        [
[0.7371518174210182, 0.9625453199541917],
        [83.13124004727801, 0.03745468004580832] 
        ],
       "Rate classes":2,
       "Uncorrected P-value":2.436507650643849e-05,
       "original name":"ENSMLUP00000022048"
      },
     "ENSNLEP00000000549":{
       "Baseline MG94xREV":0.009259019733410164,
       "Baseline MG94xREV omega ratio":1.388696098637233,
       "Corrected P-value":1,
       "Full adaptive model":0.009343559999891221,
       "Full adaptive model (non-synonymous subs/site)":0.00735677699954464,
       "Full adaptive model (synonymous subs/site)":0.001986783000346591,
       "LRT":0.07122373060155951,
       "Nucleotide GTR":0.008489612465536478,
       "Rate Distributions":        [
[1.349205393589723, 1] 
        ],
       "Rate classes":1,
       "Uncorrected P-value":0.4474170914672783,
       "original name":"ENSNLEP00000000549"
      },
     "ENSONIP00000012265":{
       "Baseline MG94xREV":2.2160448493616,
       "Baseline MG94xREV omega ratio":0.04038163783314112,
       "Corrected P-value":1,
       "Full adaptive model":1.643280830449135,
       "Full adaptive model (non-synonymous subs/site)":0.2600544941835198,
       "Full adaptive model (synonymous subs/site)":1.383226336265616,
       "LRT":0,
       "Nucleotide GTR":0.5108566817072373,
       "Rate Distributions":        [
[0.0140086675395259, 0.5218845405192748],
        [0.1279868196889791, 0.4781154594807252] 
        ],
       "Rate classes":2,
       "Uncorrected P-value":1,
       "original name":"ENSONIP00000012265"
      },
     "ENSOPRP00000008416":{
       "Baseline MG94xREV":0.163694549218559,
       "Baseline MG94xREV omega ratio":0.3085294487150763,
       "Corrected P-value":1,
       "Full adaptive model":0.1637538856178,
       "Full adaptive model (non-synonymous subs/site)":0.07336845220843725,
       "Full adaptive model (synonymous subs/site)":0.09038543340936288,
       "LRT":0,
       "Nucleotide GTR":0.1490604026097701,
       "Rate Distributions":        [
[0.2957684358365866, 1] 
        ],
       "Rate classes":1,
       "Uncorrected P-value":1,
       "original name":"ENSOPRP00000008416"
      },
     "ENSPCAP00000009465":{
       "Baseline MG94xREV":0.1569545172479787,
       "Baseline MG94xREV omega ratio":0.7395604595721081,
       "Corrected P-value":1,
       "Full adaptive model":0.1494396506352292,
       "Full adaptive model (non-synonymous subs/site)":0.1035566489205613,
       "Full adaptive model (synonymous subs/site)":0.0458830017146682,
       "LRT":0,
       "Nucleotide GTR":0.1579602908193254,
       "Rate Distributions":        [
[0.8223696580554888, 1] 
        ],
       "Rate classes":1,
       "Uncorrected P-value":1,
       "original name":"ENSPCAP00000009465"
      },
     "ENSPVAP00000016776":{
       "Baseline MG94xREV":0.02299716152075089,
       "Baseline MG94xREV omega ratio":0.4660317838605573,
       "Corrected P-value":1,
       "Full adaptive model":0.02293162733669863,
       "Full adaptive model (non-synonymous subs/site)":0.01265720673962074,
       "Full adaptive model (synonymous subs/site)":0.01027442059707791,
       "LRT":0,
       "Nucleotide GTR":0.02271778961615664,
       "Rate Distributions":        [
[0.4488708943778367, 1] 
        ],
       "Rate classes":1,
       "Uncorrected P-value":1,
       "original name":"ENSPVAP00000016776"
      },
     "ENSSSCP00000004610":{
       "Baseline MG94xREV":0.04060656024287061,
       "Baseline MG94xREV omega ratio":0.2744959880017072,
       "Corrected P-value":0.1654534508193142,
       "Full adaptive model":7.82571934408082,
       "Full adaptive model (non-synonymous subs/site)":7.808099570793087,
       "Full adaptive model (synonymous subs/site)":0.01761977328773243,
       "LRT":7.1843093272837,
       "Nucleotide GTR":0.03905649573421546,
       "Rate Distributions":        [
[0.142882509426855, 0.9735747929798305],
        [6105.106278252183, 0.02642520702016948] 
        ],
       "Rate classes":2,
       "Uncorrected P-value":0.009732555930547893,
       "original name":"ENSSSCP00000004610"
      },
     "ENSTBEP00000001875":{
       "Baseline MG94xREV":0.0659902289168313,
       "Baseline MG94xREV omega ratio":0.3400814327593928,
       "Corrected P-value":1,
       "Full adaptive model":0.06570457602975892,
       "Full adaptive model (non-synonymous subs/site)":0.03088286126473011,
       "Full adaptive model (synonymous subs/site)":0.03482171476502888,
       "LRT":0,
       "Nucleotide GTR":0.06268274477742096,
       "Rate Distributions":        [
[0.3231530720612292, 1] 
        ],
       "Rate classes":1,
       "Uncorrected P-value":1,
       "original name":"ENSTBEP00000001875"
      },
     "ENSTSYP00000005063":{
       "Baseline MG94xREV":0.04253167863624058,
       "Baseline MG94xREV omega ratio":0.3115260395038302,
       "Corrected P-value":1,
       "Full adaptive model":0.04318761109648817,
       "Full adaptive model (non-synonymous subs/site)":0.0197260170682993,
       "Full adaptive model (synonymous subs/site)":0.02346159402818888,
       "LRT":0,
       "Nucleotide GTR":0.04125775120786548,
       "Rate Distributions":        [
[0.3063534680936731, 1] 
        ],
       "Rate classes":1,
       "Uncorrected P-value":1,
       "original name":"ENSTSYP00000005063"
      },
     "EYS_MACMU":{
       "Baseline MG94xREV":0.009670422847909133,
       "Baseline MG94xREV omega ratio":0.2353659708750767,
       "Corrected P-value":0.1585481032209417,
       "Full adaptive model":0.01701448825986506,
       "Full adaptive model (non-synonymous subs/site)":0.01102680870017125,
       "Full adaptive model (synonymous subs/site)":0.005987679559693804,
       "LRT":7.380543931172724,
       "Nucleotide GTR":0.00878873560124546,
       "Rate Distributions":        [
[0, 0.9939511681711481],
        [110.932983112043, 0.006048831828851853] 
        ],
       "Rate classes":2,
       "Uncorrected P-value":0.008808227956718984,
       "original name":"EYS_MACMU"
      },