{
 "analysis":{
   "authors":"Sergei L Kosakovsky Pond, Ben Murrell, Steven Weaver and Temple iGEM / UCSD viral evolution group",
   "citation":"Less Is More: An Adaptive Branch-Site Random Effects Model for Efficient Detection of Episodic Diversifying Selection (2015). Mol Biol Evol 32 (5): 1342-1353. v2.2 adds support for multiple-hit models",
   "contact":"spond@temple.edu",
   "info":"aBSREL (Adaptive branch-site random effects likelihood)\n                            uses an adaptive random effects branch-site model framework\n                            to test whether each branch has evolved under positive selection,\n                            using a procedure which infers an optimal number of rate categories per branch.",
   "requirements":"in-frame codon alignment and a phylogenetic tree",
   "version":"2.2"
  },
 "branch attributes":{
   "0":{
     "ENSGMOP00000021346":{
       "Baseline MG94xREV":0.05305715660182114,
       "Baseline MG94xREV omega ratio":0.5370682034347539,
       "Corrected P-value":0.2300693173299555,
       "Full adaptive model":112.0518751702186,
       "Full adaptive model (non-synonymous subs/site)":112.0371109059505,
       "Full adaptive model (synonymous subs/site)":0.01476426426811284,
       "LRT":5.06243067071091,
       "Nucleotide GTR":0.05220374787468801,
       "Rate Distributions":        [
[0.5237171020024518, 0.9735335383149633],
        [100000, 0.02646646168503675] 
        ],
       "Rate classes":2,
       "Uncorrected P-value":0.02875866466624444,
       "original name":"ENSGMOP00000021346"
      },
     "ENSGMOP00000021472":{
       "Baseline MG94xREV":0.04816324624780557,
       "Baseline MG94xREV omega ratio":0.659967780767943,
       "Corrected P-value":1,
       "Full adaptive model":0.04802508063858679,
       "Full adaptive model (non-synonymous subs/site)":0.03133094721467575,
       "Full adaptive model (synonymous subs/site)":0.01669413342391103,
       "LRT":0,
       "Nucleotide GTR":0.04887486012562883,
       "Rate Distributions":        [
[0.6546951041547877, 1] 
        ],
       "Rate classes":1,
       "Uncorrected P-value":1,
       "original name":"ENSGMOP00000021472"
      },
     "ENSGMOP00000021692":{
       "Baseline MG94xREV":0.01806992688145718,
       "Baseline MG94xREV omega ratio":0.8167925482729574,
       "Corrected P-value":1,
       "Full adaptive model":0.01814797739001307,
       "Full adaptive model (non-synonymous subs/site)":0.01240824460470784,
       "Full adaptive model (synonymous subs/site)":0.005739732785305244,
       "LRT":0,
       "Nucleotide GTR":0.01871938450439006,
       "Rate Distributions":        [
[0.7541333040084379, 1] 
        ],
       "Rate classes":1,
       "Uncorrected P-value":1,
       "original name":"ENSGMOP00000021692"
      },
     "ENSGMOP00000022031":{
       "Baseline MG94xREV":0.03338976069310242,
       "Baseline MG94xREV omega ratio":0.3501051737281549,
       "Corrected P-value":1,
       "Full adaptive model":0.03267994938970369,
       "Full adaptive model (non-synonymous subs/site)":0.0160052502640775,
       "Full adaptive model (synonymous subs/site)":0.01667469912562619,
       "LRT":0,
       "Nucleotide GTR":0.0324748655688726,
       "Rate Distributions":        [
[0.3348373618374977, 1] 
        ],
       "Rate classes":1,
       "Uncorrected P-value":1,
       "original name":"ENSGMOP00000022031"
      },
     "ENSGMOP00000022035":{
       "Baseline MG94xREV":0.0566940439498233,
       "Baseline MG94xREV omega ratio":0.6426321965242663,
       "Corrected P-value":1,
       "Full adaptive model":0.0567182459595944,
       "Full adaptive model (non-synonymous subs/site)":0.03665820022083954,
       "Full adaptive model (synonymous subs/site)":0.02006004573875476,
       "LRT":0,
       "Nucleotide GTR":0.05624925016997362,
       "Rate Distributions":        [
[0.6374830891973478, 1] 
        ],
       "Rate classes":1,
       "Uncorrected P-value":1,
       "original name":"ENSGMOP00000022035"
      },
     "ENSGMOP00000022096":{
       "Baseline MG94xREV":0.03770087440723543,
       "Baseline MG94xREV omega ratio":1.981367337356323,
       "Corrected P-value":0.231686471183567,
       "Full adaptive model":0.0439345994857557,
       "Full adaptive model (non-synonymous subs/site)":0.0383294273957445,
       "Full adaptive model (synonymous subs/site)":0.005605172090011203,
       "LRT":5.27846740920404,
       "Nucleotide GTR":0.03692178077591672,
       "Rate Distributions":        [
[0, 0.8387614526019145],
        [14.79462467823348, 0.1612385473980855] 
        ],
       "Rate classes":2,
       "Uncorrected P-value":0.02574294124261856,
       "original name":"ENSGMOP00000022096"
      },
     "NODE_10":{
       "Baseline MG94xREV":0.03792332749163223,
       "Baseline MG94xREV omega ratio":0.1771769350267881,
       "Corrected P-value":1,
       "Full adaptive model":0.03833520025382436,
       "Full adaptive model (non-synonymous subs/site)":0.01307163389502566,
       "Full adaptive model (synonymous subs/site)":0.02526356635879872,
       "LRT":0,
       "Nucleotide GTR":0.03771816481517064,
       "Rate Distributions":        [
[0.1804947881987841, 1] 
        ],
       "Rate classes":1,
       "Uncorrected P-value":1
      },
     "NODE_3":{
       "Baseline MG94xREV":0.007139036699844048,
       "Baseline MG94xREV omega ratio":0.2100724212992667,
       "Corrected P-value":1,
       "Full adaptive model":0.007301551643660066,
       "Full adaptive model (non-synonymous subs/site)":0.002935359947931331,
       "Full adaptive model (synonymous subs/site)":0.004366191695728734,
       "LRT":0,
       "Nucleotide GTR":0.007165705681724626,
       "Rate Distributions":        [
[0.2345243890871807, 1] 
        ],
       "Rate classes":1,
       "Uncorrected P-value":1
      },
     "NODE_5":{
       "Baseline MG94xREV":0.00987572280665009,
       "Baseline MG94xREV omega ratio":1.03543188681321,
       "Corrected P-value":1,
       "Full adaptive model":0.009899728330286873,
       "Full adaptive model (non-synonymous subs/site)":0.007309771041867585,
       "Full adaptive model (synonymous subs/site)":0.00258995728841929,
       "LRT":0,
       "Nucleotide GTR":0.009666195604615693,
       "Rate Distributions":        [
[0.984556447451562, 1] 
        ],
       "Rate classes":1,
       "Uncorrected P-value":1
      }
    },
   "attributes":{
     "Baseline MG94xREV":{
       "attribute type":"branch length",
       "display order":1
      },
     "Baseline MG94xREV omega ratio":{
       "attribute type":"branch label",
       "display order":1
      },
     "Corrected P-value":{
       "attribute type":"branch label",
       "display order":6
      },
     "Full adaptive model":{
       "attribute type":"branch length",
       "display order":2
      },
     "Full adaptive model (non-synonymous subs/site)":{
       "attribute type":"branch label",
       "display order":10
      },
     "Full adaptive model (synonymous subs/site)":{
       "attribute type":"branch label",
       "display order":9
      },
     "LRT":{
       "attribute type":"branch label",
       "display order":4
      },
     "Nucleotide GTR":{
       "attribute type":"branch length",
       "display order":0
      },
     "Rate Distributions":{
       "attribute type":"branch label",
       "display order":3
      },
     "Rate classes":{
       "attribute type":"branch label",
       "display order":2
      },
     "Uncorrected P-value":{
       "attribute type":"branch label",
       "display order":5
      },
     "original name":{
       "attribute type":"node label",
       "display order":-1
      }
    }
  },