{
 "analysis":{
   "authors":"Sergei L Kosakovsky Pond, Ben Murrell, Steven Weaver and Temple iGEM / UCSD viral evolution group",
   "citation":"Less Is More: An Adaptive Branch-Site Random Effects Model for Efficient Detection of Episodic Diversifying Selection (2015). Mol Biol Evol 32 (5): 1342-1353. v2.2 adds support for multiple-hit models",
   "contact":"spond@temple.edu",
   "info":"aBSREL (Adaptive branch-site random effects likelihood)\n                            uses an adaptive random effects branch-site model framework\n                            to test whether each branch has evolved under positive selection,\n                            using a procedure which infers an optimal number of rate categories per branch.",
   "requirements":"in-frame codon alignment and a phylogenetic tree",
   "version":"2.2"
  },
 "branch attributes":{
   "0":{
     "4930571K23RIK_MOUSE":{
       "Baseline MG94xREV":0.04035059159114245,
       "Baseline MG94xREV omega ratio":0.2327000268461853,
       "Corrected P-value":1,
       "Full adaptive model":0.03967240223890079,
       "Full adaptive model (non-synonymous subs/site)":0.01438844032198049,
       "Full adaptive model (synonymous subs/site)":0.02528396191692028,
       "LRT":0,
       "Nucleotide GTR":0.03626068262407438,
       "Rate Distributions":        [
[0.2389934924925185, 1] 
        ],
       "Rate classes":1,
       "Uncorrected P-value":1,
       "original name":"4930571K23RIK_MOUSE"
      },
     "C25H16ORF82_BOVIN":{
       "Baseline MG94xREV":0.195866697222028,
       "Baseline MG94xREV omega ratio":0.7986893386275405,
       "Corrected P-value":0.2289923722162479,
       "Full adaptive model":0.3711516635076835,
       "Full adaptive model (non-synonymous subs/site)":0.3130681459300629,
       "Full adaptive model (synonymous subs/site)":0.05808351757762063,
       "LRT":6.020181754365694,
       "Nucleotide GTR":0.1982605002147052,
       "Rate Distributions":        [
[0.2060207050932395, 0.8190349883448428],
        [11.57616858529331, 0.1809650116551572] 
        ],
       "Rate classes":2,
       "Uncorrected P-value":0.0176147978627883,
       "original name":"C25H16ORF82_BOVIN"
      },
     "C6H16ORF82_CANFA":{
       "Baseline MG94xREV":0.1484240500868544,
       "Baseline MG94xREV omega ratio":0.7249689021529256,
       "Corrected P-value":0.01303609826636198,
       "Full adaptive model":0.3724613883586115,
       "Full adaptive model (non-synonymous subs/site)":0.3340631470833906,
       "Full adaptive model (synonymous subs/site)":0.03839824127522086,
       "LRT":11.81936555969014,
       "Nucleotide GTR":0.145926482226925,
       "Rate Distributions":        [
[0, 0.7746316902031205],
        [16.21219694184389, 0.2253683097968795] 
        ],
       "Rate classes":2,
       "Uncorrected P-value":0.0009311498761687131,
       "original name":"C6H16ORF82_CANFA"
      },
     "ENSCJAP00000040974":{
       "Baseline MG94xREV":0.06230475117214632,
       "Baseline MG94xREV omega ratio":0.1308446569195436,
       "Corrected P-value":1,
       "Full adaptive model":0.06307767630321254,
       "Full adaptive model (non-synonymous subs/site)":0.01526796893414129,
       "Full adaptive model (synonymous subs/site)":0.04780970736907126,
       "LRT":0,
       "Nucleotide GTR":0.05645168176688034,
       "Rate Distributions":        [
[0.1341166403058091, 1] 
        ],
       "Rate classes":1,
       "Uncorrected P-value":1,
       "original name":"ENSCJAP00000040974"
      },
     "ENSGGOP00000017327":{
       "Baseline MG94xREV":0.004059248142791992,
       "Baseline MG94xREV omega ratio":10000000000,
       "Corrected P-value":1,
       "Full adaptive model":0.004072926971257288,
       "Full adaptive model (non-synonymous subs/site)":0.004072926971257288,
       "Full adaptive model (synonymous subs/site)":1e-10,
       "LRT":0.4850178673605114,
       "Nucleotide GTR":0.003994238355534962,
       "Rate Distributions":        [
[10000000000, 1] 
        ],
       "Rate classes":1,
       "Uncorrected P-value":0.3326286567816539,
       "original name":"ENSGGOP00000017327"
      },
     "ENSLAFP00000024045":{
       "Baseline MG94xREV":0.2069336107886433,
       "Baseline MG94xREV omega ratio":0.879456624281355,
       "Corrected P-value":1,
       "Full adaptive model":0.2140400144069723,
       "Full adaptive model (non-synonymous subs/site)":0.1506954084068928,
       "Full adaptive model (synonymous subs/site)":0.06334460600007916,
       "LRT":0,
       "Nucleotide GTR":0.2050219698724474,
       "Rate Distributions":        [
[0.9990974812467386, 1] 
        ],
       "Rate classes":1,
       "Uncorrected P-value":1,
       "original name":"ENSLAFP00000024045"
      },
     "LOC100271845_RAT":{
       "Baseline MG94xREV":0.06843496296445913,
       "Baseline MG94xREV omega ratio":0.698330390677106,
       "Corrected P-value":1,
       "Full adaptive model":0.06962246309875296,
       "Full adaptive model (non-synonymous subs/site)":0.04408633699333103,
       "Full adaptive model (synonymous subs/site)":0.02553612610542191,
       "LRT":0,
       "Nucleotide GTR":0.07282184850013959,
       "Rate Distributions":        [
[0.7250475429727159, 1] 
        ],
       "Rate classes":1,
       "Uncorrected P-value":1,
       "original name":"LOC100271845_RAT"
      },
     "LOC100447379_PONAB":{
       "Baseline MG94xREV":0.03103282788034271,
       "Baseline MG94xREV omega ratio":0.8319061158867348,
       "Corrected P-value":1,
       "Full adaptive model":0.03107990447660948,
       "Full adaptive model (non-synonymous subs/site)":0.02084701327400452,
       "Full adaptive model (synonymous subs/site)":0.01023289120260493,
       "LRT":0,
       "Nucleotide GTR":0.03150721015600048,
       "Rate Distributions":        [
[0.8555846212423809, 1] 
        ],
       "Rate classes":1,
       "Uncorrected P-value":1,
       "original name":"LOC100447379_PONAB"
      },
     "LOC702965_MACMU":{
       "Baseline MG94xREV":0.05302918557249042,
       "Baseline MG94xREV omega ratio":1.712193505503375,
       "Corrected P-value":1,
       "Full adaptive model":0.05318744772956945,
       "Full adaptive model (non-synonymous subs/site)":0.04293942316662804,
       "Full adaptive model (synonymous subs/site)":0.01024802456294139,
       "LRT":0.8030859641798997,
       "Nucleotide GTR":0.05240992565891009,
       "Rate Distributions":        [
[1.759679326451484, 1] 
        ],
       "Rate classes":1,
       "Uncorrected P-value":0.2748204286547579,
       "original name":"LOC702965_MACMU"
      },
     "NODE_10":{
       "Baseline MG94xREV":0.3024033005521937,
       "Baseline MG94xREV omega ratio":0.5220974844827913,
       "Corrected P-value":1,
       "Full adaptive model":0.3116310538520267,
       "Full adaptive model (non-synonymous subs/site)":0.1774723288664325,
       "Full adaptive model (synonymous subs/site)":0.1341587249855945,
       "LRT":0,
       "Nucleotide GTR":0.2841474158427701,
       "Rate Distributions":        [
[0.5555577490582256, 1] 
        ],
       "Rate classes":1,
       "Uncorrected P-value":1
      },
     "NODE_14":{
       "Baseline MG94xREV":0.02474072673068414,
       "Baseline MG94xREV omega ratio":10000000000,
       "Corrected P-value":1,
       "Full adaptive model":0.01702774982167463,
       "Full adaptive model (non-synonymous subs/site)":0.01702774982167463,
       "Full adaptive model (synonymous subs/site)":1e-10,
       "LRT":0.421663098567933,
       "Nucleotide GTR":0.02533510808266709,
       "Rate Distributions":        [
[10000000000, 1] 
        ],
       "Rate classes":1,
       "Uncorrected P-value":0.3461948165953572
      },
     "NODE_16":{
       "Baseline MG94xREV":0.0370302986743091,
       "Baseline MG94xREV omega ratio":0.5686708933930765,
       "Corrected P-value":1,
       "Full adaptive model":0.0377197999889169,
       "Full adaptive model (non-synonymous subs/site)":0.01600686250041223,