{
 "analysis":{
   "authors":"Sergei L Kosakovsky Pond, Ben Murrell, Steven Weaver and Temple iGEM / UCSD viral evolution group",
   "citation":"Less Is More: An Adaptive Branch-Site Random Effects Model for Efficient Detection of Episodic Diversifying Selection (2015). Mol Biol Evol 32 (5): 1342-1353. v2.2 adds support for multiple-hit models",
   "contact":"spond@temple.edu",
   "info":"aBSREL (Adaptive branch-site random effects likelihood)\n                            uses an adaptive random effects branch-site model framework\n                            to test whether each branch has evolved under positive selection,\n                            using a procedure which infers an optimal number of rate categories per branch.",
   "requirements":"in-frame codon alignment and a phylogenetic tree",
   "version":"2.2"
  },
 "branch attributes":{
   "0":{
     "ENSGMOP00000012216":{
       "Baseline MG94xREV":0.04791682609200431,
       "Baseline MG94xREV omega ratio":4.657103325108355,
       "Corrected P-value":0.7428319992928459,
       "Full adaptive model":0.04931654328721714,
       "Full adaptive model (non-synonymous subs/site)":0.04602255857111714,
       "Full adaptive model (synonymous subs/site)":0.003293984716100043,
       "LRT":3.57630138030413,
       "Nucleotide GTR":0.0472119460844371,
       "Rate Distributions":        [
[5.219132800284142, 1] 
        ],
       "Rate classes":1,
       "Uncorrected P-value":0.06190266660773716,
       "original name":"ENSGMOP00000012216"
      },
     "ENSGMOP00000021337":{
       "Baseline MG94xREV":0.1301472083935183,
       "Baseline MG94xREV omega ratio":2.60042682287014,
       "Corrected P-value":0.0003267793634012528,
       "Full adaptive model":0.2093903617702813,
       "Full adaptive model (non-synonymous subs/site)":0.2006652855618746,
       "Full adaptive model (synonymous subs/site)":0.00872507620840667,
       "LRT":19.27947718414021,
       "Nucleotide GTR":0.1278161277922213,
       "Rate Distributions":        [
[0, 0.7090104700511435],
        [29.52397464795681, 0.2909895299488565] 
        ],
       "Rate classes":2,
       "Uncorrected P-value":2.178529089341685e-05,
       "original name":"ENSGMOP00000021337"
      },
     "ENSGMOP00000021348":{
       "Baseline MG94xREV":0.03896370256711918,
       "Baseline MG94xREV omega ratio":4.083523467759614,
       "Corrected P-value":0.002282451633922267,
       "Full adaptive model":0.07445994376254436,
       "Full adaptive model (non-synonymous subs/site)":0.07334473743668928,
       "Full adaptive model (synonymous subs/site)":0.001115206325855078,
       "LRT":15.27701009908174,
       "Nucleotide GTR":0.03789423171463985,
       "Rate Distributions":        [
[0, 0.9014295256933493],
        [249.2390319930259, 0.09857047430665067] 
        ],
       "Rate classes":2,
       "Uncorrected P-value":0.0001630322595658762,
       "original name":"ENSGMOP00000021348"
      },
     "ENSGMOP00000021369":{
       "Baseline MG94xREV":0.006970166706762786,
       "Baseline MG94xREV omega ratio":0.3456485404960259,
       "Corrected P-value":1,
       "Full adaptive model":0.006947757493812174,
       "Full adaptive model (non-synonymous subs/site)":0.003509820569234811,
       "Full adaptive model (synonymous subs/site)":0.003437936924577363,
       "LRT":0,
       "Nucleotide GTR":0.0070286200754795,
       "Rate Distributions":        [
[0.3813609129145031, 1] 
        ],
       "Rate classes":1,
       "Uncorrected P-value":1,
       "original name":"ENSGMOP00000021369"
      },
     "ENSGMOP00000021379":{
       "Baseline MG94xREV":0.02209605951363581,
       "Baseline MG94xREV omega ratio":0.3602586668645658,
       "Corrected P-value":1,
       "Full adaptive model":0.02153632721045119,
       "Full adaptive model (non-synonymous subs/site)":0.01089188028353798,
       "Full adaptive model (synonymous subs/site)":0.01064444692691322,
       "LRT":0,
       "Nucleotide GTR":0.02231797486682865,
       "Rate Distributions":        [
[0.3822336578394169, 1] 
        ],
       "Rate classes":1,
       "Uncorrected P-value":1,
       "original name":"ENSGMOP00000021379"
      },
     "ENSGMOP00000021468":{
       "Baseline MG94xREV":0.01215846974202787,
       "Baseline MG94xREV omega ratio":10000000000,
       "Corrected P-value":1,
       "Full adaptive model":0.01097199342492233,
       "Full adaptive model (non-synonymous subs/site)":0.01097199342492233,
       "Full adaptive model (synonymous subs/site)":1e-10,
       "LRT":1.846882795309511,
       "Nucleotide GTR":0.01135270898060291,
       "Rate Distributions":        [
[10000000000, 1] 
        ],
       "Rate classes":1,
       "Uncorrected P-value":0.1539742566117509,
       "original name":"ENSGMOP00000021468"
      },
     "ENSGMOP00000021575":{
       "Baseline MG94xREV":0.0196727544440356,
       "Baseline MG94xREV omega ratio":61054599475913992,
       "Corrected P-value":0.7633822618605729,
       "Full adaptive model":0.01968598394854128,
       "Full adaptive model (non-synonymous subs/site)":0.01968598394854128,
       "Full adaptive model (synonymous subs/site)":1e-10,
       "LRT":3.173675379624228,
       "Nucleotide GTR":0.01941571428122719,
       "Rate Distributions":        [
[60631918548052360, 1] 
        ],
       "Rate classes":1,
       "Uncorrected P-value":0.07633822618605729,
       "original name":"ENSGMOP00000021575"
      },
     "ENSGMOP00000021666":{
       "Baseline MG94xREV":0.003523044905138908,
       "Baseline MG94xREV omega ratio":10000000000,
       "Corrected P-value":1,
       "Full adaptive model":0.003537645396710663,
       "Full adaptive model (non-synonymous subs/site)":0.003537645396710663,
       "Full adaptive model (synonymous subs/site)":1e-10,
       "LRT":0.6060588754307901,
       "Nucleotide GTR":0.003447894780945576,
       "Rate Distributions":        [
[10000000000, 1] 
        ],
       "Rate classes":1,
       "Uncorrected P-value":0.3088283229826954,
       "original name":"ENSGMOP00000021666"
      },
     "ENSGMOP00000021697":{
       "Baseline MG94xREV":0.01828439962433355,
       "Baseline MG94xREV omega ratio":10000000000,
       "Corrected P-value":0.8355118543024157,
       "Full adaptive model":0.01828508839820315,
       "Full adaptive model (non-synonymous subs/site)":0.01828508839820315,
       "Full adaptive model (synonymous subs/site)":1e-10,
       "LRT":3.183301738797809,
       "Nucleotide GTR":0.01839417792069778,
       "Rate Distributions":        [
[10000000000, 1] 
        ],
       "Rate classes":1,
       "Uncorrected P-value":0.07595562311840143,
       "original name":"ENSGMOP00000021697"
      },
     "NODE_11":{
       "Baseline MG94xREV":0.01334474984103815,
       "Baseline MG94xREV omega ratio":10000000000,
       "Corrected P-value":1,
       "Full adaptive model":0.01380910089503117,
       "Full adaptive model (non-synonymous subs/site)":0.01380910089503117,
       "Full adaptive model (synonymous subs/site)":1e-10,
       "LRT":2.405519074636231,
       "Nucleotide GTR":0.01353182651182299,
       "Rate Distributions":        [
[10000000000, 1] 
        ],
       "Rate classes":1,
       "Uncorrected P-value":0.1142908629652619
      },
     "NODE_12":{
       "Baseline MG94xREV":0.002820879432630485,
       "Baseline MG94xREV omega ratio":10000000000,
       "Corrected P-value":1,
       "Full adaptive model":0.0009873441121461275,
       "Full adaptive model (non-synonymous subs/site)":0.0009873441121461275,
       "Full adaptive model (synonymous subs/site)":1e-10,
       "LRT":0.04088466795997192,
       "Nucleotide GTR":0.002481695735447684,
       "Rate Distributions":        [
[10000000000, 1] 
        ],
       "Rate classes":1,
       "Uncorrected P-value":0.4618816993433157
      },
     "NODE_14":{
       "Baseline MG94xREV":0.009365362439829763,
       "Baseline MG94xREV omega ratio":10000000000,
       "Corrected P-value":0.9768038086538902,