{
 "analysis":{
   "authors":"Sergei L Kosakovsky Pond, Ben Murrell, Steven Weaver and Temple iGEM / UCSD viral evolution group",
   "citation":"Less Is More: An Adaptive Branch-Site Random Effects Model for Efficient Detection of Episodic Diversifying Selection (2015). Mol Biol Evol 32 (5): 1342-1353. v2.2 adds support for multiple-hit models",
   "contact":"spond@temple.edu",
   "info":"aBSREL (Adaptive branch-site random effects likelihood)\n                            uses an adaptive random effects branch-site model framework\n                            to test whether each branch has evolved under positive selection,\n                            using a procedure which infers an optimal number of rate categories per branch.",
   "requirements":"in-frame codon alignment and a phylogenetic tree",
   "version":"2.2"
  },
 "branch attributes":{
   "0":{
     "CU234171_2_DANRE":{
       "Baseline MG94xREV":0.6281985601393499,
       "Baseline MG94xREV omega ratio":0.05083384892877842,
       "Corrected P-value":0.7076472740984578,
       "Full adaptive model":4697.083910278597,
       "Full adaptive model (non-synonymous subs/site)":4696.643032338518,
       "Full adaptive model (synonymous subs/site)":0.4408779400786201,
       "LRT":2.003878770470692,
       "Nucleotide GTR":0.27778060892982,
       "Rate Distributions":        [
[0.04027184692709355, 0.9609168474170259],
        [100000, 0.03908315258297412] 
        ],
       "Rate classes":2,
       "Uncorrected P-value":0.1415294548196916,
       "original name":"CU234171.2_DANRE"
      },
     "ENSGACP00000004584":{
       "Baseline MG94xREV":0.09042005792299561,
       "Baseline MG94xREV omega ratio":0.1499966014211494,
       "Corrected P-value":0.5808602348501928,
       "Full adaptive model":173.57404094991,
       "Full adaptive model (non-synonymous subs/site)":173.5103275369411,
       "Full adaptive model (synonymous subs/site)":0.06371341296895805,
       "LRT":2.720153141372066,
       "Nucleotide GTR":0.0895600605530507,
       "Rate Distributions":        [
[0.1094254982095694, 0.9900098485520554],
        [100000, 0.009990151447944573] 
        ],
       "Rate classes":2,
       "Uncorrected P-value":0.09681003914169881,
       "original name":"ENSGACP00000004584"
      },
     "ENSGMOP00000010990":{
       "Baseline MG94xREV":0.2401720628360456,
       "Baseline MG94xREV omega ratio":0.07693529779204687,
       "Corrected P-value":1,
       "Full adaptive model":0.2405226603516779,
       "Full adaptive model (non-synonymous subs/site)":0.04513843965983742,
       "Full adaptive model (synonymous subs/site)":0.1953842206918404,
       "LRT":0,
       "Nucleotide GTR":0.1439204829140783,
       "Rate Distributions":        [
[0, 0.727388542282643],
        [0.3109121217328031, 0.272611457717357] 
        ],
       "Rate classes":2,
       "Uncorrected P-value":1,
       "original name":"ENSGMOP00000010990"
      },
     "ENSONIP00000021354":{
       "Baseline MG94xREV":0.163976037795131,
       "Baseline MG94xREV omega ratio":0.1032555766857288,
       "Corrected P-value":0.4362241682024238,
       "Full adaptive model":0.2062661625129862,
       "Full adaptive model (non-synonymous subs/site)":0.08275587963867223,
       "Full adaptive model (synonymous subs/site)":0.1235102828743139,
       "LRT":3.563434017039981,
       "Nucleotide GTR":0.1265825710930702,
       "Rate Distributions":        [
[0.07718304110619592, 0.8794369635638015],
        [0.07721678013782211, 0.1067950378967752],
        [12.32552727726739, 0.01376799853942323] 
        ],
       "Rate classes":3,
       "Uncorrected P-value":0.06231773831463197,
       "original name":"ENSONIP00000021354"
      },
     "ENSTNIP00000015525":{
       "Baseline MG94xREV":0.06859710521191092,
       "Baseline MG94xREV omega ratio":0.06555424053754003,
       "Corrected P-value":1,
       "Full adaptive model":0.06941135564408128,
       "Full adaptive model (non-synonymous subs/site)":0.01032613647167495,
       "Full adaptive model (synonymous subs/site)":0.0590852191724063,
       "LRT":0,
       "Nucleotide GTR":0.05482911133983069,
       "Rate Distributions":        [
[0.06411855314178337, 1] 
        ],
       "Rate classes":1,
       "Uncorrected P-value":1,
       "original name":"ENSTNIP00000015525"
      },
     "ENSTRUP00000032394":{
       "Baseline MG94xREV":0.04591996293980439,
       "Baseline MG94xREV omega ratio":0.1227910517994296,
       "Corrected P-value":1,
       "Full adaptive model":0.04414386409839843,
       "Full adaptive model (non-synonymous subs/site)":0.01036760438622032,
       "Full adaptive model (synonymous subs/site)":0.0337762597121781,
       "LRT":0,
       "Nucleotide GTR":0.04605133227773107,
       "Rate Distributions":        [
[0.112613787602881, 1] 
        ],
       "Rate classes":1,
       "Uncorrected P-value":1,
       "original name":"ENSTRUP00000032394"
      },
     "NODE_3":{
       "Baseline MG94xREV":0.10663344082934,
       "Baseline MG94xREV omega ratio":0.0833804961966121,
       "Corrected P-value":1,
       "Full adaptive model":0.1098207644865552,
       "Full adaptive model (non-synonymous subs/site)":0.02514506137750621,
       "Full adaptive model (synonymous subs/site)":0.08467570310904896,
       "LRT":0.01533338188164635,
       "Nucleotide GTR":0.07423902793413782,
       "Rate Distributions":        [
[0, 0.8992062273979966],
        [1.080898444936537, 0.1007937726020034] 
        ],
       "Rate classes":2,
       "Uncorrected P-value":0.4779990739740941
      },
     "NODE_5":{
       "Baseline MG94xREV":0.01256891089512357,
       "Baseline MG94xREV omega ratio":1.193508315987596,
       "Corrected P-value":0.3272591793204653,
       "Full adaptive model":4.707246503027033,
       "Full adaptive model (non-synonymous subs/site)":4.704041135397396,
       "Full adaptive model (synonymous subs/site)":0.003205367629638426,
       "LRT":4.377163093473428,
       "Nucleotide GTR":0.03014969435506253,
       "Rate Distributions":        [
[0.5647322502284, 0.9946214568113546],
        [100000, 0.00537854318864539] 
        ],
       "Rate classes":2,
       "Uncorrected P-value":0.04090739741505817
      },
     "NODE_7":{
       "Baseline MG94xREV":0.02537784618838694,
       "Baseline MG94xREV omega ratio":0.6946216672862146,
       "Corrected P-value":0.1117770832877756,
       "Full adaptive model":0.02812090045221477,
       "Full adaptive model (non-synonymous subs/site)":0.02811865837933876,
       "Full adaptive model (synonymous subs/site)":2.24207287601615e-06,
       "LRT":6.705349045769253,
       "Nucleotide GTR":0.03703908934609755,
       "Rate Distributions":        [
[1, 0.9256333422535521],
        [61859.14803954818, 0.07436665774644791] 
        ],
       "Rate classes":2,
       "Uncorrected P-value":0.01241967592086396
      }
    },
   "attributes":{
     "Baseline MG94xREV":{
       "attribute type":"branch length",
       "display order":1
      },
     "Baseline MG94xREV omega ratio":{
       "attribute type":"branch label",
       "display order":1
      },
     "Corrected P-value":{
       "attribute type":"branch label",
       "display order":6
      },
     "Full adaptive model":{
       "attribute type":"branch length",
       "display order":2
      },
     "Full adaptive model (non-synonymous subs/site)":{
       "attribute type":"branch label",
       "display order":10
      },
     "Full adaptive model (synonymous subs/site)":{
       "attribute type":"branch label",
       "display order":9
      },
     "LRT":{
       "attribute type":"branch label",
       "display order":4
      },
     "Nucleotide GTR":{
       "attribute type":"branch length",
       "display order":0
      },
     "Rate Distributions":{
       "attribute type":"branch label",
       "display order":3
      },
     "Rate classes":{
       "attribute type":"branch label",
       "display order":2
      },