{
 "analysis":{
   "authors":"Sergei L Kosakovsky Pond, Ben Murrell, Steven Weaver and Temple iGEM / UCSD viral evolution group",
   "citation":"Less Is More: An Adaptive Branch-Site Random Effects Model for Efficient Detection of Episodic Diversifying Selection (2015). Mol Biol Evol 32 (5): 1342-1353. v2.2 adds support for multiple-hit models",
   "contact":"spond@temple.edu",
   "info":"aBSREL (Adaptive branch-site random effects likelihood)\n                            uses an adaptive random effects branch-site model framework\n                            to test whether each branch has evolved under positive selection,\n                            using a procedure which infers an optimal number of rate categories per branch.",
   "requirements":"in-frame codon alignment and a phylogenetic tree",
   "version":"2.2"
  },
 "branch attributes":{
   "0":{
     "ENSDORP00000011008":{
       "Baseline MG94xREV":0.06773413020979449,
       "Baseline MG94xREV omega ratio":1.630046509501675,
       "Corrected P-value":0.08850904906097745,
       "Full adaptive model":1.542611341052025,
       "Full adaptive model (non-synonymous subs/site)":1.525650374748786,
       "Full adaptive model (synonymous subs/site)":0.01696096630323995,
       "LRT":7.371036699948036,
       "Nucleotide GTR":0.06633735841605835,
       "Rate Distributions":        [
[1, 0.9758469608066976],
        [1888.593854621487, 0.02415303919330236] 
        ],
       "Rate classes":2,
       "Uncorrected P-value":0.008850904906097745,
       "original name":"ENSDORP00000011008"
      },
     "ENSGGOP00000004330":{
       "Baseline MG94xREV":0.008624701777746924,
       "Baseline MG94xREV omega ratio":0.4667189813804441,
       "Corrected P-value":1,
       "Full adaptive model":0.008521082062512239,
       "Full adaptive model (non-synonymous subs/site)":0.004285494786485788,
       "Full adaptive model (synonymous subs/site)":0.004235587276026452,
       "LRT":0,
       "Nucleotide GTR":0.008534335400760601,
       "Rate Distributions":        [
[0.5240661822555056, 1] 
        ],
       "Rate classes":1,
       "Uncorrected P-value":1,
       "original name":"ENSGGOP00000004330"
      },
     "ENSPCAP00000006073":{
       "Baseline MG94xREV":0.04597264924185482,
       "Baseline MG94xREV omega ratio":6.948213396146492,
       "Corrected P-value":0.1920954505651595,
       "Full adaptive model":0.04896144325841078,
       "Full adaptive model (non-synonymous subs/site)":0.04798291036816916,
       "Full adaptive model (synonymous subs/site)":0.0009785328902415901,
       "LRT":5.414346579418861,
       "Nucleotide GTR":0.04425019948648141,
       "Rate Distributions":        [
[25.3986105149442, 1] 
        ],
       "Rate classes":1,
       "Uncorrected P-value":0.02401193132064494,
       "original name":"ENSPCAP00000006073"
      },
     "ENSPVAP00000001029":{
       "Baseline MG94xREV":0.01324420734190724,
       "Baseline MG94xREV omega ratio":0.9997081789009087,
       "Corrected P-value":0.956804290370795,
       "Full adaptive model":0.0134295321627651,
       "Full adaptive model (non-synonymous subs/site)":0.009292608530852472,
       "Full adaptive model (synonymous subs/site)":0.00413692363191263,
       "LRT":0.01482558627822073,
       "Nucleotide GTR":0.01278178342450373,
       "Rate Distributions":        [
[1.163480041857327, 1] 
        ],
       "Rate classes":1,
       "Uncorrected P-value":0.4784021451853975,
       "original name":"ENSPVAP00000001029"
      },
     "ENSTBEP00000013529":{
       "Baseline MG94xREV":0.03455758921491201,
       "Baseline MG94xREV omega ratio":10000000000,
       "Corrected P-value":0.1232239829313087,
       "Full adaptive model":0.03492272309595329,
       "Full adaptive model (non-synonymous subs/site)":0.03492272309595329,
       "Full adaptive model (synonymous subs/site)":1e-10,
       "LRT":6.514019626114305,
       "Nucleotide GTR":0.03448107981934017,
       "Rate Distributions":        [
[10000000000, 1] 
        ],
       "Rate classes":1,
       "Uncorrected P-value":0.01369155365903429,
       "original name":"ENSTBEP00000013529"
      },
     "ENSTTRP00000016164":{
       "Baseline MG94xREV":0.01789794807536514,
       "Baseline MG94xREV omega ratio":10000000000,
       "Corrected P-value":0.4561575200324782,
       "Full adaptive model":0.01816218312289872,
       "Full adaptive model (non-synonymous subs/site)":0.01816218312289872,
       "Full adaptive model (synonymous subs/site)":1e-10,
       "LRT":3.47745137435686,
       "Nucleotide GTR":0.01748956305788518,
       "Rate Distributions":        [
[10000000000, 1] 
        ],
       "Rate classes":1,
       "Uncorrected P-value":0.06516536000463974,
       "original name":"ENSTTRP00000016164"
      },
     "LOC100411542_CALJA":{
       "Baseline MG94xREV":0.02983997425573663,
       "Baseline MG94xREV omega ratio":3.663525111157612,
       "Corrected P-value":0.6779202290533952,
       "Full adaptive model":0.03123339686229959,
       "Full adaptive model (non-synonymous subs/site)":0.02859459856388913,
       "Full adaptive model (synonymous subs/site)":0.002638798298410454,
       "LRT":2.427202508759365,
       "Nucleotide GTR":0.02910413700195365,
       "Rate Distributions":        [
[5.612761756664275, 1] 
        ],
       "Rate classes":1,
       "Uncorrected P-value":0.1129867048422325,
       "original name":"LOC100411542_CALJA"
      },
     "NODE_12":{
       "Baseline MG94xREV":0.009239697377874891,
       "Baseline MG94xREV omega ratio":10000000000,
       "Corrected P-value":0.6358950469110171,
       "Full adaptive model":0.009236873581514591,
       "Full adaptive model (non-synonymous subs/site)":0.009236873581514591,
       "Full adaptive model (synonymous subs/site)":1e-10,
       "LRT":1.787593884647322,
       "Nucleotide GTR":0.008625300336945385,
       "Rate Distributions":        [
[10000000000, 1] 
        ],
       "Rate classes":1,
       "Uncorrected P-value":0.1589737617277543
      },
     "NODE_3":{
       "Baseline MG94xREV":0.007797885298999486,
       "Baseline MG94xREV omega ratio":10000000000,
       "Corrected P-value":0.7801162745308985,
       "Full adaptive model":0.008110398257968327,
       "Full adaptive model (non-synonymous subs/site)":0.008110398257968327,
       "Full adaptive model (synonymous subs/site)":1e-10,
       "LRT":1.822337709269505,
       "Nucleotide GTR":0.007312072028428276,
       "Rate Distributions":        [
[10000000000, 1] 
        ],
       "Rate classes":1,
       "Uncorrected P-value":0.1560232549061797
      },
     "NODE_7":{
       "Baseline MG94xREV":0.007411380662694724,
       "Baseline MG94xREV omega ratio":10000000000,
       "Corrected P-value":0.4928234436808668,
       "Full adaptive model":0.007668506187252708,
       "Full adaptive model (non-synonymous subs/site)":0.007668506187252708,
       "Full adaptive model (synonymous subs/site)":1e-10,
       "LRT":1.726881786314152,
       "Nucleotide GTR":0.007171809971269239,
       "Rate Distributions":        [
[10000000000, 1] 
        ],
       "Rate classes":1,
       "Uncorrected P-value":0.1642744812269556
      }
    },
   "attributes":{
     "Baseline MG94xREV":{
       "attribute type":"branch length",
       "display order":1
      },
     "Baseline MG94xREV omega ratio":{
       "attribute type":"branch label",
       "display order":1
      },
     "Corrected P-value":{
       "attribute type":"branch label",
       "display order":6
      },
     "Full adaptive model":{
       "attribute type":"branch length",
       "display order":2
      },
     "Full adaptive model (non-synonymous subs/site)":{
       "attribute type":"branch label",
       "display order":10
      },
     "Full adaptive model (synonymous subs/site)":{
       "attribute type":"branch label",
       "display order":9
      },
     "LRT":{
       "attribute type":"branch label",
       "display order":4
      },