{
 "analysis":{
   "authors":"Sergei L Kosakovsky Pond, Ben Murrell, Steven Weaver and Temple iGEM / UCSD viral evolution group",
   "citation":"Less Is More: An Adaptive Branch-Site Random Effects Model for Efficient Detection of Episodic Diversifying Selection (2015). Mol Biol Evol 32 (5): 1342-1353. v2.2 adds support for multiple-hit models",
   "contact":"spond@temple.edu",
   "info":"aBSREL (Adaptive branch-site random effects likelihood)\n                            uses an adaptive random effects branch-site model framework\n                            to test whether each branch has evolved under positive selection,\n                            using a procedure which infers an optimal number of rate categories per branch.",
   "requirements":"in-frame codon alignment and a phylogenetic tree",
   "version":"2.2"
  },
 "branch attributes":{
   "0":{
     "ENSDARP00000099565":{
       "Baseline MG94xREV":0.2142004375735346,
       "Baseline MG94xREV omega ratio":0.07097787179884676,
       "Corrected P-value":1,
       "Full adaptive model":0.2331722542816581,
       "Full adaptive model (non-synonymous subs/site)":0.06261049810408383,
       "Full adaptive model (synonymous subs/site)":0.1705617561775743,
       "LRT":-0.0001950098303495906,
       "Nucleotide GTR":0.1552805068996184,
       "Rate Distributions":        [
[0.01111062574597602, 0.89705872984964],
        [1.000752083329531, 0.10294127015036] 
        ],
       "Rate classes":2,
       "Uncorrected P-value":0.5,
       "original name":"ENSDARP00000099565"
      },
     "ENSGACP00000017472":{
       "Baseline MG94xREV":0.09845051020403478,
       "Baseline MG94xREV omega ratio":0.1664315410181099,
       "Corrected P-value":1,
       "Full adaptive model":0.1056034846187502,
       "Full adaptive model (non-synonymous subs/site)":0.04169166515766429,
       "Full adaptive model (synonymous subs/site)":0.06391181946108589,
       "LRT":0.2125686897124979,
       "Nucleotide GTR":0.08462785381085408,
       "Rate Distributions":        [
[0, 0.8481782800708837],
        [1.322487727835369, 0.1518217199291163] 
        ],
       "Rate classes":2,
       "Uncorrected P-value":0.3987029809208947,
       "original name":"ENSGACP00000017472"
      },
     "ENSGACP00000020087":{
       "Baseline MG94xREV":0.208865686437466,
       "Baseline MG94xREV omega ratio":0.0889479353518814,
       "Corrected P-value":1,
       "Full adaptive model":0.2198440371661035,
       "Full adaptive model (non-synonymous subs/site)":0.04399978265632648,
       "Full adaptive model (synonymous subs/site)":0.1758442545097767,
       "LRT":0,
       "Nucleotide GTR":0.1260147494829408,
       "Rate Distributions":        [
[0.07701580271624071, 1] 
        ],
       "Rate classes":1,
       "Uncorrected P-value":1,
       "original name":"ENSGACP00000020087"
      },
     "ENSONIP00000024442":{
       "Baseline MG94xREV":0.07559962057695369,
       "Baseline MG94xREV omega ratio":0.06133669381704185,
       "Corrected P-value":1,
       "Full adaptive model":0.07666853752084148,
       "Full adaptive model (non-synonymous subs/site)":0.01148160704070232,
       "Full adaptive model (synonymous subs/site)":0.06518693048013909,
       "LRT":0,
       "Nucleotide GTR":0.067331741100805,
       "Rate Distributions":        [
[0.05421252625437242, 1] 
        ],
       "Rate classes":1,
       "Uncorrected P-value":1,
       "original name":"ENSONIP00000024442"
      },
     "ENSONIP00000024558":{
       "Baseline MG94xREV":0.1330733280777616,
       "Baseline MG94xREV omega ratio":0.1217779642362439,
       "Corrected P-value":1,
       "Full adaptive model":0.1366579435102536,
       "Full adaptive model (non-synonymous subs/site)":0.03739604090283694,
       "Full adaptive model (synonymous subs/site)":0.09926190260741667,
       "LRT":0,
       "Nucleotide GTR":0.1199263818739114,
       "Rate Distributions":        [
[0.1159579499576381, 1] 
        ],
       "Rate classes":1,
       "Uncorrected P-value":1,
       "original name":"ENSONIP00000024558"
      },
     "ENSORLP00000015246":{
       "Baseline MG94xREV":0.126297969361558,
       "Baseline MG94xREV omega ratio":0.06344558518210397,
       "Corrected P-value":1,
       "Full adaptive model":0.1295587276545007,
       "Full adaptive model (non-synonymous subs/site)":0.0204335354684833,
       "Full adaptive model (synonymous subs/site)":0.1091251921860175,
       "LRT":0,
       "Nucleotide GTR":0.09669745672839919,
       "Rate Distributions":        [
[0.05763363242937326, 1] 
        ],
       "Rate classes":1,
       "Uncorrected P-value":1,
       "original name":"ENSORLP00000015246"
      },
     "ENSTNIP00000014537":{
       "Baseline MG94xREV":0.1326655393221799,
       "Baseline MG94xREV omega ratio":0.1473118178131788,
       "Corrected P-value":1,
       "Full adaptive model":0.1340199359285801,
       "Full adaptive model (non-synonymous subs/site)":0.04094178573658195,
       "Full adaptive model (synonymous subs/site)":0.09307815019199835,
       "LRT":0,
       "Nucleotide GTR":0.1094001165733619,
       "Rate Distributions":        [
[0.135386866102243, 1] 
        ],
       "Rate classes":1,
       "Uncorrected P-value":1,
       "original name":"ENSTNIP00000014537"
      },
     "ENSTRUP00000001658":{
       "Baseline MG94xREV":0.2642646780700374,
       "Baseline MG94xREV omega ratio":0.1174036363373351,
       "Corrected P-value":1,
       "Full adaptive model":0.2423512904845041,
       "Full adaptive model (non-synonymous subs/site)":0.0671327713500009,
       "Full adaptive model (synonymous subs/site)":0.1752185191345033,
       "LRT":0,
       "Nucleotide GTR":0.1963996762755442,
       "Rate Distributions":        [
[0.1179266790081262, 1] 
        ],
       "Rate classes":1,
       "Uncorrected P-value":1,
       "original name":"ENSTRUP00000001658"
      },
     "NODE_10":{
       "Baseline MG94xREV":0.001604834221224357,
       "Baseline MG94xREV omega ratio":10000000000,
       "Corrected P-value":1,
       "Full adaptive model":0.001926190416114888,
       "Full adaptive model (non-synonymous subs/site)":0.001926190416114888,
       "Full adaptive model (synonymous subs/site)":1e-10,
       "LRT":0.1027625769675069,
       "Nucleotide GTR":0.005636624547340338,
       "Rate Distributions":        [
[10000000000, 1] 
        ],
       "Rate classes":1,
       "Uncorrected P-value":0.4346827802365741
      },
     "NODE_13":{
       "Baseline MG94xREV":0.003554659003300554,
       "Baseline MG94xREV omega ratio":10000000000,
       "Corrected P-value":1,
       "Full adaptive model":0.004221124861612109,
       "Full adaptive model (non-synonymous subs/site)":0.004221124861612109,
       "Full adaptive model (synonymous subs/site)":1e-10,
       "LRT":0.3884261470630008,
       "Nucleotide GTR":0.003480402496728385,
       "Rate Distributions":        [
[10000000000, 1] 
        ],
       "Rate classes":1,
       "Uncorrected P-value":0.3536702965505314
      },
     "NODE_14":{
       "Baseline MG94xREV":0.1412509541652052,
       "Baseline MG94xREV omega ratio":0.112689077506327,
       "Corrected P-value":0.3660831964823084,
       "Full adaptive model":0.2249141423713052,
       "Full adaptive model (non-synonymous subs/site)":0.148872004938122,
       "Full adaptive model (synonymous subs/site)":0.07604213743318319,
       "LRT":5.5086432310909,
       "Nucleotide GTR":0.08711606788482505,
       "Rate Distributions":        [
[0.01216006930346175, 0.9273129274634568],
        [8.134952750671566, 0.07268707253654316] 
        ],
       "Rate classes":2,
       "Uncorrected P-value":0.02288019978014427
      },
     "NODE_16":{
       "Baseline MG94xREV":0.09993011608052089,
       "Baseline MG94xREV omega ratio":0.09486928306762051,
       "Corrected P-value":1,
       "Full adaptive model":0.1157347792756939,
       "Full adaptive model (non-synonymous subs/site)":0.02003408666394054,