{
 "analysis":{
   "authors":"Sergei L Kosakovsky Pond, Ben Murrell, Steven Weaver and Temple iGEM / UCSD viral evolution group",
   "citation":"Less Is More: An Adaptive Branch-Site Random Effects Model for Efficient Detection of Episodic Diversifying Selection (2015). Mol Biol Evol 32 (5): 1342-1353. v2.2 adds support for multiple-hit models",
   "contact":"spond@temple.edu",
   "info":"aBSREL (Adaptive branch-site random effects likelihood)\n                            uses an adaptive random effects branch-site model framework\n                            to test whether each branch has evolved under positive selection,\n                            using a procedure which infers an optimal number of rate categories per branch.",
   "requirements":"in-frame codon alignment and a phylogenetic tree",
   "version":"2.2"
  },
 "branch attributes":{
   "0":{
     "ENSDARP00000120527":{
       "Baseline MG94xREV":0.4906632109293587,
       "Baseline MG94xREV omega ratio":0.08976456097286865,
       "Corrected P-value":1,
       "Full adaptive model":8.961098029850794,
       "Full adaptive model (non-synonymous subs/site)":8.645804910482276,
       "Full adaptive model (synonymous subs/site)":0.3152931193685176,
       "LRT":0.5947342352737905,
       "Nucleotide GTR":0.2677165734540595,
       "Rate Distributions":        [
[0.04538957487555166, 0.8818560094355929],
        [1, 0.08780947931852821],
        [303.8593638429183, 0.03033451124587884] 
        ],
       "Rate classes":3,
       "Uncorrected P-value":0.3109502306501938,
       "original name":"ENSDARP00000120527"
      },
     "ENSGACP00000026636":{
       "Baseline MG94xREV":0.07774741384566256,
       "Baseline MG94xREV omega ratio":0.09501973911439111,
       "Corrected P-value":1,
       "Full adaptive model":0.07970528914920506,
       "Full adaptive model (non-synonymous subs/site)":0.01902396010946223,
       "Full adaptive model (synonymous subs/site)":0.06068132903974283,
       "LRT":0.4491331845092645,
       "Nucleotide GTR":0.07127706671100273,
       "Rate Distributions":        [
[0.07149488212552274, 0.9909978548587702],
        [3.998135942874862, 0.009002145141229767] 
        ],
       "Rate classes":2,
       "Uncorrected P-value":0.340208088844429,
       "original name":"ENSGACP00000026636"
      },
     "ENSGMOP00000009253":{
       "Baseline MG94xREV":0.1098928556436897,
       "Baseline MG94xREV omega ratio":0.07649463602599962,
       "Corrected P-value":1,
       "Full adaptive model":0.116147235978182,
       "Full adaptive model (non-synonymous subs/site)":0.02487320806409679,
       "Full adaptive model (synonymous subs/site)":0.0912740279140852,
       "LRT":0,
       "Nucleotide GTR":0.08097933169300055,
       "Rate Distributions":        [
[0, 0.8968672358549966],
        [0.9005098432859275, 0.1031327641450034] 
        ],
       "Rate classes":2,
       "Uncorrected P-value":1,
       "original name":"ENSGMOP00000009253"
      },
     "ENSORLP00000000626":{
       "Baseline MG94xREV":0.1402935826449229,
       "Baseline MG94xREV omega ratio":0.05702697135325616,
       "Corrected P-value":1,
       "Full adaptive model":0.138242420429267,
       "Full adaptive model (non-synonymous subs/site)":0.02108064213115554,
       "Full adaptive model (synonymous subs/site)":0.1171617782981115,
       "LRT":0,
       "Nucleotide GTR":0.1002944992896484,
       "Rate Distributions":        [
[0, 0.8487109672784943],
        [0.4053134076831464, 0.1512890327215057] 
        ],
       "Rate classes":2,
       "Uncorrected P-value":1,
       "original name":"ENSORLP00000000626"
      },
     "ENSTNIP00000006139":{
       "Baseline MG94xREV":0.1352592408044462,
       "Baseline MG94xREV omega ratio":0.1217892912131419,
       "Corrected P-value":0.4104809894149313,
       "Full adaptive model":405.8582863165049,
       "Full adaptive model (non-synonymous subs/site)":405.7628517398445,
       "Full adaptive model (synonymous subs/site)":0.09543457666036062,
       "LRT":4.166272100141214,
       "Nucleotide GTR":0.09944807316701508,
       "Rate Distributions":        [
[0, 0.08400459252251981],
        [0.1066187610622586, 0.9015064125919005],
        [100000, 0.01448899488557979] 
        ],
       "Rate classes":3,
       "Uncorrected P-value":0.04560899882388125,
       "original name":"ENSTNIP00000006139"
      },
     "ENSTRUP00000002499":{
       "Baseline MG94xREV":0.09462115057043362,
       "Baseline MG94xREV omega ratio":0.08261037847512241,
       "Corrected P-value":1,
       "Full adaptive model":0.09190152689096197,
       "Full adaptive model (non-synonymous subs/site)":0.01679256461201374,
       "Full adaptive model (synonymous subs/site)":0.07510896227894831,
       "LRT":0,
       "Nucleotide GTR":0.09024038142709115,
       "Rate Distributions":        [
[0.0761948822073136, 1] 
        ],
       "Rate classes":1,
       "Uncorrected P-value":1,
       "original name":"ENSTRUP00000002499"
      },
     "NODE_3":{
       "Baseline MG94xREV":0.001808967914423522,
       "Baseline MG94xREV omega ratio":10000000000,
       "Corrected P-value":1,
       "Full adaptive model":0.001777017091114624,
       "Full adaptive model (non-synonymous subs/site)":0.001777017091114624,
       "Full adaptive model (synonymous subs/site)":1e-10,
       "LRT":0.176071527734166,
       "Nucleotide GTR":0.008086820396714468,
       "Rate Distributions":        [
[10000000000, 1] 
        ],
       "Rate classes":1,
       "Uncorrected P-value":0.4096726926011481
      },
     "NODE_6":{
       "Baseline MG94xREV":0.08588307104896205,
       "Baseline MG94xREV omega ratio":0.1754626050738888,
       "Corrected P-value":1,
       "Full adaptive model":0.08596728186139058,
       "Full adaptive model (non-synonymous subs/site)":0.03113492023419434,
       "Full adaptive model (synonymous subs/site)":0.05483236162719624,
       "LRT":-0.009283837884140667,
       "Nucleotide GTR":0.0697469005229009,
       "Rate Distributions":        [
[0.06626633506577118, 0.8667955181803784],
        [1.021543485865095, 0.1332044818196216] 
        ],
       "Rate classes":2,
       "Uncorrected P-value":0.5
      },
     "NODE_7":{
       "Baseline MG94xREV":0.08111643575495191,
       "Baseline MG94xREV omega ratio":0.04423612380569183,
       "Corrected P-value":1,
       "Full adaptive model":0.07471003948837837,
       "Full adaptive model (non-synonymous subs/site)":0.008576744724702474,
       "Full adaptive model (synonymous subs/site)":0.06613329476367587,
       "LRT":0,
       "Nucleotide GTR":0.04685287029462626,
       "Rate Distributions":        [
[0.04419802467116975, 1] 
        ],
       "Rate classes":1,
       "Uncorrected P-value":1
      }
    },
   "attributes":{
     "Baseline MG94xREV":{
       "attribute type":"branch length",
       "display order":1
      },
     "Baseline MG94xREV omega ratio":{
       "attribute type":"branch label",
       "display order":1
      },
     "Corrected P-value":{
       "attribute type":"branch label",
       "display order":6
      },
     "Full adaptive model":{
       "attribute type":"branch length",
       "display order":2
      },
     "Full adaptive model (non-synonymous subs/site)":{
       "attribute type":"branch label",
       "display order":10
      },
     "Full adaptive model (synonymous subs/site)":{
       "attribute type":"branch label",
       "display order":9
      },
     "LRT":{
       "attribute type":"branch label",
       "display order":4
      },
     "Nucleotide GTR":{
       "attribute type":"branch length",
       "display order":0
      },
     "Rate Distributions":{
       "attribute type":"branch label",
       "display order":3
      },
     "Rate classes":{
       "attribute type":"branch label",
       "display order":2
      },
     "Uncorrected P-value":{
       "attribute type":"branch label",
       "display order":5
      },
     "original name":{
       "attribute type":"node label",