{
 "analysis":{
   "authors":"Sergei L Kosakovsky Pond, Ben Murrell, Steven Weaver and Temple iGEM / UCSD viral evolution group",
   "citation":"Less Is More: An Adaptive Branch-Site Random Effects Model for Efficient Detection of Episodic Diversifying Selection (2015). Mol Biol Evol 32 (5): 1342-1353. v2.2 adds support for multiple-hit models",
   "contact":"spond@temple.edu",
   "info":"aBSREL (Adaptive branch-site random effects likelihood)\n                            uses an adaptive random effects branch-site model framework\n                            to test whether each branch has evolved under positive selection,\n                            using a procedure which infers an optimal number of rate categories per branch.",
   "requirements":"in-frame codon alignment and a phylogenetic tree",
   "version":"2.2"
  },
 "branch attributes":{
   "0":{
     "ENSGACP00000023497":{
       "Baseline MG94xREV":0.109619872821392,
       "Baseline MG94xREV omega ratio":0.07569529548979431,
       "Corrected P-value":1,
       "Full adaptive model":0.1178156024552537,
       "Full adaptive model (non-synonymous subs/site)":0.02525607812470664,
       "Full adaptive model (synonymous subs/site)":0.092559524330547,
       "LRT":0.009308255317591829,
       "Nucleotide GTR":0.07685112406195539,
       "Rate Distributions":        [
[0.02963754409708957, 0.9589502244099078],
        [1.287159850129781, 0.04104977559009215] 
        ],
       "Rate classes":2,
       "Uncorrected P-value":0.4832349884996476,
       "original name":"ENSGACP00000023497"
      },
     "ENSONIP00000005142":{
       "Baseline MG94xREV":0.09686431209024349,
       "Baseline MG94xREV omega ratio":0.07126833990912448,
       "Corrected P-value":1,
       "Full adaptive model":0.08675164320741856,
       "Full adaptive model (non-synonymous subs/site)":0.01545522892096658,
       "Full adaptive model (synonymous subs/site)":0.07129641428645191,
       "LRT":0,
       "Nucleotide GTR":0.07264352118181043,
       "Rate Distributions":        [
[0.06455531990372337, 1] 
        ],
       "Rate classes":1,
       "Uncorrected P-value":1,
       "original name":"ENSONIP00000005142"
      },
     "ENSORLP00000014491":{
       "Baseline MG94xREV":0.20591125391712,
       "Baseline MG94xREV omega ratio":0.08636927885520168,
       "Corrected P-value":1,
       "Full adaptive model":0.1990419649102281,
       "Full adaptive model (non-synonymous subs/site)":0.0513623945921142,
       "Full adaptive model (synonymous subs/site)":0.1476795703181139,
       "LRT":0,
       "Nucleotide GTR":0.1411257348885944,
       "Rate Distributions":        [
[0.02220995740307525, 0.8777421814479064],
        [0.6877187706796791, 0.1222578185520936] 
        ],
       "Rate classes":2,
       "Uncorrected P-value":1,
       "original name":"ENSORLP00000014491"
      },
     "ENSTRUP00000015525":{
       "Baseline MG94xREV":0.0495845324704966,
       "Baseline MG94xREV omega ratio":0.08179520873597479,
       "Corrected P-value":1,
       "Full adaptive model":0.04718674955586791,
       "Full adaptive model (non-synonymous subs/site)":0.01088898070918393,
       "Full adaptive model (synonymous subs/site)":0.03629776884668397,
       "LRT":0.3107783856030437,
       "Nucleotide GTR":0.04179090880256588,
       "Rate Distributions":        [
[0, 0.9484967255461448],
        [1.734589608622594, 0.05150327445385516] 
        ],
       "Rate classes":2,
       "Uncorrected P-value":0.3722651653613959,
       "original name":"ENSTRUP00000015525"
      },
     "NODE_3":{
       "Baseline MG94xREV":0,
       "Baseline MG94xREV omega ratio":1,
       "Corrected P-value":1,
       "Full adaptive model":0.0004611651106201735,
       "Full adaptive model (non-synonymous subs/site)":0.0004611651106201735,
       "Full adaptive model (synonymous subs/site)":1e-10,
       "LRT":0.03675674753685598,
       "Nucleotide GTR":0.004300852800446902,
       "Rate Distributions":        [
[10000000000, 1] 
        ],
       "Rate classes":1,
       "Uncorrected P-value":0.4641290741002208
      },
     "NODE_5":{
       "Baseline MG94xREV":0.004634791960968665,
       "Baseline MG94xREV omega ratio":10000000000,
       "Corrected P-value":1,
       "Full adaptive model":0.004525412216372963,
       "Full adaptive model (non-synonymous subs/site)":0.004525412216372963,
       "Full adaptive model (synonymous subs/site)":1e-10,
       "LRT":-0.0008364350105694029,
       "Nucleotide GTR":0.01799886170700513,
       "Rate Distributions":        [
[10000000000, 1] 
        ],
       "Rate classes":1,
       "Uncorrected P-value":0.5
      },
     "NODE_8":{
       "Baseline MG94xREV":0.07751947617979986,
       "Baseline MG94xREV omega ratio":0.07047240432527116,
       "Corrected P-value":1,
       "Full adaptive model":0.07880427800884697,
       "Full adaptive model (non-synonymous subs/site)":0.01295326153330799,
       "Full adaptive model (synonymous subs/site)":0.06585101647553894,
       "LRT":0,
       "Nucleotide GTR":0.04346079512963295,
       "Rate Distributions":        [
[0.05857886261005035, 1] 
        ],
       "Rate classes":1,
       "Uncorrected P-value":1
      },
     "Q4S383_TETNG":{
       "Baseline MG94xREV":0.05294347875399391,
       "Baseline MG94xREV omega ratio":0.08546713154650569,
       "Corrected P-value":1,
       "Full adaptive model":0.0588791469245879,
       "Full adaptive model (non-synonymous subs/site)":0.01287253794296496,
       "Full adaptive model (synonymous subs/site)":0.04600660898162293,
       "LRT":0.007816259676474147,
       "Nucleotide GTR":0.04072899142563211,
       "Rate Distributions":        [
[0, 0.9224208737575311],
        [1.074047174002109, 0.07757912624246888] 
        ],
       "Rate classes":2,
       "Uncorrected P-value":0.4847400733141111,
       "original name":"Q4S383_TETNG"
      },
     "SNX18B_DANRE":{
       "Baseline MG94xREV":1.844340734741587,
       "Baseline MG94xREV omega ratio":0.0124791461260582,
       "Corrected P-value":1,
       "Full adaptive model":1.127818459132344,
       "Full adaptive model (non-synonymous subs/site)":0.09764304086999859,
       "Full adaptive model (synonymous subs/site)":1.030175418262345,
       "LRT":0,
       "Nucleotide GTR":0.303519155893897,
       "Rate Distributions":        [
[0.01064683266922018, 0.9367071262009246],
        [0.2883952606543123, 0.06329287379907544] 
        ],
       "Rate classes":2,
       "Uncorrected P-value":1,
       "original name":"SNX18B_DANRE"
      }
    },
   "attributes":{
     "Baseline MG94xREV":{
       "attribute type":"branch length",
       "display order":1
      },
     "Baseline MG94xREV omega ratio":{
       "attribute type":"branch label",
       "display order":1
      },
     "Corrected P-value":{
       "attribute type":"branch label",
       "display order":6
      },
     "Full adaptive model":{
       "attribute type":"branch length",
       "display order":2
      },
     "Full adaptive model (non-synonymous subs/site)":{
       "attribute type":"branch label",
       "display order":10
      },
     "Full adaptive model (synonymous subs/site)":{
       "attribute type":"branch label",
       "display order":9
      },
     "LRT":{
       "attribute type":"branch label",
       "display order":4
      },
     "Nucleotide GTR":{
       "attribute type":"branch length",
       "display order":0
      },
     "Rate Distributions":{
       "attribute type":"branch label",
       "display order":3
      },
     "Rate classes":{
       "attribute type":"branch label",
       "display order":2
      },
     "Uncorrected P-value":{
       "attribute type":"branch label",
       "display order":5
      },
     "original name":{
       "attribute type":"node label",
       "display order":-1
      }
    }
  },