{
 "analysis":{
   "authors":"Sergei L Kosakovsky Pond, Ben Murrell, Steven Weaver and Temple iGEM / UCSD viral evolution group",
   "citation":"Less Is More: An Adaptive Branch-Site Random Effects Model for Efficient Detection of Episodic Diversifying Selection (2015). Mol Biol Evol 32 (5): 1342-1353. v2.2 adds support for multiple-hit models",
   "contact":"spond@temple.edu",
   "info":"aBSREL (Adaptive branch-site random effects likelihood)\n                            uses an adaptive random effects branch-site model framework\n                            to test whether each branch has evolved under positive selection,\n                            using a procedure which infers an optimal number of rate categories per branch.",
   "requirements":"in-frame codon alignment and a phylogenetic tree",
   "version":"2.2"
  },
 "branch attributes":{
   "0":{
     "ENSGACP00000004477":{
       "Baseline MG94xREV":0.1619660276725207,
       "Baseline MG94xREV omega ratio":0.2100115178504167,
       "Corrected P-value":1,
       "Full adaptive model":0.1686678437025833,
       "Full adaptive model (non-synonymous subs/site)":0.06833305826180983,
       "Full adaptive model (synonymous subs/site)":0.1003347854407735,
       "LRT":0,
       "Nucleotide GTR":0.1387184038381031,
       "Rate Distributions":        [
[0, 0.7204264884494853],
        [0.8970554765944304, 0.2795735115505147] 
        ],
       "Rate classes":2,
       "Uncorrected P-value":1,
       "original name":"ENSGACP00000004477"
      },
     "ENSONIP00000013071":{
       "Baseline MG94xREV":0.0453833176732667,
       "Baseline MG94xREV omega ratio":0.3610336220790353,
       "Corrected P-value":0.3861332433624631,
       "Full adaptive model":0.0509257009531387,
       "Full adaptive model (non-synonymous subs/site)":0.0278199912445641,
       "Full adaptive model (synonymous subs/site)":0.02310570970857461,
       "LRT":4.056633670166775,
       "Nucleotide GTR":0.04435975035734138,
       "Rate Distributions":        [
[0, 0.8762099057692424],
        [3.581688184553434, 0.1237900942307576] 
        ],
       "Rate classes":2,
       "Uncorrected P-value":0.04826665542030789,
       "original name":"ENSONIP00000013071"
      },
     "ENSONIP00000013072":{
       "Baseline MG94xREV":0.03304907143178922,
       "Baseline MG94xREV omega ratio":0.5831457992918321,
       "Corrected P-value":1,
       "Full adaptive model":0.03088797505843685,
       "Full adaptive model (non-synonymous subs/site)":0.0176618115973227,
       "Full adaptive model (synonymous subs/site)":0.01322616346111419,
       "LRT":0,
       "Nucleotide GTR":0.03180881039059173,
       "Rate Distributions":        [
[0.4917420568467157, 1] 
        ],
       "Rate classes":1,
       "Uncorrected P-value":1,
       "original name":"ENSONIP00000013072"
      },
     "ENSONIP00000020339":{
       "Baseline MG94xREV":0.05610980740384477,
       "Baseline MG94xREV omega ratio":0.3442849885047302,
       "Corrected P-value":0.0323990362579088,
       "Full adaptive model":0.06805131479739653,
       "Full adaptive model (non-synonymous subs/site)":0.03961318673428798,
       "Full adaptive model (synonymous subs/site)":0.02843812806310855,
       "LRT":9.540557108965004,
       "Nucleotide GTR":0.05303500124045739,
       "Rate Distributions":        [
[0, 0.8995129707683095],
        [5.104635777585814, 0.1004870292316905] 
        ],
       "Rate classes":2,
       "Uncorrected P-value":0.002945366932537163,
       "original name":"ENSONIP00000020339"
      },
     "ENSONIP00000020340":{
       "Baseline MG94xREV":0.02727164978139955,
       "Baseline MG94xREV omega ratio":0.2744464420156265,
       "Corrected P-value":0.2493956864548996,
       "Full adaptive model":0.07233914741963093,
       "Full adaptive model (non-synonymous subs/site)":0.05666036917355316,
       "Full adaptive model (synonymous subs/site)":0.01567877824607777,
       "LRT":5.13479753473257,
       "Nucleotide GTR":0.02588481978035149,
       "Rate Distributions":        [
[0.1649586511023347, 0.9941131228721192],
        [198.2006658961112, 0.00588687712788083] 
        ],
       "Rate classes":2,
       "Uncorrected P-value":0.02771063182832217,
       "original name":"ENSONIP00000020340"
      },
     "ENSORLP00000017128":{
       "Baseline MG94xREV":0.1676190616268494,
       "Baseline MG94xREV omega ratio":0.389103457119131,
       "Corrected P-value":1,
       "Full adaptive model":0.1906026315133642,
       "Full adaptive model (non-synonymous subs/site)":0.1060687991275279,
       "Full adaptive model (synonymous subs/site)":0.08453383238583623,
       "LRT":0.227919169845336,
       "Nucleotide GTR":0.1537369408398865,
       "Rate Distributions":        [
[0.1511277096627741, 0.8314145920783519],
        [1.995454970275781, 0.1685854079216481] 
        ],
       "Rate classes":2,
       "Uncorrected P-value":0.3943024138784131,
       "original name":"ENSORLP00000017128"
      },
     "ENSTNIP00000009176":{
       "Baseline MG94xREV":0.2937159503255883,
       "Baseline MG94xREV omega ratio":0.2267079027956916,
       "Corrected P-value":0.8844925973152493,
       "Full adaptive model":0.3718676145280591,
       "Full adaptive model (non-synonymous subs/site)":0.2080022131368666,
       "Full adaptive model (synonymous subs/site)":0.1638654013911924,
       "LRT":2.216399301107231,
       "Nucleotide GTR":0.240680347571677,
       "Rate Distributions":        [
[0.09385599087012582, 0.8670472431100182],
        [2.903682010237064, 0.1329527568899818] 
        ],
       "Rate classes":2,
       "Uncorrected P-value":0.1263560853307499,
       "original name":"ENSTNIP00000009176"
      },
     "NODE_3":{
       "Baseline MG94xREV":0.004492608979524609,
       "Baseline MG94xREV omega ratio":0.5714054824038526,
       "Corrected P-value":1,
       "Full adaptive model":0.003881079199050054,
       "Full adaptive model (non-synonymous subs/site)":0.002737541235076272,
       "Full adaptive model (synonymous subs/site)":0.001143537963973783,
       "LRT":0,
       "Nucleotide GTR":0.004633064630945285,
       "Rate Distributions":        [
[0.8815482221828895, 1] 
        ],
       "Rate classes":1,
       "Uncorrected P-value":1
      },
     "NODE_5":{
       "Baseline MG94xREV":0.003914420986092705,
       "Baseline MG94xREV omega ratio":0.4520657177558492,
       "Corrected P-value":1,
       "Full adaptive model":0.003184634720678035,
       "Full adaptive model (non-synonymous subs/site)":0.001493686301511521,
       "Full adaptive model (synonymous subs/site)":0.001690948419166514,
       "LRT":0,
       "Nucleotide GTR":0.00563306752532069,
       "Rate Distributions":        [
[0.32528574350758, 1] 
        ],
       "Rate classes":1,
       "Uncorrected P-value":1
      },
     "NODE_7":{
       "Baseline MG94xREV":0.08337740033408307,
       "Baseline MG94xREV omega ratio":0.542136254373573,
       "Corrected P-value":0.1705022126006411,
       "Full adaptive model":0.1622386381030697,
       "Full adaptive model (non-synonymous subs/site)":0.1296890960619179,
       "Full adaptive model (synonymous subs/site)":0.03254954204115179,
       "LRT":6.083977541709828,
       "Nucleotide GTR":0.08108006572560807,
       "Rate Distributions":        [
[0.3651729296445987, 0.9691271645087536],
        [36.06143477852246, 0.03087283549124642] 
        ],
       "Rate classes":2,
       "Uncorrected P-value":0.01705022126006411
      },
     "NODE_9":{
       "Baseline MG94xREV":0.03390652496194211,
       "Baseline MG94xREV omega ratio":0.5950045126862812,
       "Corrected P-value":1,
       "Full adaptive model":0.02558684324625007,
       "Full adaptive model (non-synonymous subs/site)":0.0152341549843619,
       "Full adaptive model (synonymous subs/site)":0.01035268826188819,
       "LRT":0,
       "Nucleotide GTR":0.03585337588985747,
       "Rate Distributions":        [
[0.5418776320038236, 1] 
        ],
       "Rate classes":1,