{
 "analysis":{
   "authors":"Sergei L Kosakovsky Pond, Ben Murrell, Steven Weaver and Temple iGEM / UCSD viral evolution group",
   "citation":"Less Is More: An Adaptive Branch-Site Random Effects Model for Efficient Detection of Episodic Diversifying Selection (2015). Mol Biol Evol 32 (5): 1342-1353. v2.2 adds support for multiple-hit models",
   "contact":"spond@temple.edu",
   "info":"aBSREL (Adaptive branch-site random effects likelihood)\n                            uses an adaptive random effects branch-site model framework\n                            to test whether each branch has evolved under positive selection,\n                            using a procedure which infers an optimal number of rate categories per branch.",
   "requirements":"in-frame codon alignment and a phylogenetic tree",
   "version":"2.2"
  },
 "branch attributes":{
   "0":{
     "ENSGACP00000010553":{
       "Baseline MG94xREV":0.1754548345852913,
       "Baseline MG94xREV omega ratio":0.3741852866076531,
       "Corrected P-value":1,
       "Full adaptive model":0.1976996444303268,
       "Full adaptive model (non-synonymous subs/site)":0.1087390562440197,
       "Full adaptive model (synonymous subs/site)":0.0889605881863071,
       "LRT":0.4067357281746808,
       "Nucleotide GTR":0.1593584013415454,
       "Rate Distributions":        [
[0.1900269257503801, 0.8905138107261523],
        [2.536467037872621, 0.1094861892738477] 
        ],
       "Rate classes":2,
       "Uncorrected P-value":0.3495196027574497,
       "original name":"ENSGACP00000010553"
      },
     "ENSONIP00000016046":{
       "Baseline MG94xREV":0.04321920205481158,
       "Baseline MG94xREV omega ratio":0.5883774677858843,
       "Corrected P-value":1,
       "Full adaptive model":0.04902121094802724,
       "Full adaptive model (non-synonymous subs/site)":0.03242477320456515,
       "Full adaptive model (synonymous subs/site)":0.01659643774346209,
       "LRT":2.236832133246935,
       "Nucleotide GTR":0.04459403236670971,
       "Rate Distributions":        [
[0.4139034735655469, 0.9814745662962499],
        [16.63216670257987, 0.01852543370375015] 
        ],
       "Rate classes":2,
       "Uncorrected P-value":0.1249904648207435,
       "original name":"ENSONIP00000016046"
      },
     "ENSONIP00000017786":{
       "Baseline MG94xREV":0.06297854070526915,
       "Baseline MG94xREV omega ratio":0.2101487306631262,
       "Corrected P-value":1,
       "Full adaptive model":0.06209673795184181,
       "Full adaptive model (non-synonymous subs/site)":0.02079016475181822,
       "Full adaptive model (synonymous subs/site)":0.0413065732000236,
       "LRT":0,
       "Nucleotide GTR":0.05923332827861756,
       "Rate Distributions":        [
[0.1840306150135299, 1] 
        ],
       "Rate classes":1,
       "Uncorrected P-value":1,
       "original name":"ENSONIP00000017786"
      },
     "ENSORLP00000010797":{
       "Baseline MG94xREV":0.1679453240036551,
       "Baseline MG94xREV omega ratio":0.1641951527225042,
       "Corrected P-value":1,
       "Full adaptive model":0.1762206580801682,
       "Full adaptive model (non-synonymous subs/site)":0.06316454543247893,
       "Full adaptive model (synonymous subs/site)":0.1130561126476893,
       "LRT":0.1656045497002196,
       "Nucleotide GTR":0.1469096968805031,
       "Rate Distributions":        [
[0.08594781679152291, 0.9438167291654549],
        [2.1921697430074, 0.05618327083454511] 
        ],
       "Rate classes":2,
       "Uncorrected P-value":0.4129695622033874,
       "original name":"ENSORLP00000010797"
      },
     "NODE_10":{
       "Baseline MG94xREV":0.02649360878123548,
       "Baseline MG94xREV omega ratio":0.344998810233436,
       "Corrected P-value":1,
       "Full adaptive model":0.02547700087864467,
       "Full adaptive model (non-synonymous subs/site)":0.01265965899137475,
       "Full adaptive model (synonymous subs/site)":0.01281734188726995,
       "LRT":0,
       "Nucleotide GTR":0.02638120331190479,
       "Rate Distributions":        [
[0.3611397994728358, 1] 
        ],
       "Rate classes":1,
       "Uncorrected P-value":1
      },
     "NODE_12":{
       "Baseline MG94xREV":0.01232961568219106,
       "Baseline MG94xREV omega ratio":0.05198415048310015,
       "Corrected P-value":1,
       "Full adaptive model":0.005830339779866263,
       "Full adaptive model (non-synonymous subs/site)":1e-10,
       "Full adaptive model (synonymous subs/site)":0.005830339779866263,
       "LRT":0,
       "Nucleotide GTR":0.007287768946734825,
       "Rate Distributions":        [
[0, 1] 
        ],
       "Rate classes":1,
       "Uncorrected P-value":1
      },
     "NODE_15":{
       "Baseline MG94xREV":0.01642018599613659,
       "Baseline MG94xREV omega ratio":0.5759865031979065,
       "Corrected P-value":0.140129160722068,
       "Full adaptive model":0.02849151752509696,
       "Full adaptive model (non-synonymous subs/site)":0.01895305787425847,
       "Full adaptive model (synonymous subs/site)":0.009538459650838497,
       "LRT":6.983570703949226,
       "Nucleotide GTR":0.02200430189559789,
       "Rate Distributions":        [
[0, 0.9629641291313739],
        [19.61687363687033, 0.03703587086862614] 
        ],
       "Rate classes":2,
       "Uncorrected P-value":0.01077916620938985
      },
     "NODE_16":{
       "Baseline MG94xREV":0.5486482061727918,
       "Baseline MG94xREV omega ratio":0.1502317875026178,
       "Corrected P-value":1,
       "Full adaptive model":0.686584355939028,
       "Full adaptive model (non-synonymous subs/site)":0.3748900182161828,
       "Full adaptive model (synonymous subs/site)":0.311694337722845,
       "LRT":0.7573194797878386,
       "Nucleotide GTR":0.3510632725896335,
       "Rate Distributions":        [
[0.05919771837466924, 0.8150104920802785],
        [2.11646557644232, 0.1849895079197215] 
        ],
       "Rate classes":2,
       "Uncorrected P-value":0.2822673104733099
      },
     "NODE_3":{
       "Baseline MG94xREV":0,
       "Baseline MG94xREV omega ratio":1,
       "Corrected P-value":1,
       "Full adaptive model":0,
       "Full adaptive model (non-synonymous subs/site)":1e-10,
       "Full adaptive model (synonymous subs/site)":1e-10,
       "LRT":0,
       "Nucleotide GTR":0.002432805275578019,
       "Rate Distributions":        [
[1, 1] 
        ],
       "Rate classes":1,
       "Uncorrected P-value":1
      },
     "NODE_6":{
       "Baseline MG94xREV":0.05604873410292072,
       "Baseline MG94xREV omega ratio":0.2856722117136174,
       "Corrected P-value":1,
       "Full adaptive model":0.05562448250149506,
       "Full adaptive model (non-synonymous subs/site)":0.02250155911427121,
       "Full adaptive model (synonymous subs/site)":0.03312292338722388,
       "LRT":0,
       "Nucleotide GTR":0.05338968384155844,
       "Rate Distributions":        [
[0.2483906619661753, 1] 
        ],
       "Rate classes":1,
       "Uncorrected P-value":1
      },
     "SI_CH211_197G15_10_DANRE":{
       "Baseline MG94xREV":0.02771153283867743,
       "Baseline MG94xREV omega ratio":0.5749729749653018,
       "Corrected P-value":0.001767962895591613,
       "Full adaptive model":0.07170826280664205,
       "Full adaptive model (non-synonymous subs/site)":0.06295999075136066,
       "Full adaptive model (synonymous subs/site)":0.008748272055281402,
       "LRT":15.92163658330537,
       "Nucleotide GTR":0.03011254684982305,
       "Rate Distributions":        [
[0.27329155306292, 0.9819019609577145],
        [130.5719253904749, 0.01809803904228546] 
        ],
       "Rate classes":2,
       "Uncorrected P-value":0.0001178641930394408,
       "original name":"SI@CH211-197G15.10_DANRE"
      },
     "SI_CH211_197G15_5_DANRE":{
       "Baseline MG94xREV":0.09413810471251195,
       "Baseline MG94xREV omega ratio":0.2657529588808656,
       "Corrected P-value":0.9361117667072377,
       "Full adaptive model":8.747887384648909,