{
 "analysis":{
   "authors":"Sergei L Kosakovsky Pond, Ben Murrell, Steven Weaver and Temple iGEM / UCSD viral evolution group",
   "citation":"Less Is More: An Adaptive Branch-Site Random Effects Model for Efficient Detection of Episodic Diversifying Selection (2015). Mol Biol Evol 32 (5): 1342-1353. v2.2 adds support for multiple-hit models",
   "contact":"spond@temple.edu",
   "info":"aBSREL (Adaptive branch-site random effects likelihood)\n                            uses an adaptive random effects branch-site model framework\n                            to test whether each branch has evolved under positive selection,\n                            using a procedure which infers an optimal number of rate categories per branch.",
   "requirements":"in-frame codon alignment and a phylogenetic tree",
   "version":"2.2"
  },
 "branch attributes":{
   "0":{
     "AND1_DANRE":{
       "Baseline MG94xREV":0.5009890613772601,
       "Baseline MG94xREV omega ratio":0.06875935137383003,
       "Corrected P-value":1,
       "Full adaptive model":0.3496966075211244,
       "Full adaptive model (non-synonymous subs/site)":0.1332786064507069,
       "Full adaptive model (synonymous subs/site)":0.2164180010704175,
       "LRT":0.01838136422156822,
       "Nucleotide GTR":0.1869787244312556,
       "Rate Distributions":        [
[0.007690813027123136, 0.837971446241242],
        [1.211937733434718, 0.162028553758758] 
        ],
       "Rate classes":2,
       "Uncorrected P-value":0.4756864240098989,
       "original name":"AND1_DANRE"
      },
     "AND2_DANRE":{
       "Baseline MG94xREV":0.3626155501040742,
       "Baseline MG94xREV omega ratio":0.1029202100198483,
       "Corrected P-value":1,
       "Full adaptive model":5904.237377621755,
       "Full adaptive model (non-synonymous subs/site)":5904.00360509742,
       "Full adaptive model (synonymous subs/site)":0.2337725243348655,
       "LRT":2.138403859046775,
       "Nucleotide GTR":0.192245740471408,
       "Rate Distributions":        [
[0.03952046723481985, 0.9168273744969232],
        [100000, 0.0831726255030768] 
        ],
       "Rate classes":2,
       "Uncorrected P-value":0.1317149686112185,
       "original name":"AND2_DANRE"
      },
     "ENSLACP00000001592":{
       "Baseline MG94xREV":10.05288982263642,
       "Baseline MG94xREV omega ratio":0.00822430230364952,
       "Corrected P-value":1,
       "Full adaptive model":0.9641727087321845,
       "Full adaptive model (non-synonymous subs/site)":0.2787542560687464,
       "Full adaptive model (synonymous subs/site)":0.6854184526634379,
       "LRT":0,
       "Nucleotide GTR":0.4248595002468644,
       "Rate Distributions":        [
[0, 0.5165846960862376],
        [0.2770604116279629, 0.4834153039137624] 
        ],
       "Rate classes":2,
       "Uncorrected P-value":1,
       "original name":"ENSLACP00000001592"
      },
     "ENSONIP00000008157":{
       "Baseline MG94xREV":0.2533594082088911,
       "Baseline MG94xREV omega ratio":0.1278112823368863,
       "Corrected P-value":1,
       "Full adaptive model":0.217985042841933,
       "Full adaptive model (non-synonymous subs/site)":0.1131805757317239,
       "Full adaptive model (synonymous subs/site)":0.1048044671102091,
       "LRT":1.114615283626335,
       "Nucleotide GTR":0.1703715995342589,
       "Rate Distributions":        [
[0.07443151154810837, 0.9256535674792146],
        [3.856956203901432, 0.07434643252078543] 
        ],
       "Rate classes":2,
       "Uncorrected P-value":0.2300408874730278,
       "original name":"ENSONIP00000008157"
      },
     "ENSONIP00000023455":{
       "Baseline MG94xREV":0.1116828168288817,
       "Baseline MG94xREV omega ratio":0.1361457669585555,
       "Corrected P-value":1,
       "Full adaptive model":0.1097182986909813,
       "Full adaptive model (non-synonymous subs/site)":0.02709228857215688,
       "Full adaptive model (synonymous subs/site)":0.08262601011882433,
       "LRT":0,
       "Nucleotide GTR":0.0861657725229637,
       "Rate Distributions":        [
[0.1079836657385723, 1] 
        ],
       "Rate classes":1,
       "Uncorrected P-value":1,
       "original name":"ENSONIP00000023455"
      },
     "ENSORLP00000022448":{
       "Baseline MG94xREV":0.1053464604261205,
       "Baseline MG94xREV omega ratio":0.02202354998060312,
       "Corrected P-value":1,
       "Full adaptive model":0.09939155349786766,
       "Full adaptive model (non-synonymous subs/site)":0.005361722567102674,
       "Full adaptive model (synonymous subs/site)":0.09402983093076496,
       "LRT":0,
       "Nucleotide GTR":0.07573528308144394,
       "Rate Distributions":        [
[0.01877880008992471, 1] 
        ],
       "Rate classes":1,
       "Uncorrected P-value":1,
       "original name":"ENSORLP00000022448"
      },
     "NODE_3":{
       "Baseline MG94xREV":0.03811406407964278,
       "Baseline MG94xREV omega ratio":0.3149234305204358,
       "Corrected P-value":1,
       "Full adaptive model":0.03957829043700781,
       "Full adaptive model (non-synonymous subs/site)":0.01422041255198623,
       "Full adaptive model (synonymous subs/site)":0.02535787788502152,
       "LRT":0,
       "Nucleotide GTR":0.02898883388161617,
       "Rate Distributions":        [
[0.1846836484002689, 1] 
        ],
       "Rate classes":1,
       "Uncorrected P-value":1
      },
     "NODE_6":{
       "Baseline MG94xREV":0.1582903725865223,
       "Baseline MG94xREV omega ratio":0.09470814898535171,
       "Corrected P-value":1,
       "Full adaptive model":0.1732008755008216,
       "Full adaptive model (non-synonymous subs/site)":0.05582860559821419,
       "Full adaptive model (synonymous subs/site)":0.1173722699026074,
       "LRT":1.067643963374394,
       "Nucleotide GTR":0.09983746987115379,
       "Rate Distributions":        [
[0, 0.9406956675836562],
        [2.641399013067805, 0.05930433241634381] 
        ],
       "Rate classes":2,
       "Uncorrected P-value":0.2362035328880648
      },
     "NODE_8":{
       "Baseline MG94xREV":0.1121232987820018,
       "Baseline MG94xREV omega ratio":1.812047845320643,
       "Corrected P-value":0.3315322010655805,
       "Full adaptive model":0.1399620047343123,
       "Full adaptive model (non-synonymous subs/site)":0.1247424056784454,
       "Full adaptive model (synonymous subs/site)":0.01521959905586689,
       "LRT":4.58065763972354,
       "Nucleotide GTR":0.1328329475895776,
       "Rate Distributions":        [
[0, 0.6702238858401699],
        [8.185041069273133, 0.3297761141598301] 
        ],
       "Rate classes":2,
       "Uncorrected P-value":0.03683691122950894
      }
    },
   "attributes":{
     "Baseline MG94xREV":{
       "attribute type":"branch length",
       "display order":1
      },
     "Baseline MG94xREV omega ratio":{
       "attribute type":"branch label",
       "display order":1
      },
     "Corrected P-value":{
       "attribute type":"branch label",
       "display order":6
      },
     "Full adaptive model":{
       "attribute type":"branch length",
       "display order":2
      },
     "Full adaptive model (non-synonymous subs/site)":{
       "attribute type":"branch label",
       "display order":10
      },
     "Full adaptive model (synonymous subs/site)":{
       "attribute type":"branch label",
       "display order":9
      },
     "LRT":{
       "attribute type":"branch label",
       "display order":4
      },
     "Nucleotide GTR":{
       "attribute type":"branch length",
       "display order":0
      },
     "Rate Distributions":{
       "attribute type":"branch label",
       "display order":3
      },
     "Rate classes":{
       "attribute type":"branch label",
       "display order":2
      },
     "Uncorrected P-value":{
       "attribute type":"branch label",
       "display order":5
      },
     "original name":{
       "attribute type":"node label",
       "display order":-1
      }
    }
  },