{
 "analysis":{
   "authors":"Sergei L Kosakovsky Pond, Ben Murrell, Steven Weaver and Temple iGEM / UCSD viral evolution group",
   "citation":"Less Is More: An Adaptive Branch-Site Random Effects Model for Efficient Detection of Episodic Diversifying Selection (2015). Mol Biol Evol 32 (5): 1342-1353. v2.2 adds support for multiple-hit models",
   "contact":"spond@temple.edu",
   "info":"aBSREL (Adaptive branch-site random effects likelihood)\n                            uses an adaptive random effects branch-site model framework\n                            to test whether each branch has evolved under positive selection,\n                            using a procedure which infers an optimal number of rate categories per branch.",
   "requirements":"in-frame codon alignment and a phylogenetic tree",
   "version":"2.2"
  },
 "branch attributes":{
   "0":{
     "ENSACAP00000010767":{
       "Baseline MG94xREV":0.3963813931159442,
       "Baseline MG94xREV omega ratio":0.174549093365961,
       "Corrected P-value":1,
       "Full adaptive model":0.4910399476192416,
       "Full adaptive model (non-synonymous subs/site)":0.2719334898501379,
       "Full adaptive model (synonymous subs/site)":0.2191064577691037,
       "LRT":0.6679265523780487,
       "Nucleotide GTR":0.2730260935996473,
       "Rate Distributions":        [
[0.1206689448321478, 0.9084005977675845],
        [3.304933405285928, 0.09159940223241547] 
        ],
       "Rate classes":2,
       "Uncorrected P-value":0.2975791117905826,
       "original name":"ENSACAP00000010767"
      },
     "ENSGACP00000001488":{
       "Baseline MG94xREV":0.07494200650592125,
       "Baseline MG94xREV omega ratio":0.1280343390210632,
       "Corrected P-value":1,
       "Full adaptive model":0.07721065543222866,
       "Full adaptive model (non-synonymous subs/site)":0.01935082507106025,
       "Full adaptive model (synonymous subs/site)":0.05785983036116848,
       "LRT":0,
       "Nucleotide GTR":0.08215062283836341,
       "Rate Distributions":        [
[0.111115909846231, 1] 
        ],
       "Rate classes":1,
       "Uncorrected P-value":1,
       "original name":"ENSGACP00000001488"
      },
     "ENSGMOP00000010740":{
       "Baseline MG94xREV":0.2696667520891861,
       "Baseline MG94xREV omega ratio":0.2058895115810065,
       "Corrected P-value":1,
       "Full adaptive model":69.74486603684993,
       "Full adaptive model (non-synonymous subs/site)":69.58172399577556,
       "Full adaptive model (synonymous subs/site)":0.1631420410743636,
       "LRT":2.026024918553958,
       "Nucleotide GTR":0.2026457079901043,
       "Rate Distributions":        [
[0.1373470170634633, 0.9374013522764292],
        [2261.640061392828, 0.06259864772357082] 
        ],
       "Rate classes":2,
       "Uncorrected P-value":0.1398619451658893,
       "original name":"ENSGMOP00000010740"
      },
     "ENSLACP00000007471":{
       "Baseline MG94xREV":0.3917576366344182,
       "Baseline MG94xREV omega ratio":0.03797223124410349,
       "Corrected P-value":1,
       "Full adaptive model":0.3042329286137915,
       "Full adaptive model (non-synonymous subs/site)":0.03827710702810212,
       "Full adaptive model (synonymous subs/site)":0.2659558215856895,
       "LRT":0,
       "Nucleotide GTR":0.1504614050943859,
       "Rate Distributions":        [
[0.04781713165530773, 1] 
        ],
       "Rate classes":1,
       "Uncorrected P-value":1,
       "original name":"ENSLACP00000007471"
      },
     "ENSTRUP00000010056":{
       "Baseline MG94xREV":0.1033380448017069,
       "Baseline MG94xREV omega ratio":0.006363458275835429,
       "Corrected P-value":1,
       "Full adaptive model":0.1028444321792781,
       "Full adaptive model (non-synonymous subs/site)":0.002127551682276291,
       "Full adaptive model (synonymous subs/site)":0.1007168804970019,
       "LRT":0,
       "Nucleotide GTR":0.05670474627085989,
       "Rate Distributions":        [
[0.007018297417679186, 1] 
        ],
       "Rate classes":1,
       "Uncorrected P-value":1,
       "original name":"ENSTRUP00000010056"
      },
     "LHFPL4B_DANRE":{
       "Baseline MG94xREV":0.2514544860949283,
       "Baseline MG94xREV omega ratio":0.04072463852196914,
       "Corrected P-value":1,
       "Full adaptive model":0.2570798952439495,
       "Full adaptive model (non-synonymous subs/site)":0.02409573339083234,
       "Full adaptive model (synonymous subs/site)":0.2329841618531171,
       "LRT":0,
       "Nucleotide GTR":0.1567513321406633,
       "Rate Distributions":        [
[0.0343611480794626, 1] 
        ],
       "Rate classes":1,
       "Uncorrected P-value":1,
       "original name":"LHFPL4B_DANRE"
      },
     "NODE_10":{
       "Baseline MG94xREV":0.1266924268360758,
       "Baseline MG94xREV omega ratio":0.2536823782067314,
       "Corrected P-value":1,
       "Full adaptive model":0.1527472276217738,
       "Full adaptive model (non-synonymous subs/site)":0.05300064169365127,
       "Full adaptive model (synonymous subs/site)":0.09974658592812245,
       "LRT":0,
       "Nucleotide GTR":0.1144009977564655,
       "Rate Distributions":        [
[0.1765375128346156, 1] 
        ],
       "Rate classes":1,
       "Uncorrected P-value":1
      },
     "NODE_6":{
       "Baseline MG94xREV":0.09074671293207121,
       "Baseline MG94xREV omega ratio":0.2401683608443516,
       "Corrected P-value":0.07641882742056699,
       "Full adaptive model":0.5486141251059322,
       "Full adaptive model (non-synonymous subs/site)":0.5273436948586572,
       "Full adaptive model (synonymous subs/site)":0.02127043024727523,
       "LRT":7.452704020102829,
       "Nucleotide GTR":0.08592903883999466,
       "Rate Distributions":        [
[0.117396069081327, 0.941401599573906],
        [138.6817274856185, 0.05859840042609399] 
        ],
       "Rate classes":2,
       "Uncorrected P-value":0.008490980824507444
      },
     "NODE_8":{
       "Baseline MG94xREV":0.07853081145080039,
       "Baseline MG94xREV omega ratio":0.1267378550768611,
       "Corrected P-value":1,
       "Full adaptive model":0.08404080651941659,
       "Full adaptive model (non-synonymous subs/site)":0.0209149626886659,
       "Full adaptive model (synonymous subs/site)":0.06312584383075076,
       "LRT":0,
       "Nucleotide GTR":0.03627528926606027,
       "Rate Distributions":        [
[0.1100788321372253, 1] 
        ],
       "Rate classes":1,
       "Uncorrected P-value":1
      }
    },
   "attributes":{
     "Baseline MG94xREV":{
       "attribute type":"branch length",
       "display order":1
      },
     "Baseline MG94xREV omega ratio":{
       "attribute type":"branch label",
       "display order":1
      },
     "Corrected P-value":{
       "attribute type":"branch label",
       "display order":6
      },
     "Full adaptive model":{
       "attribute type":"branch length",
       "display order":2
      },
     "Full adaptive model (non-synonymous subs/site)":{
       "attribute type":"branch label",
       "display order":10
      },
     "Full adaptive model (synonymous subs/site)":{
       "attribute type":"branch label",
       "display order":9
      },
     "LRT":{
       "attribute type":"branch label",
       "display order":4
      },
     "Nucleotide GTR":{
       "attribute type":"branch length",
       "display order":0
      },
     "Rate Distributions":{
       "attribute type":"branch label",
       "display order":3
      },
     "Rate classes":{
       "attribute type":"branch label",
       "display order":2
      },
     "Uncorrected P-value":{
       "attribute type":"branch label",
       "display order":5
      },
     "original name":{
       "attribute type":"node label",
       "display order":-1
      }
    }
  },