{
 "analysis":{
   "authors":"Sergei L Kosakovsky Pond, Ben Murrell, Steven Weaver and Temple iGEM / UCSD viral evolution group",
   "citation":"Less Is More: An Adaptive Branch-Site Random Effects Model for Efficient Detection of Episodic Diversifying Selection (2015). Mol Biol Evol 32 (5): 1342-1353. v2.2 adds support for multiple-hit models",
   "contact":"spond@temple.edu",
   "info":"aBSREL (Adaptive branch-site random effects likelihood)\n                            uses an adaptive random effects branch-site model framework\n                            to test whether each branch has evolved under positive selection,\n                            using a procedure which infers an optimal number of rate categories per branch.",
   "requirements":"in-frame codon alignment and a phylogenetic tree",
   "version":"2.2"
  },
 "branch attributes":{
   "0":{
     "ENSDARP00000016945":{
       "Baseline MG94xREV":0.2319211398157797,
       "Baseline MG94xREV omega ratio":0.2320848213114666,
       "Corrected P-value":1,
       "Full adaptive model":0.2635097636195081,
       "Full adaptive model (non-synonymous subs/site)":0.1123014107838949,
       "Full adaptive model (synonymous subs/site)":0.1512083528356133,
       "LRT":0,
       "Nucleotide GTR":0.1900724673955692,
       "Rate Distributions":        [
[0.006577528732104028, 0.6935836569640139],
        [0.79809612915911, 0.3064163430359861] 
        ],
       "Rate classes":2,
       "Uncorrected P-value":1,
       "original name":"ENSDARP00000016945"
      },
     "ENSDARP00000067578":{
       "Baseline MG94xREV":0.1719634294809745,
       "Baseline MG94xREV omega ratio":0.3412845309720424,
       "Corrected P-value":0.1351922406696594,
       "Full adaptive model":670.9881516966,
       "Full adaptive model (non-synonymous subs/site)":670.931151940327,
       "Full adaptive model (synonymous subs/site)":0.0569997562731171,
       "LRT":7.199714894544741,
       "Nucleotide GTR":0.1615184087367464,
       "Rate Distributions":        [
[0.3604015300044423, 0.9605223143658645],
        [100000, 0.03947768563413545] 
        ],
       "Rate classes":2,
       "Uncorrected P-value":0.009656588619261386,
       "original name":"ENSDARP00000067578"
      },
     "ENSGACP00000008344":{
       "Baseline MG94xREV":0.1906734844251289,
       "Baseline MG94xREV omega ratio":0.3675442541760892,
       "Corrected P-value":1,
       "Full adaptive model":0.2217801835375068,
       "Full adaptive model (non-synonymous subs/site)":0.1240221805291257,
       "Full adaptive model (synonymous subs/site)":0.09775800300838101,
       "LRT":0.1972540557326283,
       "Nucleotide GTR":0.1630695339434343,
       "Rate Distributions":        [
[0, 0.643130762803078],
        [1.192402110027885, 0.356869237196922] 
        ],
       "Rate classes":2,
       "Uncorrected P-value":0.4032134728922251,
       "original name":"ENSGACP00000008344"
      },
     "ENSGACP00000018776":{
       "Baseline MG94xREV":0.1557461938809864,
       "Baseline MG94xREV omega ratio":0.3461048416096709,
       "Corrected P-value":1,
       "Full adaptive model":0.1578695997371441,
       "Full adaptive model (non-synonymous subs/site)":0.07463976725085045,
       "Full adaptive model (synonymous subs/site)":0.08322983248629369,
       "LRT":0,
       "Nucleotide GTR":0.1319363522526497,
       "Rate Distributions":        [
[0.3007987747406975, 1] 
        ],
       "Rate classes":1,
       "Uncorrected P-value":1,
       "original name":"ENSGACP00000018776"
      },
     "ENSGACP00000027551":{
       "Baseline MG94xREV":0.1575839959427593,
       "Baseline MG94xREV omega ratio":0.7231100357796371,
       "Corrected P-value":0.06557747394216357,
       "Full adaptive model":0.1853295013003756,
       "Full adaptive model (non-synonymous subs/site)":0.142719556697635,
       "Full adaptive model (synonymous subs/site)":0.04260994460274059,
       "LRT":8.760719335463364,
       "Nucleotide GTR":0.1566491094858732,
       "Rate Distributions":        [
[0.02153866124676933, 0.6791440870522483],
        [3.455854648932739, 0.3208559129477517] 
        ],
       "Rate classes":2,
       "Uncorrected P-value":0.004371831596144238,
       "original name":"ENSGACP00000027551"
      },
     "ENSTNIP00000012372":{
       "Baseline MG94xREV":0.1180970036236388,
       "Baseline MG94xREV omega ratio":0.2553200378228269,
       "Corrected P-value":1,
       "Full adaptive model":0.1317056275957883,
       "Full adaptive model (non-synonymous subs/site)":0.06023052516397019,
       "Full adaptive model (synonymous subs/site)":0.07147510243181807,
       "LRT":0.007174034286435926,
       "Nucleotide GTR":0.1026266983787235,
       "Rate Distributions":        [
[0, 0.7311523367594974],
        [1.051333260983474, 0.2688476632405026] 
        ],
       "Rate classes":2,
       "Uncorrected P-value":0.4854258540451331,
       "original name":"ENSTNIP00000012372"
      },
     "ENSTRUP00000043725":{
       "Baseline MG94xREV":0.08956480854774952,
       "Baseline MG94xREV omega ratio":0.4383866797522035,
       "Corrected P-value":1,
       "Full adaptive model":0.0837936217279595,
       "Full adaptive model (non-synonymous subs/site)":0.04323315142849254,
       "Full adaptive model (synonymous subs/site)":0.04056047029946703,
       "LRT":0,
       "Nucleotide GTR":0.09196091744533524,
       "Rate Distributions":        [
[0.3575186642075494, 1] 
        ],
       "Rate classes":1,
       "Uncorrected P-value":1,
       "original name":"ENSTRUP00000043725"
      },
     "ENSTRUP00000043726":{
       "Baseline MG94xREV":0.06310379940862459,
       "Baseline MG94xREV omega ratio":0.5058848851896467,
       "Corrected P-value":0.6494628258011212,
       "Full adaptive model":0.09469917868706124,
       "Full adaptive model (non-synonymous subs/site)":0.06939994021543347,
       "Full adaptive model (synonymous subs/site)":0.02529923847162774,
       "LRT":3.989985685209831,
       "Nucleotide GTR":0.06965678107309425,
       "Rate Distributions":        [
[0.3906701760637861, 0.988132360137966],
        [45.00213856036668, 0.01186763986203399] 
        ],
       "Rate classes":2,
       "Uncorrected P-value":0.04995867890777855,
       "original name":"ENSTRUP00000043726"
      },
     "KLHL10_ORYLA":{
       "Baseline MG94xREV":0.3144543915344397,
       "Baseline MG94xREV omega ratio":0.32867748381815,
       "Corrected P-value":1,
       "Full adaptive model":0.3372295865187153,
       "Full adaptive model (non-synonymous subs/site)":0.1852706940355005,
       "Full adaptive model (synonymous subs/site)":0.1519588924832148,
       "LRT":0,
       "Nucleotide GTR":0.2743347675720443,
       "Rate Distributions":        [
[0, 0.5168800198123289],
        [0.8464677511248776, 0.4831199801876711] 
        ],
       "Rate classes":2,
       "Uncorrected P-value":1,
       "original name":"KLHL10_ORYLA"
      },
     "NODE_10":{
       "Baseline MG94xREV":0.1184467384871366,
       "Baseline MG94xREV omega ratio":0.1191416205607768,
       "Corrected P-value":1,
       "Full adaptive model":0.1123895385732099,
       "Full adaptive model (non-synonymous subs/site)":0.04059511835161132,
       "Full adaptive model (synonymous subs/site)":0.0717944202215986,
       "LRT":0.5613500426661631,
       "Nucleotide GTR":0.0790842425597415,
       "Rate Distributions":        [
[0, 0.910259032264182],
        [2.113377978033917, 0.08974096773581797] 
        ],
       "Rate classes":2,
       "Uncorrected P-value":0.3173254831958037
      },
     "NODE_11":{
       "Baseline MG94xREV":0.01929024796046807,
       "Baseline MG94xREV omega ratio":10000000000,
       "Corrected P-value":1,
       "Full adaptive model":0.01614936180773558,
       "Full adaptive model (non-synonymous subs/site)":0.01614936180773558,
       "Full adaptive model (synonymous subs/site)":1e-10,
       "LRT":0.580680780178227,
       "Nucleotide GTR":0.02066715749068609,