{
 "analysis":{
   "authors":"Sergei L Kosakovsky Pond, Ben Murrell, Steven Weaver and Temple iGEM / UCSD viral evolution group",
   "citation":"Less Is More: An Adaptive Branch-Site Random Effects Model for Efficient Detection of Episodic Diversifying Selection (2015). Mol Biol Evol 32 (5): 1342-1353. v2.2 adds support for multiple-hit models",
   "contact":"spond@temple.edu",
   "info":"aBSREL (Adaptive branch-site random effects likelihood)\n                            uses an adaptive random effects branch-site model framework\n                            to test whether each branch has evolved under positive selection,\n                            using a procedure which infers an optimal number of rate categories per branch.",
   "requirements":"in-frame codon alignment and a phylogenetic tree",
   "version":"2.2"
  },
 "branch attributes":{
   "0":{
     "CABZ01088025_1_DANRE":{
       "Baseline MG94xREV":0.340244339736037,
       "Baseline MG94xREV omega ratio":0.1014750412156434,
       "Corrected P-value":1,
       "Full adaptive model":0.4268513924120257,
       "Full adaptive model (non-synonymous subs/site)":0.1708374071985832,
       "Full adaptive model (synonymous subs/site)":0.2560139852134425,
       "LRT":0.3343559466547958,
       "Nucleotide GTR":0.207655919767029,
       "Rate Distributions":        [
[0.06804529837146187, 0.9587348789461588],
        [3.359354537624491, 0.04126512105384117] 
        ],
       "Rate classes":2,
       "Uncorrected P-value":0.3664357744831713,
       "original name":"CABZ01088025.1_DANRE"
      },
     "ENSGACP00000006278":{
       "Baseline MG94xREV":0.07628836068657842,
       "Baseline MG94xREV omega ratio":0.1115894761464819,
       "Corrected P-value":0.3685564384495639,
       "Full adaptive model":19.21332361365583,
       "Full adaptive model (non-synonymous subs/site)":19.15809394897375,
       "Full adaptive model (synonymous subs/site)":0.05522966468207444,
       "LRT":4.37510980463594,
       "Nucleotide GTR":0.06578547982051984,
       "Rate Distributions":        [
[0.06334910851344648, 0.9857047297092384],
        [7408.795899018261, 0.01429527029076161] 
        ],
       "Rate classes":2,
       "Uncorrected P-value":0.04095071538328487,
       "original name":"ENSGACP00000006278"
      },
     "ENSGMOP00000003733":{
       "Baseline MG94xREV":0.1458434794808966,
       "Baseline MG94xREV omega ratio":0.1709026272301096,
       "Corrected P-value":1,
       "Full adaptive model":0.1436082594149856,
       "Full adaptive model (non-synonymous subs/site)":0.04559455804961104,
       "Full adaptive model (synonymous subs/site)":0.09801370136537445,
       "LRT":0,
       "Nucleotide GTR":0.105099332839046,
       "Rate Distributions":        [
[0.1421157819036921, 1] 
        ],
       "Rate classes":1,
       "Uncorrected P-value":1,
       "original name":"ENSGMOP00000003733"
      },
     "ENSONIP00000011571":{
       "Baseline MG94xREV":0.142323741532869,
       "Baseline MG94xREV omega ratio":0.2120596849247497,
       "Corrected P-value":1,
       "Full adaptive model":0.1504536925075414,
       "Full adaptive model (non-synonymous subs/site)":0.06775090450975349,
       "Full adaptive model (synonymous subs/site)":0.08270278799778787,
       "LRT":0.01937697885932721,
       "Nucleotide GTR":0.1345378454947795,
       "Rate Distributions":        [
[0.01621175070443636, 0.7872364050565277],
        [1.116303810529088, 0.2127635949434723] 
        ],
       "Rate classes":2,
       "Uncorrected P-value":0.4749657171779942,
       "original name":"ENSONIP00000011571"
      },
     "ENSORLP00000001291":{
       "Baseline MG94xREV":0.1319292013071242,
       "Baseline MG94xREV omega ratio":0.1579404280316695,
       "Corrected P-value":1,
       "Full adaptive model":0.1269694556985324,
       "Full adaptive model (non-synonymous subs/site)":0.03994536803572785,
       "Full adaptive model (synonymous subs/site)":0.08702408766280438,
       "LRT":0,
       "Nucleotide GTR":0.1027760890311498,
       "Rate Distributions":        [
[0.1402306788483477, 1] 
        ],
       "Rate classes":1,
       "Uncorrected P-value":1,
       "original name":"ENSORLP00000001291"
      },
     "ENSTRUP00000029511":{
       "Baseline MG94xREV":0.2137624546627074,
       "Baseline MG94xREV omega ratio":0.1264228561451941,
       "Corrected P-value":1,
       "Full adaptive model":0.2321927908033167,
       "Full adaptive model (non-synonymous subs/site)":0.08358920593503934,
       "Full adaptive model (synonymous subs/site)":0.1486035848682773,
       "LRT":0,
       "Nucleotide GTR":0.1713200680796993,
       "Rate Distributions":        [
[0, 0.8104846430048079],
        [0.906760501274019, 0.1895153569951921] 
        ],
       "Rate classes":2,
       "Uncorrected P-value":1,
       "original name":"ENSTRUP00000029511"
      },
     "NODE_3":{
       "Baseline MG94xREV":0.0001288908043769401,
       "Baseline MG94xREV omega ratio":0,
       "Corrected P-value":1,
       "Full adaptive model":0.0005494356058985641,
       "Full adaptive model (non-synonymous subs/site)":1e-10,
       "Full adaptive model (synonymous subs/site)":0.0005494356058985641,
       "LRT":0,
       "Nucleotide GTR":0.005416266851906573,
       "Rate Distributions":        [
[0, 1] 
        ],
       "Rate classes":1,
       "Uncorrected P-value":1
      },
     "NODE_5":{
       "Baseline MG94xREV":0.004627597377967398,
       "Baseline MG94xREV omega ratio":10000000000,
       "Corrected P-value":1,
       "Full adaptive model":0.004370710367535688,
       "Full adaptive model (non-synonymous subs/site)":0.004370710367535688,
       "Full adaptive model (synonymous subs/site)":1e-10,
       "LRT":0.3778867881674159,
       "Nucleotide GTR":0.003863995970508351,
       "Rate Distributions":        [
[10000000000, 1] 
        ],
       "Rate classes":1,
       "Uncorrected P-value":0.3560972830839184
      },
     "NODE_7":{
       "Baseline MG94xREV":0.1229632370079462,
       "Baseline MG94xREV omega ratio":0.07083624610429838,
       "Corrected P-value":1,
       "Full adaptive model":0.1267235732698225,
       "Full adaptive model (non-synonymous subs/site)":0.02056802240844313,
       "Full adaptive model (synonymous subs/site)":0.1061555508613795,
       "LRT":0,
       "Nucleotide GTR":0.08542173770142529,
       "Rate Distributions":        [
[0.05919239562162795, 1] 
        ],
       "Rate classes":1,
       "Uncorrected P-value":1
      }
    },
   "attributes":{
     "Baseline MG94xREV":{
       "attribute type":"branch length",
       "display order":1
      },
     "Baseline MG94xREV omega ratio":{
       "attribute type":"branch label",
       "display order":1
      },
     "Corrected P-value":{
       "attribute type":"branch label",
       "display order":6
      },
     "Full adaptive model":{
       "attribute type":"branch length",
       "display order":2
      },
     "Full adaptive model (non-synonymous subs/site)":{
       "attribute type":"branch label",
       "display order":10
      },
     "Full adaptive model (synonymous subs/site)":{
       "attribute type":"branch label",
       "display order":9
      },
     "LRT":{
       "attribute type":"branch label",
       "display order":4
      },
     "Nucleotide GTR":{
       "attribute type":"branch length",
       "display order":0
      },
     "Rate Distributions":{
       "attribute type":"branch label",
       "display order":3
      },
     "Rate classes":{
       "attribute type":"branch label",
       "display order":2
      },
     "Uncorrected P-value":{
       "attribute type":"branch label",
       "display order":5
      },
     "original name":{
       "attribute type":"node label",
       "display order":-1
      }
    }
  },