{
 "analysis":{
   "authors":"Sergei L Kosakovsky Pond, Ben Murrell, Steven Weaver and Temple iGEM / UCSD viral evolution group",
   "citation":"Less Is More: An Adaptive Branch-Site Random Effects Model for Efficient Detection of Episodic Diversifying Selection (2015). Mol Biol Evol 32 (5): 1342-1353. v2.2 adds support for multiple-hit models",
   "contact":"spond@temple.edu",
   "info":"aBSREL (Adaptive branch-site random effects likelihood)\n                            uses an adaptive random effects branch-site model framework\n                            to test whether each branch has evolved under positive selection,\n                            using a procedure which infers an optimal number of rate categories per branch.",
   "requirements":"in-frame codon alignment and a phylogenetic tree",
   "version":"2.2"
  },
 "branch attributes":{
   "0":{
     "ENSGACP00000017385":{
       "Baseline MG94xREV":0.1175555257051126,
       "Baseline MG94xREV omega ratio":0.2267574413053668,
       "Corrected P-value":1,
       "Full adaptive model":0.5597987892331882,
       "Full adaptive model (non-synonymous subs/site)":0.4928406770939172,
       "Full adaptive model (synonymous subs/site)":0.06695811213927104,
       "LRT":0.5982653969222156,
       "Nucleotide GTR":0.09926418354345193,
       "Rate Distributions":        [
[0.1884855973169847, 0.9823137350954293],
        [131.5525633061678, 0.0176862649045707] 
        ],
       "Rate classes":2,
       "Uncorrected P-value":0.3102864280781348,
       "original name":"ENSGACP00000017385"
      },
     "ENSGMOP00000008484":{
       "Baseline MG94xREV":0.2207344714664234,
       "Baseline MG94xREV omega ratio":0.1646033661781108,
       "Corrected P-value":1,
       "Full adaptive model":0.2424805977570598,
       "Full adaptive model (non-synonymous subs/site)":0.09445602649559062,
       "Full adaptive model (synonymous subs/site)":0.1480245712614692,
       "LRT":0.02102452531653398,
       "Nucleotide GTR":0.1491540807365021,
       "Rate Distributions":        [
[0.06687377548804213, 0.8606393769791655],
        [1.14959112147877, 0.1393606230208345] 
        ],
       "Rate classes":2,
       "Uncorrected P-value":0.4738052722520308,
       "original name":"ENSGMOP00000008484"
      },
     "ENSONIP00000001621":{
       "Baseline MG94xREV":0.0861298737575283,
       "Baseline MG94xREV omega ratio":0.1601198297040057,
       "Corrected P-value":1,
       "Full adaptive model":0.09468251437148348,
       "Full adaptive model (non-synonymous subs/site)":0.0384030857949673,
       "Full adaptive model (synonymous subs/site)":0.05627942857651619,
       "LRT":1.260297579154212,
       "Nucleotide GTR":0.07779659409664848,
       "Rate Distributions":        [
[0.0006725402931152197, 0.8719009530129214],
        [1.813266586706201, 0.1280990469870786] 
        ],
       "Rate classes":2,
       "Uncorrected P-value":0.2120727229297059,
       "original name":"ENSONIP00000001621"
      },
     "ENSORLP00000001175":{
       "Baseline MG94xREV":0.1797828026721456,
       "Baseline MG94xREV omega ratio":0.1414585362158267,
       "Corrected P-value":1,
       "Full adaptive model":0.1961887234552487,
       "Full adaptive model (non-synonymous subs/site)":0.07161015863334319,
       "Full adaptive model (synonymous subs/site)":0.1245785648219055,
       "LRT":0,
       "Nucleotide GTR":0.1342001784607482,
       "Rate Distributions":        [
[0, 0.7912264006733422],
        [0.9395974928105293, 0.2087735993266578] 
        ],
       "Rate classes":2,
       "Uncorrected P-value":1,
       "original name":"ENSORLP00000001175"
      },
     "ENSTRUP00000024031":{
       "Baseline MG94xREV":0.06938862316714535,
       "Baseline MG94xREV omega ratio":0.1883352450387714,
       "Corrected P-value":1,
       "Full adaptive model":0.07015497355902825,
       "Full adaptive model (non-synonymous subs/site)":0.02439175055208086,
       "Full adaptive model (synonymous subs/site)":0.04576322300694737,
       "LRT":0,
       "Nucleotide GTR":0.06556658178346257,
       "Rate Distributions":        [
[0.18189153254566, 1] 
        ],
       "Rate classes":1,
       "Uncorrected P-value":1,
       "original name":"ENSTRUP00000024031"
      },
     "ENSXETP00000058420":{
       "Baseline MG94xREV":1141.760346268818,
       "Baseline MG94xREV omega ratio":7.413921169880096e-05,
       "Corrected P-value":1,
       "Full adaptive model":5.216294275350685,
       "Full adaptive model (non-synonymous subs/site)":0.3683748929191546,
       "Full adaptive model (synonymous subs/site)":4.84791938243153,
       "LRT":0,
       "Nucleotide GTR":0.5253889613115,
       "Rate Distributions":        [
[0.006410385160081332, 0.675405751163933],
        [0.06654916920155185, 0.324594248836067] 
        ],
       "Rate classes":2,
       "Uncorrected P-value":1,
       "original name":"ENSXETP00000058420"
      },
     "NODE_11":{
       "Baseline MG94xREV":0.1831828072931587,
       "Baseline MG94xREV omega ratio":0.07492620223458413,
       "Corrected P-value":1,
       "Full adaptive model":0.2728740556424362,
       "Full adaptive model (non-synonymous subs/site)":0.03041058830738784,
       "Full adaptive model (synonymous subs/site)":0.2424634673350481,
       "LRT":0,
       "Nucleotide GTR":0.09897104860960115,
       "Rate Distributions":        [
[0.04280205550749153, 1] 
        ],
       "Rate classes":1,
       "Uncorrected P-value":1
      },
     "NODE_3":{
       "Baseline MG94xREV":0.006511068169363859,
       "Baseline MG94xREV omega ratio":2.167772684686859,
       "Corrected P-value":1,
       "Full adaptive model":0.00833083308459511,
       "Full adaptive model (non-synonymous subs/site)":0.004690452321591023,
       "Full adaptive model (synonymous subs/site)":0.003640380763004108,
       "LRT":0,
       "Nucleotide GTR":0.01605473118998638,
       "Rate Distributions":        [
[0.4396975345551863, 1] 
        ],
       "Rate classes":1,
       "Uncorrected P-value":1
      },
     "NODE_5":{
       "Baseline MG94xREV":0.01338538621403353,
       "Baseline MG94xREV omega ratio":0.3109700877177978,
       "Corrected P-value":1,
       "Full adaptive model":0.01956256227452944,
       "Full adaptive model (non-synonymous subs/site)":0.00721955389619871,
       "Full adaptive model (synonymous subs/site)":0.01234300837833072,
       "LRT":0,
       "Nucleotide GTR":0.0151787623368682,
       "Rate Distributions":        [
[0.1996068562089027, 1] 
        ],
       "Rate classes":1,
       "Uncorrected P-value":1
      },
     "NODE_8":{
       "Baseline MG94xREV":0.1279613131279993,
       "Baseline MG94xREV omega ratio":0.1142337682748544,
       "Corrected P-value":0.9838471223925325,
       "Full adaptive model":0.1488598999464391,
       "Full adaptive model (non-synonymous subs/site)":0.06178495570729722,
       "Full adaptive model (synonymous subs/site)":0.08707494423914193,
       "LRT":3.190253505765213,
       "Nucleotide GTR":0.09000616125213037,
       "Rate Distributions":        [
[0.03973061885250224, 0.9600115530261923],
        [5.101554143888471, 0.03998844697380766] 
        ],
       "Rate classes":2,
       "Uncorrected P-value":0.07568054787634865
      },
     "NODE_9":{
       "Baseline MG94xREV":0.03043883264554779,
       "Baseline MG94xREV omega ratio":6.169306673275593,
       "Corrected P-value":1,
       "Full adaptive model":0.02740253231120893,
       "Full adaptive model (non-synonymous subs/site)":0.02740253231120893,
       "Full adaptive model (synonymous subs/site)":1e-10,
       "LRT":0.2767021257459419,
       "Nucleotide GTR":0.05001224281728465,
       "Rate Distributions":        [
[10000000000, 1] 
        ],
       "Rate classes":1,
       "Uncorrected P-value":0.3810120710170594
      },
     "Q4SUI7_TETNG":{
       "Baseline MG94xREV":0.06322012638745192,
       "Baseline MG94xREV omega ratio":0.1440545677749283,
       "Corrected P-value":1,