{
 "analysis":{
   "authors":"Sergei L Kosakovsky Pond, Ben Murrell, Steven Weaver and Temple iGEM / UCSD viral evolution group",
   "citation":"Less Is More: An Adaptive Branch-Site Random Effects Model for Efficient Detection of Episodic Diversifying Selection (2015). Mol Biol Evol 32 (5): 1342-1353. v2.2 adds support for multiple-hit models",
   "contact":"spond@temple.edu",
   "info":"aBSREL (Adaptive branch-site random effects likelihood)\n                            uses an adaptive random effects branch-site model framework\n                            to test whether each branch has evolved under positive selection,\n                            using a procedure which infers an optimal number of rate categories per branch.",
   "requirements":"in-frame codon alignment and a phylogenetic tree",
   "version":"2.2"
  },
 "branch attributes":{
   "0":{
     "ENSBTAP00000054312":{
       "Baseline MG94xREV":0.0399639490168553,
       "Baseline MG94xREV omega ratio":0.5070856820798602,
       "Corrected P-value":1,
       "Full adaptive model":0.03992271896032056,
       "Full adaptive model (non-synonymous subs/site)":0.02248742165243358,
       "Full adaptive model (synonymous subs/site)":0.01743529730788693,
       "LRT":0,
       "Nucleotide GTR":0.03956506470008713,
       "Rate Distributions":        [
[0.4956185583325622, 1] 
        ],
       "Rate classes":1,
       "Uncorrected P-value":1,
       "original name":"ENSBTAP00000054312"
      },
     "ENSCAFP00000039645":{
       "Baseline MG94xREV":0.0688386893404231,
       "Baseline MG94xREV omega ratio":0.3524378160820227,
       "Corrected P-value":0.2698981548727586,
       "Full adaptive model":32.63418555746878,
       "Full adaptive model (non-synonymous subs/site)":32.60116217303713,
       "Full adaptive model (synonymous subs/site)":0.03302338443163862,
       "LRT":6.335763675394446,
       "Nucleotide GTR":0.06426253689715442,
       "Rate Distributions":        [
[0.1428866770765597, 0.9582815571474231],
        [9090.000000003736, 0.04171844285257686] 
        ],
       "Rate classes":2,
       "Uncorrected P-value":0.01499434193737548,
       "original name":"ENSCAFP00000039645"
      },
     "ENSDNOP00000004440":{
       "Baseline MG94xREV":0.1170977905204224,
       "Baseline MG94xREV omega ratio":0.4823088743874558,
       "Corrected P-value":1,
       "Full adaptive model":0.1183760579343584,
       "Full adaptive model (non-synonymous subs/site)":0.06582180731920713,
       "Full adaptive model (synonymous subs/site)":0.05255425061515107,
       "LRT":0,
       "Nucleotide GTR":0.1105830992948,
       "Rate Distributions":        [
[0.4812815456715311, 1] 
        ],
       "Rate classes":1,
       "Uncorrected P-value":1,
       "original name":"ENSDNOP00000004440"
      },
     "ENSGGOP00000010587":{
       "Baseline MG94xREV":0.002866215233044585,
       "Baseline MG94xREV omega ratio":0,
       "Corrected P-value":1,
       "Full adaptive model":0.002786496309059062,
       "Full adaptive model (non-synonymous subs/site)":1e-10,
       "Full adaptive model (synonymous subs/site)":0.002786496309059062,
       "LRT":0,
       "Nucleotide GTR":0.002543535842144683,
       "Rate Distributions":        [
[0, 1] 
        ],
       "Rate classes":1,
       "Uncorrected P-value":1,
       "original name":"ENSGGOP00000010587"
      },
     "ENSOGAP00000017360":{
       "Baseline MG94xREV":0.1724491734974853,
       "Baseline MG94xREV omega ratio":0.5048933847720083,
       "Corrected P-value":1,
       "Full adaptive model":0.3638613065027491,
       "Full adaptive model (non-synonymous subs/site)":0.2950780002521411,
       "Full adaptive model (synonymous subs/site)":0.06878330625060797,
       "LRT":2.444527215448943,
       "Nucleotide GTR":0.1641450113555872,
       "Rate Distributions":        [
[0.4087909224999306, 0.9523464633984583],
        [26.42400589118602, 0.0476535366015417] 
        ],
       "Rate classes":2,
       "Uncorrected P-value":0.111955874051348,
       "original name":"ENSOGAP00000017360"
      },
     "ENSPPYP00000012397":{
       "Baseline MG94xREV":0.005907699119624839,
       "Baseline MG94xREV omega ratio":0.3350715478336754,
       "Corrected P-value":1,
       "Full adaptive model":0.005919883012829843,
       "Full adaptive model (non-synonymous subs/site)":0.002726098787509618,
       "Full adaptive model (synonymous subs/site)":0.003193784225320222,
       "LRT":0,
       "Nucleotide GTR":0.005938280877423519,
       "Rate Distributions":        [
[0.3279995684647323, 1] 
        ],
       "Rate classes":1,
       "Uncorrected P-value":1,
       "original name":"ENSPPYP00000012397"
      },
     "ENSPVAP00000013336":{
       "Baseline MG94xREV":0.1134149768895876,
       "Baseline MG94xREV omega ratio":0.9763936550280433,
       "Corrected P-value":1,
       "Full adaptive model":0.1154122246755881,
       "Full adaptive model (non-synonymous subs/site)":0.08226996584700237,
       "Full adaptive model (synonymous subs/site)":0.03314225882858578,
       "LRT":0,
       "Nucleotide GTR":0.1164309099778346,
       "Rate Distributions":        [
[0.9538859819706282, 1] 
        ],
       "Rate classes":1,
       "Uncorrected P-value":1,
       "original name":"ENSPVAP00000013336"
      },
     "ENSSSCP00000007934":{
       "Baseline MG94xREV":0.1268333046374936,
       "Baseline MG94xREV omega ratio":0.6066101194183574,
       "Corrected P-value":1,
       "Full adaptive model":0.1262800795310455,
       "Full adaptive model (non-synonymous subs/site)":0.07567845565985006,
       "Full adaptive model (synonymous subs/site)":0.05060162387119543,
       "LRT":0,
       "Nucleotide GTR":0.1179610853708781,
       "Rate Distributions":        [
[0.5747051131904031, 1] 
        ],
       "Rate classes":1,
       "Uncorrected P-value":1,
       "original name":"ENSSSCP00000007934"
      },
     "ENSTSYP00000001141":{
       "Baseline MG94xREV":0.08617433688326159,
       "Baseline MG94xREV omega ratio":0.9346395458960534,
       "Corrected P-value":1,
       "Full adaptive model":0.08631085752271601,
       "Full adaptive model (non-synonymous subs/site)":0.06056194945137956,
       "Full adaptive model (synonymous subs/site)":0.02574890807133651,
       "LRT":0,
       "Nucleotide GTR":0.0852934990943993,
       "Rate Distributions":        [
[0.9038123759976692, 1] 
        ],
       "Rate classes":1,
       "Uncorrected P-value":1,
       "original name":"ENSTSYP00000001141"
      },
     "ENSTTRP00000006657":{
       "Baseline MG94xREV":0.009298321725366957,
       "Baseline MG94xREV omega ratio":10000000000,
       "Corrected P-value":1,
       "Full adaptive model":0.008800668388521045,
       "Full adaptive model (non-synonymous subs/site)":0.008800668388521045,
       "Full adaptive model (synonymous subs/site)":1e-10,
       "LRT":1.766364904793591,
       "Nucleotide GTR":0.00922672443664203,
       "Rate Distributions":        [
[10000000000, 1] 
        ],
       "Rate classes":1,
       "Uncorrected P-value":0.1608060131663114,
       "original name":"ENSTTRP00000006657"
      },
     "ENSVPAP00000006748":{
       "Baseline MG94xREV":0.06469681290043881,
       "Baseline MG94xREV omega ratio":0.2427685020765343,
       "Corrected P-value":1,
       "Full adaptive model":0.06579400136902827,
       "Full adaptive model (non-synonymous subs/site)":0.02525209715790829,
       "Full adaptive model (synonymous subs/site)":0.04054190421112001,
       "LRT":0,
       "Nucleotide GTR":0.06106659991565254,
       "Rate Distributions":        [
[0.2393484187324865, 1] 
        ],
       "Rate classes":1,
       "Uncorrected P-value":1,
       "original name":"ENSVPAP00000006748"
      },
     "NODE_14":{
       "Baseline MG94xREV":0.08929320816031307,
       "Baseline MG94xREV omega ratio":0.3832885889150335,
       "Corrected P-value":1,
       "Full adaptive model":0.08373947453494003,