{
 "analysis":{
   "authors":"Sergei L Kosakovsky Pond, Ben Murrell, Steven Weaver and Temple iGEM / UCSD viral evolution group",
   "citation":"Less Is More: An Adaptive Branch-Site Random Effects Model for Efficient Detection of Episodic Diversifying Selection (2015). Mol Biol Evol 32 (5): 1342-1353. v2.2 adds support for multiple-hit models",
   "contact":"spond@temple.edu",
   "info":"aBSREL (Adaptive branch-site random effects likelihood)\n                            uses an adaptive random effects branch-site model framework\n                            to test whether each branch has evolved under positive selection,\n                            using a procedure which infers an optimal number of rate categories per branch.",
   "requirements":"in-frame codon alignment and a phylogenetic tree",
   "version":"2.2"
  },
 "branch attributes":{
   "0":{
     "ENSMGAP00000012591":{
       "Baseline MG94xREV":0.08238697286087902,
       "Baseline MG94xREV omega ratio":10000000000,
       "Corrected P-value":1,
       "Full adaptive model":0.1044975066712739,
       "Full adaptive model (non-synonymous subs/site)":0.1044467837108241,
       "Full adaptive model (synonymous subs/site)":5.07229604497482e-05,
       "LRT":0.9323781096809398,
       "Nucleotide GTR":0.1859621508248225,
       "Rate Distributions":        [
[0, 0.6528948214757804],
        [2079.436687283303, 0.3471051785242196] 
        ],
       "Rate classes":2,
       "Uncorrected P-value":0.255065745848261,
       "original name":"ENSMGAP00000012591"
      },
     "ENSONIP00000007290":{
       "Baseline MG94xREV":0.08649173331422388,
       "Baseline MG94xREV omega ratio":1.374306703364453,
       "Corrected P-value":1,
       "Full adaptive model":0.07447437438157707,
       "Full adaptive model (non-synonymous subs/site)":0.0583783607523865,
       "Full adaptive model (synonymous subs/site)":0.01609601362919058,
       "LRT":0.04168746817413194,
       "Nucleotide GTR":0.1060658208245685,
       "Rate Distributions":        [
[1.271305371592685, 1] 
        ],
       "Rate classes":1,
       "Uncorrected P-value":0.4614549335430328,
       "original name":"ENSONIP00000007290"
      },
     "ENSONIP00000007730":{
       "Baseline MG94xREV":0.01225129683920209,
       "Baseline MG94xREV omega ratio":0.6478524825085162,
       "Corrected P-value":1,
       "Full adaptive model":0.01305444709568606,
       "Full adaptive model (non-synonymous subs/site)":0.008192677414561525,
       "Full adaptive model (synonymous subs/site)":0.00486176968112453,
       "LRT":0,
       "Nucleotide GTR":0.010978683237893,
       "Rate Distributions":        [
[0.5906739134904981, 1] 
        ],
       "Rate classes":1,
       "Uncorrected P-value":1,
       "original name":"ENSONIP00000007730"
      },
     "ENSONIP00000014642":{
       "Baseline MG94xREV":0.02357445202747271,
       "Baseline MG94xREV omega ratio":0.8006456930354915,
       "Corrected P-value":1,
       "Full adaptive model":0.02169046218745209,
       "Full adaptive model (non-synonymous subs/site)":0.01458925012082552,
       "Full adaptive model (synonymous subs/site)":0.007101212066626564,
       "LRT":0,
       "Nucleotide GTR":0.02449577624765447,
       "Rate Distributions":        [
[0.7201397850815542, 1] 
        ],
       "Rate classes":1,
       "Uncorrected P-value":1,
       "original name":"ENSONIP00000014642"
      },
     "ENSPSIP00000019190":{
       "Baseline MG94xREV":0.2644631882778255,
       "Baseline MG94xREV omega ratio":0.03923865268230125,
       "Corrected P-value":1,
       "Full adaptive model":0.2725242133160863,
       "Full adaptive model (non-synonymous subs/site)":0.02309271767687959,
       "Full adaptive model (synonymous subs/site)":0.2494314956392068,
       "LRT":0,
       "Nucleotide GTR":0.09367186359687628,
       "Rate Distributions":        [
[0.03245189576663972, 1] 
        ],
       "Rate classes":1,
       "Uncorrected P-value":1,
       "original name":"ENSPSIP00000019190"
      },
     "NODE_10":{
       "Baseline MG94xREV":1214.092330972856,
       "Baseline MG94xREV omega ratio":3.268589252981019e-05,
       "Corrected P-value":1,
       "Full adaptive model":5.18942381860432,
       "Full adaptive model (non-synonymous subs/site)":0.17400837483158,
       "Full adaptive model (synonymous subs/site)":5.01541544377274,
       "LRT":0,
       "Nucleotide GTR":0.2298187602454901,
       "Rate Distributions":        [
[0, 0.727932024412497],
        [0.04469944491395277, 0.272067975587503] 
        ],
       "Rate classes":2,
       "Uncorrected P-value":1
      },
     "NODE_3":{
       "Baseline MG94xREV":0.09092304525478145,
       "Baseline MG94xREV omega ratio":0.1420610473781459,
       "Corrected P-value":0.2364679451010219,
       "Full adaptive model":0.1776172010660702,
       "Full adaptive model (non-synonymous subs/site)":0.1139596312041975,
       "Full adaptive model (synonymous subs/site)":0.06365756986187257,
       "LRT":5.238610810500177,
       "Nucleotide GTR":0.06601509769253021,
       "Rate Distributions":        [
[0.04091894076437491, 0.9447508288476202],
        [10.65802324381638, 0.05524917115237982] 
        ],
       "Rate classes":2,
       "Uncorrected P-value":0.02627421612233577
      },
     "NODE_5":{
       "Baseline MG94xREV":0.07820877366106867,
       "Baseline MG94xREV omega ratio":0.5776105283829385,
       "Corrected P-value":1,
       "Full adaptive model":0.08020587464411531,
       "Full adaptive model (non-synonymous subs/site)":0.06946615817521384,
       "Full adaptive model (synonymous subs/site)":0.01073971646890146,
       "LRT":1.082273227735641,
       "Nucleotide GTR":0.1347413374607626,
       "Rate Distributions":        [
[0, 0.8114622832646774],
        [12.02537251851783, 0.1885377167353226] 
        ],
       "Rate classes":2,
       "Uncorrected P-value":0.2342637957822906
      },
     "SI_DKEY_61P9_6_DANRE":{
       "Baseline MG94xREV":0.5009497645741263,
       "Baseline MG94xREV omega ratio":0.08983247861613872,
       "Corrected P-value":1,
       "Full adaptive model":0.6278280444905394,
       "Full adaptive model (non-synonymous subs/site)":0.1786695375409166,
       "Full adaptive model (synonymous subs/site)":0.4491585069496229,
       "LRT":0.01095675474880409,
       "Nucleotide GTR":0.2327750021390959,
       "Rate Distributions":        [
[0.04119701994058177, 0.91144346616987],
        [1.150505378248026, 0.08855653383012996] 
        ],
       "Rate classes":2,
       "Uncorrected P-value":0.4816877969591171,
       "original name":"SI@DKEY-61P9.6_DANRE"
      }
    },
   "attributes":{
     "Baseline MG94xREV":{
       "attribute type":"branch length",
       "display order":1
      },
     "Baseline MG94xREV omega ratio":{
       "attribute type":"branch label",
       "display order":1
      },
     "Corrected P-value":{
       "attribute type":"branch label",
       "display order":6
      },
     "Full adaptive model":{
       "attribute type":"branch length",
       "display order":2
      },
     "Full adaptive model (non-synonymous subs/site)":{
       "attribute type":"branch label",
       "display order":10
      },
     "Full adaptive model (synonymous subs/site)":{
       "attribute type":"branch label",
       "display order":9
      },
     "LRT":{
       "attribute type":"branch label",
       "display order":4
      },
     "Nucleotide GTR":{
       "attribute type":"branch length",
       "display order":0
      },
     "Rate Distributions":{
       "attribute type":"branch label",
       "display order":3
      },
     "Rate classes":{
       "attribute type":"branch label",
       "display order":2
      },
     "Uncorrected P-value":{
       "attribute type":"branch label",
       "display order":5
      },
     "original name":{
       "attribute type":"node label",
       "display order":-1
      }
    }
  },