{
 "analysis":{
   "authors":"Sergei L Kosakovsky Pond, Ben Murrell, Steven Weaver and Temple iGEM / UCSD viral evolution group",
   "citation":"Less Is More: An Adaptive Branch-Site Random Effects Model for Efficient Detection of Episodic Diversifying Selection (2015). Mol Biol Evol 32 (5): 1342-1353. v2.2 adds support for multiple-hit models",
   "contact":"spond@temple.edu",
   "info":"aBSREL (Adaptive branch-site random effects likelihood)\n                            uses an adaptive random effects branch-site model framework\n                            to test whether each branch has evolved under positive selection,\n                            using a procedure which infers an optimal number of rate categories per branch.",
   "requirements":"in-frame codon alignment and a phylogenetic tree",
   "version":"2.2"
  },
 "branch attributes":{
   "0":{
     "ENSGACP00000025549":{
       "Baseline MG94xREV":0.1867055680650465,
       "Baseline MG94xREV omega ratio":0.2109987996021595,
       "Corrected P-value":1,
       "Full adaptive model":0.2110548424714527,
       "Full adaptive model (non-synonymous subs/site)":0.1079305834021351,
       "Full adaptive model (synonymous subs/site)":0.1031242590693175,
       "LRT":0.9562727552684009,
       "Nucleotide GTR":0.1436668675730511,
       "Rate Distributions":        [
[0, 0.8057958012408951],
        [1.838837049457864, 0.1942041987591049] 
        ],
       "Rate classes":2,
       "Uncorrected P-value":0.2516068425538425,
       "original name":"ENSGACP00000025549"
      },
     "ENSGMOP00000005237":{
       "Baseline MG94xREV":0.09920205311905701,
       "Baseline MG94xREV omega ratio":10000000000,
       "Corrected P-value":0.0001665903940754054,
       "Full adaptive model":0.1916136586864995,
       "Full adaptive model (non-synonymous subs/site)":0.1916034457336257,
       "Full adaptive model (synonymous subs/site)":1.021295287381273e-05,
       "LRT":20.48329229110914,
       "Nucleotide GTR":0.1694267115756392,
       "Rate Distributions":        [
[4.36776832699246e-14, 0.7693260435555707],
        [27750.55031368455, 0.2306739564444293] 
        ],
       "Rate classes":2,
       "Uncorrected P-value":1.189931386252896e-05,
       "original name":"ENSGMOP00000005237"
      },
     "ENSGMOP00000005405":{
       "Baseline MG94xREV":0.1148648527281258,
       "Baseline MG94xREV omega ratio":0.4847478856886709,
       "Corrected P-value":0.9490405748463955,
       "Full adaptive model":0.3848825955598875,
       "Full adaptive model (non-synonymous subs/site)":0.3556280497139225,
       "Full adaptive model (synonymous subs/site)":0.02925454584596497,
       "LRT":2.939632157622327,
       "Nucleotide GTR":0.1611641701861403,
       "Rate Distributions":        [
[0.4717265754951192, 0.9432680072827343],
        [65.26941955904741, 0.0567319927172657] 
        ],
       "Rate classes":2,
       "Uncorrected P-value":0.08627641589512686,
       "original name":"ENSGMOP00000005405"
      },
     "ENSORLP00000000383":{
       "Baseline MG94xREV":0.1803352362953235,
       "Baseline MG94xREV omega ratio":0.1055893421212553,
       "Corrected P-value":1,
       "Full adaptive model":0.1685069789262062,
       "Full adaptive model (non-synonymous subs/site)":0.03269995040624091,
       "Full adaptive model (synonymous subs/site)":0.1358070285199652,
       "LRT":0,
       "Nucleotide GTR":0.1357974314560776,
       "Rate Distributions":        [
[0.08215670717493394, 1] 
        ],
       "Rate classes":1,
       "Uncorrected P-value":1,
       "original name":"ENSORLP00000000383"
      },
     "ENSTNIP00000017132":{
       "Baseline MG94xREV":0.1284717386028268,
       "Baseline MG94xREV omega ratio":0.2178328028852484,
       "Corrected P-value":1,
       "Full adaptive model":0.1551329507842512,
       "Full adaptive model (non-synonymous subs/site)":0.07748337552146631,
       "Full adaptive model (synonymous subs/site)":0.07764957526278492,
       "LRT":2.49638362931455,
       "Nucleotide GTR":0.1100290980018279,
       "Rate Distributions":        [
[0, 0.8695391626028042],
        [2.609801421291941, 0.1304608373971958] 
        ],
       "Rate classes":2,
       "Uncorrected P-value":0.1089286063667138,
       "original name":"ENSTNIP00000017132"
      },
     "ENSTRUP00000005141":{
       "Baseline MG94xREV":0.0867012344803012,
       "Baseline MG94xREV omega ratio":0.463876933016828,
       "Corrected P-value":0.03109516820755931,
       "Full adaptive model":0.1311515644149937,
       "Full adaptive model (non-synonymous subs/site)":0.09651702462373349,
       "Full adaptive model (synonymous subs/site)":0.03463453979126025,
       "LRT":9.951915389868191,
       "Nucleotide GTR":0.08403919347114232,
       "Rate Distributions":        [
[0, 0.8706862583543599],
        [7.353058197161786, 0.1293137416456401] 
        ],
       "Rate classes":2,
       "Uncorrected P-value":0.002391936015966101,
       "original name":"ENSTRUP00000005141"
      },
     "LOC445926_TAKRU":{
       "Baseline MG94xREV":0.1271145094872676,
       "Baseline MG94xREV omega ratio":0.5336027072454217,
       "Corrected P-value":1,
       "Full adaptive model":0.1255002680098694,
       "Full adaptive model (non-synonymous subs/site)":0.07309296556034836,
       "Full adaptive model (synonymous subs/site)":0.05240730244952087,
       "LRT":0,
       "Nucleotide GTR":0.1220956030035195,
       "Rate Distributions":        [
[0.4758849322099638, 1] 
        ],
       "Rate classes":1,
       "Uncorrected P-value":1,
       "original name":"LOC445926_TAKRU"
      },
     "LYG2_XENTR":{
       "Baseline MG94xREV":3.789528517283729,
       "Baseline MG94xREV omega ratio":0.01298718616418349,
       "Corrected P-value":1,
       "Full adaptive model":3.254159322718866,
       "Full adaptive model (non-synonymous subs/site)":0.225764683665038,
       "Full adaptive model (synonymous subs/site)":3.028394639053828,
       "LRT":0,
       "Nucleotide GTR":0.2967194664776398,
       "Rate Distributions":        [
[0, 0.7095289403762565],
        [0.08757070497535632, 0.2904710596237435] 
        ],
       "Rate classes":2,
       "Uncorrected P-value":1,
       "original name":"LYG2_XENTR"
      },
     "NODE_10":{
       "Baseline MG94xREV":0.3466204037661461,
       "Baseline MG94xREV omega ratio":0.06627874537368594,
       "Corrected P-value":1,
       "Full adaptive model":0.3947970259565509,
       "Full adaptive model (non-synonymous subs/site)":0.0955929736420057,
       "Full adaptive model (synonymous subs/site)":0.2992040523145452,
       "LRT":0,
       "Nucleotide GTR":0.1459669400067144,
       "Rate Distributions":        [
[0, 0.8379256267549007],
        [0.6726084622154412, 0.1620743732450993] 
        ],
       "Rate classes":2,
       "Uncorrected P-value":1
      },
     "NODE_12":{
       "Baseline MG94xREV":0.0505718315379001,
       "Baseline MG94xREV omega ratio":0.45211930865118,
       "Corrected P-value":1,
       "Full adaptive model":0.04461241048356198,
       "Full adaptive model (non-synonymous subs/site)":0.01527797116395715,
       "Full adaptive model (synonymous subs/site)":0.02933443931960482,
       "LRT":0,
       "Nucleotide GTR":0.03228639049908022,
       "Rate Distributions":        [
[0.1777076286276459, 1] 
        ],
       "Rate classes":1,
       "Uncorrected P-value":1
      },
     "NODE_13":{
       "Baseline MG94xREV":0.01997763689898631,
       "Baseline MG94xREV omega ratio":10000000000,
       "Corrected P-value":1,
       "Full adaptive model":0.01230251502897967,
       "Full adaptive model (non-synonymous subs/site)":0.01230251502897967,
       "Full adaptive model (synonymous subs/site)":1e-10,
       "LRT":0.004840629426325904,
       "Nucleotide GTR":0.1199831293053945,
       "Rate Distributions":        [
[10000000000, 1] 
        ],
       "Rate classes":1,
       "Uncorrected P-value":0.4881812293033952
      },