{
 "analysis":{
   "authors":"Sergei L Kosakovsky Pond, Ben Murrell, Steven Weaver and Temple iGEM / UCSD viral evolution group",
   "citation":"Less Is More: An Adaptive Branch-Site Random Effects Model for Efficient Detection of Episodic Diversifying Selection (2015). Mol Biol Evol 32 (5): 1342-1353. v2.2 adds support for multiple-hit models",
   "contact":"spond@temple.edu",
   "info":"aBSREL (Adaptive branch-site random effects likelihood)\n                            uses an adaptive random effects branch-site model framework\n                            to test whether each branch has evolved under positive selection,\n                            using a procedure which infers an optimal number of rate categories per branch.",
   "requirements":"in-frame codon alignment and a phylogenetic tree",
   "version":"2.2"
  },
 "branch attributes":{
   "0":{
     "ENSGACP00000006809":{
       "Baseline MG94xREV":0.1000350982099347,
       "Baseline MG94xREV omega ratio":0.08169467167211418,
       "Corrected P-value":1,
       "Full adaptive model":0.1305883130806362,
       "Full adaptive model (non-synonymous subs/site)":0.05112227817990463,
       "Full adaptive model (synonymous subs/site)":0.07946603490073163,
       "LRT":1.140107251110749,
       "Nucleotide GTR":0.07597077557386259,
       "Rate Distributions":        [
[0.04655808873003582, 0.9836681036966689],
        [11.01658042588574, 0.01633189630333109] 
        ],
       "Rate classes":2,
       "Uncorrected P-value":0.2267744670663181,
       "original name":"ENSGACP00000006809"
      },
     "ENSGMOP00000011710":{
       "Baseline MG94xREV":0.1073151818131121,
       "Baseline MG94xREV omega ratio":0.09893414306085144,
       "Corrected P-value":1,
       "Full adaptive model":0.09701213881151728,
       "Full adaptive model (non-synonymous subs/site)":0.03240063529274192,
       "Full adaptive model (synonymous subs/site)":0.06461150351877537,
       "LRT":0.5108059150679765,
       "Nucleotide GTR":0.08665851385789164,
       "Rate Distributions":        [
[0, 0.8977232398239118],
        [1.720310590639603, 0.1022767601760882] 
        ],
       "Rate classes":2,
       "Uncorrected P-value":0.3273393286519951,
       "original name":"ENSGMOP00000011710"
      },
     "ENSLACP00000021495":{
       "Baseline MG94xREV":0.4093138021449017,
       "Baseline MG94xREV omega ratio":0.05742621292230364,
       "Corrected P-value":1,
       "Full adaptive model":0.4490870955640492,
       "Full adaptive model (non-synonymous subs/site)":0.0649602775154827,
       "Full adaptive model (synonymous subs/site)":0.3841268180485665,
       "LRT":0,
       "Nucleotide GTR":0.167529143247088,
       "Rate Distributions":        [
[0.02277636936401664, 0.906461513292361],
        [0.4136204561690028, 0.09353848670763898] 
        ],
       "Rate classes":2,
       "Uncorrected P-value":1,
       "original name":"ENSLACP00000021495"
      },
     "ENSTRUP00000011528":{
       "Baseline MG94xREV":0.1003375825484128,
       "Baseline MG94xREV omega ratio":0.1147151563864468,
       "Corrected P-value":1,
       "Full adaptive model":0.09374092715146297,
       "Full adaptive model (non-synonymous subs/site)":0.01991030646565612,
       "Full adaptive model (synonymous subs/site)":0.07383062068580697,
       "LRT":0,
       "Nucleotide GTR":0.08324299507729097,
       "Rate Distributions":        [
[0.09461970121472683, 1] 
        ],
       "Rate classes":1,
       "Uncorrected P-value":1,
       "original name":"ENSTRUP00000011528"
      },
     "F6QXT7_XENTR":{
       "Baseline MG94xREV":0.2620948039446754,
       "Baseline MG94xREV omega ratio":0.1209099542668495,
       "Corrected P-value":1,
       "Full adaptive model":0.2183564646207197,
       "Full adaptive model (non-synonymous subs/site)":0.0823445880113404,
       "Full adaptive model (synonymous subs/site)":0.1360118766093793,
       "LRT":0,
       "Nucleotide GTR":0.2154848710319878,
       "Rate Distributions":        [
[0, 0.7584592286550672],
        [0.8794434654832068, 0.2415407713449328] 
        ],
       "Rate classes":2,
       "Uncorrected P-value":1,
       "original name":"F6QXT7_XENTR"
      },
     "NODE_10":{
       "Baseline MG94xREV":1566.293102558647,
       "Baseline MG94xREV omega ratio":1.082733046311635e-05,
       "Corrected P-value":1,
       "Full adaptive model":3.250223849092476,
       "Full adaptive model (non-synonymous subs/site)":0.6846146086183099,
       "Full adaptive model (synonymous subs/site)":2.565609240474166,
       "LRT":-0.01203632617762196,
       "Nucleotide GTR":0.1215502003731161,
       "Rate Distributions":        [
[0.003989019692145909, 0.9743477526310544],
        [3.498296332087227, 0.02565224736894556] 
        ],
       "Rate classes":2,
       "Uncorrected P-value":0.5
      },
     "NODE_6":{
       "Baseline MG94xREV":0.07314289085386162,
       "Baseline MG94xREV omega ratio":0.09685723222529735,
       "Corrected P-value":1,
       "Full adaptive model":0.08454929842106819,
       "Full adaptive model (non-synonymous subs/site)":0.01233461939612743,
       "Full adaptive model (synonymous subs/site)":0.07221467902494076,
       "LRT":0,
       "Nucleotide GTR":0.05653349522774509,
       "Rate Distributions":        [
[0.05992946695796653, 1] 
        ],
       "Rate classes":1,
       "Uncorrected P-value":1
      },
     "NODE_8":{
       "Baseline MG94xREV":0.01292975484010842,
       "Baseline MG94xREV omega ratio":10000000000,
       "Corrected P-value":1,
       "Full adaptive model":0.0239167964556497,
       "Full adaptive model (non-synonymous subs/site)":0.01769441134796943,
       "Full adaptive model (synonymous subs/site)":0.006222385107680259,
       "LRT":0.3099609525143023,
       "Nucleotide GTR":0.09282442068865299,
       "Rate Distributions":        [
[0, 0.9465422883273503],
        [18.66418435464568, 0.05345771167264968] 
        ],
       "Rate classes":2,
       "Uncorrected P-value":0.3724703989123397
      },
     "ZGC_172049_DANRE":{
       "Baseline MG94xREV":0.4008777158663197,
       "Baseline MG94xREV omega ratio":0.01921512087736783,
       "Corrected P-value":1,
       "Full adaptive model":0.3880057803091077,
       "Full adaptive model (non-synonymous subs/site)":0.01998410903221876,
       "Full adaptive model (synonymous subs/site)":0.3680216712768886,
       "LRT":0,
       "Nucleotide GTR":0.1149722434653557,
       "Rate Distributions":        [
[0.01905248130871776, 1] 
        ],
       "Rate classes":1,
       "Uncorrected P-value":1,
       "original name":"ZGC@172049_DANRE"
      }
    },
   "attributes":{
     "Baseline MG94xREV":{
       "attribute type":"branch length",
       "display order":1
      },
     "Baseline MG94xREV omega ratio":{
       "attribute type":"branch label",
       "display order":1
      },
     "Corrected P-value":{
       "attribute type":"branch label",
       "display order":6
      },
     "Full adaptive model":{
       "attribute type":"branch length",
       "display order":2
      },
     "Full adaptive model (non-synonymous subs/site)":{
       "attribute type":"branch label",
       "display order":10
      },
     "Full adaptive model (synonymous subs/site)":{
       "attribute type":"branch label",
       "display order":9
      },
     "LRT":{
       "attribute type":"branch label",
       "display order":4
      },
     "Nucleotide GTR":{
       "attribute type":"branch length",
       "display order":0
      },
     "Rate Distributions":{
       "attribute type":"branch label",
       "display order":3
      },
     "Rate classes":{
       "attribute type":"branch label",
       "display order":2
      },
     "Uncorrected P-value":{
       "attribute type":"branch label",
       "display order":5
      },
     "original name":{
       "attribute type":"node label",
       "display order":-1
      }
    }
  },