{
 "analysis":{
   "authors":"Sergei L Kosakovsky Pond, Ben Murrell, Steven Weaver and Temple iGEM / UCSD viral evolution group",
   "citation":"Less Is More: An Adaptive Branch-Site Random Effects Model for Efficient Detection of Episodic Diversifying Selection (2015). Mol Biol Evol 32 (5): 1342-1353. v2.2 adds support for multiple-hit models",
   "contact":"spond@temple.edu",
   "info":"aBSREL (Adaptive branch-site random effects likelihood)\n                            uses an adaptive random effects branch-site model framework\n                            to test whether each branch has evolved under positive selection,\n                            using a procedure which infers an optimal number of rate categories per branch.",
   "requirements":"in-frame codon alignment and a phylogenetic tree",
   "version":"2.2"
  },
 "branch attributes":{
   "0":{
     "ENSGACP00000000487":{
       "Baseline MG94xREV":0.1122821562191431,
       "Baseline MG94xREV omega ratio":0.16526583165515,
       "Corrected P-value":0.6058891164548419,
       "Full adaptive model":0.1319045077193997,
       "Full adaptive model (non-synonymous subs/site)":0.05096549814953348,
       "Full adaptive model (synonymous subs/site)":0.08093900956986622,
       "LRT":3.617617126581536,
       "Nucleotide GTR":0.1060283165297725,
       "Rate Distributions":        [
[0, 0.9074926583528028],
        [2.423114195048147, 0.09250734164719721] 
        ],
       "Rate classes":2,
       "Uncorrected P-value":0.06058891164548419,
       "original name":"ENSGACP00000000487"
      },
     "ENSGALP00000015068":{
       "Baseline MG94xREV":0.07156297664117699,
       "Baseline MG94xREV omega ratio":0.1501854464464994,
       "Corrected P-value":1,
       "Full adaptive model":0.07183719113312026,
       "Full adaptive model (non-synonymous subs/site)":0.01845179650601364,
       "Full adaptive model (synonymous subs/site)":0.05338539462710665,
       "LRT":0,
       "Nucleotide GTR":0.06546933258408212,
       "Rate Distributions":        [
[0.1230404452344632, 1] 
        ],
       "Rate classes":1,
       "Uncorrected P-value":1,
       "original name":"ENSGALP00000015068"
      },
     "ENSGMOP00000006684":{
       "Baseline MG94xREV":0.1531600928930274,
       "Baseline MG94xREV omega ratio":0.1239894917429574,
       "Corrected P-value":1,
       "Full adaptive model":0.1546303669268607,
       "Full adaptive model (non-synonymous subs/site)":0.04995072610785274,
       "Full adaptive model (synonymous subs/site)":0.1046796408190079,
       "LRT":0.003511362407152774,
       "Nucleotide GTR":0.1196302062059646,
       "Rate Distributions":        [
[0, 0.8367205375226326],
        [1.04035058312762, 0.1632794624773674] 
        ],
       "Rate classes":2,
       "Uncorrected P-value":0.4900232795590628,
       "original name":"ENSGMOP00000006684"
      },
     "ENSSHAP00000015597":{
       "Baseline MG94xREV":0.03992249708446029,
       "Baseline MG94xREV omega ratio":10000000000,
       "Corrected P-value":1,
       "Full adaptive model":0.03776997778513828,
       "Full adaptive model (non-synonymous subs/site)":0.03776997778513828,
       "Full adaptive model (synonymous subs/site)":1e-10,
       "LRT":0.4592403484421084,
       "Nucleotide GTR":0.1101188205105954,
       "Rate Distributions":        [
[10000000000, 1] 
        ],
       "Rate classes":1,
       "Uncorrected P-value":0.3380464755459235,
       "original name":"ENSSHAP00000015597"
      },
     "ENSTGUP00000005450":{
       "Baseline MG94xREV":0.05684421455579667,
       "Baseline MG94xREV omega ratio":0.1285885895767507,
       "Corrected P-value":1,
       "Full adaptive model":0.0600209827571003,
       "Full adaptive model (non-synonymous subs/site)":0.01832509390143582,
       "Full adaptive model (synonymous subs/site)":0.04169588885566448,
       "LRT":0.5565068492305727,
       "Nucleotide GTR":0.0540150327176693,
       "Rate Distributions":        [
[0, 0.917683981586483],
        [1.900641955041233, 0.08231601841351699] 
        ],
       "Rate classes":2,
       "Uncorrected P-value":0.318265702460869,
       "original name":"ENSTGUP00000005450"
      },
     "ENSTNIP00000006224":{
       "Baseline MG94xREV":0.1631006802111314,
       "Baseline MG94xREV omega ratio":0.1467755829206737,
       "Corrected P-value":0.3365985468700626,
       "Full adaptive model":52.54717631745885,
       "Full adaptive model (non-synonymous subs/site)":52.45375413161928,
       "Full adaptive model (synonymous subs/site)":0.09342218583956297,
       "LRT":4.941526732563943,
       "Nucleotide GTR":0.1271984657809254,
       "Rate Distributions":        [
[0.0717167494370794, 0.9480497075441475],
        [3846.117002955014, 0.05195029245585248] 
        ],
       "Rate classes":2,
       "Uncorrected P-value":0.03059986789727842,
       "original name":"ENSTNIP00000006224"
      },
     "LRATB_DANRE":{
       "Baseline MG94xREV":0.09488791633640886,
       "Baseline MG94xREV omega ratio":0.1564905449127868,
       "Corrected P-value":1,
       "Full adaptive model":0.05946283406974648,
       "Full adaptive model (non-synonymous subs/site)":0.04221120498705444,
       "Full adaptive model (synonymous subs/site)":0.01725162908269203,
       "LRT":2.395212340712533,
       "Nucleotide GTR":0.1192300207953271,
       "Rate Distributions":        [
[0, 0.9030733682869464],
        [8.986409645850538, 0.0969266317130536] 
        ],
       "Rate classes":2,
       "Uncorrected P-value":0.1149162695792317,
       "original name":"LRATB_DANRE"
      },
     "NODE_10":{
       "Baseline MG94xREV":0.207560438267944,
       "Baseline MG94xREV omega ratio":0.05031434351542004,
       "Corrected P-value":1,
       "Full adaptive model":0.2106468186161854,
       "Full adaptive model (non-synonymous subs/site)":0.02860342394879161,
       "Full adaptive model (synonymous subs/site)":0.1820433946673938,
       "LRT":0,
       "Nucleotide GTR":0.08875629245577851,
       "Rate Distributions":        [
[0.00385421503689331, 0.8725946112392503],
        [0.412625348469212, 0.1274053887607497] 
        ],
       "Rate classes":2,
       "Uncorrected P-value":1
      },
     "NODE_12":{
       "Baseline MG94xREV":0.6740675051919022,
       "Baseline MG94xREV omega ratio":0.02366210664927201,
       "Corrected P-value":1,
       "Full adaptive model":79.87180811847418,
       "Full adaptive model (non-synonymous subs/site)":79.34684990876291,
       "Full adaptive model (synonymous subs/site)":0.5249582097112812,
       "LRT":0.5101057965875953,
       "Nucleotide GTR":0.1655079364276497,
       "Rate Distributions":        [
[0.01737644918224859, 0.9735244764639481],
        [2031.681078922612, 0.02647552353605187] 
        ],
       "Rate classes":2,
       "Uncorrected P-value":0.3274812644181824
      },
     "NODE_3":{
       "Baseline MG94xREV":0.04493966565596778,
       "Baseline MG94xREV omega ratio":0.0571148254190295,
       "Corrected P-value":1,
       "Full adaptive model":0.04549104068304092,
       "Full adaptive model (non-synonymous subs/site)":0.006534717717923895,
       "Full adaptive model (synonymous subs/site)":0.03895632296511698,
       "LRT":0,
       "Nucleotide GTR":0.03178482488042573,
       "Rate Distributions":        [
[0.05971460574780158, 1] 
        ],
       "Rate classes":1,
       "Uncorrected P-value":1
      },
     "NODE_5":{
       "Baseline MG94xREV":0.2974402520671046,
       "Baseline MG94xREV omega ratio":0.02422114326171555,
       "Corrected P-value":1,
       "Full adaptive model":0.3948351169486464,
       "Full adaptive model (non-synonymous subs/site)":0.04651900007465594,
       "Full adaptive model (synonymous subs/site)":0.3483161168739906,
       "LRT":0.08842979595829092,
       "Nucleotide GTR":0.1059206492885783,
       "Rate Distributions":        [
[0, 0.9649091752110961],
        [1.354861555531476, 0.03509082478890391] 
        ],
       "Rate classes":2,