{
 "analysis":{
   "authors":"Sergei L Kosakovsky Pond, Ben Murrell, Steven Weaver and Temple iGEM / UCSD viral evolution group",
   "citation":"Less Is More: An Adaptive Branch-Site Random Effects Model for Efficient Detection of Episodic Diversifying Selection (2015). Mol Biol Evol 32 (5): 1342-1353. v2.2 adds support for multiple-hit models",
   "contact":"spond@temple.edu",
   "info":"aBSREL (Adaptive branch-site random effects likelihood)\n                            uses an adaptive random effects branch-site model framework\n                            to test whether each branch has evolved under positive selection,\n                            using a procedure which infers an optimal number of rate categories per branch.",
   "requirements":"in-frame codon alignment and a phylogenetic tree",
   "version":"2.2"
  },
 "branch attributes":{
   "0":{
     "ENSXETP00000062305":{
       "Baseline MG94xREV":0.01815844559416959,
       "Baseline MG94xREV omega ratio":0.6700673737275478,
       "Corrected P-value":0.6599684264436577,
       "Full adaptive model":0.01930764036757919,
       "Full adaptive model (non-synonymous subs/site)":0.01293944924260676,
       "Full adaptive model (synonymous subs/site)":0.006368191124972429,
       "LRT":2.770508018709734,
       "Nucleotide GTR":0.01821100138701158,
       "Rate Distributions":        [
[0, 0.8820579708999814],
        [6.338231570292645, 0.1179420291000186] 
        ],
       "Rate classes":2,
       "Uncorrected P-value":0.09428120377766538,
       "original name":"ENSXETP00000062305"
      },
     "F6Q203_XENTR":{
       "Baseline MG94xREV":0.01187683793505167,
       "Baseline MG94xREV omega ratio":0.6971450460168396,
       "Corrected P-value":1,
       "Full adaptive model":0.01251824962846033,
       "Full adaptive model (non-synonymous subs/site)":0.008280873603197117,
       "Full adaptive model (synonymous subs/site)":0.00423737602526321,
       "LRT":0,
       "Nucleotide GTR":0.01200008814253565,
       "Rate Distributions":        [
[0.7189789012892457, 1] 
        ],
       "Rate classes":1,
       "Uncorrected P-value":1,
       "original name":"F6Q203_XENTR"
      },
     "F6XI01_XENTR":{
       "Baseline MG94xREV":0.01454167961474868,
       "Baseline MG94xREV omega ratio":0.2453877028375373,
       "Corrected P-value":0.06133174453459711,
       "Full adaptive model":15.36958386010798,
       "Full adaptive model (non-synonymous subs/site)":15.36164727031387,
       "Full adaptive model (synonymous subs/site)":0.007936589794109383,
       "LRT":8.281033823757753,
       "Nucleotide GTR":0.01419975748951235,
       "Rate Distributions":        [
[0.09933933259722592, 0.992879988548403],
        [100000, 0.007120011451597019] 
        ],
       "Rate classes":2,
       "Uncorrected P-value":0.005575613139508828,
       "original name":"F6XI01_XENTR"
      },
     "F7AIE8_XENTR":{
       "Baseline MG94xREV":0.0397146334895267,
       "Baseline MG94xREV omega ratio":0.6679208267158485,
       "Corrected P-value":0.0007731059298322629,
       "Full adaptive model":0.04967525314450637,
       "Full adaptive model (non-synonymous subs/site)":0.03607121523110007,
       "Full adaptive model (synonymous subs/site)":0.0136040379134063,
       "LRT":17.28159333852818,
       "Nucleotide GTR":0.03905849491261924,
       "Rate Distributions":        [
[0, 0.9035256688488427],
        [10.1115599076516, 0.09647433115115733] 
        ],
       "Rate classes":2,
       "Uncorrected P-value":5.946968691017407e-05,
       "original name":"F7AIE8_XENTR"
      },
     "F7BZI3_XENTR":{
       "Baseline MG94xREV":0.01783208366346787,
       "Baseline MG94xREV omega ratio":1.105857505189364,
       "Corrected P-value":0.002370455991983711,
       "Full adaptive model":4.336404933129399,
       "Full adaptive model (non-synonymous subs/site)":4.332447766091043,
       "Full adaptive model (synonymous subs/site)":0.003957167038355951,
       "LRT":14.89564222213085,
       "Nucleotide GTR":0.0177295848148762,
       "Rate Distributions":        [
[1, 0.995981992412328],
        [100000, 0.004018007587672012] 
        ],
       "Rate classes":2,
       "Uncorrected P-value":0.0001975379993319759,
       "original name":"F7BZI3_XENTR"
      },
     "F7D852_XENTR":{
       "Baseline MG94xREV":0.01266438635571865,
       "Baseline MG94xREV omega ratio":0.273872107786432,
       "Corrected P-value":1,
       "Full adaptive model":0.01134752365060389,
       "Full adaptive model (non-synonymous subs/site)":0.004657377894400628,
       "Full adaptive model (synonymous subs/site)":0.006690145756203248,
       "LRT":0,
       "Nucleotide GTR":0.01234209741572041,
       "Rate Distributions":        [
[0.25611964615679, 1] 
        ],
       "Rate classes":1,
       "Uncorrected P-value":1,
       "original name":"F7D852_XENTR"
      },
     "F7E5J2_XENTR":{
       "Baseline MG94xREV":0.05430764708815308,
       "Baseline MG94xREV omega ratio":0.5197213426533286,
       "Corrected P-value":0.1134865023999126,
       "Full adaptive model":0.06484739371499831,
       "Full adaptive model (non-synonymous subs/site)":0.04259231933242442,
       "Full adaptive model (synonymous subs/site)":0.02225507438257389,
       "LRT":6.882433051145199,
       "Nucleotide GTR":0.05448481624430011,
       "Rate Distributions":        [
[0.2949101013881478, 0.9670400646347179],
        [12.70991708696707, 0.03295993536528208] 
        ],
       "Rate classes":2,
       "Uncorrected P-value":0.01134865023999126,
       "original name":"F7E5J2_XENTR"
      },
     "F7EFC8_XENTR":{
       "Baseline MG94xREV":0.05622609125454186,
       "Baseline MG94xREV omega ratio":0.3795107322486341,
       "Corrected P-value":1,
       "Full adaptive model":0.05652132697121644,
       "Full adaptive model (non-synonymous subs/site)":0.02874681280488251,
       "Full adaptive model (synonymous subs/site)":0.02777451416633397,
       "LRT":0,
       "Nucleotide GTR":0.0542250504866183,
       "Rate Distributions":        [
[0.3807853446675028, 1] 
        ],
       "Rate classes":1,
       "Uncorrected P-value":1,
       "original name":"F7EFC8_XENTR"
      },
     "NODE_10":{
       "Baseline MG94xREV":0.03787652082170639,
       "Baseline MG94xREV omega ratio":0.4305232620437334,
       "Corrected P-value":0.6982306025224674,
       "Full adaptive model":0.04209623843401279,
       "Full adaptive model (non-synonymous subs/site)":0.0241683463368428,
       "Full adaptive model (synonymous subs/site)":0.01792789209716997,
       "LRT":2.917585374825649,
       "Nucleotide GTR":0.03622723953623349,
       "Rate Distributions":        [
[0, 0.847459597412348],
        [3.251395596950326, 0.152540402587652] 
        ],
       "Rate classes":2,
       "Uncorrected P-value":0.08727882531530842
      },
     "NODE_14":{
       "Baseline MG94xREV":0.03396611336634586,
       "Baseline MG94xREV omega ratio":0.4079583627690098,
       "Corrected P-value":0.1680476387242219,
       "Full adaptive model":0.04017701350926971,
       "Full adaptive model (non-synonymous subs/site)":0.0235916612504774,
       "Full adaptive model (synonymous subs/site)":0.0165853522587923,
       "LRT":5.9060834507236,
       "Nucleotide GTR":0.03292926037383696,
       "Rate Distributions":        [
[0, 0.9210917099945277],
        [6.632056034267449, 0.07890829000547228] 
        ],
       "Rate classes":2,
       "Uncorrected P-value":0.01867195985824688
      },
     "NODE_3":{
       "Baseline MG94xREV":0.003376759422780552,
       "Baseline MG94xREV omega ratio":0.7883145632587305,
       "Corrected P-value":1,
       "Full adaptive model":0.002659592367263255,
       "Full adaptive model (non-synonymous subs/site)":0.001564043656935238,
       "Full adaptive model (synonymous subs/site)":0.00109554871032801,
       "LRT":0,
       "Nucleotide GTR":0.003030877497110937,
       "Rate Distributions":        [
[0.5252356244083775, 1] 
        ],
       "Rate classes":1,