{
 "analysis":{
   "authors":"Sergei L Kosakovsky Pond, Ben Murrell, Steven Weaver and Temple iGEM / UCSD viral evolution group",
   "citation":"Less Is More: An Adaptive Branch-Site Random Effects Model for Efficient Detection of Episodic Diversifying Selection (2015). Mol Biol Evol 32 (5): 1342-1353. v2.2 adds support for multiple-hit models",
   "contact":"spond@temple.edu",
   "info":"aBSREL (Adaptive branch-site random effects likelihood)\n                            uses an adaptive random effects branch-site model framework\n                            to test whether each branch has evolved under positive selection,\n                            using a procedure which infers an optimal number of rate categories per branch.",
   "requirements":"in-frame codon alignment and a phylogenetic tree",
   "version":"2.2"
  },
 "branch attributes":{
   "0":{
     "ENSGACP00000007041":{
       "Baseline MG94xREV":0.1307854223857544,
       "Baseline MG94xREV omega ratio":0.1077152802997212,
       "Corrected P-value":1,
       "Full adaptive model":3.65579836250554,
       "Full adaptive model (non-synonymous subs/site)":3.549541429447612,
       "Full adaptive model (synonymous subs/site)":0.1062569330579279,
       "LRT":1.490876405267045,
       "Nucleotide GTR":0.09972717864362721,
       "Rate Distributions":        [
[0.0826207150968795, 0.9921267871982955],
        [1557.699309627717, 0.007873212801704499] 
        ],
       "Rate classes":2,
       "Uncorrected P-value":0.1867740007930663,
       "original name":"ENSGACP00000007041"
      },
     "ENSGMOP00000018343":{
       "Baseline MG94xREV":0.2144956455929372,
       "Baseline MG94xREV omega ratio":0.2251988233064292,
       "Corrected P-value":1,
       "Full adaptive model":0.4756936913387176,
       "Full adaptive model (non-synonymous subs/site)":0.3542361120766846,
       "Full adaptive model (synonymous subs/site)":0.1214575792620332,
       "LRT":1.0840781036095,
       "Nucleotide GTR":0.1739319956843811,
       "Rate Distributions":        [
[0.1400131200792504, 0.940512434515459],
        [15.90625638324273, 0.05948756548454104] 
        ],
       "Rate classes":2,
       "Uncorrected P-value":0.2340257716303438,
       "original name":"ENSGMOP00000018343"
      },
     "ENSLACP00000021102":{
       "Baseline MG94xREV":1427.788540128926,
       "Baseline MG94xREV omega ratio":2.657540077912427e-05,
       "Corrected P-value":1,
       "Full adaptive model":5.860511358334098,
       "Full adaptive model (non-synonymous subs/site)":0.139606723967106,
       "Full adaptive model (synonymous subs/site)":5.720904634366993,
       "LRT":0,
       "Nucleotide GTR":0.2891117531559583,
       "Rate Distributions":        [
[0, 0.7089473217049875],
        [0.03098729968551052, 0.2910526782950125] 
        ],
       "Rate classes":2,
       "Uncorrected P-value":1,
       "original name":"ENSLACP00000021102"
      },
     "ENSONIP00000018480":{
       "Baseline MG94xREV":0.0833642179627796,
       "Baseline MG94xREV omega ratio":0.1312085585112748,
       "Corrected P-value":1,
       "Full adaptive model":0.08435165238292176,
       "Full adaptive model (non-synonymous subs/site)":0.021184370839094,
       "Full adaptive model (synonymous subs/site)":0.06316728154382772,
       "LRT":0,
       "Nucleotide GTR":0.07981452072546494,
       "Rate Distributions":        [
[0.123947304884262, 1] 
        ],
       "Rate classes":1,
       "Uncorrected P-value":1,
       "original name":"ENSONIP00000018480"
      },
     "ENSORLP00000008159":{
       "Baseline MG94xREV":0.1673414310519319,
       "Baseline MG94xREV omega ratio":0.09818388812654286,
       "Corrected P-value":1,
       "Full adaptive model":0.1653650377370441,
       "Full adaptive model (non-synonymous subs/site)":0.03711548484470685,
       "Full adaptive model (synonymous subs/site)":0.1282495528923373,
       "LRT":0,
       "Nucleotide GTR":0.133394245889318,
       "Rate Distributions":        [
[0, 0.7264972967165435],
        [0.391067171192536, 0.2735027032834565] 
        ],
       "Rate classes":2,
       "Uncorrected P-value":1,
       "original name":"ENSORLP00000008159"
      },
     "ENSTRUP00000046669":{
       "Baseline MG94xREV":0.05725062625733474,
       "Baseline MG94xREV omega ratio":0.2838594521090824,
       "Corrected P-value":1,
       "Full adaptive model":0.06215768542032091,
       "Full adaptive model (non-synonymous subs/site)":0.02874099443602882,
       "Full adaptive model (synonymous subs/site)":0.03341669098429208,
       "LRT":2.035248752337793,
       "Nucleotide GTR":0.06110715542128745,
       "Rate Distributions":        [
[0, 0.8567709796893368],
        [2.219325643619747, 0.1432290203106632] 
        ],
       "Rate classes":2,
       "Uncorrected P-value":0.1391735867231959,
       "original name":"ENSTRUP00000046669"
      },
     "NODE_11":{
       "Baseline MG94xREV":0.1383831449199306,
       "Baseline MG94xREV omega ratio":0.09319196950686315,
       "Corrected P-value":1,
       "Full adaptive model":7.804159391139376,
       "Full adaptive model (non-synonymous subs/site)":7.630687319812436,
       "Full adaptive model (synonymous subs/site)":0.1734720713269381,
       "LRT":1.453483698674972,
       "Nucleotide GTR":0.08594719920654453,
       "Rate Distributions":        [
[0.02599151781432027, 0.9701090127795137],
        [543.0420216829873, 0.02989098722048633] 
        ],
       "Rate classes":2,
       "Uncorrected P-value":0.1906384618866031
      },
     "NODE_3":{
       "Baseline MG94xREV":0.03343983272899172,
       "Baseline MG94xREV omega ratio":0.1386869377172611,
       "Corrected P-value":1,
       "Full adaptive model":0.03069043277246019,
       "Full adaptive model (non-synonymous subs/site)":0.007383062498994278,
       "Full adaptive model (synonymous subs/site)":0.02330737027346588,
       "LRT":0,
       "Nucleotide GTR":0.03451594646009267,
       "Rate Distributions":        [
[0.1170730610651143, 1] 
        ],
       "Rate classes":1,
       "Uncorrected P-value":1
      },
     "NODE_6":{
       "Baseline MG94xREV":0.09767750477994307,
       "Baseline MG94xREV omega ratio":0.1086952124282642,
       "Corrected P-value":1,
       "Full adaptive model":0.1252779612234637,
       "Full adaptive model (non-synonymous subs/site)":0.05306225695760085,
       "Full adaptive model (synonymous subs/site)":0.07221570426586292,
       "LRT":2.137368767223961,
       "Nucleotide GTR":0.07671644895947059,
       "Rate Distributions":        [
[0.06794934097922301, 0.9815053464771989],
        [11.07717921961151, 0.01849465352280111] 
        ],
       "Rate classes":2,
       "Uncorrected P-value":0.1317876767558862
      },
     "NODE_7":{
       "Baseline MG94xREV":0.04275831482638165,
       "Baseline MG94xREV omega ratio":0.03289449921142209,
       "Corrected P-value":1,
       "Full adaptive model":0.03845142954417694,
       "Full adaptive model (non-synonymous subs/site)":0.00398676671537431,
       "Full adaptive model (synonymous subs/site)":0.03446466282880261,
       "LRT":0,
       "Nucleotide GTR":0.03544302245740451,
       "Rate Distributions":        [
[0.04275239946064596, 1] 
        ],
       "Rate classes":1,
       "Uncorrected P-value":1
      },
     "NODE_9":{
       "Baseline MG94xREV":0.1008448610523631,
       "Baseline MG94xREV omega ratio":0.1374642912877355,
       "Corrected P-value":1,
       "Full adaptive model":0.1036575500998214,
       "Full adaptive model (non-synonymous subs/site)":0.02795670827581382,
       "Full adaptive model (synonymous subs/site)":0.07570084182400767,
       "LRT":0,
       "Nucleotide GTR":0.07502725163191765,
       "Rate Distributions":        [
[0.1364894332063867, 1] 
        ],
       "Rate classes":1,
       "Uncorrected P-value":1
      },
     "Q4RIH7_TETNG":{
       "Baseline MG94xREV":0.07719824880044369,
       "Baseline MG94xREV omega ratio":0.06297704188127029,