{
 "analysis":{
   "authors":"Sergei L Kosakovsky Pond, Ben Murrell, Steven Weaver and Temple iGEM / UCSD viral evolution group",
   "citation":"Less Is More: An Adaptive Branch-Site Random Effects Model for Efficient Detection of Episodic Diversifying Selection (2015). Mol Biol Evol 32 (5): 1342-1353. v2.2 adds support for multiple-hit models",
   "contact":"spond@temple.edu",
   "info":"aBSREL (Adaptive branch-site random effects likelihood)\n                            uses an adaptive random effects branch-site model framework\n                            to test whether each branch has evolved under positive selection,\n                            using a procedure which infers an optimal number of rate categories per branch.",
   "requirements":"in-frame codon alignment and a phylogenetic tree",
   "version":"2.2"
  },
 "branch attributes":{
   "0":{
     "ENSONIP00000009268":{
       "Baseline MG94xREV":0.03066714123715004,
       "Baseline MG94xREV omega ratio":0.6825193776266717,
       "Corrected P-value":1,
       "Full adaptive model":0.03073244393275773,
       "Full adaptive model (non-synonymous subs/site)":0.02013565689927854,
       "Full adaptive model (synonymous subs/site)":0.01059678703347917,
       "LRT":0,
       "Nucleotide GTR":0.03019200497623305,
       "Rate Distributions":        [
[0.6266888286455229, 1] 
        ],
       "Rate classes":1,
       "Uncorrected P-value":1,
       "original name":"ENSONIP00000009268"
      },
     "ENSONIP00000017186":{
       "Baseline MG94xREV":0.03594031888535906,
       "Baseline MG94xREV omega ratio":0.7009593946145071,
       "Corrected P-value":0.494703133584109,
       "Full adaptive model":0.03900686997631281,
       "Full adaptive model (non-synonymous subs/site)":0.02790721545950449,
       "Full adaptive model (synonymous subs/site)":0.01109965451680831,
       "LRT":4.008983452404209,
       "Nucleotide GTR":0.03571740867393,
       "Rate Distributions":        [
[0, 0.8388119368096605],
        [5.144397565314248, 0.1611880631903395] 
        ],
       "Rate classes":2,
       "Uncorrected P-value":0.0494703133584109,
       "original name":"ENSONIP00000017186"
      },
     "ENSONIP00000017252":{
       "Baseline MG94xREV":0.03260063562842428,
       "Baseline MG94xREV omega ratio":0.4416955215401925,
       "Corrected P-value":1,
       "Full adaptive model":0.03170079849738517,
       "Full adaptive model (non-synonymous subs/site)":0.01835333785576018,
       "Full adaptive model (synonymous subs/site)":0.013347460641625,
       "LRT":0,
       "Nucleotide GTR":0.03107085140628109,
       "Rate Distributions":        [
[0.453499452739857, 1] 
        ],
       "Rate classes":1,
       "Uncorrected P-value":1,
       "original name":"ENSONIP00000017252"
      },
     "ENSORLP00000000744":{
       "Baseline MG94xREV":0.287644051341328,
       "Baseline MG94xREV omega ratio":0.4257882843119947,
       "Corrected P-value":1,
       "Full adaptive model":0.3089711009443684,
       "Full adaptive model (non-synonymous subs/site)":0.181119286303155,
       "Full adaptive model (synonymous subs/site)":0.1278518146412133,
       "LRT":0,
       "Nucleotide GTR":0.253386452188758,
       "Rate Distributions":        [
[0, 0.3927483696926533],
        [0.7693951939040935, 0.6072516303073467] 
        ],
       "Rate classes":2,
       "Uncorrected P-value":1,
       "original name":"ENSORLP00000000744"
      },
     "ENSORLP00000003944":{
       "Baseline MG94xREV":0.01800950395406601,
       "Baseline MG94xREV omega ratio":10000000000,
       "Corrected P-value":0.7009790941462877,
       "Full adaptive model":0.01915945678998636,
       "Full adaptive model (non-synonymous subs/site)":0.0185214282393346,
       "Full adaptive model (synonymous subs/site)":0.0006380285506517603,
       "LRT":3.135218654426353,
       "Nucleotide GTR":0.01795031228414057,
       "Rate Distributions":        [
[9.574028525214965, 1] 
        ],
       "Rate classes":1,
       "Uncorrected P-value":0.07788656601625418,
       "original name":"ENSORLP00000003944"
      },
     "ENSORLP00000003957":{
       "Baseline MG94xREV":0.0194278018325967,
       "Baseline MG94xREV omega ratio":0.2189792834948154,
       "Corrected P-value":0.005386849078878875,
       "Full adaptive model":3.219603033724971,
       "Full adaptive model (non-synonymous subs/site)":3.210564719210738,
       "Full adaptive model (synonymous subs/site)":0.00903831451423218,
       "LRT":13.57192412813856,
       "Nucleotide GTR":0.01962289000342657,
       "Rate Distributions":        [
[0.02353523275709557, 0.9871144096069817],
        [9090.000000003736, 0.01288559039301829] 
        ],
       "Rate classes":2,
       "Uncorrected P-value":0.0003847749342056339,
       "original name":"ENSORLP00000003957"
      },
     "ENSORLP00000004014":{
       "Baseline MG94xREV":0.02209146870419576,
       "Baseline MG94xREV omega ratio":1.569282197124966,
       "Corrected P-value":9.922314416099809e-06,
       "Full adaptive model":0.03437950322949419,
       "Full adaptive model (non-synonymous subs/site)":0.03172443752684698,
       "Full adaptive model (synonymous subs/site)":0.00265506570264721,
       "LRT":26.4902276332723,
       "Nucleotide GTR":0.02237836258968318,
       "Rate Distributions":        [
[0.04128236558533129, 0.9511605125119997],
        [79.88382416258462, 0.04883948748800027] 
        ],
       "Rate classes":2,
       "Uncorrected P-value":5.836655538882241e-07,
       "original name":"ENSORLP00000004014"
      },
     "ENSORLP00000005042":{
       "Baseline MG94xREV":0.03360249526387455,
       "Baseline MG94xREV omega ratio":0.5763940089433897,
       "Corrected P-value":0.6128542008850399,
       "Full adaptive model":0.04198780367631231,
       "Full adaptive model (non-synonymous subs/site)":0.0296393185927106,
       "Full adaptive model (synonymous subs/site)":0.01234848508360172,
       "LRT":2.911653018194556,
       "Nucleotide GTR":0.03347118118135293,
       "Rate Distributions":        [
[0.4007999385874842, 0.9880403831888868],
        [33.0788249485211, 0.01195961681111324] 
        ],
       "Rate classes":2,
       "Uncorrected P-value":0.08755060012643429,
       "original name":"ENSORLP00000005042"
      },
     "ENSORLP00000022836":{
       "Baseline MG94xREV":0.2508695847575673,
       "Baseline MG94xREV omega ratio":0.3666646617384524,
       "Corrected P-value":1,
       "Full adaptive model":0.2522259651930222,
       "Full adaptive model (non-synonymous subs/site)":0.1381787045517897,
       "Full adaptive model (synonymous subs/site)":0.1140472606412326,
       "LRT":0,
       "Nucleotide GTR":0.2270131043421016,
       "Rate Distributions":        [
[0, 0.3710633885158994],
        [0.6353451791628529, 0.6289366114841006] 
        ],
       "Rate classes":2,
       "Uncorrected P-value":1,
       "original name":"ENSORLP00000022836"
      },
     "ENSORLP00000023556":{
       "Baseline MG94xREV":0.03354131232225622,
       "Baseline MG94xREV omega ratio":0.9345442298633415,
       "Corrected P-value":0.001705976713839985,
       "Full adaptive model":0.04219603634813773,
       "Full adaptive model (non-synonymous subs/site)":0.0349837040813933,
       "Full adaptive model (synonymous subs/site)":0.007212332266744434,
       "LRT":15.99256805671939,
       "Nucleotide GTR":0.03320406920998545,
       "Rate Distributions":        [
[0, 0.9248988172045008],
        [21.30117913168755, 0.07510118279549916] 
        ],
       "Rate classes":2,
       "Uncorrected P-value":0.0001137317809226657,
       "original name":"ENSORLP00000023556"
      },
     "NODE_12":{
       "Baseline MG94xREV":0.001118476492638015,
       "Baseline MG94xREV omega ratio":10000000000,
       "Corrected P-value":1,
       "Full adaptive model":0.001941794256434824,
       "Full adaptive model (non-synonymous subs/site)":0.001362133102517139,