{
 "analysis":{
   "authors":"Sergei L Kosakovsky Pond, Ben Murrell, Steven Weaver and Temple iGEM / UCSD viral evolution group",
   "citation":"Less Is More: An Adaptive Branch-Site Random Effects Model for Efficient Detection of Episodic Diversifying Selection (2015). Mol Biol Evol 32 (5): 1342-1353. v2.2 adds support for multiple-hit models",
   "contact":"spond@temple.edu",
   "info":"aBSREL (Adaptive branch-site random effects likelihood)\n                            uses an adaptive random effects branch-site model framework\n                            to test whether each branch has evolved under positive selection,\n                            using a procedure which infers an optimal number of rate categories per branch.",
   "requirements":"in-frame codon alignment and a phylogenetic tree",
   "version":"2.2"
  },
 "branch attributes":{
   "0":{
     "ENSETEP00000001466":{
       "Baseline MG94xREV":0.08543482241115102,
       "Baseline MG94xREV omega ratio":1.158883885722526,
       "Corrected P-value":0.125169124513223,
       "Full adaptive model":0.1399033217582391,
       "Full adaptive model (non-synonymous subs/site)":0.1221263290931667,
       "Full adaptive model (synonymous subs/site)":0.01777699266507243,
       "LRT":6.690040177286164,
       "Nucleotide GTR":0.08696272079940577,
       "Rate Distributions":        [
[0.8553193902798695, 0.9681473177577558],
        [45.48986886353429, 0.03185268224224425] 
        ],
       "Rate classes":2,
       "Uncorrected P-value":0.0125169124513223,
       "original name":"ENSETEP00000001466"
      },
     "ENSETEP00000002404":{
       "Baseline MG94xREV":0.01695397602086502,
       "Baseline MG94xREV omega ratio":0.3414470387917878,
       "Corrected P-value":1,
       "Full adaptive model":0.01732869975136381,
       "Full adaptive model (non-synonymous subs/site)":0.008483736960084682,
       "Full adaptive model (synonymous subs/site)":0.008844962791279111,
       "LRT":0,
       "Nucleotide GTR":0.0158601221488088,
       "Rate Distributions":        [
[0.3179161924200649, 1] 
        ],
       "Rate classes":1,
       "Uncorrected P-value":1,
       "original name":"ENSETEP00000002404"
      },
     "ENSETEP00000002728":{
       "Baseline MG94xREV":0.004787511867916324,
       "Baseline MG94xREV omega ratio":3.119003428841643,
       "Corrected P-value":1,
       "Full adaptive model":0.004326276058948819,
       "Full adaptive model (non-synonymous subs/site)":0.004326276058948819,
       "Full adaptive model (synonymous subs/site)":1e-10,
       "LRT":0.06212557322942303,
       "Nucleotide GTR":0.005879559798904622,
       "Rate Distributions":        [
[10000000000, 1] 
        ],
       "Rate classes":1,
       "Uncorrected P-value":0.4514578891691405,
       "original name":"ENSETEP00000002728"
      },
     "ENSETEP00000003216":{
       "Baseline MG94xREV":0.03816340396236362,
       "Baseline MG94xREV omega ratio":0.5554354493778643,
       "Corrected P-value":1,
       "Full adaptive model":0.03785004237260398,
       "Full adaptive model (non-synonymous subs/site)":0.02334197375155023,
       "Full adaptive model (synonymous subs/site)":0.01450806862105378,
       "LRT":0,
       "Nucleotide GTR":0.03824166852544648,
       "Rate Distributions":        [
[0.5332728080676856, 1] 
        ],
       "Rate classes":1,
       "Uncorrected P-value":1,
       "original name":"ENSETEP00000003216"
      },
     "ENSETEP00000006580":{
       "Baseline MG94xREV":0.05845262604037033,
       "Baseline MG94xREV omega ratio":10000000000,
       "Corrected P-value":0.1357792539135834,
       "Full adaptive model":0.05739497421236906,
       "Full adaptive model (non-synonymous subs/site)":0.05739497421236906,
       "Full adaptive model (synonymous subs/site)":1e-10,
       "LRT":6.717415750089913,
       "Nucleotide GTR":0.05965240427555213,
       "Rate Distributions":        [
[10000000000, 1] 
        ],
       "Rate classes":1,
       "Uncorrected P-value":0.01234356853759849,
       "original name":"ENSETEP00000006580"
      },
     "ENSETEP00000006658":{
       "Baseline MG94xREV":0.05287876911754626,
       "Baseline MG94xREV omega ratio":0.6453123814375309,
       "Corrected P-value":1,
       "Full adaptive model":0.05204487307949068,
       "Full adaptive model (non-synonymous subs/site)":0.03395986874339427,
       "Full adaptive model (synonymous subs/site)":0.01808500433609642,
       "LRT":0,
       "Nucleotide GTR":0.054763339775953,
       "Rate Distributions":        [
[0.6223989477897508, 1] 
        ],
       "Rate classes":1,
       "Uncorrected P-value":1,
       "original name":"ENSETEP00000006658"
      },
     "ENSETEP00000011450":{
       "Baseline MG94xREV":0.04977466719141697,
       "Baseline MG94xREV omega ratio":0.8442915040172515,
       "Corrected P-value":1,
       "Full adaptive model":0.04954045927234365,
       "Full adaptive model (non-synonymous subs/site)":0.03519855702620963,
       "Full adaptive model (synonymous subs/site)":0.01434190224613403,
       "LRT":0,
       "Nucleotide GTR":0.04953783900174462,
       "Rate Distributions":        [
[0.8134662998899637, 1] 
        ],
       "Rate classes":1,
       "Uncorrected P-value":1,
       "original name":"ENSETEP00000011450"
      },
     "ENSETEP00000012201":{
       "Baseline MG94xREV":0.07629034613418753,
       "Baseline MG94xREV omega ratio":0.8114359557277038,
       "Corrected P-value":0.1415381170701246,
       "Full adaptive model":0.1440716696047881,
       "Full adaptive model (non-synonymous subs/site)":0.1252083224869705,
       "Full adaptive model (synonymous subs/site)":0.01886334711781757,
       "LRT":6.806697142192888,
       "Nucleotide GTR":0.07377071321541942,
       "Rate Distributions":        [
[0.5494419063231847, 0.9574620652872089],
        [39.35304373766273, 0.0425379347127911] 
        ],
       "Rate classes":2,
       "Uncorrected P-value":0.01179484308917705,
       "original name":"ENSETEP00000012201"
      },
     "NODE_11":{
       "Baseline MG94xREV":0.07764704897168606,
       "Baseline MG94xREV omega ratio":0.7828807701576058,
       "Corrected P-value":1,
       "Full adaptive model":0.07635377069351663,
       "Full adaptive model (non-synonymous subs/site)":0.05361663019736165,
       "Full adaptive model (synonymous subs/site)":0.02273714049615495,
       "LRT":0,
       "Nucleotide GTR":0.07607764277364328,
       "Rate Distributions":        [
[0.7816010492960355, 1] 
        ],
       "Rate classes":1,
       "Uncorrected P-value":1
      },
     "NODE_12":{
       "Baseline MG94xREV":0.02876875927864636,
       "Baseline MG94xREV omega ratio":0.6506389488849074,
       "Corrected P-value":3.103387486169673e-05,
       "Full adaptive model":2.725806566001332,
       "Full adaptive model (non-synonymous subs/site)":2.725509616053367,
       "Full adaptive model (synonymous subs/site)":0.0002969499479657171,
       "LRT":23.6828243061309,
       "Nucleotide GTR":0.02967858531503374,
       "Rate Distributions":        [
[1, 0.9695878242701667],
        [100000, 0.03041217572983335] 
        ],
       "Rate classes":2,
       "Uncorrected P-value":2.387221143207441e-06
      },
     "NODE_14":{
       "Baseline MG94xREV":0.04786244672853467,
       "Baseline MG94xREV omega ratio":1.452339330396109,
       "Corrected P-value":1,
       "Full adaptive model":0.05260970906343853,
       "Full adaptive model (non-synonymous subs/site)":0.04363212404630442,
       "Full adaptive model (synonymous subs/site)":0.008977585017134075,
       "LRT":0.3613916764340956,
       "Nucleotide GTR":0.04575432249069699,
       "Rate Distributions":        [
[1.610898928865128, 1] 
        ],
       "Rate classes":1,
       "Uncorrected P-value":0.3599536298271869
      },
     "NODE_3":{
       "Baseline MG94xREV":0.0463625002278939,
       "Baseline MG94xREV omega ratio":1.514005455775431,
       "Corrected P-value":1,