{
 "analysis":{
   "authors":"Sergei L Kosakovsky Pond, Ben Murrell, Steven Weaver and Temple iGEM / UCSD viral evolution group",
   "citation":"Less Is More: An Adaptive Branch-Site Random Effects Model for Efficient Detection of Episodic Diversifying Selection (2015). Mol Biol Evol 32 (5): 1342-1353. v2.2 adds support for multiple-hit models",
   "contact":"spond@temple.edu",
   "info":"aBSREL (Adaptive branch-site random effects likelihood)\n                            uses an adaptive random effects branch-site model framework\n                            to test whether each branch has evolved under positive selection,\n                            using a procedure which infers an optimal number of rate categories per branch.",
   "requirements":"in-frame codon alignment and a phylogenetic tree",
   "version":"2.2"
  },
 "branch attributes":{
   "0":{
     "CABZ01032983_1_DANRE":{
       "Baseline MG94xREV":0.6475506584141009,
       "Baseline MG94xREV omega ratio":0.03089753912156874,
       "Corrected P-value":1,
       "Full adaptive model":0.5977368562323162,
       "Full adaptive model (non-synonymous subs/site)":0.1751044098023304,
       "Full adaptive model (synonymous subs/site)":0.422632446429986,
       "LRT":1.345196052550818,
       "Nucleotide GTR":0.2399089012206604,
       "Rate Distributions":        [
[0.0278789643151526, 0.8709462369555336],
        [0.03178308255035472, 0.1039937414640687],
        [4.655812182149457, 0.02506002158039762] 
        ],
       "Rate classes":3,
       "Uncorrected P-value":0.2023382029505912,
       "original name":"CABZ01032983.1_DANRE"
      },
     "ENSGACP00000007319":{
       "Baseline MG94xREV":0.0865004137660987,
       "Baseline MG94xREV omega ratio":0.1083034795091947,
       "Corrected P-value":1,
       "Full adaptive model":0.08734655082189031,
       "Full adaptive model (non-synonymous subs/site)":0.01870719753638652,
       "Full adaptive model (synonymous subs/site)":0.0686393532855039,
       "LRT":0,
       "Nucleotide GTR":0.07225295460315173,
       "Rate Distributions":        [
[0.09489655880838777, 1] 
        ],
       "Rate classes":1,
       "Uncorrected P-value":1,
       "original name":"ENSGACP00000007319"
      },
     "ENSONIP00000001353":{
       "Baseline MG94xREV":0.07622450162354168,
       "Baseline MG94xREV omega ratio":0.07733758106872778,
       "Corrected P-value":1,
       "Full adaptive model":85.61182638164826,
       "Full adaptive model (non-synonymous subs/site)":85.55292677258446,
       "Full adaptive model (synonymous subs/site)":0.05889960906382857,
       "LRT":0.3486043331195106,
       "Nucleotide GTR":0.06513105668519013,
       "Rate Distributions":        [
[0.06079983268684839, 0.99494308765826],
        [100000, 0.005056912341739994] 
        ],
       "Rate classes":2,
       "Uncorrected P-value":0.362993757612093,
       "original name":"ENSONIP00000001353"
      },
     "ENSORLP00000013143":{
       "Baseline MG94xREV":0.1469138835353813,
       "Baseline MG94xREV omega ratio":0.0494869903704416,
       "Corrected P-value":0.4244515349953227,
       "Full adaptive model":3.406420417869287,
       "Full adaptive model (non-synonymous subs/site)":3.286678085644732,
       "Full adaptive model (synonymous subs/site)":0.1197423322245552,
       "LRT":4.101470121011516,
       "Nucleotide GTR":0.09969857562117521,
       "Rate Distributions":        [
[0.0327131333634005, 0.9891840740427269],
        [880.6182680149534, 0.0108159259572731] 
        ],
       "Rate classes":2,
       "Uncorrected P-value":0.04716128166614697,
       "original name":"ENSORLP00000013143"
      },
     "ENSTNIP00000012574":{
       "Baseline MG94xREV":0.03895082901326951,
       "Baseline MG94xREV omega ratio":0.02179624891391638,
       "Corrected P-value":1,
       "Full adaptive model":0.03768982031710849,
       "Full adaptive model (non-synonymous subs/site)":0.001969106096089268,
       "Full adaptive model (synonymous subs/site)":0.03572071422101921,
       "LRT":0,
       "Nucleotide GTR":0.0310161040384282,
       "Rate Distributions":        [
[0.01919392960937254, 1] 
        ],
       "Rate classes":1,
       "Uncorrected P-value":1,
       "original name":"ENSTNIP00000012574"
      },
     "ENSTRUP00000046281":{
       "Baseline MG94xREV":0.02501099697600712,
       "Baseline MG94xREV omega ratio":0.108727736182088,
       "Corrected P-value":1,
       "Full adaptive model":0.02673427226189666,
       "Full adaptive model (non-synonymous subs/site)":0.006576053437466907,
       "Full adaptive model (synonymous subs/site)":0.02015821882442976,
       "LRT":0.8576727815925551,
       "Nucleotide GTR":0.02802514956365745,
       "Rate Distributions":        [
[0.00946396151008936, 0.9669583364885711],
        [3.160724740032818, 0.0330416635114289] 
        ],
       "Rate classes":2,
       "Uncorrected P-value":0.2662580956179399,
       "original name":"ENSTRUP00000046281"
      },
     "NODE_3":{
       "Baseline MG94xREV":0.008717197699445811,
       "Baseline MG94xREV omega ratio":0.05751705276923692,
       "Corrected P-value":1,
       "Full adaptive model":0.009146568347274378,
       "Full adaptive model (non-synonymous subs/site)":0.001202569236873951,
       "Full adaptive model (synonymous subs/site)":0.007943999110400441,
       "LRT":0,
       "Nucleotide GTR":0.01334298325640088,
       "Rate Distributions":        [
[0.05270912635890689, 1] 
        ],
       "Rate classes":1,
       "Uncorrected P-value":1
      },
     "NODE_6":{
       "Baseline MG94xREV":0.100436632892126,
       "Baseline MG94xREV omega ratio":0.05301448213820771,
       "Corrected P-value":1,
       "Full adaptive model":0.09551392140225483,
       "Full adaptive model (non-synonymous subs/site)":0.01203855358183982,
       "Full adaptive model (synonymous subs/site)":0.08347536782041499,
       "LRT":0,
       "Nucleotide GTR":0.06955250271551887,
       "Rate Distributions":        [
[0.05021470129533254, 1] 
        ],
       "Rate classes":1,
       "Uncorrected P-value":1
      },
     "NODE_8":{
       "Baseline MG94xREV":0.003500880061622213,
       "Baseline MG94xREV omega ratio":10000000000,
       "Corrected P-value":1,
       "Full adaptive model":0.003179139896529441,
       "Full adaptive model (non-synonymous subs/site)":0.003179139896529441,
       "Full adaptive model (synonymous subs/site)":1e-10,
       "LRT":0.200555960955171,
       "Nucleotide GTR":0.009279590866831042,
       "Rate Distributions":        [
[10000000000, 1] 
        ],
       "Rate classes":1,
       "Uncorrected P-value":0.4022302705858735
      }
    },
   "attributes":{
     "Baseline MG94xREV":{
       "attribute type":"branch length",
       "display order":1
      },
     "Baseline MG94xREV omega ratio":{
       "attribute type":"branch label",
       "display order":1
      },
     "Corrected P-value":{
       "attribute type":"branch label",
       "display order":6
      },
     "Full adaptive model":{
       "attribute type":"branch length",
       "display order":2
      },
     "Full adaptive model (non-synonymous subs/site)":{
       "attribute type":"branch label",
       "display order":10
      },
     "Full adaptive model (synonymous subs/site)":{
       "attribute type":"branch label",
       "display order":9
      },
     "LRT":{
       "attribute type":"branch label",
       "display order":4
      },
     "Nucleotide GTR":{
       "attribute type":"branch length",
       "display order":0
      },
     "Rate Distributions":{
       "attribute type":"branch label",
       "display order":3
      },
     "Rate classes":{
       "attribute type":"branch label",
       "display order":2
      },
     "Uncorrected P-value":{
       "attribute type":"branch label",
       "display order":5
      },
     "original name":{
       "attribute type":"node label",
       "display order":-1
      }
    }
  },