{
 "analysis":{
   "authors":"Sergei L Kosakovsky Pond, Ben Murrell, Steven Weaver and Temple iGEM / UCSD viral evolution group",
   "citation":"Less Is More: An Adaptive Branch-Site Random Effects Model for Efficient Detection of Episodic Diversifying Selection (2015). Mol Biol Evol 32 (5): 1342-1353. v2.2 adds support for multiple-hit models",
   "contact":"spond@temple.edu",
   "info":"aBSREL (Adaptive branch-site random effects likelihood)\n                            uses an adaptive random effects branch-site model framework\n                            to test whether each branch has evolved under positive selection,\n                            using a procedure which infers an optimal number of rate categories per branch.",
   "requirements":"in-frame codon alignment and a phylogenetic tree",
   "version":"2.2"
  },
 "branch attributes":{
   "0":{
     "BX323449_2_DANRE":{
       "Baseline MG94xREV":0.201108842078319,
       "Baseline MG94xREV omega ratio":0.0441512573789467,
       "Corrected P-value":1,
       "Full adaptive model":0.1231781307310865,
       "Full adaptive model (non-synonymous subs/site)":0.1147604520261271,
       "Full adaptive model (synonymous subs/site)":0.008417678704959365,
       "LRT":1.275109293697824,
       "Nucleotide GTR":0.1305742089993322,
       "Rate Distributions":        [
[0.4193242450277418, 0.9810177692109352],
        [164.9842847219505, 0.0189822307890648] 
        ],
       "Rate classes":2,
       "Uncorrected P-value":0.2103370981655114,
       "original name":"BX323449.2_DANRE"
      },
     "ENSGACP00000022416":{
       "Baseline MG94xREV":0.07682550652510552,
       "Baseline MG94xREV omega ratio":0.09917131811408335,
       "Corrected P-value":1,
       "Full adaptive model":0.08735995152866506,
       "Full adaptive model (non-synonymous subs/site)":0.02475222519437026,
       "Full adaptive model (synonymous subs/site)":0.06260772633429479,
       "LRT":0.03759872703994915,
       "Nucleotide GTR":0.05785186105589411,
       "Rate Distributions":        [
[0, 0.9108321402557741],
        [1.152300320010459, 0.08916785974422592] 
        ],
       "Rate classes":2,
       "Uncorrected P-value":0.4636630968326267,
       "original name":"ENSGACP00000022416"
      },
     "ENSGMOP00000009451":{
       "Baseline MG94xREV":0.08948055986158915,
       "Baseline MG94xREV omega ratio":0.1354157346591184,
       "Corrected P-value":1,
       "Full adaptive model":0.09696381082647898,
       "Full adaptive model (non-synonymous subs/site)":0.02727751342534595,
       "Full adaptive model (synonymous subs/site)":0.06968629740113293,
       "LRT":0,
       "Nucleotide GTR":0.08212526356981975,
       "Rate Distributions":        [
[0.1017290755450548, 1] 
        ],
       "Rate classes":1,
       "Uncorrected P-value":1,
       "original name":"ENSGMOP00000009451"
      },
     "ENSLACP00000019574":{
       "Baseline MG94xREV":3.445105716486571,
       "Baseline MG94xREV omega ratio":0.008580316872067209,
       "Corrected P-value":1,
       "Full adaptive model":3.710768083649547,
       "Full adaptive model (non-synonymous subs/site)":0.6387111094205131,
       "Full adaptive model (synonymous subs/site)":3.072056974229035,
       "LRT":-0.008053022907915874,
       "Nucleotide GTR":0.237868477444109,
       "Rate Distributions":        [
[0.00584243231480377, 0.9585307111319106],
        [1.167932400507051, 0.04146928886808943] 
        ],
       "Rate classes":2,
       "Uncorrected P-value":0.5,
       "original name":"ENSLACP00000019574"
      },
     "ENSONIP00000006772":{
       "Baseline MG94xREV":0.04852669670723014,
       "Baseline MG94xREV omega ratio":0.03581692338418168,
       "Corrected P-value":1,
       "Full adaptive model":0.04727176763741048,
       "Full adaptive model (non-synonymous subs/site)":0.004399880531219181,
       "Full adaptive model (synonymous subs/site)":0.04287188710619135,
       "LRT":0,
       "Nucleotide GTR":0.03708234512847753,
       "Rate Distributions":        [
[0.02667202525365328, 1] 
        ],
       "Rate classes":1,
       "Uncorrected P-value":1,
       "original name":"ENSONIP00000006772"
      },
     "ENSTNIP00000019918":{
       "Baseline MG94xREV":0.05559894827908716,
       "Baseline MG94xREV omega ratio":0.03967456750042853,
       "Corrected P-value":1,
       "Full adaptive model":0.05803048344219105,
       "Full adaptive model (non-synonymous subs/site)":0.007589188118016385,
       "Full adaptive model (synonymous subs/site)":0.05044129532417466,
       "LRT":0,
       "Nucleotide GTR":0.03878897050671342,
       "Rate Distributions":        [
[0.03910180424438967, 1] 
        ],
       "Rate classes":1,
       "Uncorrected P-value":1,
       "original name":"ENSTNIP00000019918"
      },
     "ENSTRUP00000033498":{
       "Baseline MG94xREV":0.0386657187562701,
       "Baseline MG94xREV omega ratio":0.1057712070517118,
       "Corrected P-value":1,
       "Full adaptive model":0.03862944731912827,
       "Full adaptive model (non-synonymous subs/site)":0.008229165720235647,
       "Full adaptive model (synonymous subs/site)":0.03040028159889266,
       "LRT":0,
       "Nucleotide GTR":0.03951510906651689,
       "Rate Distributions":        [
[0.07035029315725649, 1] 
        ],
       "Rate classes":1,
       "Uncorrected P-value":1,
       "original name":"ENSTRUP00000033498"
      },
     "NODE_11":{
       "Baseline MG94xREV":0.3287413969811091,
       "Baseline MG94xREV omega ratio":0.03988813011573872,
       "Corrected P-value":1,
       "Full adaptive model":0.4619727741447099,
       "Full adaptive model (non-synonymous subs/site)":0.05313182786029872,
       "Full adaptive model (synonymous subs/site)":0.4088409462844113,
       "LRT":0,
       "Nucleotide GTR":0.09598838006125898,
       "Rate Distributions":        [
[0.01270479933593077, 0.9435197522287477],
        [0.385749105243078, 0.05648024777125227] 
        ],
       "Rate classes":2,
       "Uncorrected P-value":1
      },
     "NODE_3":{
       "Baseline MG94xREV":0.007899083127842337,
       "Baseline MG94xREV omega ratio":0.1103056994587907,
       "Corrected P-value":1,
       "Full adaptive model":0.002109992006368998,
       "Full adaptive model (non-synonymous subs/site)":0.002109992006368998,
       "Full adaptive model (synonymous subs/site)":1e-10,
       "LRT":-0.03778414756015991,
       "Nucleotide GTR":0.01393492510238881,
       "Rate Distributions":        [
[10000000000, 1] 
        ],
       "Rate classes":1,
       "Uncorrected P-value":0.5
      },
     "NODE_5":{
       "Baseline MG94xREV":0.06257751535698441,
       "Baseline MG94xREV omega ratio":0.04214412536550043,
       "Corrected P-value":1,
       "Full adaptive model":0.06209774505383951,
       "Full adaptive model (non-synonymous subs/site)":0.007958431920355592,
       "Full adaptive model (synonymous subs/site)":0.05413931313348389,
       "LRT":0,
       "Nucleotide GTR":0.03360996200336898,
       "Rate Distributions":        [
[0.0382034402881487, 1] 
        ],
       "Rate classes":1,
       "Uncorrected P-value":1
      },
     "NODE_8":{
       "Baseline MG94xREV":0.02165023630521073,
       "Baseline MG94xREV omega ratio":0.2996452396121539,
       "Corrected P-value":1,
       "Full adaptive model":0.02549916295186377,
       "Full adaptive model (non-synonymous subs/site)":0.01033021213805124,
       "Full adaptive model (synonymous subs/site)":0.01516895081381253,
       "LRT":0,
       "Nucleotide GTR":0.03160828525071127,
       "Rate Distributions":        [
[0.1769870158600151, 1] 
        ],
       "Rate classes":1,
       "Uncorrected P-value":1
      },
     "NODE_9":{
       "Baseline MG94xREV":0.1561592880137609,
       "Baseline MG94xREV omega ratio":0.04119286204923728,
       "Corrected P-value":1,
       "Full adaptive model":0.1436657737015549,
       "Full adaptive model (non-synonymous subs/site)":0.01737024541402691,