{
 "analysis":{
   "authors":"Sergei L Kosakovsky Pond, Ben Murrell, Steven Weaver and Temple iGEM / UCSD viral evolution group",
   "citation":"Less Is More: An Adaptive Branch-Site Random Effects Model for Efficient Detection of Episodic Diversifying Selection (2015). Mol Biol Evol 32 (5): 1342-1353. v2.2 adds support for multiple-hit models",
   "contact":"spond@temple.edu",
   "info":"aBSREL (Adaptive branch-site random effects likelihood)\n                            uses an adaptive random effects branch-site model framework\n                            to test whether each branch has evolved under positive selection,\n                            using a procedure which infers an optimal number of rate categories per branch.",
   "requirements":"in-frame codon alignment and a phylogenetic tree",
   "version":"2.2"
  },
 "branch attributes":{
   "0":{
     "ENSGACP00000003076":{
       "Baseline MG94xREV":0.1083013206475041,
       "Baseline MG94xREV omega ratio":0.08026151450144055,
       "Corrected P-value":1,
       "Full adaptive model":0.1285628254068193,
       "Full adaptive model (non-synonymous subs/site)":0.04609861590616858,
       "Full adaptive model (synonymous subs/site)":0.08246420950065078,
       "LRT":2.885767133996524,
       "Nucleotide GTR":0.08673350350759104,
       "Rate Distributions":        [
[0.0150277195636127, 0.9691178630745068],
        [6.321613715825587, 0.03088213692549324] 
        ],
       "Rate classes":2,
       "Uncorrected P-value":0.08874675055459957,
       "original name":"ENSGACP00000003076"
      },
     "ENSGACP00000011380":{
       "Baseline MG94xREV":0.123115980244132,
       "Baseline MG94xREV omega ratio":0.05374533873474503,
       "Corrected P-value":1,
       "Full adaptive model":0.1138281450258802,
       "Full adaptive model (non-synonymous subs/site)":0.01373050568754299,
       "Full adaptive model (synonymous subs/site)":0.1000976393383371,
       "LRT":0,
       "Nucleotide GTR":0.09012644619431273,
       "Rate Distributions":        [
[0.05147805595219999, 1] 
        ],
       "Rate classes":1,
       "Uncorrected P-value":1,
       "original name":"ENSGACP00000011380"
      },
     "ENSGMOP00000000337":{
       "Baseline MG94xREV":0.1808113409699793,
       "Baseline MG94xREV omega ratio":0.2588494876276068,
       "Corrected P-value":1,
       "Full adaptive model":0.198210337135247,
       "Full adaptive model (non-synonymous subs/site)":0.08387016916698864,
       "Full adaptive model (synonymous subs/site)":0.1143401679682584,
       "LRT":0,
       "Nucleotide GTR":0.1807055294473622,
       "Rate Distributions":        [
[0.01782219178499624, 0.7250495394504236],
        [0.9541860416779575, 0.2749504605495764] 
        ],
       "Rate classes":2,
       "Uncorrected P-value":1,
       "original name":"ENSGMOP00000000337"
      },
     "ENSGMOP00000013465":{
       "Baseline MG94xREV":0.2042104016783995,
       "Baseline MG94xREV omega ratio":0.04339701437296611,
       "Corrected P-value":1,
       "Full adaptive model":2.535756944216167,
       "Full adaptive model (non-synonymous subs/site)":2.380601240816618,
       "Full adaptive model (synonymous subs/site)":0.1551557033995489,
       "LRT":2.852361103779003,
       "Nucleotide GTR":0.1167739739627579,
       "Rate Distributions":        [
[0.03278310782036681, 0.989472570125506],
        [543.879256004268, 0.01052742987449395] 
        ],
       "Rate classes":2,
       "Uncorrected P-value":0.09031537934587353,
       "original name":"ENSGMOP00000013465"
      },
     "ENSONIP00000020281":{
       "Baseline MG94xREV":0.07837873750828181,
       "Baseline MG94xREV omega ratio":0.03278869916807835,
       "Corrected P-value":1,
       "Full adaptive model":0.08147108554874122,
       "Full adaptive model (non-synonymous subs/site)":0.004902273642976002,
       "Full adaptive model (synonymous subs/site)":0.0765688119057652,
       "LRT":0,
       "Nucleotide GTR":0.06129077712031326,
       "Rate Distributions":        [
[0.02402730614456835, 1] 
        ],
       "Rate classes":1,
       "Uncorrected P-value":1,
       "original name":"ENSONIP00000020281"
      },
     "ENSONIP00000023304":{
       "Baseline MG94xREV":0.07544084481347148,
       "Baseline MG94xREV omega ratio":0.09850725664500856,
       "Corrected P-value":1,
       "Full adaptive model":0.0706562707617836,
       "Full adaptive model (non-synonymous subs/site)":0.01350746057540633,
       "Full adaptive model (synonymous subs/site)":0.05714881018637732,
       "LRT":0,
       "Nucleotide GTR":0.06699175776525916,
       "Rate Distributions":        [
[0.08870047718226087, 1] 
        ],
       "Rate classes":1,
       "Uncorrected P-value":1,
       "original name":"ENSONIP00000023304"
      },
     "ENSORLP00000008519":{
       "Baseline MG94xREV":0.1662068336424724,
       "Baseline MG94xREV omega ratio":0.07009878830482412,
       "Corrected P-value":1,
       "Full adaptive model":0.1713170316165999,
       "Full adaptive model (non-synonymous subs/site)":0.0340355499167589,
       "Full adaptive model (synonymous subs/site)":0.1372814816998409,
       "LRT":-0.003769325846405991,
       "Nucleotide GTR":0.1215117930382483,
       "Rate Distributions":        [
[0, 0.9130367048538658],
        [1.069902659984167, 0.08696329514613421] 
        ],
       "Rate classes":2,
       "Uncorrected P-value":0.5,
       "original name":"ENSORLP00000008519"
      },
     "ENSORLP00000011456":{
       "Baseline MG94xREV":0.2106662246402361,
       "Baseline MG94xREV omega ratio":0.03785423899412556,
       "Corrected P-value":1,
       "Full adaptive model":0.1954503998713954,
       "Full adaptive model (non-synonymous subs/site)":0.03354692059360586,
       "Full adaptive model (synonymous subs/site)":0.1619034792777895,
       "LRT":0.05352786073581228,
       "Nucleotide GTR":0.1314288337739488,
       "Rate Distributions":        [
[0, 0.9354073570088155],
        [1.203851350312325, 0.0645926429911845] 
        ],
       "Rate classes":2,
       "Uncorrected P-value":0.4554842043748065,
       "original name":"ENSORLP00000011456"
      },
     "ENSTNIP00000011482":{
       "Baseline MG94xREV":0.07619264467120863,
       "Baseline MG94xREV omega ratio":0.04226877998333174,
       "Corrected P-value":1,
       "Full adaptive model":0.07367494412579829,
       "Full adaptive model (non-synonymous subs/site)":0.006874608478988822,
       "Full adaptive model (synonymous subs/site)":0.06680033564680952,
       "LRT":0,
       "Nucleotide GTR":0.05939318580249676,
       "Rate Distributions":        [
[0.03862146693694107, 1] 
        ],
       "Rate classes":1,
       "Uncorrected P-value":1,
       "original name":"ENSTNIP00000011482"
      },
     "ENSTRUP00000017932":{
       "Baseline MG94xREV":0.03342989281144606,
       "Baseline MG94xREV omega ratio":0.02257538243959033,
       "Corrected P-value":1,
       "Full adaptive model":0.03390904517862144,
       "Full adaptive model (non-synonymous subs/site)":0.001678868704189586,
       "Full adaptive model (synonymous subs/site)":0.03223017647443188,
       "LRT":0,
       "Nucleotide GTR":0.03526225024829643,
       "Rate Distributions":        [
[0.01954850234000854, 1] 
        ],
       "Rate classes":1,
       "Uncorrected P-value":1,
       "original name":"ENSTRUP00000017932"
      },
     "NODE_11":{
       "Baseline MG94xREV":0.05413475764429785,
       "Baseline MG94xREV omega ratio":0.1308341013284698,
       "Corrected P-value":1,
       "Full adaptive model":0.05939630172281266,
       "Full adaptive model (non-synonymous subs/site)":0.01252853941374166,
       "Full adaptive model (synonymous subs/site)":0.04686776230907098,
       "LRT":0,
       "Nucleotide GTR":0.05947123709028698,
       "Rate Distributions":        [
[0.1003195708020558, 1] 
        ],
       "Rate classes":1,
       "Uncorrected P-value":1
      },
     "NODE_16":{
       "Baseline MG94xREV":0.0061534840129642,