{
 "analysis":{
   "authors":"Sergei L Kosakovsky Pond, Ben Murrell, Steven Weaver and Temple iGEM / UCSD viral evolution group",
   "citation":"Less Is More: An Adaptive Branch-Site Random Effects Model for Efficient Detection of Episodic Diversifying Selection (2015). Mol Biol Evol 32 (5): 1342-1353. v2.2 adds support for multiple-hit models",
   "contact":"spond@temple.edu",
   "info":"aBSREL (Adaptive branch-site random effects likelihood)\n                            uses an adaptive random effects branch-site model framework\n                            to test whether each branch has evolved under positive selection,\n                            using a procedure which infers an optimal number of rate categories per branch.",
   "requirements":"in-frame codon alignment and a phylogenetic tree",
   "version":"2.2"
  },
 "branch attributes":{
   "0":{
     "ENSDARP00000120647":{
       "Baseline MG94xREV":0.7751338708219877,
       "Baseline MG94xREV omega ratio":0.05769453389450184,
       "Corrected P-value":1,
       "Full adaptive model":0.7231738326352384,
       "Full adaptive model (non-synonymous subs/site)":0.17737007923882,
       "Full adaptive model (synonymous subs/site)":0.5458037533964186,
       "LRT":0,
       "Nucleotide GTR":0.3016080690533571,
       "Rate Distributions":        [
[0.007750098445040557, 0.7989280148395136],
        [0.551891084360684, 0.2010719851604864] 
        ],
       "Rate classes":2,
       "Uncorrected P-value":1,
       "original name":"ENSDARP00000120647"
      },
     "ENSGACP00000027168":{
       "Baseline MG94xREV":0.1141017542428586,
       "Baseline MG94xREV omega ratio":0.4993925853737665,
       "Corrected P-value":0.007449345944883279,
       "Full adaptive model":0.1371005423256814,
       "Full adaptive model (non-synonymous subs/site)":0.1069532927857842,
       "Full adaptive model (synonymous subs/site)":0.03014724953989728,
       "LRT":12.05274011600159,
       "Nucleotide GTR":0.1197009951476677,
       "Rate Distributions":        [
[0.1532144129904291, 0.8624479849405123],
        [8.338022314868239, 0.1375520150594877] 
        ],
       "Rate classes":2,
       "Uncorrected P-value":0.000827705104987031,
       "original name":"ENSGACP00000027168"
      },
     "ENSGMOP00000020714":{
       "Baseline MG94xREV":0.216329702274926,
       "Baseline MG94xREV omega ratio":0.1097110519119803,
       "Corrected P-value":0.8142652386058302,
       "Full adaptive model":18.3212670539594,
       "Full adaptive model (non-synonymous subs/site)":18.16312388157871,
       "Full adaptive model (synonymous subs/site)":0.1581431723806856,
       "LRT":2.624986029717547,
       "Nucleotide GTR":0.1505172400987564,
       "Rate Distributions":        [
[0.04281823099223987, 0.9478742782381655],
        [793.6035572790248, 0.0521257217618345] 
        ],
       "Rate classes":2,
       "Uncorrected P-value":0.1017831548257288,
       "original name":"ENSGMOP00000020714"
      },
     "ENSONIP00000015975":{
       "Baseline MG94xREV":0.07083033110318321,
       "Baseline MG94xREV omega ratio":0.13959141893354,
       "Corrected P-value":1,
       "Full adaptive model":0.07636142346727612,
       "Full adaptive model (non-synonymous subs/site)":0.02070683231980638,
       "Full adaptive model (synonymous subs/site)":0.05565459114746976,
       "LRT":0,
       "Nucleotide GTR":0.07678261613127732,
       "Rate Distributions":        [
[0.134138716533963, 1] 
        ],
       "Rate classes":1,
       "Uncorrected P-value":1,
       "original name":"ENSONIP00000015975"
      },
     "ENSORLP00000004266":{
       "Baseline MG94xREV":0.1525836220246639,
       "Baseline MG94xREV omega ratio":0.2298780482616844,
       "Corrected P-value":1,
       "Full adaptive model":0.1830209562805638,
       "Full adaptive model (non-synonymous subs/site)":0.08925847198794717,
       "Full adaptive model (synonymous subs/site)":0.09376248429261669,
       "LRT":1.614699376406861,
       "Nucleotide GTR":0.1338262196421522,
       "Rate Distributions":        [
[0.1280690950378572, 0.9448982473086474],
        [4.032525569222448, 0.05510175269135265] 
        ],
       "Rate classes":2,
       "Uncorrected P-value":0.174578086921017,
       "original name":"ENSORLP00000004266"
      },
     "ENSTNIP00000012804":{
       "Baseline MG94xREV":0.1945862249244378,
       "Baseline MG94xREV omega ratio":0.16722234899712,
       "Corrected P-value":1,
       "Full adaptive model":0.1947734719611534,
       "Full adaptive model (non-synonymous subs/site)":0.06281012593018709,
       "Full adaptive model (synonymous subs/site)":0.1319633460309663,
       "LRT":0,
       "Nucleotide GTR":0.1532431577427703,
       "Rate Distributions":        [
[0, 0.6499526555928059],
        [0.4902200101015801, 0.3500473444071941] 
        ],
       "Rate classes":2,
       "Uncorrected P-value":1,
       "original name":"ENSTNIP00000012804"
      },
     "NODE_3":{
       "Baseline MG94xREV":0.0263224446345007,
       "Baseline MG94xREV omega ratio":0.08343546296447645,
       "Corrected P-value":1,
       "Full adaptive model":0.02327750549302335,
       "Full adaptive model (non-synonymous subs/site)":0.003840852784323839,
       "Full adaptive model (synonymous subs/site)":0.0194366527086995,
       "LRT":0,
       "Nucleotide GTR":0.01778983207578606,
       "Rate Distributions":        [
[0.07124389636477232, 1] 
        ],
       "Rate classes":1,
       "Uncorrected P-value":1
      },
     "NODE_5":{
       "Baseline MG94xREV":0.05090945977798006,
       "Baseline MG94xREV omega ratio":0.05180762313400387,
       "Corrected P-value":1,
       "Full adaptive model":0.05636030641009677,
       "Full adaptive model (non-synonymous subs/site)":0.001511866536128497,
       "Full adaptive model (synonymous subs/site)":0.05484843987396831,
       "LRT":0,
       "Nucleotide GTR":0.03071447171753064,
       "Rate Distributions":        [
[0.009937809150275936, 1] 
        ],
       "Rate classes":1,
       "Uncorrected P-value":1
      },
     "NODE_7":{
       "Baseline MG94xREV":0.1087508437707297,
       "Baseline MG94xREV omega ratio":0.1002784338005213,
       "Corrected P-value":1,
       "Full adaptive model":0.1041963691389733,
       "Full adaptive model (non-synonymous subs/site)":0.02840855013055006,
       "Full adaptive model (synonymous subs/site)":0.07578781900842327,
       "LRT":0.02918482840505021,
       "Nucleotide GTR":0.07436145098480675,
       "Rate Distributions":        [
[0, 0.8850694990422322],
        [1.175860596013193, 0.1149305009577678] 
        ],
       "Rate classes":2,
       "Uncorrected P-value":0.4685246568319966
      }
    },
   "attributes":{
     "Baseline MG94xREV":{
       "attribute type":"branch length",
       "display order":1
      },
     "Baseline MG94xREV omega ratio":{
       "attribute type":"branch label",
       "display order":1
      },
     "Corrected P-value":{
       "attribute type":"branch label",
       "display order":6
      },
     "Full adaptive model":{
       "attribute type":"branch length",
       "display order":2
      },
     "Full adaptive model (non-synonymous subs/site)":{
       "attribute type":"branch label",
       "display order":10
      },
     "Full adaptive model (synonymous subs/site)":{
       "attribute type":"branch label",
       "display order":9
      },
     "LRT":{
       "attribute type":"branch label",
       "display order":4
      },
     "Nucleotide GTR":{
       "attribute type":"branch length",
       "display order":0
      },
     "Rate Distributions":{
       "attribute type":"branch label",
       "display order":3
      },
     "Rate classes":{
       "attribute type":"branch label",
       "display order":2
      },
     "Uncorrected P-value":{
       "attribute type":"branch label",
       "display order":5
      },
     "original name":{
       "attribute type":"node label",
       "display order":-1
      }
    }
  },