{
 "analysis":{
   "authors":"Sergei L Kosakovsky Pond, Ben Murrell, Steven Weaver and Temple iGEM / UCSD viral evolution group",
   "citation":"Less Is More: An Adaptive Branch-Site Random Effects Model for Efficient Detection of Episodic Diversifying Selection (2015). Mol Biol Evol 32 (5): 1342-1353. v2.2 adds support for multiple-hit models",
   "contact":"spond@temple.edu",
   "info":"aBSREL (Adaptive branch-site random effects likelihood)\n                            uses an adaptive random effects branch-site model framework\n                            to test whether each branch has evolved under positive selection,\n                            using a procedure which infers an optimal number of rate categories per branch.",
   "requirements":"in-frame codon alignment and a phylogenetic tree",
   "version":"2.2"
  },
 "branch attributes":{
   "0":{
     "INTS3_DANRE":{
       "Baseline MG94xREV":0.2930540142474789,
       "Baseline MG94xREV omega ratio":0.03453305626933161,
       "Corrected P-value":1,
       "Full adaptive model":0.2966997066116249,
       "Full adaptive model (non-synonymous subs/site)":0.08663516901088758,
       "Full adaptive model (synonymous subs/site)":0.2100645376007373,
       "LRT":2.09995945337505,
       "Nucleotide GTR":0.1560242366255649,
       "Rate Distributions":        [
[0.02311214458721381, 0.980675013980706],
        [5.539447091188886, 0.019324986019294] 
        ],
       "Rate classes":2,
       "Uncorrected P-value":0.1344440620387162,
       "original name":"INTS3_DANRE"
      },
     "INTS3_GADMO":{
       "Baseline MG94xREV":0.1484232815578125,
       "Baseline MG94xREV omega ratio":0.07524160710787475,
       "Corrected P-value":1,
       "Full adaptive model":0.1953960004934106,
       "Full adaptive model (non-synonymous subs/site)":0.05935820015360696,
       "Full adaptive model (synonymous subs/site)":0.1360378003398036,
       "LRT":2.034115722890419,
       "Nucleotide GTR":0.09768862493448498,
       "Rate Distributions":        [
[0.04004290997805689, 0.9852291581813737],
        [6.620162728372814, 0.01477084181862631] 
        ],
       "Rate classes":2,
       "Uncorrected P-value":0.1392579489319631,
       "original name":"INTS3_GADMO"
      },
     "INTS3_GASAC":{
       "Baseline MG94xREV":0.09067682707765157,
       "Baseline MG94xREV omega ratio":0.05668202026708188,
       "Corrected P-value":1,
       "Full adaptive model":0.09086188424989269,
       "Full adaptive model (non-synonymous subs/site)":0.01406572616536617,
       "Full adaptive model (synonymous subs/site)":0.07679615808452654,
       "LRT":0,
       "Nucleotide GTR":0.0679818682399245,
       "Rate Distributions":        [
[0.003289353721521828, 0.9255831972427958],
        [0.7331949182927971, 0.07441680275720419] 
        ],
       "Rate classes":2,
       "Uncorrected P-value":1,
       "original name":"INTS3_GASAC"
      },
     "INTS3_ORENI":{
       "Baseline MG94xREV":0.08707966931141524,
       "Baseline MG94xREV omega ratio":0.02381436987990954,
       "Corrected P-value":1,
       "Full adaptive model":0.08027244974146393,
       "Full adaptive model (non-synonymous subs/site)":0.005638509107625417,
       "Full adaptive model (synonymous subs/site)":0.07463394063383852,
       "LRT":0,
       "Nucleotide GTR":0.06485908650495008,
       "Rate Distributions":        [
[0.002355436378786564, 0.9468603395604811],
        [0.4051856265839373, 0.0531396604395189] 
        ],
       "Rate classes":2,
       "Uncorrected P-value":1,
       "original name":"INTS3_ORENI"
      },
     "INTS3_ORYLA":{
       "Baseline MG94xREV":0.136806386807935,
       "Baseline MG94xREV omega ratio":0.04414519281556333,
       "Corrected P-value":1,
       "Full adaptive model":0.1269590991425754,
       "Full adaptive model (non-synonymous subs/site)":0.0140588115305763,
       "Full adaptive model (synonymous subs/site)":0.1129002876119992,
       "LRT":0,
       "Nucleotide GTR":0.1016907132738972,
       "Rate Distributions":        [
[0.03916544637665691, 1] 
        ],
       "Rate classes":1,
       "Uncorrected P-value":1,
       "original name":"INTS3_ORYLA"
      },
     "INTS3_TAKRU":{
       "Baseline MG94xREV":0.06359999912809634,
       "Baseline MG94xREV omega ratio":0.03257158018681397,
       "Corrected P-value":1,
       "Full adaptive model":0.07856269820671069,
       "Full adaptive model (non-synonymous subs/site)":0.02448729834854739,
       "Full adaptive model (synonymous subs/site)":0.05407539985816329,
       "LRT":1.764918898268661,
       "Nucleotide GTR":0.06036879294799749,
       "Rate Distributions":        [
[0.01616564802529023, 0.9951608940802174],
        [26.10792830930481, 0.004839105919782649] 
        ],
       "Rate classes":2,
       "Uncorrected P-value":0.1609316398078915,
       "original name":"INTS3_TAKRU"
      },
     "INTS3_TETNG":{
       "Baseline MG94xREV":0.078608799073344,
       "Baseline MG94xREV omega ratio":0.03727962914032998,
       "Corrected P-value":1,
       "Full adaptive model":0.07982759861100709,
       "Full adaptive model (non-synonymous subs/site)":0.007082454412052933,
       "Full adaptive model (synonymous subs/site)":0.07274514419895413,
       "LRT":0,
       "Nucleotide GTR":0.05167359229789724,
       "Rate Distributions":        [
[0.03062170009060687, 1] 
        ],
       "Rate classes":1,
       "Uncorrected P-value":1,
       "original name":"INTS3_TETNG"
      },
     "NODE_3":{
       "Baseline MG94xREV":0.02378350197510907,
       "Baseline MG94xREV omega ratio":0.07684921992995961,
       "Corrected P-value":1,
       "Full adaptive model":0.02354295945628669,
       "Full adaptive model (non-synonymous subs/site)":0.003911201003709491,
       "Full adaptive model (synonymous subs/site)":0.01963175845257721,
       "LRT":0,
       "Nucleotide GTR":0.02657256590124417,
       "Rate Distributions":        [
[0.0626614519483145, 1] 
        ],
       "Rate classes":1,
       "Uncorrected P-value":1
      },
     "NODE_5":{
       "Baseline MG94xREV":0.0207822240113701,
       "Baseline MG94xREV omega ratio":0.0153393352578507,
       "Corrected P-value":1,
       "Full adaptive model":0.01876778554726744,
       "Full adaptive model (non-synonymous subs/site)":0.001119708533279523,
       "Full adaptive model (synonymous subs/site)":0.01764807701398789,
       "LRT":0,
       "Nucleotide GTR":0.01800048267547639,
       "Rate Distributions":        [
[0.01995524745819809, 1] 
        ],
       "Rate classes":1,
       "Uncorrected P-value":1
      },
     "NODE_8":{
       "Baseline MG94xREV":0.05418738744150695,
       "Baseline MG94xREV omega ratio":0.08226656893345644,
       "Corrected P-value":1,
       "Full adaptive model":0.05300991465805168,
       "Full adaptive model (non-synonymous subs/site)":0.009430505741917877,
       "Full adaptive model (synonymous subs/site)":0.04357940891613373,
       "LRT":0,
       "Nucleotide GTR":0.04027276023326573,
       "Rate Distributions":        [
[0.06806175892480178, 1] 
        ],
       "Rate classes":1,
       "Uncorrected P-value":1
      },
     "NODE_9":{
       "Baseline MG94xREV":0.07417932882816587,
       "Baseline MG94xREV omega ratio":0.07206155412103936,
       "Corrected P-value":1,
       "Full adaptive model":0.05167154018429258,
       "Full adaptive model (non-synonymous subs/site)":0.01490199383265084,
       "Full adaptive model (synonymous subs/site)":0.03676954635164173,
       "LRT":1.3558522715648,
       "Nucleotide GTR":0.04562394034482591,
       "Rate Distributions":        [
[0, 0.9412934954334343],
        [2.171297861881095, 0.05870650456656568] 
        ],
       "Rate classes":2,
       "Uncorrected P-value":0.2011521441509456
      }
    },
   "attributes":{
     "Baseline MG94xREV":{
       "attribute type":"branch length",
       "display order":1
      },
     "Baseline MG94xREV omega ratio":{
       "attribute type":"branch label",