{
 "analysis":{
   "authors":"Sergei L Kosakovsky Pond, Ben Murrell, Steven Weaver and Temple iGEM / UCSD viral evolution group",
   "citation":"Less Is More: An Adaptive Branch-Site Random Effects Model for Efficient Detection of Episodic Diversifying Selection (2015). Mol Biol Evol 32 (5): 1342-1353. v2.2 adds support for multiple-hit models",
   "contact":"spond@temple.edu",
   "info":"aBSREL (Adaptive branch-site random effects likelihood)\n                            uses an adaptive random effects branch-site model framework\n                            to test whether each branch has evolved under positive selection,\n                            using a procedure which infers an optimal number of rate categories per branch.",
   "requirements":"in-frame codon alignment and a phylogenetic tree",
   "version":"2.2"
  },
 "branch attributes":{
   "0":{
     "ENSLACP00000006127":{
       "Baseline MG94xREV":0.1039007590359755,
       "Baseline MG94xREV omega ratio":10000000000,
       "Corrected P-value":1,
       "Full adaptive model":0.1060256797679158,
       "Full adaptive model (non-synonymous subs/site)":0.1060256797679158,
       "Full adaptive model (synonymous subs/site)":1e-10,
       "LRT":0.1394559781629141,
       "Nucleotide GTR":0.2271976424191838,
       "Rate Distributions":        [
[10000000000, 1] 
        ],
       "Rate classes":1,
       "Uncorrected P-value":0.4215587314361013,
       "original name":"ENSLACP00000006127"
      },
     "ENSONIP00000002221":{
       "Baseline MG94xREV":0.4878843525168272,
       "Baseline MG94xREV omega ratio":0.3014612684859898,
       "Corrected P-value":1,
       "Full adaptive model":0.6526324905129002,
       "Full adaptive model (non-synonymous subs/site)":0.3954420880439303,
       "Full adaptive model (synonymous subs/site)":0.2571904024689697,
       "LRT":0.1499192040096204,
       "Nucleotide GTR":0.4051691141332276,
       "Rate Distributions":        [
[0.05938590577915789, 0.6748716253628529],
        [1.637959581984, 0.3251283746371471] 
        ],
       "Rate classes":2,
       "Uncorrected P-value":0.4180568061812218,
       "original name":"ENSONIP00000002221"
      },
     "ENSONIP00000026481":{
       "Baseline MG94xREV":0.1490502844982405,
       "Baseline MG94xREV omega ratio":0.2643851958685248,
       "Corrected P-value":1,
       "Full adaptive model":0.1392012964354278,
       "Full adaptive model (non-synonymous subs/site)":0.05759937446300443,
       "Full adaptive model (synonymous subs/site)":0.08160192197242368,
       "LRT":0,
       "Nucleotide GTR":0.122441144511145,
       "Rate Distributions":        [
[0.2628812134837809, 1] 
        ],
       "Rate classes":1,
       "Uncorrected P-value":1,
       "original name":"ENSONIP00000026481"
      },
     "ENSORLP00000011494":{
       "Baseline MG94xREV":0.2933323579848191,
       "Baseline MG94xREV omega ratio":0.2724525603088472,
       "Corrected P-value":1,
       "Full adaptive model":0.3189980499328329,
       "Full adaptive model (non-synonymous subs/site)":0.1257724691013553,
       "Full adaptive model (synonymous subs/site)":0.1932255808314777,
       "LRT":0,
       "Nucleotide GTR":0.2585071257912068,
       "Rate Distributions":        [
[0.2424170361356634, 1] 
        ],
       "Rate classes":1,
       "Uncorrected P-value":1,
       "original name":"ENSORLP00000011494"
      },
     "ENSPSIP00000006158":{
       "Baseline MG94xREV":0.4575862151156861,
       "Baseline MG94xREV omega ratio":0.2414390505837879,
       "Corrected P-value":1,
       "Full adaptive model":0.4702855348050727,
       "Full adaptive model (non-synonymous subs/site)":0.1790070015280762,
       "Full adaptive model (synonymous subs/site)":0.291278533276996,
       "LRT":0,
       "Nucleotide GTR":0.2871335188281163,
       "Rate Distributions":        [
[0.2288778212200704, 1] 
        ],
       "Rate classes":1,
       "Uncorrected P-value":1,
       "original name":"ENSPSIP00000006158"
      },
     "IM_7136021_DANRE":{
       "Baseline MG94xREV":0.5783987006466025,
       "Baseline MG94xREV omega ratio":0.143905758861225,
       "Corrected P-value":1,
       "Full adaptive model":0.7636510260635361,
       "Full adaptive model (non-synonymous subs/site)":0.2200714429816332,
       "Full adaptive model (synonymous subs/site)":0.5435795830819029,
       "LRT":0,
       "Nucleotide GTR":0.2971145230178143,
       "Rate Distributions":        [
[0.006474638506233016, 0.5859312643071566],
        [0.3549796029393361, 0.4140687356928434] 
        ],
       "Rate classes":2,
       "Uncorrected P-value":1,
       "original name":"IM@7136021_DANRE"
      },
     "NODE_12":{
       "Baseline MG94xREV":1183.84222219347,
       "Baseline MG94xREV omega ratio":2.464790048483419e-05,
       "Corrected P-value":1,
       "Full adaptive model":1014.345023110615,
       "Full adaptive model (non-synonymous subs/site)":0.07455803421763797,
       "Full adaptive model (synonymous subs/site)":1014.270465076399,
       "LRT":0,
       "Nucleotide GTR":0.2249754367176822,
       "Rate Distributions":        [
[2.737680996887934e-05, 1] 
        ],
       "Rate classes":1,
       "Uncorrected P-value":1
      },
     "NODE_3":{
       "Baseline MG94xREV":0.01237493503295341,
       "Baseline MG94xREV omega ratio":10000000000,
       "Corrected P-value":1,
       "Full adaptive model":0.01408986123128893,
       "Full adaptive model (non-synonymous subs/site)":0.01408986123128893,
       "Full adaptive model (synonymous subs/site)":1e-10,
       "LRT":0.01101341876938022,
       "Nucleotide GTR":0.02460835225784484,
       "Rate Distributions":        [
[10000000000, 1] 
        ],
       "Rate classes":1,
       "Uncorrected P-value":0.4816364435773687
      },
     "NODE_5":{
       "Baseline MG94xREV":0.03876734414670681,
       "Baseline MG94xREV omega ratio":10000000000,
       "Corrected P-value":1,
       "Full adaptive model":0.03460211191268214,
       "Full adaptive model (non-synonymous subs/site)":0.03460211191268214,
       "Full adaptive model (synonymous subs/site)":1e-10,
       "LRT":0.03617974664621215,
       "Nucleotide GTR":0.1203324577156364,
       "Rate Distributions":        [
[10000000000, 1] 
        ],
       "Rate classes":1,
       "Uncorrected P-value":0.4644507850848418
      },
     "XB_GENE_5727065_XENTR":{
       "Baseline MG94xREV":0.6352111447149483,
       "Baseline MG94xREV omega ratio":0.04828153841946382,
       "Corrected P-value":1,
       "Full adaptive model":0.6482901729575371,
       "Full adaptive model (non-synonymous subs/site)":0.06768472445553633,
       "Full adaptive model (synonymous subs/site)":0.5806054485020006,
       "LRT":0,
       "Nucleotide GTR":0.2212311327875559,
       "Rate Distributions":        [
[0.04341619207802132, 1] 
        ],
       "Rate classes":1,
       "Uncorrected P-value":1,
       "original name":"XB-GENE-5727065_XENTR"
      }
    },
   "attributes":{
     "Baseline MG94xREV":{
       "attribute type":"branch length",
       "display order":1
      },
     "Baseline MG94xREV omega ratio":{
       "attribute type":"branch label",
       "display order":1
      },
     "Corrected P-value":{
       "attribute type":"branch label",
       "display order":6
      },
     "Full adaptive model":{
       "attribute type":"branch length",
       "display order":2
      },
     "Full adaptive model (non-synonymous subs/site)":{
       "attribute type":"branch label",
       "display order":10
      },
     "Full adaptive model (synonymous subs/site)":{
       "attribute type":"branch label",
       "display order":9
      },
     "LRT":{
       "attribute type":"branch label",
       "display order":4
      },
     "Nucleotide GTR":{
       "attribute type":"branch length",
       "display order":0
      },
     "Rate Distributions":{
       "attribute type":"branch label",
       "display order":3
      },