{
 "analysis":{
   "authors":"Sergei L Kosakovsky Pond, Ben Murrell, Steven Weaver and Temple iGEM / UCSD viral evolution group",
   "citation":"Less Is More: An Adaptive Branch-Site Random Effects Model for Efficient Detection of Episodic Diversifying Selection (2015). Mol Biol Evol 32 (5): 1342-1353. v2.2 adds support for multiple-hit models",
   "contact":"spond@temple.edu",
   "info":"aBSREL (Adaptive branch-site random effects likelihood)\n                            uses an adaptive random effects branch-site model framework\n                            to test whether each branch has evolved under positive selection,\n                            using a procedure which infers an optimal number of rate categories per branch.",
   "requirements":"in-frame codon alignment and a phylogenetic tree",
   "version":"2.2"
  },
 "branch attributes":{
   "0":{
     "ENSEEUP00000005113":{
       "Baseline MG94xREV":0.1207186802052827,
       "Baseline MG94xREV omega ratio":0.2870340153211743,
       "Corrected P-value":0.9634250731650368,
       "Full adaptive model":0.51974934589931,
       "Full adaptive model (non-synonymous subs/site)":0.4514755729850931,
       "Full adaptive model (synonymous subs/site)":0.06827377291421685,
       "LRT":3.230458314345015,
       "Nucleotide GTR":0.1240941482697548,
       "Rate Distributions":        [
[0.2255302979874079, 0.9793361300155439],
        [116.6000753946397, 0.02066386998445613] 
        ],
       "Rate classes":2,
       "Uncorrected P-value":0.07410962101269514,
       "original name":"ENSEEUP00000005113"
      },
     "ENSETEP00000012906":{
       "Baseline MG94xREV":0.09463289646773416,
       "Baseline MG94xREV omega ratio":0.1426489056874959,
       "Corrected P-value":0.6861218246167038,
       "Full adaptive model":257.9952008468248,
       "Full adaptive model (non-synonymous subs/site)":257.9340010940924,
       "Full adaptive model (synonymous subs/site)":0.06119975273235263,
       "LRT":4.285710752111299,
       "Nucleotide GTR":0.07912007670434626,
       "Rate Distributions":        [
[0.09625775676727698, 0.983236842219292],
        [100000, 0.01676315778070803] 
        ],
       "Rate classes":2,
       "Uncorrected P-value":0.04288261403854399,
       "original name":"ENSETEP00000012906"
      },
     "ENSLAFP00000017687":{
       "Baseline MG94xREV":0.05421418972165949,
       "Baseline MG94xREV omega ratio":0.07312502628854496,
       "Corrected P-value":1,
       "Full adaptive model":0.05638175869482806,
       "Full adaptive model (non-synonymous subs/site)":0.009942490154942646,
       "Full adaptive model (synonymous subs/site)":0.04643926853988536,
       "LRT":0,
       "Nucleotide GTR":0.04802430236581583,
       "Rate Distributions":        [
[0.08515913150807082, 1] 
        ],
       "Rate classes":1,
       "Uncorrected P-value":1,
       "original name":"ENSLAFP00000017687"
      },
     "ENSMEUP00000003918":{
       "Baseline MG94xREV":0.1175514708361149,
       "Baseline MG94xREV omega ratio":0.1550977094751239,
       "Corrected P-value":1,
       "Full adaptive model":0.1131852689193583,
       "Full adaptive model (non-synonymous subs/site)":0.03645113160633869,
       "Full adaptive model (synonymous subs/site)":0.07673413731301958,
       "LRT":0,
       "Nucleotide GTR":0.104733870513263,
       "Rate Distributions":        [
[0.1889486637973121, 1] 
        ],
       "Rate classes":1,
       "Uncorrected P-value":1,
       "original name":"ENSMEUP00000003918"
      },
     "ENSMEUP00000007850":{
       "Baseline MG94xREV":0.2935549010021333,
       "Baseline MG94xREV omega ratio":0.1519903754827904,
       "Corrected P-value":0.9867353854363317,
       "Full adaptive model":1.008024913458782,
       "Full adaptive model (non-synonymous subs/site)":0.832691880026788,
       "Full adaptive model (synonymous subs/site)":0.1753330334319939,
       "LRT":3.326768837732743,
       "Nucleotide GTR":0.2085005627581964,
       "Rate Distributions":        [
[0.07378861673119234, 0.8948001117223486],
        [17.32908352122581, 0.1051998882776514] 
        ],
       "Rate classes":2,
       "Uncorrected P-value":0.07048109895973798,
       "original name":"ENSMEUP00000007850"
      },
     "ENSOGAP00000016122":{
       "Baseline MG94xREV":0.09211428150779895,
       "Baseline MG94xREV omega ratio":0.2280554015549683,
       "Corrected P-value":1,
       "Full adaptive model":0.0906016201118552,
       "Full adaptive model (non-synonymous subs/site)":0.0314563881653329,
       "Full adaptive model (synonymous subs/site)":0.0591452319465223,
       "LRT":0,
       "Nucleotide GTR":0.08485304080571496,
       "Rate Distributions":        [
[0.2115487875669867, 1] 
        ],
       "Rate classes":1,
       "Uncorrected P-value":1,
       "original name":"ENSOGAP00000016122"
      },
     "ENSSARP00000008876":{
       "Baseline MG94xREV":0.1183864849470462,
       "Baseline MG94xREV omega ratio":0.146090788166709,
       "Corrected P-value":1,
       "Full adaptive model":0.1198934316943446,
       "Full adaptive model (non-synonymous subs/site)":0.0332503314808777,
       "Full adaptive model (synonymous subs/site)":0.08664310021346677,
       "LRT":0,
       "Nucleotide GTR":0.09125998029284696,
       "Rate Distributions":        [
[0.1526452942149628, 1] 
        ],
       "Rate classes":1,
       "Uncorrected P-value":1,
       "original name":"ENSSARP00000008876"
      },
     "ENSTBEP00000006683":{
       "Baseline MG94xREV":0.208474761557731,
       "Baseline MG94xREV omega ratio":0.05500423358979464,
       "Corrected P-value":1,
       "Full adaptive model":0.205577728891788,
       "Full adaptive model (non-synonymous subs/site)":0.02596172622498949,
       "Full adaptive model (synonymous subs/site)":0.1796160026667987,
       "LRT":0,
       "Nucleotide GTR":0.136656991976818,
       "Rate Distributions":        [
[0.05749233711535016, 1] 
        ],
       "Rate classes":1,
       "Uncorrected P-value":1,
       "original name":"ENSTBEP00000006683"
      },
     "ENSTSYP00000013679":{
       "Baseline MG94xREV":0.1515695296184636,
       "Baseline MG94xREV omega ratio":0.4358833547473922,
       "Corrected P-value":1,
       "Full adaptive model":0.1540649322595175,
       "Full adaptive model (non-synonymous subs/site)":0.07783075393219921,
       "Full adaptive model (synonymous subs/site)":0.07623417832731817,
       "LRT":0,
       "Nucleotide GTR":0.1511863430232454,
       "Rate Distributions":        [
[0.4060906014550917, 1] 
        ],
       "Rate classes":1,
       "Uncorrected P-value":1,
       "original name":"ENSTSYP00000013679"
      },
     "MGC137098_BOVIN":{
       "Baseline MG94xREV":0.453821549216741,
       "Baseline MG94xREV omega ratio":0.2858934799213083,
       "Corrected P-value":1,
       "Full adaptive model":0.545844509816175,
       "Full adaptive model (non-synonymous subs/site)":0.3452907074093817,
       "Full adaptive model (synonymous subs/site)":0.2005538024067934,
       "LRT":0.6456461411262353,
       "Nucleotide GTR":0.3582844218869396,
       "Rate Distributions":        [
[0, 0.5881285064208247],
        [1.662699170750474, 0.4118714935791753] 
        ],
       "Rate classes":2,
       "Uncorrected P-value":0.3015653098517759,
       "original name":"MGC137098_BOVIN"
      },
     "NODE_12":{
       "Baseline MG94xREV":0.02614376558321119,
       "Baseline MG94xREV omega ratio":0,
       "Corrected P-value":1,
       "Full adaptive model":0.02054346364331166,
       "Full adaptive model (non-synonymous subs/site)":1e-10,
       "Full adaptive model (synonymous subs/site)":0.02054346364331166,
       "LRT":0,
       "Nucleotide GTR":0.01078990566300029,
       "Rate Distributions":        [
[0, 1] 
        ],
       "Rate classes":1,
       "Uncorrected P-value":1
      },
     "NODE_14":{
       "Baseline MG94xREV":0.1073888845968385,
       "Baseline MG94xREV omega ratio":0.1709459590483031,