{
 "analysis":{
   "authors":"Sergei L Kosakovsky Pond, Ben Murrell, Steven Weaver and Temple iGEM / UCSD viral evolution group",
   "citation":"Less Is More: An Adaptive Branch-Site Random Effects Model for Efficient Detection of Episodic Diversifying Selection (2015). Mol Biol Evol 32 (5): 1342-1353. v2.2 adds support for multiple-hit models",
   "contact":"spond@temple.edu",
   "info":"aBSREL (Adaptive branch-site random effects likelihood)\n                            uses an adaptive random effects branch-site model framework\n                            to test whether each branch has evolved under positive selection,\n                            using a procedure which infers an optimal number of rate categories per branch.",
   "requirements":"in-frame codon alignment and a phylogenetic tree",
   "version":"2.2"
  },
 "branch attributes":{
   "0":{
     "ENSGACP00000013490":{
       "Baseline MG94xREV":0.109157837140908,
       "Baseline MG94xREV omega ratio":0.09765952782112977,
       "Corrected P-value":1,
       "Full adaptive model":7.470907805136176,
       "Full adaptive model (non-synonymous subs/site)":7.386549521670982,
       "Full adaptive model (synonymous subs/site)":0.08435828346519358,
       "LRT":2.335361809586175,
       "Nucleotide GTR":0.08478123576781477,
       "Rate Distributions":        [
[0.06992818990301716, 0.9924039935922766],
        [3845.56216943968, 0.007596006407723399] 
        ],
       "Rate classes":2,
       "Uncorrected P-value":0.1186193848448532,
       "original name":"ENSGACP00000013490"
      },
     "ENSGMOP00000007551":{
       "Baseline MG94xREV":0.3070214687980007,
       "Baseline MG94xREV omega ratio":0.04637080208610598,
       "Corrected P-value":1,
       "Full adaptive model":0.2859832118017531,
       "Full adaptive model (non-synonymous subs/site)":0.04739748886297127,
       "Full adaptive model (synonymous subs/site)":0.2385857229387818,
       "LRT":0,
       "Nucleotide GTR":0.1386205465407171,
       "Rate Distributions":        [
[0.002338652284279488, 0.8846099193516633],
        [0.5577818892342261, 0.1153900806483367] 
        ],
       "Rate classes":2,
       "Uncorrected P-value":1,
       "original name":"ENSGMOP00000007551"
      },
     "ENSLACP00000011880":{
       "Baseline MG94xREV":1558.019864612914,
       "Baseline MG94xREV omega ratio":3.008105917166761e-05,
       "Corrected P-value":0.05327996496286697,
       "Full adaptive model":55.29245580557419,
       "Full adaptive model (non-synonymous subs/site)":55.03883105085637,
       "Full adaptive model (synonymous subs/site)":0.2536247547178222,
       "LRT":8.88814342439764,
       "Nucleotide GTR":0.2944186268273118,
       "Rate Distributions":        [
[0.08171328078790813, 0.009423938809913386],
        [0.08205575439170987, 0.871382374291925],
        [608.2097563084936, 0.1191936868981616] 
        ],
       "Rate classes":3,
       "Uncorrected P-value":0.004098458843297459,
       "original name":"ENSLACP00000011880"
      },
     "ENSONIP00000017027":{
       "Baseline MG94xREV":0.09698198755922501,
       "Baseline MG94xREV omega ratio":0.0975454822292548,
       "Corrected P-value":1,
       "Full adaptive model":0.08878296145083164,
       "Full adaptive model (non-synonymous subs/site)":0.01990927899718678,
       "Full adaptive model (synonymous subs/site)":0.06887368245364488,
       "LRT":0,
       "Nucleotide GTR":0.08537363979419427,
       "Rate Distributions":        [
[0.09666384085227429, 1] 
        ],
       "Rate classes":1,
       "Uncorrected P-value":1,
       "original name":"ENSONIP00000017027"
      },
     "ENSORLP00000021688":{
       "Baseline MG94xREV":0.1293325618072935,
       "Baseline MG94xREV omega ratio":0.0890345254206267,
       "Corrected P-value":1,
       "Full adaptive model":0.1231103387566426,
       "Full adaptive model (non-synonymous subs/site)":0.02418162836179044,
       "Full adaptive model (synonymous subs/site)":0.09892871039485211,
       "LRT":0,
       "Nucleotide GTR":0.1107484041147339,
       "Rate Distributions":        [
[0.08173818941035951, 1] 
        ],
       "Rate classes":1,
       "Uncorrected P-value":1,
       "original name":"ENSORLP00000021688"
      },
     "ENSTNIP00000019469":{
       "Baseline MG94xREV":0.04786963955542083,
       "Baseline MG94xREV omega ratio":0.07627676653859553,
       "Corrected P-value":1,
       "Full adaptive model":0.04763065152689436,
       "Full adaptive model (non-synonymous subs/site)":0.008041491075917274,
       "Full adaptive model (synonymous subs/site)":0.03958916045097706,
       "LRT":0,
       "Nucleotide GTR":0.0398291090193143,
       "Rate Distributions":        [
[0.06792382136502603, 1] 
        ],
       "Rate classes":1,
       "Uncorrected P-value":1,
       "original name":"ENSTNIP00000019469"
      },
     "ENSTRUP00000032043":{
       "Baseline MG94xREV":0.03716067299204371,
       "Baseline MG94xREV omega ratio":0.09234864058103247,
       "Corrected P-value":1,
       "Full adaptive model":0.03630854641966868,
       "Full adaptive model (non-synonymous subs/site)":0.007147673700230017,
       "Full adaptive model (synonymous subs/site)":0.02916087271943866,
       "LRT":0,
       "Nucleotide GTR":0.03654261926037344,
       "Rate Distributions":        [
[0.08196454261163552, 1] 
        ],
       "Rate classes":1,
       "Uncorrected P-value":1,
       "original name":"ENSTRUP00000032043"
      },
     "NODE_11":{
       "Baseline MG94xREV":0.1094276031331678,
       "Baseline MG94xREV omega ratio":0.123019954010585,
       "Corrected P-value":0.7930157122598188,
       "Full adaptive model":0.1746944981063918,
       "Full adaptive model (non-synonymous subs/site)":0.08449525015865877,
       "Full adaptive model (synonymous subs/site)":0.09019924794773305,
       "LRT":3.450512779505516,
       "Nucleotide GTR":0.0735104630916517,
       "Rate Distributions":        [
[0.07309986340941096, 0.9828008721374998],
        [14.03603008240035, 0.01719912786250022] 
        ],
       "Rate classes":2,
       "Uncorrected P-value":0.06608464268831823
      },
     "NODE_3":{
       "Baseline MG94xREV":0.001228630259585753,
       "Baseline MG94xREV omega ratio":10000000000,
       "Corrected P-value":1,
       "Full adaptive model":0.001343738477203927,
       "Full adaptive model (non-synonymous subs/site)":0.001343738477203927,
       "Full adaptive model (synonymous subs/site)":1e-10,
       "LRT":0.1336399733281723,
       "Nucleotide GTR":0.001811743768562627,
       "Rate Distributions":        [
[10000000000, 1] 
        ],
       "Rate classes":1,
       "Uncorrected P-value":0.4235465584385548
      },
     "NODE_6":{
       "Baseline MG94xREV":0.08099960103006552,
       "Baseline MG94xREV omega ratio":0.07576436919503125,
       "Corrected P-value":1,
       "Full adaptive model":0.07982606248835258,
       "Full adaptive model (non-synonymous subs/site)":0.01361242244385583,
       "Full adaptive model (synonymous subs/site)":0.06621364004449666,
       "LRT":0,
       "Nucleotide GTR":0.05726861503104821,
       "Rate Distributions":        [
[0.06874637039487501, 1] 
        ],
       "Rate classes":1,
       "Uncorrected P-value":1
      },
     "NODE_7":{
       "Baseline MG94xREV":0.004088913396548612,
       "Baseline MG94xREV omega ratio":10000000000,
       "Corrected P-value":1,
       "Full adaptive model":0.00738608238028986,
       "Full adaptive model (non-synonymous subs/site)":0.003369290734424412,
       "Full adaptive model (synonymous subs/site)":0.004016791645865448,
       "LRT":0,
       "Nucleotide GTR":0.01711036706512119,
       "Rate Distributions":        [
[0.2804923372689686, 1] 
        ],
       "Rate classes":1,
       "Uncorrected P-value":1
      },
     "NODE_9":{
       "Baseline MG94xREV":0.00691826659784374,
       "Baseline MG94xREV omega ratio":1.022922883740332,
       "Corrected P-value":1,