{
 "analysis":{
   "authors":"Sergei L Kosakovsky Pond, Ben Murrell, Steven Weaver and Temple iGEM / UCSD viral evolution group",
   "citation":"Less Is More: An Adaptive Branch-Site Random Effects Model for Efficient Detection of Episodic Diversifying Selection (2015). Mol Biol Evol 32 (5): 1342-1353. v2.2 adds support for multiple-hit models",
   "contact":"spond@temple.edu",
   "info":"aBSREL (Adaptive branch-site random effects likelihood)\n                            uses an adaptive random effects branch-site model framework\n                            to test whether each branch has evolved under positive selection,\n                            using a procedure which infers an optimal number of rate categories per branch.",
   "requirements":"in-frame codon alignment and a phylogenetic tree",
   "version":"2.2"
  },
 "branch attributes":{
   "0":{
     "ENSTRUP00000007026":{
       "Baseline MG94xREV":0.007009017109546879,
       "Baseline MG94xREV omega ratio":0.6970364319480418,
       "Corrected P-value":0.0002847580806586425,
       "Full adaptive model":2.391044567451683,
       "Full adaptive model (non-synonymous subs/site)":2.38960471458326,
       "Full adaptive model (synonymous subs/site)":0.001439852868422888,
       "LRT":18.93616918667067,
       "Nucleotide GTR":0.006953855447016542,
       "Rate Distributions":        [
[1, 0.993647497850732],
        [100000, 0.006352502149267969] 
        ],
       "Rate classes":2,
       "Uncorrected P-value":2.588709824169477e-05,
       "original name":"ENSTRUP00000007026"
      },
     "ENSTRUP00000017952":{
       "Baseline MG94xREV":0.004537736614373348,
       "Baseline MG94xREV omega ratio":10000000000,
       "Corrected P-value":1,
       "Full adaptive model":0.0007452398686476537,
       "Full adaptive model (non-synonymous subs/site)":0.0007452398686476537,
       "Full adaptive model (synonymous subs/site)":1e-10,
       "LRT":0.4340044602777198,
       "Nucleotide GTR":0.004564485224076638,
       "Rate Distributions":        [
[10000000000, 1] 
        ],
       "Rate classes":1,
       "Uncorrected P-value":0.3434845590791066,
       "original name":"ENSTRUP00000017952"
      },
     "NODE_3":{
       "Baseline MG94xREV":0.03074376464877383,
       "Baseline MG94xREV omega ratio":0.4201639389583395,
       "Corrected P-value":1,
       "Full adaptive model":0.02576664444695631,
       "Full adaptive model (non-synonymous subs/site)":0.01710470103333799,
       "Full adaptive model (synonymous subs/site)":0.00866194341361832,
       "LRT":0,
       "Nucleotide GTR":0.03195618372501653,
       "Rate Distributions":        [
[0.757034724827455, 1] 
        ],
       "Rate classes":1,
       "Uncorrected P-value":1
      },
     "NODE_6":{
       "Baseline MG94xREV":0.1838534911650007,
       "Baseline MG94xREV omega ratio":0.3442646291710324,
       "Corrected P-value":0.8177785310890483,
       "Full adaptive model":0.237794627435639,
       "Full adaptive model (non-synonymous subs/site)":0.141119230047633,
       "Full adaptive model (synonymous subs/site)":0.09667539738800601,
       "LRT":2.36410700950546,
       "Nucleotide GTR":0.1721264677976638,
       "Rate Distributions":        [
[0.2066608943938157, 0.9204472296658263],
        [4.643334146844489, 0.07955277033417374] 
        ],
       "Rate classes":2,
       "Uncorrected P-value":0.1168255044412926
      },
     "NODE_7":{
       "Baseline MG94xREV":0.09207218240131147,
       "Baseline MG94xREV omega ratio":0.1069248337830353,
       "Corrected P-value":1,
       "Full adaptive model":0.0872445766962235,
       "Full adaptive model (non-synonymous subs/site)":0.01678304024349399,
       "Full adaptive model (synonymous subs/site)":0.07046153645272954,
       "LRT":0,
       "Nucleotide GTR":0.07108770196413841,
       "Rate Distributions":        [
[0.0913133303174858, 1] 
        ],
       "Rate classes":1,
       "Uncorrected P-value":1
      },
     "NODE_9":{
       "Baseline MG94xREV":0.3739386791353859,
       "Baseline MG94xREV omega ratio":0.04356913279208582,
       "Corrected P-value":1,
       "Full adaptive model":0.336053799651957,
       "Full adaptive model (non-synonymous subs/site)":0.04065923197103674,
       "Full adaptive model (synonymous subs/site)":0.2953945676809203,
       "LRT":0,
       "Nucleotide GTR":0.1305516009695025,
       "Rate Distributions":        [
[0.01052023813828874, 0.8757650293780561],
        [0.3505852514973654, 0.1242349706219439] 
        ],
       "Rate classes":2,
       "Uncorrected P-value":1
      },
     "RSPH4A_DANRE":{
       "Baseline MG94xREV":0.236305480161614,
       "Baseline MG94xREV omega ratio":0.1604205834917422,
       "Corrected P-value":0.4305801416967819,
       "Full adaptive model":0.4831996559690217,
       "Full adaptive model (non-synonymous subs/site)":0.3161654718768103,
       "Full adaptive model (synonymous subs/site)":0.1670341840922114,
       "LRT":4.073724273017433,
       "Nucleotide GTR":0.1838800671859523,
       "Rate Distributions":        [
[0.08963201194556468, 0.935628493036316],
        [9.969995226688479, 0.06437150696368399] 
        ],
       "Rate classes":2,
       "Uncorrected P-value":0.0478422379663091,
       "original name":"RSPH4A_DANRE"
      },
     "RSPH4A_GADMO":{
       "Baseline MG94xREV":0.2988285345544976,
       "Baseline MG94xREV omega ratio":0.08378241570527775,
       "Corrected P-value":0.4372082912620062,
       "Full adaptive model":14.15147249154624,
       "Full adaptive model (non-synonymous subs/site)":13.917018976694,
       "Full adaptive model (synonymous subs/site)":0.2344535148522346,
       "LRT":4.248187315612086,
       "Nucleotide GTR":0.1951174520389787,
       "Rate Distributions":        [
[0.04417033970535175, 0.9504888726927624],
        [0.04507900971763226, 0.0003490862025622722],
        [462.0329525325558, 0.04916204110467533] 
        ],
       "Rate classes":3,
       "Uncorrected P-value":0.04372082912620062,
       "original name":"RSPH4A_GADMO"
      },
     "RSPH4A_GASAC":{
       "Baseline MG94xREV":0.149178851337778,
       "Baseline MG94xREV omega ratio":0.266437921281813,
       "Corrected P-value":0.7803017883228893,
       "Full adaptive model":44.27001911871757,
       "Full adaptive model (non-synonymous subs/site)":44.18587335328053,
       "Full adaptive model (synonymous subs/site)":0.08414576543704244,
       "LRT":2.70591548307857,
       "Nucleotide GTR":0.133946887104088,
       "Rate Distributions":        [
[0.2200489440357052, 0.9778772819245874],
        [9090.000000003736, 0.02212271807541255] 
        ],
       "Rate classes":2,
       "Uncorrected P-value":0.09753772354036117,
       "original name":"RSPH4A_GASAC"
      },
     "RSPH4A_ORENI":{
       "Baseline MG94xREV":0.1119952289770165,
       "Baseline MG94xREV omega ratio":0.1422703660359806,
       "Corrected P-value":1,
       "Full adaptive model":0.1083659108599259,
       "Full adaptive model (non-synonymous subs/site)":0.02980224770843752,
       "Full adaptive model (synonymous subs/site)":0.07856366315148829,
       "LRT":0,
       "Nucleotide GTR":0.0945687022045895,
       "Rate Distributions":        [
[0.1454262986186131, 1] 
        ],
       "Rate classes":1,
       "Uncorrected P-value":1,
       "original name":"RSPH4A_ORENI"
      },
     "RSPH6A_XENTR":{
       "Baseline MG94xREV":0.5381871939445749,
       "Baseline MG94xREV omega ratio":0.1298383688170391,
       "Corrected P-value":0.9692389548030454,
       "Full adaptive model":1.373468762484028,
       "Full adaptive model (non-synonymous subs/site)":1.141276640500518,
       "Full adaptive model (synonymous subs/site)":0.23219212198351,
       "LRT":1.757935594114315,
       "Nucleotide GTR":0.2986695233950827,
       "Rate Distributions":        [
[0.06607958127837499, 0.8359651211577157],
        [11.15067158679301, 0.1640348788422843] 
        ],
       "Rate classes":2,