{
 "analysis":{
   "authors":"Sergei L Kosakovsky Pond, Ben Murrell, Steven Weaver and Temple iGEM / UCSD viral evolution group",
   "citation":"Less Is More: An Adaptive Branch-Site Random Effects Model for Efficient Detection of Episodic Diversifying Selection (2015). Mol Biol Evol 32 (5): 1342-1353. v2.2 adds support for multiple-hit models",
   "contact":"spond@temple.edu",
   "info":"aBSREL (Adaptive branch-site random effects likelihood)\n                            uses an adaptive random effects branch-site model framework\n                            to test whether each branch has evolved under positive selection,\n                            using a procedure which infers an optimal number of rate categories per branch.",
   "requirements":"in-frame codon alignment and a phylogenetic tree",
   "version":"2.2"
  },
 "branch attributes":{
   "0":{
     "BX950859_1_DANRE":{
       "Baseline MG94xREV":0.2129152636173461,
       "Baseline MG94xREV omega ratio":0.05753491719007379,
       "Corrected P-value":1,
       "Full adaptive model":0.2068265754989411,
       "Full adaptive model (non-synonymous subs/site)":0.04934845720212203,
       "Full adaptive model (synonymous subs/site)":0.157478118296819,
       "LRT":0.2886373415658454,
       "Nucleotide GTR":0.1280448464300813,
       "Rate Distributions":        [
[0.02759137357445159, 0.95620378860146],
        [1.828346201902639, 0.04379621139853995] 
        ],
       "Rate classes":2,
       "Uncorrected P-value":0.3779025736535915,
       "original name":"BX950859.1_DANRE"
      },
     "ENSACAP00000005978":{
       "Baseline MG94xREV":0.2271879033962605,
       "Baseline MG94xREV omega ratio":0.09687553410822362,
       "Corrected P-value":1,
       "Full adaptive model":0.2396232320415522,
       "Full adaptive model (non-synonymous subs/site)":0.06670955620724628,
       "Full adaptive model (synonymous subs/site)":0.1729136758343059,
       "LRT":0.09081170351237233,
       "Nucleotide GTR":0.1734451474331292,
       "Rate Distributions":        [
[0.03910901038974796, 0.9248074812006688],
        [1.26203096705432, 0.0751925187993312] 
        ],
       "Rate classes":2,
       "Uncorrected P-value":0.4393124237646036,
       "original name":"ENSACAP00000005978"
      },
     "ENSGALP00000002622":{
       "Baseline MG94xREV":0.02317063183179913,
       "Baseline MG94xREV omega ratio":0.1992672616027392,
       "Corrected P-value":1,
       "Full adaptive model":0.02383659011607335,
       "Full adaptive model (non-synonymous subs/site)":0.007806341550323996,
       "Full adaptive model (synonymous subs/site)":0.01603024856574936,
       "LRT":1.027873358065335,
       "Nucleotide GTR":0.02199574000086127,
       "Rate Distributions":        [
[0, 0.9517177074181993],
        [3.426437141304587, 0.04828229258180072] 
        ],
       "Rate classes":2,
       "Uncorrected P-value":0.2415726159482757,
       "original name":"ENSGALP00000002622"
      },
     "ENSLACP00000021479":{
       "Baseline MG94xREV":0.3865970595882319,
       "Baseline MG94xREV omega ratio":0.05353437692365683,
       "Corrected P-value":1,
       "Full adaptive model":0.3019207026510451,
       "Full adaptive model (non-synonymous subs/site)":0.0540595529089606,
       "Full adaptive model (synonymous subs/site)":0.2478611497420845,
       "LRT":0,
       "Nucleotide GTR":0.1948485720710302,
       "Rate Distributions":        [
[0, 0.732890530714651],
        [0.2773946401327803, 0.267109469285349] 
        ],
       "Rate classes":2,
       "Uncorrected P-value":1,
       "original name":"ENSLACP00000021479"
      },
     "ENSMGAP00000001304":{
       "Baseline MG94xREV":0.02063850415263524,
       "Baseline MG94xREV omega ratio":0.1598087142213605,
       "Corrected P-value":1,
       "Full adaptive model":0.02105823090724081,
       "Full adaptive model (non-synonymous subs/site)":0.007239544788062183,
       "Full adaptive model (synonymous subs/site)":0.01381868611917863,
       "LRT":0,
       "Nucleotide GTR":0.0205770044737516,
       "Rate Distributions":        [
[0.1779786331078331, 1] 
        ],
       "Rate classes":1,
       "Uncorrected P-value":1,
       "original name":"ENSMGAP00000001304"
      },
     "ENSONIP00000000701":{
       "Baseline MG94xREV":0.5061215115115065,
       "Baseline MG94xREV omega ratio":0.06660284557678479,
       "Corrected P-value":1,
       "Full adaptive model":0.4835353929770938,
       "Full adaptive model (non-synonymous subs/site)":0.1841196496757593,
       "Full adaptive model (synonymous subs/site)":0.2994157433013345,
       "LRT":0.7499672586091037,
       "Nucleotide GTR":0.2131279270578421,
       "Rate Distributions":        [
[0.05241055939882802, 0.951854195415442],
        [3.302838255840222, 0.04814580458455797] 
        ],
       "Rate classes":2,
       "Uncorrected P-value":0.2834874785084294,
       "original name":"ENSONIP00000000701"
      },
     "ENSPSIP00000019076":{
       "Baseline MG94xREV":0.1110685013009034,
       "Baseline MG94xREV omega ratio":0.2530697065885983,
       "Corrected P-value":1,
       "Full adaptive model":396.579207107249,
       "Full adaptive model (non-synonymous subs/site)":396.5187585604536,
       "Full adaptive model (synonymous subs/site)":0.06044854679528505,
       "LRT":-0.2652732700735214,
       "Nucleotide GTR":0.1024213196091956,
       "Rate Distributions":        [
[0.1745159461357979, 0.9777172915065208],
        [100000, 0.02228270849347924] 
        ],
       "Rate classes":2,
       "Uncorrected P-value":0.5,
       "original name":"ENSPSIP00000019076"
      },
     "ENSXETP00000018130":{
       "Baseline MG94xREV":0.4347096985618752,
       "Baseline MG94xREV omega ratio":0.06584641681665479,
       "Corrected P-value":0.45896644724549,
       "Full adaptive model":9.519507509316339,
       "Full adaptive model (non-synonymous subs/site)":9.240078796116627,
       "Full adaptive model (synonymous subs/site)":0.2794287131997115,
       "LRT":4.66320494993488,
       "Nucleotide GTR":0.2032019649798993,
       "Rate Distributions":        [
[0.04752787449925518, 0.04839474182844158],
        [0.04775123772302742, 0.9120218232374567],
        [282.643075258395, 0.03958343493410169] 
        ],
       "Rate classes":3,
       "Uncorrected P-value":0.03530511132657616,
       "original name":"ENSXETP00000018130"
      },
     "NODE_10":{
       "Baseline MG94xREV":0.005973103532849251,
       "Baseline MG94xREV omega ratio":10000000000,
       "Corrected P-value":1,
       "Full adaptive model":0.004363041057888054,
       "Full adaptive model (non-synonymous subs/site)":0.004363041057888054,
       "Full adaptive model (synonymous subs/site)":1e-10,
       "LRT":-0.5899724445425818,
       "Nucleotide GTR":0.01334220135209444,
       "Rate Distributions":        [
[10000000000, 1] 
        ],
       "Rate classes":1,
       "Uncorrected P-value":0.5
      },
     "NODE_12":{
       "Baseline MG94xREV":0.07967315388813032,
       "Baseline MG94xREV omega ratio":0.3074856233916248,
       "Corrected P-value":1,
       "Full adaptive model":2.633132011114338,
       "Full adaptive model (non-synonymous subs/site)":2.570812611103343,
       "Full adaptive model (synonymous subs/site)":0.06231940001099492,
       "LRT":2.619134066491824,
       "Nucleotide GTR":0.08370126698073907,
       "Rate Distributions":        [
[0.1358508968638175, 0.9788236750320471],
        [655.5102062873766, 0.02117632496795285] 
        ],
       "Rate classes":2,
       "Uncorrected P-value":0.1020974802796795
      },
     "NODE_14":{
       "Baseline MG94xREV":0.008682224165430878,
       "Baseline MG94xREV omega ratio":10000000000,
       "Corrected P-value":1,
       "Full adaptive model":0.008320881650468523,
       "Full adaptive model (non-synonymous subs/site)":0.008320881650468523,
       "Full adaptive model (synonymous subs/site)":1e-10,
       "LRT":0.07609060157847125,