{
 "analysis":{
   "authors":"Sergei L Kosakovsky Pond, Ben Murrell, Steven Weaver and Temple iGEM / UCSD viral evolution group",
   "citation":"Less Is More: An Adaptive Branch-Site Random Effects Model for Efficient Detection of Episodic Diversifying Selection (2015). Mol Biol Evol 32 (5): 1342-1353. v2.2 adds support for multiple-hit models",
   "contact":"spond@temple.edu",
   "info":"aBSREL (Adaptive branch-site random effects likelihood)\n                            uses an adaptive random effects branch-site model framework\n                            to test whether each branch has evolved under positive selection,\n                            using a procedure which infers an optimal number of rate categories per branch.",
   "requirements":"in-frame codon alignment and a phylogenetic tree",
   "version":"2.2"
  },
 "branch attributes":{
   "0":{
     "CP_CHICK":{
       "Baseline MG94xREV":0.02053075761040115,
       "Baseline MG94xREV omega ratio":0.2226663237007324,
       "Corrected P-value":0.06057209596483681,
       "Full adaptive model":0.02295049432438122,
       "Full adaptive model (non-synonymous subs/site)":0.0108219705979794,
       "Full adaptive model (synonymous subs/site)":0.01212852372640182,
       "LRT":7.910179409427656,
       "Nucleotide GTR":0.02061023731903954,
       "Rate Distributions":        [
[0.004548745888785712, 0.9652600452093285],
        [9.310464852619941, 0.03473995479067149] 
        ],
       "Rate classes":2,
       "Uncorrected P-value":0.006730232884981868,
       "original name":"CP_CHICK"
      },
     "CP_MELGA":{
       "Baseline MG94xREV":0.0284198708041185,
       "Baseline MG94xREV omega ratio":0.1489498219059728,
       "Corrected P-value":0.4965860375848641,
       "Full adaptive model":0.03078468752904798,
       "Full adaptive model (non-synonymous subs/site)":0.009744107521923201,
       "Full adaptive model (synonymous subs/site)":0.02104058000712478,
       "LRT":3.314287688455806,
       "Nucleotide GTR":0.02565750071107362,
       "Rate Distributions":        [
[0, 0.9589574998490195],
        [4.145802303579503, 0.04104250015098054] 
        ],
       "Rate classes":2,
       "Uncorrected P-value":0.07094086251212345,
       "original name":"CP_MELGA"
      },
     "CP_PELSI":{
       "Baseline MG94xREV":0.06865871951415656,
       "Baseline MG94xREV omega ratio":0.2243088751065194,
       "Corrected P-value":1,
       "Full adaptive model":0.08196099422832291,
       "Full adaptive model (non-synonymous subs/site)":0.03514963808772847,
       "Full adaptive model (synonymous subs/site)":0.04681135614059445,
       "LRT":0.7214423737132165,
       "Nucleotide GTR":0.07149261229093334,
       "Rate Distributions":        [
[0.1348749445705173, 0.9709702979727782],
        [4.992306502211735, 0.02902970202722177] 
        ],
       "Rate classes":2,
       "Uncorrected P-value":0.2882862440723633,
       "original name":"CP_PELSI"
      },
     "CP_TAEGU":{
       "Baseline MG94xREV":0.05760158732921484,
       "Baseline MG94xREV omega ratio":0.3070783022159195,
       "Corrected P-value":0.7006709260680652,
       "Full adaptive model":0.06159208629456409,
       "Full adaptive model (non-synonymous subs/site)":0.03045953759705254,
       "Full adaptive model (synonymous subs/site)":0.03113254869751155,
       "LRT":2.364866605737916,
       "Nucleotide GTR":0.0572842865262109,
       "Rate Distributions":        [
[0.1261921522156647, 0.9371304161957046],
        [3.836749103496, 0.06286958380429541] 
        ],
       "Rate classes":2,
       "Uncorrected P-value":0.1167784876780109,
       "original name":"CP_TAEGU"
      },
     "CP_XENTR":{
       "Baseline MG94xREV":0.51475047358875,
       "Baseline MG94xREV omega ratio":0.1535233381741063,
       "Corrected P-value":1,
       "Full adaptive model":0.4994759973294151,
       "Full adaptive model (non-synonymous subs/site)":0.1971522138420099,
       "Full adaptive model (synonymous subs/site)":0.3023237834874051,
       "LRT":0,
       "Nucleotide GTR":0.315696331884487,
       "Rate Distributions":        [
[0.02111399790020954, 0.6787999882210772],
        [0.7013328866918268, 0.3212000117789228] 
        ],
       "Rate classes":2,
       "Uncorrected P-value":1,
       "original name":"CP_XENTR"
      },
     "ENSACAP00000007327":{
       "Baseline MG94xREV":0.2756933466001334,
       "Baseline MG94xREV omega ratio":0.1439451780382846,
       "Corrected P-value":0.3917843051012735,
       "Full adaptive model":29.31803646949345,
       "Full adaptive model (non-synonymous subs/site)":29.1390032463787,
       "Full adaptive model (synonymous subs/site)":0.1790332231147507,
       "LRT":4.028524941688374,
       "Nucleotide GTR":0.1933543828006471,
       "Rate Distributions":        [
[0, 0.6675679494806054],
        [0.4282988760568371, 0.3060491466514144],
        [2261.640061392828, 0.02638290386798021] 
        ],
       "Rate classes":3,
       "Uncorrected P-value":0.04897303813765919,
       "original name":"ENSACAP00000007327"
      },
     "NODE_3":{
       "Baseline MG94xREV":0.06164128721567069,
       "Baseline MG94xREV omega ratio":0.1841506075268562,
       "Corrected P-value":1,
       "Full adaptive model":0.06181401595039034,
       "Full adaptive model (non-synonymous subs/site)":0.01933245387251604,
       "Full adaptive model (synonymous subs/site)":0.0424815620778743,
       "LRT":0,
       "Nucleotide GTR":0.05178569820925424,
       "Rate Distributions":        [
[0.01850854886425545, 0.8152714103425694],
        [0.8234442376251847, 0.1847285896574306] 
        ],
       "Rate classes":2,
       "Uncorrected P-value":1
      },
     "NODE_5":{
       "Baseline MG94xREV":0.1239532130654591,
       "Baseline MG94xREV omega ratio":0.1249570604498992,
       "Corrected P-value":1,
       "Full adaptive model":0.12989910130334,
       "Full adaptive model (non-synonymous subs/site)":0.04113489373777049,
       "Full adaptive model (synonymous subs/site)":0.08876420756556953,
       "LRT":0.5007032524736132,
       "Nucleotide GTR":0.08452388433743517,
       "Rate Distributions":        [
[0.05993549026565846, 0.9619973748551248],
        [2.963196246253172, 0.03800262514487518] 
        ],
       "Rate classes":2,
       "Uncorrected P-value":0.3293963517415339
      },
     "NODE_7":{
       "Baseline MG94xREV":0.008670286553084779,
       "Baseline MG94xREV omega ratio":10000000000,
       "Corrected P-value":1,
       "Full adaptive model":0.008247257392834802,
       "Full adaptive model (non-synonymous subs/site)":0.008247257392834802,
       "Full adaptive model (synonymous subs/site)":1e-10,
       "LRT":0.3211338418004743,
       "Nucleotide GTR":0.01536326173034445,
       "Rate Distributions":        [
[10000000000, 1] 
        ],
       "Rate classes":1,
       "Uncorrected P-value":0.3696836569391926
      }
    },
   "attributes":{
     "Baseline MG94xREV":{
       "attribute type":"branch length",
       "display order":1
      },
     "Baseline MG94xREV omega ratio":{
       "attribute type":"branch label",
       "display order":1
      },
     "Corrected P-value":{
       "attribute type":"branch label",
       "display order":6
      },
     "Full adaptive model":{
       "attribute type":"branch length",
       "display order":2
      },
     "Full adaptive model (non-synonymous subs/site)":{
       "attribute type":"branch label",
       "display order":10
      },
     "Full adaptive model (synonymous subs/site)":{
       "attribute type":"branch label",
       "display order":9
      },
     "LRT":{
       "attribute type":"branch label",
       "display order":4
      },
     "Nucleotide GTR":{
       "attribute type":"branch length",
       "display order":0
      },
     "Rate Distributions":{
       "attribute type":"branch label",
       "display order":3
      },
     "Rate classes":{
       "attribute type":"branch label",
       "display order":2
      },