{
 "analysis":{
   "authors":"Sergei L Kosakovsky Pond, Ben Murrell, Steven Weaver and Temple iGEM / UCSD viral evolution group",
   "citation":"Less Is More: An Adaptive Branch-Site Random Effects Model for Efficient Detection of Episodic Diversifying Selection (2015). Mol Biol Evol 32 (5): 1342-1353. v2.2 adds support for multiple-hit models",
   "contact":"spond@temple.edu",
   "info":"aBSREL (Adaptive branch-site random effects likelihood)\n                            uses an adaptive random effects branch-site model framework\n                            to test whether each branch has evolved under positive selection,\n                            using a procedure which infers an optimal number of rate categories per branch.",
   "requirements":"in-frame codon alignment and a phylogenetic tree",
   "version":"2.2"
  },
 "branch attributes":{
   "0":{
     "NODE_11":{
       "Baseline MG94xREV":0.03147775103443667,
       "Baseline MG94xREV omega ratio":0.6400576606239091,
       "Corrected P-value":0.3003590230127819,
       "Full adaptive model":0.2218664546758543,
       "Full adaptive model (non-synonymous subs/site)":0.2142814157893363,
       "Full adaptive model (synonymous subs/site)":0.007585038886517967,
       "LRT":5.489582175821852,
       "Nucleotide GTR":0.05663663305444312,
       "Rate Distributions":        [
[0.7494895849040879, 0.9936617611358084],
        [1557.766116443412, 0.006338238864191603] 
        ],
       "Rate classes":2,
       "Uncorrected P-value":0.02310454023175246
      },
     "NODE_3":{
       "Baseline MG94xREV":0.003464209180501587,
       "Baseline MG94xREV omega ratio":10000000000,
       "Corrected P-value":1,
       "Full adaptive model":0.003632149345806826,
       "Full adaptive model (non-synonymous subs/site)":0.003632149345806826,
       "Full adaptive model (synonymous subs/site)":1e-10,
       "LRT":0.3834112620643282,
       "Nucleotide GTR":0.01343705991613317,
       "Rate Distributions":        [
[10000000000, 1] 
        ],
       "Rate classes":1,
       "Uncorrected P-value":0.3548215981421273
      },
     "NODE_5":{
       "Baseline MG94xREV":0.01656853606693517,
       "Baseline MG94xREV omega ratio":0.02734742329012586,
       "Corrected P-value":1,
       "Full adaptive model":0.01555694576211737,
       "Full adaptive model (non-synonymous subs/site)":1e-10,
       "Full adaptive model (synonymous subs/site)":0.01555694576211737,
       "LRT":0,
       "Nucleotide GTR":0.01995987964375874,
       "Rate Distributions":        [
[0, 1] 
        ],
       "Rate classes":1,
       "Uncorrected P-value":1
      },
     "NODE_8":{
       "Baseline MG94xREV":0.09636796618098249,
       "Baseline MG94xREV omega ratio":0.108506663575719,
       "Corrected P-value":1,
       "Full adaptive model":0.09705382369218309,
       "Full adaptive model (non-synonymous subs/site)":0.02304414128213679,
       "Full adaptive model (synonymous subs/site)":0.0740096824100463,
       "LRT":0,
       "Nucleotide GTR":0.07187566872351119,
       "Rate Distributions":        [
[0.004794796399795379, 0.823123881037665],
        [0.6393366120149345, 0.176876118962335] 
        ],
       "Rate classes":2,
       "Uncorrected P-value":1
      },
     "NODE_9":{
       "Baseline MG94xREV":0.07549084424642612,
       "Baseline MG94xREV omega ratio":0.1299824009028942,
       "Corrected P-value":1,
       "Full adaptive model":3.651107186244607,
       "Full adaptive model (non-synonymous subs/site)":3.607844768729386,
       "Full adaptive model (synonymous subs/site)":0.0432624175152211,
       "LRT":1.600497291652573,
       "Nucleotide GTR":0.06020934218254538,
       "Rate Distributions":        [
[0.1372422458753197, 0.9918857217172312],
        [3846.116864349172, 0.008114278282768783] 
        ],
       "Rate classes":2,
       "Uncorrected P-value":0.1759317265739701
      },
     "SERAC1_DANRE":{
       "Baseline MG94xREV":0.3360425379521299,
       "Baseline MG94xREV omega ratio":0.05196211095570303,
       "Corrected P-value":1,
       "Full adaptive model":0.6342321653642182,
       "Full adaptive model (non-synonymous subs/site)":0.3524410864967458,
       "Full adaptive model (synonymous subs/site)":0.2817910788674724,
       "LRT":1.170386230420263,
       "Nucleotide GTR":0.1652727833109955,
       "Rate Distributions":        [
[0, 0.7108810024807102],
        [0.1779686684238169, 0.2769327063904399],
        [34.53132669299916, 0.01218629112884991] 
        ],
       "Rate classes":3,
       "Uncorrected P-value":0.2229638649355374,
       "original name":"SERAC1_DANRE"
      },
     "SERAC1_GADMO":{
       "Baseline MG94xREV":0.2952515378813016,
       "Baseline MG94xREV omega ratio":0.05832573922990212,
       "Corrected P-value":1,
       "Full adaptive model":0.2919468875231176,
       "Full adaptive model (non-synonymous subs/site)":0.03695576401392888,
       "Full adaptive model (synonymous subs/site)":0.2549911235091883,
       "LRT":0,
       "Nucleotide GTR":0.1621683343585867,
       "Rate Distributions":        [
[0.05447317302375403, 1] 
        ],
       "Rate classes":1,
       "Uncorrected P-value":1,
       "original name":"SERAC1_GADMO"
      },
     "SERAC1_GASAC":{
       "Baseline MG94xREV":0.08968782769578626,
       "Baseline MG94xREV omega ratio":0.07239728218123996,
       "Corrected P-value":1,
       "Full adaptive model":0.08888193441432791,
       "Full adaptive model (non-synonymous subs/site)":0.01363895978577363,
       "Full adaptive model (synonymous subs/site)":0.07524297462855421,
       "LRT":0,
       "Nucleotide GTR":0.07439279181863039,
       "Rate Distributions":        [
[0.06813038499043199, 1] 
        ],
       "Rate classes":1,
       "Uncorrected P-value":1,
       "original name":"SERAC1_GASAC"
      },
     "SERAC1_LATCH":{
       "Baseline MG94xREV":0.6290664817349892,
       "Baseline MG94xREV omega ratio":0.09113017314404405,
       "Corrected P-value":1,
       "Full adaptive model":17.28847381631954,
       "Full adaptive model (non-synonymous subs/site)":16.87095142090038,
       "Full adaptive model (synonymous subs/site)":0.4175223954191628,
       "LRT":2.075742440920294,
       "Nucleotide GTR":0.3090669970653659,
       "Rate Distributions":        [
[0.06463664662904407, 0.7753384734157626],
        [0.1209227554838026, 0.1613789815829893],
        [238.8942705386525, 0.06328254500124814] 
        ],
       "Rate classes":3,
       "Uncorrected P-value":0.1361937933611272,
       "original name":"SERAC1_LATCH"
      },
     "SERAC1_ORENI":{
       "Baseline MG94xREV":0.08813922223023057,
       "Baseline MG94xREV omega ratio":0.1155863424508624,
       "Corrected P-value":1,
       "Full adaptive model":0.08758016055321965,
       "Full adaptive model (non-synonymous subs/site)":0.01975720550425496,
       "Full adaptive model (synonymous subs/site)":0.06782295504896475,
       "LRT":0,
       "Nucleotide GTR":0.08019794766720816,
       "Rate Distributions":        [
[0.1094899757886882, 1] 
        ],
       "Rate classes":1,
       "Uncorrected P-value":1,
       "original name":"SERAC1_ORENI"
      },
     "SERAC1_ORYLA":{
       "Baseline MG94xREV":0.2212601111656013,
       "Baseline MG94xREV omega ratio":0.0938326814409095,
       "Corrected P-value":1,
       "Full adaptive model":0.2212883623098454,
       "Full adaptive model (non-synonymous subs/site)":0.04889784576496575,
       "Full adaptive model (synonymous subs/site)":0.1723905165448796,
       "LRT":0,
       "Nucleotide GTR":0.1643378400784522,
       "Rate Distributions":        [
[0.004169288409709555, 0.7713588780400435],
        [0.4522150444171649, 0.2286411219599565] 
        ],
       "Rate classes":2,
       "Uncorrected P-value":1,
       "original name":"SERAC1_ORYLA"
      },
     "SERAC1_TAKRU":{
       "Baseline MG94xREV":0.0599794992806662,
       "Baseline MG94xREV omega ratio":0.091581306369659,
       "Corrected P-value":1,