{
 "analysis":{
   "authors":"Sergei L Kosakovsky Pond, Ben Murrell, Steven Weaver and Temple iGEM / UCSD viral evolution group",
   "citation":"Less Is More: An Adaptive Branch-Site Random Effects Model for Efficient Detection of Episodic Diversifying Selection (2015). Mol Biol Evol 32 (5): 1342-1353. v2.2 adds support for multiple-hit models",
   "contact":"spond@temple.edu",
   "info":"aBSREL (Adaptive branch-site random effects likelihood)\n                            uses an adaptive random effects branch-site model framework\n                            to test whether each branch has evolved under positive selection,\n                            using a procedure which infers an optimal number of rate categories per branch.",
   "requirements":"in-frame codon alignment and a phylogenetic tree",
   "version":"2.2"
  },
 "branch attributes":{
   "0":{
     "NODE_11":{
       "Baseline MG94xREV":0.02077639055366373,
       "Baseline MG94xREV omega ratio":0.3058910584350876,
       "Corrected P-value":0.1278168455581145,
       "Full adaptive model":0.04366821812126506,
       "Full adaptive model (non-synonymous subs/site)":0.04148031463704743,
       "Full adaptive model (synonymous subs/site)":0.002187903484217634,
       "LRT":7.164311604947216,
       "Nucleotide GTR":0.05294210382638576,
       "Rate Distributions":        [
[0, 0.9845781659906513],
        [448.0906727716917, 0.01542183400934871] 
        ],
       "Rate classes":2,
       "Uncorrected P-value":0.009832065042931881
      },
     "NODE_3":{
       "Baseline MG94xREV":0.01455876646592187,
       "Baseline MG94xREV omega ratio":0.06579583867120903,
       "Corrected P-value":1,
       "Full adaptive model":0.01562845949151754,
       "Full adaptive model (non-synonymous subs/site)":0.002320442629713482,
       "Full adaptive model (synonymous subs/site)":0.01330801686180407,
       "LRT":0,
       "Nucleotide GTR":0.01888543549954221,
       "Rate Distributions":        [
[0.06355438773957936, 1] 
        ],
       "Rate classes":1,
       "Uncorrected P-value":1
      },
     "NODE_5":{
       "Baseline MG94xREV":0.04695119695791281,
       "Baseline MG94xREV omega ratio":0.02306253754935708,
       "Corrected P-value":1,
       "Full adaptive model":0.04642934243279815,
       "Full adaptive model (non-synonymous subs/site)":0.002783601837067914,
       "Full adaptive model (synonymous subs/site)":0.04364574059573026,
       "LRT":0,
       "Nucleotide GTR":0.02687116837724184,
       "Rate Distributions":        [
[0.02324627084661749, 1] 
        ],
       "Rate classes":1,
       "Uncorrected P-value":1
      },
     "NODE_8":{
       "Baseline MG94xREV":0.03967517374081351,
       "Baseline MG94xREV omega ratio":0.2385233258880471,
       "Corrected P-value":0.3579106601898614,
       "Full adaptive model":0.07052769360733525,
       "Full adaptive model (non-synonymous subs/site)":0.04869549491170634,
       "Full adaptive model (synonymous subs/site)":0.02183219869562892,
       "LRT":4.991429202698782,
       "Nucleotide GTR":0.04366716344365993,
       "Rate Distributions":        [
[0.2007518629530591, 0.9957302452094695],
        [143.5877187506324, 0.004269754790530489] 
        ],
       "Rate classes":2,
       "Uncorrected P-value":0.02982588834915512
      },
     "NODE_9":{
       "Baseline MG94xREV":0.05563589885981465,
       "Baseline MG94xREV omega ratio":0.05991988366977042,
       "Corrected P-value":1,
       "Full adaptive model":0.05895533653215934,
       "Full adaptive model (non-synonymous subs/site)":0.006675581478582795,
       "Full adaptive model (synonymous subs/site)":0.05227975505357663,
       "LRT":0,
       "Nucleotide GTR":0.04332980971692744,
       "Rate Distributions":        [
[0.04654184582440608, 1] 
        ],
       "Rate classes":1,
       "Uncorrected P-value":1
      },
     "Q4RL29_TETNG":{
       "Baseline MG94xREV":0.09298847100336875,
       "Baseline MG94xREV omega ratio":0.08284017956311934,
       "Corrected P-value":1,
       "Full adaptive model":0.09198244830614664,
       "Full adaptive model (non-synonymous subs/site)":0.0166423027125647,
       "Full adaptive model (synonymous subs/site)":0.07534014559358188,
       "LRT":0,
       "Nucleotide GTR":0.07468317042802475,
       "Rate Distributions":        [
[0.08051466835652119, 1] 
        ],
       "Rate classes":1,
       "Uncorrected P-value":1,
       "original name":"Q4RL29_TETNG"
      },
     "UROD_DANRE":{
       "Baseline MG94xREV":0.2855492273314668,
       "Baseline MG94xREV omega ratio":0.03883097463405632,
       "Corrected P-value":1,
       "Full adaptive model":0.4120983186769892,
       "Full adaptive model (non-synonymous subs/site)":0.1602767928518518,
       "Full adaptive model (synonymous subs/site)":0.2518215258251374,
       "LRT":0.6223221170566831,
       "Nucleotide GTR":0.1390286065957845,
       "Rate Distributions":        [
[0.02572906123603166, 0.9779241298865116],
        [9.368921767034857, 0.02207587011348844] 
        ],
       "Rate classes":2,
       "Uncorrected P-value":0.305815898571402,
       "original name":"UROD_DANRE"
      },
     "UROD_GADMO":{
       "Baseline MG94xREV":0.2110918851129123,
       "Baseline MG94xREV omega ratio":0.08366775393726578,
       "Corrected P-value":1,
       "Full adaptive model":0.7542408926871286,
       "Full adaptive model (non-synonymous subs/site)":0.5956973094877251,
       "Full adaptive model (synonymous subs/site)":0.1585435831994035,
       "LRT":2.095418187451287,
       "Nucleotide GTR":0.1326458656961672,
       "Rate Distributions":        [
[0.06076202204909693, 0.9767414434916754],
        [56.3302631475991, 0.02325855650832465] 
        ],
       "Rate classes":2,
       "Uncorrected P-value":0.1347703592351471,
       "original name":"UROD_GADMO"
      },
     "UROD_GASAC":{
       "Baseline MG94xREV":0.06486709660548635,
       "Baseline MG94xREV omega ratio":0.1619986386526475,
       "Corrected P-value":1,
       "Full adaptive model":0.06493445004719493,
       "Full adaptive model (non-synonymous subs/site)":0.01885033925501881,
       "Full adaptive model (synonymous subs/site)":0.04608411079217614,
       "LRT":0,
       "Nucleotide GTR":0.06253045461511297,
       "Rate Distributions":        [
[0.1490925713465659, 1] 
        ],
       "Rate classes":1,
       "Uncorrected P-value":1,
       "original name":"UROD_GASAC"
      },
     "UROD_ORENI":{
       "Baseline MG94xREV":0.08254857435656575,
       "Baseline MG94xREV omega ratio":0.08586227328646884,
       "Corrected P-value":1,
       "Full adaptive model":0.08086168033930796,
       "Full adaptive model (non-synonymous subs/site)":0.01572101338779953,
       "Full adaptive model (synonymous subs/site)":0.06514066695150837,
       "LRT":0,
       "Nucleotide GTR":0.07325692742486931,
       "Rate Distributions":        [
[0.08796631168805316, 1] 
        ],
       "Rate classes":1,
       "Uncorrected P-value":1,
       "original name":"UROD_ORENI"
      },
     "UROD_ORYLA":{
       "Baseline MG94xREV":0.1338951374969027,
       "Baseline MG94xREV omega ratio":0.08251801535627062,
       "Corrected P-value":1,
       "Full adaptive model":428.758762477322,
       "Full adaptive model (non-synonymous subs/site)":428.6544108965753,
       "Full adaptive model (synonymous subs/site)":0.1043515807467326,
       "LRT":1.851719717386004,
       "Nucleotide GTR":0.1021729260116203,
       "Rate Distributions":        [
[0.05650301067915985, 0.9850279879900787],
        [100000, 0.01497201200992127] 
        ],
       "Rate classes":2,
       "Uncorrected P-value":0.1535738840853302,
       "original name":"UROD_ORYLA"
      },
     "UROD_TAKRU":{
       "Baseline MG94xREV":0.04758806297246247,
       "Baseline MG94xREV omega ratio":0.05116829222442575,
       "Corrected P-value":1,
       "Full adaptive model":0.04775766365418786,
       "Full adaptive model (non-synonymous subs/site)":0.005661036994289478,