{
 "analysis":{
   "authors":"Sergei L Kosakovsky Pond, Ben Murrell, Steven Weaver and Temple iGEM / UCSD viral evolution group",
   "citation":"Less Is More: An Adaptive Branch-Site Random Effects Model for Efficient Detection of Episodic Diversifying Selection (2015). Mol Biol Evol 32 (5): 1342-1353. v2.2 adds support for multiple-hit models",
   "contact":"spond@temple.edu",
   "info":"aBSREL (Adaptive branch-site random effects likelihood)\n                            uses an adaptive random effects branch-site model framework\n                            to test whether each branch has evolved under positive selection,\n                            using a procedure which infers an optimal number of rate categories per branch.",
   "requirements":"in-frame codon alignment and a phylogenetic tree",
   "version":"2.2"
  },
 "branch attributes":{
   "0":{
     "ENSGACP00000001868":{
       "Baseline MG94xREV":0.09913097530364573,
       "Baseline MG94xREV omega ratio":0.1208758569872486,
       "Corrected P-value":0.9362097291590525,
       "Full adaptive model":0.1513695737138513,
       "Full adaptive model (non-synonymous subs/site)":0.08069261746735054,
       "Full adaptive model (synonymous subs/site)":0.07067695624650075,
       "LRT":3.285418293309704,
       "Nucleotide GTR":0.0730256818912059,
       "Rate Distributions":        [
[0.06716779466424665, 0.9839662137019755],
        [17.57696357290406, 0.01603378629802454] 
        ],
       "Rate classes":2,
       "Uncorrected P-value":0.07201613301223481,
       "original name":"ENSGACP00000001868"
      },
     "ENSGMOP00000002714":{
       "Baseline MG94xREV":0.2501850189838,
       "Baseline MG94xREV omega ratio":0.07790782506614634,
       "Corrected P-value":1,
       "Full adaptive model":0.5179309414290918,
       "Full adaptive model (non-synonymous subs/site)":0.3299251193435601,
       "Full adaptive model (synonymous subs/site)":0.1880058220855318,
       "LRT":2.017340496309771,
       "Nucleotide GTR":0.1281162784834629,
       "Rate Distributions":        [
[0.04939444451602777, 0.9660728300397647],
        [14.35563271496819, 0.03392716996023526] 
        ],
       "Rate classes":2,
       "Uncorrected P-value":0.140513347724837,
       "original name":"ENSGMOP00000002714"
      },
     "ENSLACP00000010251":{
       "Baseline MG94xREV":1.491611783016821,
       "Baseline MG94xREV omega ratio":0.02853387840878184,
       "Corrected P-value":1,
       "Full adaptive model":0.6138777341628678,
       "Full adaptive model (non-synonymous subs/site)":0.267405435709013,
       "Full adaptive model (synonymous subs/site)":0.3464722984538547,
       "LRT":0.3369612498154311,
       "Nucleotide GTR":0.2834543029875307,
       "Rate Distributions":        [
[0.04403758510261528, 0.8799646152393806],
        [1.636511324481828, 0.1200353847606194] 
        ],
       "Rate classes":2,
       "Uncorrected P-value":0.365801994245048,
       "original name":"ENSLACP00000010251"
      },
     "ENSONIP00000019755":{
       "Baseline MG94xREV":0.1216183172268149,
       "Baseline MG94xREV omega ratio":0.04060804851636832,
       "Corrected P-value":1,
       "Full adaptive model":0.1167227774052125,
       "Full adaptive model (non-synonymous subs/site)":0.01278450902740535,
       "Full adaptive model (synonymous subs/site)":0.1039382683778071,
       "LRT":0,
       "Nucleotide GTR":0.09691189061093233,
       "Rate Distributions":        [
[0.03748238016393273, 1] 
        ],
       "Rate classes":1,
       "Uncorrected P-value":1,
       "original name":"ENSONIP00000019755"
      },
     "ENSORLP00000010758":{
       "Baseline MG94xREV":0.1212606682315981,
       "Baseline MG94xREV omega ratio":0.08748442941010512,
       "Corrected P-value":1,
       "Full adaptive model":0.1256405952271214,
       "Full adaptive model (non-synonymous subs/site)":0.03571804176714816,
       "Full adaptive model (synonymous subs/site)":0.08992255345997326,
       "LRT":0.6347092714968312,
       "Nucleotide GTR":0.08972642706078685,
       "Rate Distributions":        [
[0.05508112573606857, 0.979836846949434],
        [3.326459022914427, 0.02016315305056604] 
        ],
       "Rate classes":2,
       "Uncorrected P-value":0.3035483857639837,
       "original name":"ENSORLP00000010758"
      },
     "ENSTNIP00000018738":{
       "Baseline MG94xREV":0.06183759149917984,
       "Baseline MG94xREV omega ratio":0.1017780139035267,
       "Corrected P-value":1,
       "Full adaptive model":0.06153571235538452,
       "Full adaptive model (non-synonymous subs/site)":0.01233521288703511,
       "Full adaptive model (synonymous subs/site)":0.04920049946834943,
       "LRT":0,
       "Nucleotide GTR":0.04948472105009281,
       "Rate Distributions":        [
[0.0764004157168339, 1] 
        ],
       "Rate classes":1,
       "Uncorrected P-value":1,
       "original name":"ENSTNIP00000018738"
      },
     "ENSTRUP00000040913":{
       "Baseline MG94xREV":0.06245649304788,
       "Baseline MG94xREV omega ratio":0.2208620167786764,
       "Corrected P-value":1,
       "Full adaptive model":0.08550553619062881,
       "Full adaptive model (non-synonymous subs/site)":0.05055061283268784,
       "Full adaptive model (synonymous subs/site)":0.03495492335794096,
       "LRT":2.478413395327152,
       "Nucleotide GTR":0.05938409128179973,
       "Rate Distributions":        [
[0.1698266277679783, 0.9876339301165946],
        [22.07386605996399, 0.01236606988340538] 
        ],
       "Rate classes":2,
       "Uncorrected P-value":0.109967889555513,
       "original name":"ENSTRUP00000040913"
      },
     "NODE_11":{
       "Baseline MG94xREV":0.0249081467480203,
       "Baseline MG94xREV omega ratio":10000000000,
       "Corrected P-value":1,
       "Full adaptive model":0.1428619152514807,
       "Full adaptive model (non-synonymous subs/site)":0.02194427978269175,
       "Full adaptive model (synonymous subs/site)":0.1209176354687891,
       "LRT":0,
       "Nucleotide GTR":0.06714860251478079,
       "Rate Distributions":        [
[0.05530320106527026, 1] 
        ],
       "Rate classes":1,
       "Uncorrected P-value":1
      },
     "NODE_3":{
       "Baseline MG94xREV":0.03542569849120815,
       "Baseline MG94xREV omega ratio":0.06956466182220081,
       "Corrected P-value":1,
       "Full adaptive model":0.037652976694664,
       "Full adaptive model (non-synonymous subs/site)":0.009094585092560526,
       "Full adaptive model (synonymous subs/site)":0.02855839160210347,
       "LRT":0.7194476509866945,
       "Nucleotide GTR":0.02930960291639038,
       "Rate Distributions":        [
[0.0001222155992836061, 0.9629229537016304],
        [2.614180773232539, 0.03707704629836961] 
        ],
       "Rate classes":2,
       "Uncorrected P-value":0.2886257398163306
      },
     "NODE_5":{
       "Baseline MG94xREV":0.008117315508287605,
       "Baseline MG94xREV omega ratio":0.221462335010941,
       "Corrected P-value":1,
       "Full adaptive model":0.00226589932704215,
       "Full adaptive model (non-synonymous subs/site)":0.00226589932704215,
       "Full adaptive model (synonymous subs/site)":1e-10,
       "LRT":0.111097033470287,
       "Nucleotide GTR":0.009043956677947844,
       "Rate Distributions":        [
[10000000000, 1] 
        ],
       "Rate classes":1,
       "Uncorrected P-value":0.4315695619983332
      },
     "NODE_8":{
       "Baseline MG94xREV":0.08356046776396621,
       "Baseline MG94xREV omega ratio":0.1607226906422551,
       "Corrected P-value":1,
       "Full adaptive model":0.09006744600548944,
       "Full adaptive model (non-synonymous subs/site)":0.03083484327045356,
       "Full adaptive model (synonymous subs/site)":0.05923260273503589,
       "LRT":0,
       "Nucleotide GTR":0.06700425026960881,
       "Rate Distributions":        [
[0, 0.8144249203876515],
        [0.854830201514885, 0.1855750796123485] 
        ],
       "Rate classes":2,