{
 "analysis":{
   "authors":"Sergei L Kosakovsky Pond, Ben Murrell, Steven Weaver and Temple iGEM / UCSD viral evolution group",
   "citation":"Less Is More: An Adaptive Branch-Site Random Effects Model for Efficient Detection of Episodic Diversifying Selection (2015). Mol Biol Evol 32 (5): 1342-1353. v2.2 adds support for multiple-hit models",
   "contact":"spond@temple.edu",
   "info":"aBSREL (Adaptive branch-site random effects likelihood)\n                            uses an adaptive random effects branch-site model framework\n                            to test whether each branch has evolved under positive selection,\n                            using a procedure which infers an optimal number of rate categories per branch.",
   "requirements":"in-frame codon alignment and a phylogenetic tree",
   "version":"2.2"
  },
 "branch attributes":{
   "0":{
     "ENSGACP00000008916":{
       "Baseline MG94xREV":0.09908655420140916,
       "Baseline MG94xREV omega ratio":0.06561101879321403,
       "Corrected P-value":1,
       "Full adaptive model":0.1037857250186289,
       "Full adaptive model (non-synonymous subs/site)":0.01452305248280665,
       "Full adaptive model (synonymous subs/site)":0.08926267253582232,
       "LRT":0,
       "Nucleotide GTR":0.07788766224611067,
       "Rate Distributions":        [
[0.06167557117273587, 1] 
        ],
       "Rate classes":1,
       "Uncorrected P-value":1,
       "original name":"ENSGACP00000008916"
      },
     "ENSGMOP00000000546":{
       "Baseline MG94xREV":0.2363639108326271,
       "Baseline MG94xREV omega ratio":0.07296739733011734,
       "Corrected P-value":1,
       "Full adaptive model":0.2351255702620131,
       "Full adaptive model (non-synonymous subs/site)":0.06193759058918738,
       "Full adaptive model (synonymous subs/site)":0.1731879796728257,
       "LRT":0.3096106208067795,
       "Nucleotide GTR":0.1254278377648224,
       "Rate Distributions":        [
[0.01835047539358464, 0.929549176241255],
        [1.682191048149129, 0.07045082375874501] 
        ],
       "Rate classes":2,
       "Uncorrected P-value":0.3725584231147837,
       "original name":"ENSGMOP00000000546"
      },
     "ENSLACP00000010404":{
       "Baseline MG94xREV":1421.847679236703,
       "Baseline MG94xREV omega ratio":3.842693144389479e-05,
       "Corrected P-value":1,
       "Full adaptive model":0.8787735703695883,
       "Full adaptive model (non-synonymous subs/site)":0.4043458885917858,
       "Full adaptive model (synonymous subs/site)":0.4744276817778024,
       "LRT":0.4369344089082006,
       "Nucleotide GTR":0.3576442112572956,
       "Rate Distributions":        [
[0.02614823490199142, 0.8063608011096415],
        [1.559568893800753, 0.1936391988903585] 
        ],
       "Rate classes":2,
       "Uncorrected P-value":0.342846113324848,
       "original name":"ENSLACP00000010404"
      },
     "ENSONIP00000005393":{
       "Baseline MG94xREV":0.1262591663986748,
       "Baseline MG94xREV omega ratio":0.06763856733675394,
       "Corrected P-value":1,
       "Full adaptive model":0.1257470229366841,
       "Full adaptive model (non-synonymous subs/site)":0.02142759909915185,
       "Full adaptive model (synonymous subs/site)":0.1043194238375322,
       "LRT":0,
       "Nucleotide GTR":0.1030420656287054,
       "Rate Distributions":        [
[0, 0.8925518997144716],
        [0.7246607681183486, 0.1074481002855284] 
        ],
       "Rate classes":2,
       "Uncorrected P-value":1,
       "original name":"ENSONIP00000005393"
      },
     "ENSTNIP00000019517":{
       "Baseline MG94xREV":0.07098079879565145,
       "Baseline MG94xREV omega ratio":0.07157713859820826,
       "Corrected P-value":1,
       "Full adaptive model":0.07076560438858062,
       "Full adaptive model (non-synonymous subs/site)":0.01054111309982482,
       "Full adaptive model (synonymous subs/site)":0.0602244912887557,
       "LRT":0,
       "Nucleotide GTR":0.05721726973034993,
       "Rate Distributions":        [
[0.06634962791692292, 1] 
        ],
       "Rate classes":1,
       "Uncorrected P-value":1,
       "original name":"ENSTNIP00000019517"
      },
     "ENSTRUP00000009463":{
       "Baseline MG94xREV":0.05265841634752488,
       "Baseline MG94xREV omega ratio":0.1298854939235214,
       "Corrected P-value":1,
       "Full adaptive model":0.05149699639220821,
       "Full adaptive model (non-synonymous subs/site)":0.01265909051355899,
       "Full adaptive model (synonymous subs/site)":0.03883790587864917,
       "LRT":0,
       "Nucleotide GTR":0.0546746795863786,
       "Rate Distributions":        [
[0.1235582814316914, 1] 
        ],
       "Rate classes":1,
       "Uncorrected P-value":1,
       "original name":"ENSTRUP00000009463"
      },
     "NODE_3":{
       "Baseline MG94xREV":0.09108647057838759,
       "Baseline MG94xREV omega ratio":0.03805028014330732,
       "Corrected P-value":1,
       "Full adaptive model":0.09108220480858141,
       "Full adaptive model (non-synonymous subs/site)":0.008063285191952268,
       "Full adaptive model (synonymous subs/site)":0.08301891961662913,
       "LRT":0,
       "Nucleotide GTR":0.0635864942941035,
       "Rate Distributions":        [
[0.03681799227793105, 1] 
        ],
       "Rate classes":1,
       "Uncorrected P-value":1
      },
     "NODE_5":{
       "Baseline MG94xREV":0.01577668885268594,
       "Baseline MG94xREV omega ratio":0.2984967493231812,
       "Corrected P-value":1,
       "Full adaptive model":0.008757251532123119,
       "Full adaptive model (non-synonymous subs/site)":0.005918835531770376,
       "Full adaptive model (synonymous subs/site)":0.002838416000352742,
       "LRT":0,
       "Nucleotide GTR":0.01860741806651108,
       "Rate Distributions":        [
[0.7904699866536252, 1] 
        ],
       "Rate classes":1,
       "Uncorrected P-value":1
      },
     "NODE_7":{
       "Baseline MG94xREV":0.0102989837572201,
       "Baseline MG94xREV omega ratio":10000000000,
       "Corrected P-value":1,
       "Full adaptive model":0.02158259247891074,
       "Full adaptive model (non-synonymous subs/site)":0.009541710529927297,
       "Full adaptive model (synonymous subs/site)":0.01204088194898342,
       "LRT":0,
       "Nucleotide GTR":0.04581563920609418,
       "Rate Distributions":        [
[0.3003952751422849, 1] 
        ],
       "Rate classes":1,
       "Uncorrected P-value":1
      },
     "NODE_9":{
       "Baseline MG94xREV":0.2432337926286382,
       "Baseline MG94xREV omega ratio":0.07299634814738273,
       "Corrected P-value":1,
       "Full adaptive model":0.3388330988143109,
       "Full adaptive model (non-synonymous subs/site)":0.08869687366323105,
       "Full adaptive model (synonymous subs/site)":0.2501362251510798,
       "LRT":0.3494700066730729,
       "Nucleotide GTR":0.1161027939183905,
       "Rate Distributions":        [
[0.01794713625781491, 0.9526157374731906],
        [2.475950857919004, 0.04738426252680938] 
        ],
       "Rate classes":2,
       "Uncorrected P-value":0.362786511041289
      },
     "ZGC_152951_DANRE":{
       "Baseline MG94xREV":0.2649015645566906,
       "Baseline MG94xREV omega ratio":0.1176793109178641,
       "Corrected P-value":1,
       "Full adaptive model":0.1683963514646254,
       "Full adaptive model (non-synonymous subs/site)":0.0913233839210931,
       "Full adaptive model (synonymous subs/site)":0.07707296754353238,
       "LRT":0.7665575900482509,
       "Nucleotide GTR":0.1643083468820969,
       "Rate Distributions":        [
[0, 0.7806569856654942],
        [2.047770423157591, 0.2193430143345058] 
        ],
       "Rate classes":2,
       "Uncorrected P-value":0.2807436720502389,
       "original name":"ZGC@152951_DANRE"
      }
    },
   "attributes":{
     "Baseline MG94xREV":{
       "attribute type":"branch length",
       "display order":1
      },
     "Baseline MG94xREV omega ratio":{
       "attribute type":"branch label",