{
 "analysis":{
   "authors":"Sergei L Kosakovsky Pond, Ben Murrell, Steven Weaver and Temple iGEM / UCSD viral evolution group",
   "citation":"Less Is More: An Adaptive Branch-Site Random Effects Model for Efficient Detection of Episodic Diversifying Selection (2015). Mol Biol Evol 32 (5): 1342-1353. v2.2 adds support for multiple-hit models",
   "contact":"spond@temple.edu",
   "info":"aBSREL (Adaptive branch-site random effects likelihood)\n                            uses an adaptive random effects branch-site model framework\n                            to test whether each branch has evolved under positive selection,\n                            using a procedure which infers an optimal number of rate categories per branch.",
   "requirements":"in-frame codon alignment and a phylogenetic tree",
   "version":"2.2"
  },
 "branch attributes":{
   "0":{
     "ENSGACP00000000607":{
       "Baseline MG94xREV":0.1876069994731847,
       "Baseline MG94xREV omega ratio":0.2199495299187325,
       "Corrected P-value":1,
       "Full adaptive model":0.2060806592379647,
       "Full adaptive model (non-synonymous subs/site)":0.09527135724009403,
       "Full adaptive model (synonymous subs/site)":0.1108093019978707,
       "LRT":0.5125336764394888,
       "Nucleotide GTR":0.1451837227950028,
       "Rate Distributions":        [
[0.1250506247652171, 0.9301423617868101],
        [2.659732384362914, 0.06985763821318991] 
        ],
       "Rate classes":2,
       "Uncorrected P-value":0.3269894475432593,
       "original name":"ENSGACP00000000607"
      },
     "ENSGMOP00000004401":{
       "Baseline MG94xREV":0.260331432473466,
       "Baseline MG94xREV omega ratio":0.1381726938104052,
       "Corrected P-value":1,
       "Full adaptive model":0.2439389126538151,
       "Full adaptive model (non-synonymous subs/site)":0.06629737576276891,
       "Full adaptive model (synonymous subs/site)":0.1776415368910462,
       "LRT":0,
       "Nucleotide GTR":0.1815193852851119,
       "Rate Distributions":        [
[0.1311419310472188, 1] 
        ],
       "Rate classes":1,
       "Uncorrected P-value":1,
       "original name":"ENSGMOP00000004401"
      },
     "ENSONIP00000013464":{
       "Baseline MG94xREV":0.0827448520956383,
       "Baseline MG94xREV omega ratio":0.08826163667661961,
       "Corrected P-value":1,
       "Full adaptive model":0.08046110478586212,
       "Full adaptive model (non-synonymous subs/site)":0.01459748569693339,
       "Full adaptive model (synonymous subs/site)":0.06586361908892868,
       "LRT":0,
       "Nucleotide GTR":0.06920510073536974,
       "Rate Distributions":        [
[0.07787933342155944, 1] 
        ],
       "Rate classes":1,
       "Uncorrected P-value":1,
       "original name":"ENSONIP00000013464"
      },
     "ENSORLP00000019298":{
       "Baseline MG94xREV":0.2039313527983091,
       "Baseline MG94xREV omega ratio":0.07023726300737003,
       "Corrected P-value":0.6099355001972731,
       "Full adaptive model":48.67382419108788,
       "Full adaptive model (non-synonymous subs/site)":48.52116055340904,
       "Full adaptive model (synonymous subs/site)":0.1526636376788464,
       "LRT":3.788563630419958,
       "Nucleotide GTR":0.1355040158078853,
       "Rate Distributions":        [
[0.03660663327949732, 0.9708423570207413],
        [3829.08225415447, 0.02915764297925871] 
        ],
       "Rate classes":2,
       "Uncorrected P-value":0.05544868183611573,
       "original name":"ENSORLP00000019298"
      },
     "ENSTNIP00000005551":{
       "Baseline MG94xREV":0.0692126804980034,
       "Baseline MG94xREV omega ratio":0.2778812311946583,
       "Corrected P-value":1,
       "Full adaptive model":0.06678922112113071,
       "Full adaptive model (non-synonymous subs/site)":0.02646418076145629,
       "Full adaptive model (synonymous subs/site)":0.04032504035967444,
       "LRT":0,
       "Nucleotide GTR":0.06632767230744618,
       "Rate Distributions":        [
[0.2306074861672327, 1] 
        ],
       "Rate classes":1,
       "Uncorrected P-value":1,
       "original name":"ENSTNIP00000005551"
      },
     "ENSTNIP00000011684":{
       "Baseline MG94xREV":0.05892000487619206,
       "Baseline MG94xREV omega ratio":0.3137892790563299,
       "Corrected P-value":1,
       "Full adaptive model":0.06100636630481816,
       "Full adaptive model (non-synonymous subs/site)":0.02889690847485346,
       "Full adaptive model (synonymous subs/site)":0.0321094578299647,
       "LRT":0.1712185544383829,
       "Nucleotide GTR":0.05699841288134749,
       "Rate Distributions":        [
[0.02164260262760272, 0.8078595307789391],
        [1.554849594514723, 0.1921404692210609] 
        ],
       "Rate classes":2,
       "Uncorrected P-value":0.4111920684303218,
       "original name":"ENSTNIP00000011684"
      },
     "ENSTRUP00000014031":{
       "Baseline MG94xREV":0.09196317039996492,
       "Baseline MG94xREV omega ratio":0.1780231050134396,
       "Corrected P-value":1,
       "Full adaptive model":0.09329562578787243,
       "Full adaptive model (non-synonymous subs/site)":0.02866666641179438,
       "Full adaptive model (synonymous subs/site)":0.0646289593760781,
       "LRT":0,
       "Nucleotide GTR":0.07706075023700122,
       "Rate Distributions":        [
[0.1558618359084136, 1] 
        ],
       "Rate classes":1,
       "Uncorrected P-value":1,
       "original name":"ENSTRUP00000014031"
      },
     "NODE_11":{
       "Baseline MG94xREV":0.01937462044444812,
       "Baseline MG94xREV omega ratio":0.5253784296627189,
       "Corrected P-value":0.8141717793413505,
       "Full adaptive model":17.75972386175539,
       "Full adaptive model (non-synonymous subs/site)":17.74961066495533,
       "Full adaptive model (synonymous subs/site)":0.0101131968000616,
       "LRT":3.050389085641655,
       "Nucleotide GTR":0.0333645197311805,
       "Rate Distributions":        [
[0.2530153898723869, 0.993835284761894],
        [100000, 0.006164715238106022] 
        ],
       "Rate classes":2,
       "Uncorrected P-value":0.08141717793413505
      },
     "NODE_3":{
       "Baseline MG94xREV":0.01278288704274975,
       "Baseline MG94xREV omega ratio":10000000000,
       "Corrected P-value":0.038039046583484,
       "Full adaptive model":0.01985554766838471,
       "Full adaptive model (non-synonymous subs/site)":0.01981742114355695,
       "Full adaptive model (synonymous subs/site)":3.812652482776718e-05,
       "LRT":9.55353757976809,
       "Nucleotide GTR":0.02695801232172903,
       "Rate Distributions":        [
[1, 0.9568191257790779],
        [4207.626127587308, 0.04318087422092209] 
        ],
       "Rate classes":2,
       "Uncorrected P-value":0.002926080506421846
      },
     "NODE_6":{
       "Baseline MG94xREV":0.05493071095489107,
       "Baseline MG94xREV omega ratio":0.1048227341307714,
       "Corrected P-value":0.04982618864027821,
       "Full adaptive model":0.08721262152023608,
       "Full adaptive model (non-synonymous subs/site)":0.04916010791928888,
       "Full adaptive model (synonymous subs/site)":0.03805251360094721,
       "LRT":8.862441367049541,
       "Nucleotide GTR":0.05106500973462281,
       "Rate Distributions":        [
[0.05355847027708646, 0.9884189138189801],
        [34.62745305661844, 0.01158108618101994] 
        ],
       "Rate classes":2,
       "Uncorrected P-value":0.004152182386689851
      },
     "NODE_8":{
       "Baseline MG94xREV":0.1433084610952361,
       "Baseline MG94xREV omega ratio":0.1019376837741814,
       "Corrected P-value":1,
       "Full adaptive model":0.1424813197559646,
       "Full adaptive model (non-synonymous subs/site)":0.03066213606382866,
       "Full adaptive model (synonymous subs/site)":0.1118191836921358,
       "LRT":0,
       "Nucleotide GTR":0.09806979492807559,
       "Rate Distributions":        [
[0.09635535305990352, 1] 
        ],
       "Rate classes":1,
       "Uncorrected P-value":1
      },