{
 "analysis":{
   "authors":"Sergei L Kosakovsky Pond, Ben Murrell, Steven Weaver and Temple iGEM / UCSD viral evolution group",
   "citation":"Less Is More: An Adaptive Branch-Site Random Effects Model for Efficient Detection of Episodic Diversifying Selection (2015). Mol Biol Evol 32 (5): 1342-1353. v2.2 adds support for multiple-hit models",
   "contact":"spond@temple.edu",
   "info":"aBSREL (Adaptive branch-site random effects likelihood)\n                            uses an adaptive random effects branch-site model framework\n                            to test whether each branch has evolved under positive selection,\n                            using a procedure which infers an optimal number of rate categories per branch.",
   "requirements":"in-frame codon alignment and a phylogenetic tree",
   "version":"2.2"
  },
 "branch attributes":{
   "0":{
     "ENSACAP00000006709":{
       "Baseline MG94xREV":0.2570601867204275,
       "Baseline MG94xREV omega ratio":0.2247767899690381,
       "Corrected P-value":1,
       "Full adaptive model":0.3153911808955956,
       "Full adaptive model (non-synonymous subs/site)":0.1602531252423805,
       "Full adaptive model (synonymous subs/site)":0.1551380556532151,
       "LRT":1.170872603212047,
       "Nucleotide GTR":0.2036152427369462,
       "Rate Distributions":        [
[0.05458031213494832, 0.8240483067496277],
        [2.08974165857042, 0.1759516932503723] 
        ],
       "Rate classes":2,
       "Uncorrected P-value":0.2229032579157984,
       "original name":"ENSACAP00000006709"
      },
     "ENSOANP00000008916":{
       "Baseline MG94xREV":0.09992188501937227,
       "Baseline MG94xREV omega ratio":0.1899394251196947,
       "Corrected P-value":0.72762245872426,
       "Full adaptive model":21.93295127562439,
       "Full adaptive model (non-synonymous subs/site)":21.86576692386161,
       "Full adaptive model (synonymous subs/site)":0.06718435176278159,
       "LRT":3.063830804223471,
       "Nucleotide GTR":0.08659484326274371,
       "Rate Distributions":        [
[0.1460397944546208, 0.9857121542408236],
        [9090.000000003736, 0.01428784575917641] 
        ],
       "Rate classes":2,
       "Uncorrected P-value":0.08084693985825112,
       "original name":"ENSOANP00000008916"
      },
     "ENSTGUP00000011156":{
       "Baseline MG94xREV":0.05499306439642934,
       "Baseline MG94xREV omega ratio":0.1249060552875682,
       "Corrected P-value":1,
       "Full adaptive model":0.05574407823827843,
       "Full adaptive model (non-synonymous subs/site)":0.01351607701560826,
       "Full adaptive model (synonymous subs/site)":0.04222800122267011,
       "LRT":0,
       "Nucleotide GTR":0.0516445398044041,
       "Rate Distributions":        [
[0.1278690046088807, 1] 
        ],
       "Rate classes":1,
       "Uncorrected P-value":1,
       "original name":"ENSTGUP00000011156"
      },
     "EPT1_LATCH":{
       "Baseline MG94xREV":0.3486283630820862,
       "Baseline MG94xREV omega ratio":0.1239692979056064,
       "Corrected P-value":1,
       "Full adaptive model":0.3662424269065233,
       "Full adaptive model (non-synonymous subs/site)":0.1016468365086192,
       "Full adaptive model (synonymous subs/site)":0.2645955903979041,
       "LRT":0,
       "Nucleotide GTR":0.2346353925418763,
       "Rate Distributions":        [
[0, 0.6539565001552042],
        [0.4435021413630921, 0.3460434998447958] 
        ],
       "Rate classes":2,
       "Uncorrected P-value":1,
       "original name":"EPT1_LATCH"
      },
     "EPT1_SARHA":{
       "Baseline MG94xREV":0.146169865207585,
       "Baseline MG94xREV omega ratio":0.145558458428046,
       "Corrected P-value":1,
       "Full adaptive model":0.1491697552116453,
       "Full adaptive model (non-synonymous subs/site)":0.04338708646250199,
       "Full adaptive model (synonymous subs/site)":0.1057826687491433,
       "LRT":0,
       "Nucleotide GTR":0.1219296478931733,
       "Rate Distributions":        [
[0.002963504208957377, 0.7668555886625498],
        [0.6930595319963301, 0.2331444113374502] 
        ],
       "Rate classes":2,
       "Uncorrected P-value":1,
       "original name":"EPT1_SARHA"
      },
     "F1NRX7_CHICK":{
       "Baseline MG94xREV":0.04798020978502821,
       "Baseline MG94xREV omega ratio":0.1512651478413698,
       "Corrected P-value":1,
       "Full adaptive model":0.04688419295078766,
       "Full adaptive model (non-synonymous subs/site)":0.01157990354485203,
       "Full adaptive model (synonymous subs/site)":0.03530428940593564,
       "LRT":0,
       "Nucleotide GTR":0.04389498402808406,
       "Rate Distributions":        [
[0.1310366010767797, 1] 
        ],
       "Rate classes":1,
       "Uncorrected P-value":1,
       "original name":"F1NRX7_CHICK"
      },
     "NODE_3":{
       "Baseline MG94xREV":0.1157657246726042,
       "Baseline MG94xREV omega ratio":0.2256957499508551,
       "Corrected P-value":1,
       "Full adaptive model":0.1131211426208701,
       "Full adaptive model (non-synonymous subs/site)":0.04108354171582745,
       "Full adaptive model (synonymous subs/site)":0.07203760090504259,
       "LRT":0,
       "Nucleotide GTR":0.09948366022694111,
       "Rate Distributions":        [
[0.2278367554106866, 1] 
        ],
       "Rate classes":1,
       "Uncorrected P-value":1
      },
     "NODE_5":{
       "Baseline MG94xREV":0.02727855769690243,
       "Baseline MG94xREV omega ratio":0.5757394520569684,
       "Corrected P-value":1,
       "Full adaptive model":0.02245651238874144,
       "Full adaptive model (non-synonymous subs/site)":0.01601337733659658,
       "Full adaptive model (synonymous subs/site)":0.006443135052144858,
       "LRT":0,
       "Nucleotide GTR":0.03202460302683689,
       "Rate Distributions":        [
[0.9928893561142372, 1] 
        ],
       "Rate classes":1,
       "Uncorrected P-value":1
      },
     "NODE_8":{
       "Baseline MG94xREV":0.08222616543047884,
       "Baseline MG94xREV omega ratio":0.17528395646775,
       "Corrected P-value":1,
       "Full adaptive model":0.0818634510050273,
       "Full adaptive model (non-synonymous subs/site)":0.02292487704419781,
       "Full adaptive model (synonymous subs/site)":0.05893857396082947,
       "LRT":0,
       "Nucleotide GTR":0.06830393280383754,
       "Rate Distributions":        [
[0.1553898127880862, 1] 
        ],
       "Rate classes":1,
       "Uncorrected P-value":1
      }
    },
   "attributes":{
     "Baseline MG94xREV":{
       "attribute type":"branch length",
       "display order":1
      },
     "Baseline MG94xREV omega ratio":{
       "attribute type":"branch label",
       "display order":1
      },
     "Corrected P-value":{
       "attribute type":"branch label",
       "display order":6
      },
     "Full adaptive model":{
       "attribute type":"branch length",
       "display order":2
      },
     "Full adaptive model (non-synonymous subs/site)":{
       "attribute type":"branch label",
       "display order":10
      },
     "Full adaptive model (synonymous subs/site)":{
       "attribute type":"branch label",
       "display order":9
      },
     "LRT":{
       "attribute type":"branch label",
       "display order":4
      },
     "Nucleotide GTR":{
       "attribute type":"branch length",
       "display order":0
      },
     "Rate Distributions":{
       "attribute type":"branch label",
       "display order":3
      },
     "Rate classes":{
       "attribute type":"branch label",
       "display order":2
      },
     "Uncorrected P-value":{
       "attribute type":"branch label",
       "display order":5
      },
     "original name":{
       "attribute type":"node label",
       "display order":-1
      }
    }
  },