{
 "analysis":{
   "authors":"Sergei L Kosakovsky Pond, Ben Murrell, Steven Weaver and Temple iGEM / UCSD viral evolution group",
   "citation":"Less Is More: An Adaptive Branch-Site Random Effects Model for Efficient Detection of Episodic Diversifying Selection (2015). Mol Biol Evol 32 (5): 1342-1353. v2.2 adds support for multiple-hit models",
   "contact":"spond@temple.edu",
   "info":"aBSREL (Adaptive branch-site random effects likelihood)\n                            uses an adaptive random effects branch-site model framework\n                            to test whether each branch has evolved under positive selection,\n                            using a procedure which infers an optimal number of rate categories per branch.",
   "requirements":"in-frame codon alignment and a phylogenetic tree",
   "version":"2.2"
  },
 "branch attributes":{
   "0":{
     "NODE_3":{
       "Baseline MG94xREV":0.001770562575303349,
       "Baseline MG94xREV omega ratio":10000000000,
       "Corrected P-value":1,
       "Full adaptive model":0.002601840688578634,
       "Full adaptive model (non-synonymous subs/site)":0.002601840688578634,
       "Full adaptive model (synonymous subs/site)":1e-10,
       "LRT":0.2094990463265276,
       "Nucleotide GTR":0.007152538361307645,
       "Rate Distributions":        [
[10000000000, 1] 
        ],
       "Rate classes":1,
       "Uncorrected P-value":0.3995970843739439
      },
     "NODE_6":{
       "Baseline MG94xREV":0.1170901516885502,
       "Baseline MG94xREV omega ratio":0.04111876269925727,
       "Corrected P-value":0.882193917423294,
       "Full adaptive model":4.011498441072247,
       "Full adaptive model (non-synonymous subs/site)":3.914213307892299,
       "Full adaptive model (synonymous subs/site)":0.09728513317994777,
       "LRT":2.897135041343063,
       "Nucleotide GTR":0.07967239444584184,
       "Rate Distributions":        [
[0.02050778427496113, 0.9908594891371728],
        [1557.231882125378, 0.009140510862827189] 
        ],
       "Rate classes":2,
       "Uncorrected P-value":0.0882193917423294
      },
     "NODE_8":{
       "Baseline MG94xREV":0.002031824901713438,
       "Baseline MG94xREV omega ratio":10000000000,
       "Corrected P-value":1,
       "Full adaptive model":0.00555513452754612,
       "Full adaptive model (non-synonymous subs/site)":0.002102413983047289,
       "Full adaptive model (synonymous subs/site)":0.003452720544498829,
       "LRT":0,
       "Nucleotide GTR":0.01471177082089074,
       "Rate Distributions":        [
[0.2157258104523823, 1] 
        ],
       "Rate classes":1,
       "Uncorrected P-value":1
      },
     "NODE_9":{
       "Baseline MG94xREV":0.08363995127728424,
       "Baseline MG94xREV omega ratio":0.05908480446790829,
       "Corrected P-value":1,
       "Full adaptive model":0.07972542776248649,
       "Full adaptive model (non-synonymous subs/site)":0.008784867158321332,
       "Full adaptive model (synonymous subs/site)":0.07094056060416518,
       "LRT":0,
       "Nucleotide GTR":0.0601271569824445,
       "Rate Distributions":        [
[0.04387184354385171, 1] 
        ],
       "Rate classes":1,
       "Uncorrected P-value":1
      },
     "Q4SE05_TETNG":{
       "Baseline MG94xREV":0.05334840180306601,
       "Baseline MG94xREV omega ratio":0.04329156128949455,
       "Corrected P-value":1,
       "Full adaptive model":0.05584681265731031,
       "Full adaptive model (non-synonymous subs/site)":0.004619213240576691,
       "Full adaptive model (synonymous subs/site)":0.05122759941673367,
       "LRT":0,
       "Nucleotide GTR":0.04543417728983586,
       "Rate Distributions":        [
[0.03194547193564551, 1] 
        ],
       "Rate classes":1,
       "Uncorrected P-value":1,
       "original name":"Q4SE05_TETNG"
      },
     "QTRT1_DANRE":{
       "Baseline MG94xREV":0.4197703160596827,
       "Baseline MG94xREV omega ratio":0.03146094122864098,
       "Corrected P-value":0.4992972503004034,
       "Full adaptive model":1.353527276391857,
       "Full adaptive model (non-synonymous subs/site)":1.069118338849201,
       "Full adaptive model (synonymous subs/site)":0.2844089375426559,
       "LRT":4.175566411933687,
       "Nucleotide GTR":0.1719721597467783,
       "Rate Distributions":        [
[0.007315689049423308, 0.8845015320350386],
        [0.1382272108567923, 0.08034449841561195],
        [37.38380703368033, 0.03515396954934949] 
        ],
       "Rate classes":3,
       "Uncorrected P-value":0.04539065911821849,
       "original name":"QTRT1_DANRE"
      },
     "QTRT1_GADMO":{
       "Baseline MG94xREV":0.2463260205161601,
       "Baseline MG94xREV omega ratio":0.04753924507385476,
       "Corrected P-value":1,
       "Full adaptive model":0.2295691610275781,
       "Full adaptive model (non-synonymous subs/site)":0.03846333558578591,
       "Full adaptive model (synonymous subs/site)":0.1911058254417922,
       "LRT":0.3945798790700792,
       "Nucleotide GTR":0.1339311560356771,
       "Rate Distributions":        [
[0.03320835178885954, 0.9831296135966262],
        [2.291388696975351, 0.01687038640337379] 
        ],
       "Rate classes":2,
       "Uncorrected P-value":0.3522661303429112,
       "original name":"QTRT1_GADMO"
      },
     "QTRT1_GASAC":{
       "Baseline MG94xREV":0.0966211583709969,
       "Baseline MG94xREV omega ratio":0.04854724543969607,
       "Corrected P-value":1,
       "Full adaptive model":0.09417166081762202,
       "Full adaptive model (non-synonymous subs/site)":0.009970287339680474,
       "Full adaptive model (synonymous subs/site)":0.08420137347794165,
       "LRT":0,
       "Nucleotide GTR":0.07297537886935626,
       "Rate Distributions":        [
[0.04195017731332704, 1] 
        ],
       "Rate classes":1,
       "Uncorrected P-value":1,
       "original name":"QTRT1_GASAC"
      },
     "QTRT1_ORENI":{
       "Baseline MG94xREV":0.09289728267383267,
       "Baseline MG94xREV omega ratio":0.06868040883271204,
       "Corrected P-value":1,
       "Full adaptive model":0.08860093873083202,
       "Full adaptive model (non-synonymous subs/site)":0.01274877867973533,
       "Full adaptive model (synonymous subs/site)":0.07585216005109664,
       "LRT":0,
       "Nucleotide GTR":0.07207299021171644,
       "Rate Distributions":        [
[0.05954508655171407, 1] 
        ],
       "Rate classes":1,
       "Uncorrected P-value":1,
       "original name":"QTRT1_ORENI"
      },
     "QTRT1_ORYLA":{
       "Baseline MG94xREV":0.1686929747776267,
       "Baseline MG94xREV omega ratio":0.05046733685244413,
       "Corrected P-value":1,
       "Full adaptive model":0.1573095562683882,
       "Full adaptive model (non-synonymous subs/site)":0.01822169180987494,
       "Full adaptive model (synonymous subs/site)":0.1390878644585132,
       "LRT":0,
       "Nucleotide GTR":0.1205966225109159,
       "Rate Distributions":        [
[0.04641354706068258, 1] 
        ],
       "Rate classes":1,
       "Uncorrected P-value":1,
       "original name":"QTRT1_ORYLA"
      },
     "QTRT1_TAKRU":{
       "Baseline MG94xREV":0.04046719389538872,
       "Baseline MG94xREV omega ratio":0.1160189591112269,
       "Corrected P-value":1,
       "Full adaptive model":0.03625178171986279,
       "Full adaptive model (non-synonymous subs/site)":0.009146816183660421,
       "Full adaptive model (synonymous subs/site)":0.02710496553620234,
       "LRT":0,
       "Nucleotide GTR":0.0380502862475899,
       "Rate Distributions":        [
[0.1195546284010827, 1] 
        ],
       "Rate classes":1,
       "Uncorrected P-value":1,
       "original name":"QTRT1_TAKRU"
      }
    },
   "attributes":{
     "Baseline MG94xREV":{
       "attribute type":"branch length",
       "display order":1
      },
     "Baseline MG94xREV omega ratio":{
       "attribute type":"branch label",
       "display order":1
      },
     "Corrected P-value":{
       "attribute type":"branch label",
       "display order":6
      },