{
 "analysis":{
   "authors":"Sergei L Kosakovsky Pond, Ben Murrell, Steven Weaver and Temple iGEM / UCSD viral evolution group",
   "citation":"Less Is More: An Adaptive Branch-Site Random Effects Model for Efficient Detection of Episodic Diversifying Selection (2015). Mol Biol Evol 32 (5): 1342-1353. v2.2 adds support for multiple-hit models",
   "contact":"spond@temple.edu",
   "info":"aBSREL (Adaptive branch-site random effects likelihood)\n                            uses an adaptive random effects branch-site model framework\n                            to test whether each branch has evolved under positive selection,\n                            using a procedure which infers an optimal number of rate categories per branch.",
   "requirements":"in-frame codon alignment and a phylogenetic tree",
   "version":"2.2"
  },
 "branch attributes":{
   "0":{
     "BX649521_1_DANRE":{
       "Baseline MG94xREV":0.01714590677142735,
       "Baseline MG94xREV omega ratio":0.6141368350789744,
       "Corrected P-value":1,
       "Full adaptive model":0.01721175784389817,
       "Full adaptive model (non-synonymous subs/site)":0.01119139356973066,
       "Full adaptive model (synonymous subs/site)":0.006020364274167527,
       "LRT":0,
       "Nucleotide GTR":0.01728954500445731,
       "Rate Distributions":        [
[0.6085424409414679, 1] 
        ],
       "Rate classes":1,
       "Uncorrected P-value":1,
       "original name":"BX649521.1_DANRE"
      },
     "BX897720_4_DANRE":{
       "Baseline MG94xREV":0.02494476864760033,
       "Baseline MG94xREV omega ratio":0.5492857449350524,
       "Corrected P-value":0.005486681020431594,
       "Full adaptive model":25.25369872517263,
       "Full adaptive model (non-synonymous subs/site)":25.24900701315887,
       "Full adaptive model (synonymous subs/site)":0.004691712013767791,
       "LRT":13.53548367521398,
       "Nucleotide GTR":0.02491082397529824,
       "Rate Distributions":        [
[0.5313074100571259, 0.9823877945654583],
        [100000, 0.01761220543454167] 
        ],
       "Rate classes":2,
       "Uncorrected P-value":0.0003919057871736853,
       "original name":"BX897720.4_DANRE"
      },
     "CR385078_4_DANRE":{
       "Baseline MG94xREV":0.007060959605043989,
       "Baseline MG94xREV omega ratio":1.398145609847117,
       "Corrected P-value":1,
       "Full adaptive model":0.007552428566220321,
       "Full adaptive model (non-synonymous subs/site)":0.006114228303353095,
       "Full adaptive model (synonymous subs/site)":0.001438200262867226,
       "LRT":0.08647820944906925,
       "Nucleotide GTR":0.007180532307079292,
       "Rate Distributions":        [
[1.391719654139829, 1] 
        ],
       "Rate classes":1,
       "Uncorrected P-value":0.4410453243565687,
       "original name":"CR385078.4_DANRE"
      },
     "ENSTGUP00000015623":{
       "Baseline MG94xREV":0,
       "Baseline MG94xREV omega ratio":1,
       "Corrected P-value":1,
       "Full adaptive model":0,
       "Full adaptive model (non-synonymous subs/site)":1e-10,
       "Full adaptive model (synonymous subs/site)":1e-10,
       "LRT":0,
       "Nucleotide GTR":0,
       "Rate Distributions":        [
[1, 1] 
        ],
       "Rate classes":1,
       "Uncorrected P-value":1,
       "original name":"ENSTGUP00000015623"
      },
     "ENSTGUP00000017857":{
       "Baseline MG94xREV":0.02231847326374299,
       "Baseline MG94xREV omega ratio":0.2592040055464374,
       "Corrected P-value":1,
       "Full adaptive model":0.02215091552862872,
       "Full adaptive model (non-synonymous subs/site)":0.009797013204194013,
       "Full adaptive model (synonymous subs/site)":0.0123539023244347,
       "LRT":0,
       "Nucleotide GTR":0.02253166584173691,
       "Rate Distributions":        [
[0.2596085570230084, 1] 
        ],
       "Rate classes":1,
       "Uncorrected P-value":1,
       "original name":"ENSTGUP00000017857"
      },
     "ENSTGUP00000018085":{
       "Baseline MG94xREV":0.003459348648964307,
       "Baseline MG94xREV omega ratio":0,
       "Corrected P-value":1,
       "Full adaptive model":0.003456168148776242,
       "Full adaptive model (non-synonymous subs/site)":1e-10,
       "Full adaptive model (synonymous subs/site)":0.003456168148776242,
       "LRT":0,
       "Nucleotide GTR":0.003316050904968343,
       "Rate Distributions":        [
[0, 1] 
        ],
       "Rate classes":1,
       "Uncorrected P-value":1,
       "original name":"ENSTGUP00000018085"
      },
     "ENSTGUP00000018168":{
       "Baseline MG94xREV":0,
       "Baseline MG94xREV omega ratio":1,
       "Corrected P-value":1,
       "Full adaptive model":0,
       "Full adaptive model (non-synonymous subs/site)":1e-10,
       "Full adaptive model (synonymous subs/site)":1e-10,
       "LRT":0,
       "Nucleotide GTR":0,
       "Rate Distributions":        [
[1, 1] 
        ],
       "Rate classes":1,
       "Uncorrected P-value":1,
       "original name":"ENSTGUP00000018168"
      },
     "ENSTGUP00000018196":{
       "Baseline MG94xREV":0.005754451143993397,
       "Baseline MG94xREV omega ratio":0,
       "Corrected P-value":1,
       "Full adaptive model":0.005959477432151062,
       "Full adaptive model (non-synonymous subs/site)":1e-10,
       "Full adaptive model (synonymous subs/site)":0.005959477432151062,
       "LRT":0,
       "Nucleotide GTR":0.005161640665715157,
       "Rate Distributions":        [
[0, 1] 
        ],
       "Rate classes":1,
       "Uncorrected P-value":1,
       "original name":"ENSTGUP00000018196"
      },
     "NODE_12":{
       "Baseline MG94xREV":0.01301307106411759,
       "Baseline MG94xREV omega ratio":0.660741790092947,
       "Corrected P-value":1,
       "Full adaptive model":0.01264441065555895,
       "Full adaptive model (non-synonymous subs/site)":0.008308001301657366,
       "Full adaptive model (synonymous subs/site)":0.004336409353901575,
       "LRT":0,
       "Nucleotide GTR":0.01307043047447818,
       "Rate Distributions":        [
[0.6271851349833523, 1] 
        ],
       "Rate classes":1,
       "Uncorrected P-value":1
      },
     "NODE_16":{
       "Baseline MG94xREV":0.7758788045744546,
       "Baseline MG94xREV omega ratio":0.176205602825791,
       "Corrected P-value":1,
       "Full adaptive model":1.6727662893965,
       "Full adaptive model (non-synonymous subs/site)":1.289945085408918,
       "Full adaptive model (synonymous subs/site)":0.3828212039875823,
       "LRT":1.020426926937034,
       "Nucleotide GTR":0.5613926194205701,
       "Rate Distributions":        [
[0.08320159013094551, 0.7351540634127065],
        [3.934016073213198, 0.2648459365872935] 
        ],
       "Rate classes":2,
       "Uncorrected P-value":0.242593775049423
      },
     "NODE_3":{
       "Baseline MG94xREV":0.01006910020447067,
       "Baseline MG94xREV omega ratio":0.6131933912919144,
       "Corrected P-value":1,
       "Full adaptive model":0.01330749229148103,
       "Full adaptive model (non-synonymous subs/site)":0.00978449645214311,
       "Full adaptive model (synonymous subs/site)":0.003522995839337914,
       "LRT":0,
       "Nucleotide GTR":0.009325559490862801,
       "Rate Distributions":        [
[0.909192454871343, 1] 
        ],
       "Rate classes":1,
       "Uncorrected P-value":1
      },
     "NODE_6":{
       "Baseline MG94xREV":0.003203579888417049,
       "Baseline MG94xREV omega ratio":10000000000,
       "Corrected P-value":1,
       "Full adaptive model":0,
       "Full adaptive model (non-synonymous subs/site)":1e-10,
       "Full adaptive model (synonymous subs/site)":1e-10,
       "LRT":0,
       "Nucleotide GTR":0.003264402822269499,
       "Rate Distributions":        [
[1, 1] 
        ],
       "Rate classes":1,
       "Uncorrected P-value":1
      },
     "NODE_7":{
       "Baseline MG94xREV":0.01337303317619727,
       "Baseline MG94xREV omega ratio":0.9403192799436956,
       "Corrected P-value":0.1115295231413141,