{
 "analysis":{
   "authors":"Sergei L Kosakovsky Pond, Ben Murrell, Steven Weaver and Temple iGEM / UCSD viral evolution group",
   "citation":"Less Is More: An Adaptive Branch-Site Random Effects Model for Efficient Detection of Episodic Diversifying Selection (2015). Mol Biol Evol 32 (5): 1342-1353. v2.2 adds support for multiple-hit models",
   "contact":"spond@temple.edu",
   "info":"aBSREL (Adaptive branch-site random effects likelihood)\n                            uses an adaptive random effects branch-site model framework\n                            to test whether each branch has evolved under positive selection,\n                            using a procedure which infers an optimal number of rate categories per branch.",
   "requirements":"in-frame codon alignment and a phylogenetic tree",
   "version":"2.2"
  },
 "branch attributes":{
   "0":{
     "ENSGACP00000023643":{
       "Baseline MG94xREV":0.0358597841743104,
       "Baseline MG94xREV omega ratio":0.2737673892778791,
       "Corrected P-value":1,
       "Full adaptive model":0.01283033209234855,
       "Full adaptive model (non-synonymous subs/site)":0.01283033209234855,
       "Full adaptive model (synonymous subs/site)":1e-10,
       "LRT":0.08663484919748043,
       "Nucleotide GTR":0.04888999895057031,
       "Rate Distributions":        [
[10000000000, 1] 
        ],
       "Rate classes":1,
       "Uncorrected P-value":0.4409821420969187,
       "original name":"ENSGACP00000023643"
      },
     "ENSONIP00000016070":{
       "Baseline MG94xREV":0.1263086606068824,
       "Baseline MG94xREV omega ratio":0.9079482200150631,
       "Corrected P-value":0.3859134440637479,
       "Full adaptive model":0.3652038738969217,
       "Full adaptive model (non-synonymous subs/site)":0.3231525788471268,
       "Full adaptive model (synonymous subs/site)":0.04205129504979478,
       "LRT":4.05773540410587,
       "Nucleotide GTR":0.1295096610026055,
       "Rate Distributions":        [
[0.5664893375076574, 0.9484619018161691],
        [58.58144245347519, 0.05153809818383093] 
        ],
       "Rate classes":2,
       "Uncorrected P-value":0.04823918050796849,
       "original name":"ENSONIP00000016070"
      },
     "ENSORLP00000025880":{
       "Baseline MG94xREV":0.1745637449963265,
       "Baseline MG94xREV omega ratio":0.2125870046477557,
       "Corrected P-value":1,
       "Full adaptive model":0.1581608672786848,
       "Full adaptive model (non-synonymous subs/site)":0.05157176854635726,
       "Full adaptive model (synonymous subs/site)":0.1065890987323277,
       "LRT":0,
       "Nucleotide GTR":0.139319894256691,
       "Rate Distributions":        [
[0.2239185615203418, 1] 
        ],
       "Rate classes":1,
       "Uncorrected P-value":1,
       "original name":"ENSORLP00000025880"
      },
     "ENSTNIP00000000283":{
       "Baseline MG94xREV":0.2146648471542681,
       "Baseline MG94xREV omega ratio":0.1225065580143638,
       "Corrected P-value":1,
       "Full adaptive model":0.245589460117627,
       "Full adaptive model (non-synonymous subs/site)":0.04329699152364869,
       "Full adaptive model (synonymous subs/site)":0.2022924685939782,
       "LRT":0,
       "Nucleotide GTR":0.1322547159150335,
       "Rate Distributions":        [
[0.09905328136174184, 1] 
        ],
       "Rate classes":1,
       "Uncorrected P-value":1,
       "original name":"ENSTNIP00000000283"
      },
     "ENSTRUP00000014341":{
       "Baseline MG94xREV":0.08155969346018464,
       "Baseline MG94xREV omega ratio":0.833238315078377,
       "Corrected P-value":1,
       "Full adaptive model":0.05403755408841762,
       "Full adaptive model (non-synonymous subs/site)":0.05403755408841762,
       "Full adaptive model (synonymous subs/site)":1e-10,
       "LRT":0.4185348453258939,
       "Nucleotide GTR":0.0928855032531952,
       "Rate Distributions":        [
[10000000000, 1] 
        ],
       "Rate classes":1,
       "Uncorrected P-value":0.3468872907098038,
       "original name":"ENSTRUP00000014341"
      },
     "NODE_3":{
       "Baseline MG94xREV":0.002392282312276164,
       "Baseline MG94xREV omega ratio":10000000000,
       "Corrected P-value":1,
       "Full adaptive model":0.003374314587829979,
       "Full adaptive model (non-synonymous subs/site)":0.003374314587829979,
       "Full adaptive model (synonymous subs/site)":1e-10,
       "LRT":0.03490496013864686,
       "Nucleotide GTR":0.007619736006333426,
       "Rate Distributions":        [
[10000000000, 1] 
        ],
       "Rate classes":1,
       "Uncorrected P-value":0.4651686697158255
      },
     "NODE_6":{
       "Baseline MG94xREV":0.1434565318621965,
       "Baseline MG94xREV omega ratio":0.2339121726733766,
       "Corrected P-value":0.2148907753529842,
       "Full adaptive model":22.45533273817887,
       "Full adaptive model (non-synonymous subs/site)":22.34763006797442,
       "Full adaptive model (synonymous subs/site)":0.1077026702044548,
       "LRT":5.425370950717479,
       "Nucleotide GTR":0.0855672187906364,
       "Rate Distributions":        [
[0.1247211885569264, 0.9750642138690322],
        [3846.116647617457, 0.02493578613096781] 
        ],
       "Rate classes":2,
       "Uncorrected P-value":0.02387675281699825
      },
     "NODE_7":{
       "Baseline MG94xREV":0.04667314278060369,
       "Baseline MG94xREV omega ratio":0,
       "Corrected P-value":1,
       "Full adaptive model":0.05540587006755011,
       "Full adaptive model (non-synonymous subs/site)":1e-10,
       "Full adaptive model (synonymous subs/site)":0.05540587006755011,
       "LRT":0,
       "Nucleotide GTR":0.02119586290872744,
       "Rate Distributions":        [
[0, 1] 
        ],
       "Rate classes":1,
       "Uncorrected P-value":1
      },
     "ZGC_111821_DANRE":{
       "Baseline MG94xREV":0.3860767547065318,
       "Baseline MG94xREV omega ratio":0.018592001649952,
       "Corrected P-value":1,
       "Full adaptive model":0.383090375192116,
       "Full adaptive model (non-synonymous subs/site)":0.01459192645378611,
       "Full adaptive model (synonymous subs/site)":0.3684984487383298,
       "LRT":0,
       "Nucleotide GTR":0.1412682312898729,
       "Rate Distributions":        [
[0.0183260061830374, 1] 
        ],
       "Rate classes":1,
       "Uncorrected P-value":1,
       "original name":"ZGC@111821_DANRE"
      }
    },
   "attributes":{
     "Baseline MG94xREV":{
       "attribute type":"branch length",
       "display order":1
      },
     "Baseline MG94xREV omega ratio":{
       "attribute type":"branch label",
       "display order":1
      },
     "Corrected P-value":{
       "attribute type":"branch label",
       "display order":6
      },
     "Full adaptive model":{
       "attribute type":"branch length",
       "display order":2
      },
     "Full adaptive model (non-synonymous subs/site)":{
       "attribute type":"branch label",
       "display order":10
      },
     "Full adaptive model (synonymous subs/site)":{
       "attribute type":"branch label",
       "display order":9
      },
     "LRT":{
       "attribute type":"branch label",
       "display order":4
      },
     "Nucleotide GTR":{
       "attribute type":"branch length",
       "display order":0
      },
     "Rate Distributions":{
       "attribute type":"branch label",
       "display order":3
      },
     "Rate classes":{
       "attribute type":"branch label",
       "display order":2
      },
     "Uncorrected P-value":{
       "attribute type":"branch label",
       "display order":5
      },
     "original name":{
       "attribute type":"node label",
       "display order":-1
      }
    }
  },
 "data partitions":{
   "0":{
     "coverage":      [
[0, 1, 2, 3, 4, 5, 6, 7, 8, 9, 10, 11, 12, 13, 14, 15, 16, 17, 18, 19, 20, 21, 22, 23, 24, 25, 26, 27, 28, 29, 30, 31, 32, 33, 34, 35, 36, 37, 38, 39, 40, 41, 42, 43, 44, 45, 46, 47, 48, 49, 50, 51, 52, 53, 54, 55, 56, 57, 58, 59, 60, 61, 62, 63, 64, 65, 66] 
      ],