{
 "analysis":{
   "authors":"Sergei L Kosakovsky Pond, Ben Murrell, Steven Weaver and Temple iGEM / UCSD viral evolution group",
   "citation":"Less Is More: An Adaptive Branch-Site Random Effects Model for Efficient Detection of Episodic Diversifying Selection (2015). Mol Biol Evol 32 (5): 1342-1353. v2.2 adds support for multiple-hit models",
   "contact":"spond@temple.edu",
   "info":"aBSREL (Adaptive branch-site random effects likelihood)\n                            uses an adaptive random effects branch-site model framework\n                            to test whether each branch has evolved under positive selection,\n                            using a procedure which infers an optimal number of rate categories per branch.",
   "requirements":"in-frame codon alignment and a phylogenetic tree",
   "version":"2.2"
  },
 "branch attributes":{
   "0":{
     "BPIFA6_MOUSE":{
       "Baseline MG94xREV":0.07760218395507053,
       "Baseline MG94xREV omega ratio":1.210060209840013,
       "Corrected P-value":0.8014572018305064,
       "Full adaptive model":69.09255443987196,
       "Full adaptive model (non-synonymous subs/site)":69.07291622400822,
       "Full adaptive model (synonymous subs/site)":0.01963821586374068,
       "LRT":2.879244598238984,
       "Nucleotide GTR":0.07990967012267364,
       "Rate Distributions":        [
[1, 0.9852043564739421],
        [100000, 0.01479564352605789] 
        ],
       "Rate classes":2,
       "Uncorrected P-value":0.0890508002033896,
       "original name":"BPIFA6_MOUSE"
      },
     "D3ZKN1_RAT":{
       "Baseline MG94xREV":0.08611572205085656,
       "Baseline MG94xREV omega ratio":0.7563976379451992,
       "Corrected P-value":0.0001438925334783514,
       "Full adaptive model":0.3455467116913322,
       "Full adaptive model (non-synonymous subs/site)":0.3229320897161407,
       "Full adaptive model (synonymous subs/site)":0.02261462197519143,
       "LRT":20.29477246265105,
       "Nucleotide GTR":0.08421427254441245,
       "Rate Distributions":        [
[0.5121457504548138, 0.9497228134598973],
        [109.8807968156131, 0.05027718654010271] 
        ],
       "Rate classes":2,
       "Uncorrected P-value":1.308113940712285e-05,
       "original name":"D3ZKN1_RAT"
      },
     "ENSAMEP00000013824":{
       "Baseline MG94xREV":0.04451127046130154,
       "Baseline MG94xREV omega ratio":0.6295565509357958,
       "Corrected P-value":1,
       "Full adaptive model":0.04450942069370097,
       "Full adaptive model (non-synonymous subs/site)":0.02696640833173148,
       "Full adaptive model (synonymous subs/site)":0.01754301236196951,
       "LRT":0,
       "Nucleotide GTR":0.04406436332873504,
       "Rate Distributions":        [
[0.6470474397108463, 1] 
        ],
       "Rate classes":1,
       "Uncorrected P-value":1,
       "original name":"ENSAMEP00000013824"
      },
     "ENSBTAP00000052055":{
       "Baseline MG94xREV":0.1152184763460705,
       "Baseline MG94xREV omega ratio":1.241725288354405,
       "Corrected P-value":0.09752777289644188,
       "Full adaptive model":179.5756540845302,
       "Full adaptive model (non-synonymous subs/site)":179.546905677242,
       "Full adaptive model (synonymous subs/site)":0.02874840728818693,
       "LRT":7.180228972364603,
       "Nucleotide GTR":0.114080801661538,
       "Rate Distributions":        [
[1, 0.9737202980038097],
        [100000, 0.02627970199619034] 
        ],
       "Rate classes":2,
       "Uncorrected P-value":0.009752777289644188,
       "original name":"ENSBTAP00000052055"
      },
     "ENSCAFP00000042425":{
       "Baseline MG94xREV":0.0427840985955299,
       "Baseline MG94xREV omega ratio":0.1555383240948409,
       "Corrected P-value":1,
       "Full adaptive model":0.04319239984534815,
       "Full adaptive model (non-synonymous subs/site)":0.01204692067509848,
       "Full adaptive model (synonymous subs/site)":0.03114547917024968,
       "LRT":0,
       "Nucleotide GTR":0.0417134904749422,
       "Rate Distributions":        [
[0.1628164269892556, 1] 
        ],
       "Rate classes":1,
       "Uncorrected P-value":1,
       "original name":"ENSCAFP00000042425"
      },
     "ENSECAP00000020732":{
       "Baseline MG94xREV":0.05869233590292711,
       "Baseline MG94xREV omega ratio":0.4332568476825015,
       "Corrected P-value":1,
       "Full adaptive model":0.0597701841756515,
       "Full adaptive model (non-synonymous subs/site)":0.03116184910382849,
       "Full adaptive model (synonymous subs/site)":0.02860833507182299,
       "LRT":0,
       "Nucleotide GTR":0.05605408673476974,
       "Rate Distributions":        [
[0.4585089554063728, 1] 
        ],
       "Rate classes":1,
       "Uncorrected P-value":1,
       "original name":"ENSECAP00000020732"
      },
     "ENSSSCP00000007728":{
       "Baseline MG94xREV":0.1253863315755367,
       "Baseline MG94xREV omega ratio":0.5316728242074874,
       "Corrected P-value":0.9726506330932929,
       "Full adaptive model":0.1506330018658986,
       "Full adaptive model (non-synonymous subs/site)":0.09784217689969017,
       "Full adaptive model (synonymous subs/site)":0.05279082496620847,
       "LRT":2.288881657160346,
       "Nucleotide GTR":0.1196324967227022,
       "Rate Distributions":        [
[0.3402397360628095, 0.9239918370404875],
        [6.128070130033181, 0.07600816295951252] 
        ],
       "Rate classes":2,
       "Uncorrected P-value":0.1215813291366616,
       "original name":"ENSSSCP00000007728"
      },
     "NODE_12":{
       "Baseline MG94xREV":0.2315496213908029,
       "Baseline MG94xREV omega ratio":0.4016467747621675,
       "Corrected P-value":1,
       "Full adaptive model":0.2903300011552285,
       "Full adaptive model (non-synonymous subs/site)":0.1723404692951526,
       "Full adaptive model (synonymous subs/site)":0.1179895318600759,
       "LRT":1.29086360349811,
       "Nucleotide GTR":0.2167478029491056,
       "Rate Distributions":        [
[0.05270694690752014, 0.7075042683230006],
        [1.974551903750625, 0.2924957316769994] 
        ],
       "Rate classes":2,
       "Uncorrected P-value":0.208508584352708
      },
     "NODE_3":{
       "Baseline MG94xREV":0.02604437307009147,
       "Baseline MG94xREV omega ratio":0.7324195338791969,
       "Corrected P-value":1,
       "Full adaptive model":0.02569472042414154,
       "Full adaptive model (non-synonymous subs/site)":0.01617068410153938,
       "Full adaptive model (synonymous subs/site)":0.009524036322602169,
       "LRT":0,
       "Nucleotide GTR":0.02566937273484513,
       "Rate Distributions":        [
[0.7147012409603729, 1] 
        ],
       "Rate classes":1,
       "Uncorrected P-value":1
      },
     "NODE_5":{
       "Baseline MG94xREV":0.008428645126896497,
       "Baseline MG94xREV omega ratio":10000000000,
       "Corrected P-value":1,
       "Full adaptive model":0.008763059468593482,
       "Full adaptive model (non-synonymous subs/site)":0.008345274428844923,
       "Full adaptive model (synonymous subs/site)":0.0004177850397485569,
       "LRT":0.213697227940429,
       "Nucleotide GTR":0.009210615818059383,
       "Rate Distributions":        [
[8.40823660943261, 1] 
        ],
       "Rate classes":1,
       "Uncorrected P-value":0.3983754843002454
      },
     "NODE_8":{
       "Baseline MG94xREV":0.03553350471214749,
       "Baseline MG94xREV omega ratio":0.3881697019306176,
       "Corrected P-value":1,
       "Full adaptive model":0.03369496622918676,
       "Full adaptive model (non-synonymous subs/site)":0.01753711342234443,
       "Full adaptive model (synonymous subs/site)":0.01615785280684234,
       "LRT":0,
       "Nucleotide GTR":0.03256501172012127,
       "Rate Distributions":        [
[0.4568689564104519, 1] 
        ],
       "Rate classes":1,
       "Uncorrected P-value":1
      }
    },
   "attributes":{
     "Baseline MG94xREV":{
       "attribute type":"branch length",
       "display order":1
      },