{
 "analysis":{
   "authors":"Sergei L Kosakovsky Pond, Ben Murrell, Steven Weaver and Temple iGEM / UCSD viral evolution group",
   "citation":"Less Is More: An Adaptive Branch-Site Random Effects Model for Efficient Detection of Episodic Diversifying Selection (2015). Mol Biol Evol 32 (5): 1342-1353. v2.2 adds support for multiple-hit models",
   "contact":"spond@temple.edu",
   "info":"aBSREL (Adaptive branch-site random effects likelihood)\n                            uses an adaptive random effects branch-site model framework\n                            to test whether each branch has evolved under positive selection,\n                            using a procedure which infers an optimal number of rate categories per branch.",
   "requirements":"in-frame codon alignment and a phylogenetic tree",
   "version":"2.2"
  },
 "branch attributes":{
   "0":{
     "ENSGACP00000000023":{
       "Baseline MG94xREV":0.1294822692797812,
       "Baseline MG94xREV omega ratio":0.0531277653580741,
       "Corrected P-value":1,
       "Full adaptive model":0.1347600433480461,
       "Full adaptive model (non-synonymous subs/site)":0.03068076634883685,
       "Full adaptive model (synonymous subs/site)":0.1040792769992093,
       "LRT":0.2260350107117119,
       "Nucleotide GTR":0.07984755546187218,
       "Rate Distributions":        [
[0.02188835999945386, 0.9704256975368748],
        [2.018027098474838, 0.0295743024631252] 
        ],
       "Rate classes":2,
       "Uncorrected P-value":0.3948364120285955,
       "original name":"ENSGACP00000000023"
      },
     "ENSGMOP00000010069":{
       "Baseline MG94xREV":0.3141886570540836,
       "Baseline MG94xREV omega ratio":0.06849641460442697,
       "Corrected P-value":0.4084140999318527,
       "Full adaptive model":12.63025220761367,
       "Full adaptive model (non-synonymous subs/site)":12.41466065645686,
       "Full adaptive model (synonymous subs/site)":0.2155915511568112,
       "LRT":4.176049294337645,
       "Nucleotide GTR":0.1864635411701159,
       "Rate Distributions":        [
[0.04238912877194047, 0.9529492558406943],
        [335.1152776391674, 0.04705074415930566] 
        ],
       "Rate classes":2,
       "Uncorrected P-value":0.04537934443687253,
       "original name":"ENSGMOP00000010069"
      },
     "ENSONIP00000006702":{
       "Baseline MG94xREV":0.1005778630271525,
       "Baseline MG94xREV omega ratio":0.03082026840900335,
       "Corrected P-value":1,
       "Full adaptive model":0.1105889461861943,
       "Full adaptive model (non-synonymous subs/site)":0.02389364610755752,
       "Full adaptive model (synonymous subs/site)":0.08669530007863674,
       "LRT":1.699788523168536,
       "Nucleotide GTR":0.09239726520937426,
       "Rate Distributions":        [
[0.01474213815085586, 0.989723311228806],
        [5.942332901944805, 0.01027668877119403] 
        ],
       "Rate classes":2,
       "Uncorrected P-value":0.1667011657569198,
       "original name":"ENSONIP00000006702"
      },
     "ENSORLP00000024937":{
       "Baseline MG94xREV":0.1018811686140998,
       "Baseline MG94xREV omega ratio":0.05533131298752043,
       "Corrected P-value":1,
       "Full adaptive model":0.1205468044066841,
       "Full adaptive model (non-synonymous subs/site)":0.0343191032976307,
       "Full adaptive model (synonymous subs/site)":0.08622770110905338,
       "LRT":1.078338798119148,
       "Nucleotide GTR":0.09194868272964865,
       "Rate Distributions":        [
[0.03418691845468027, 0.9909025905065645],
        [8.286234985491683, 0.009097409493435515] 
        ],
       "Rate classes":2,
       "Uncorrected P-value":0.2347836405345216,
       "original name":"ENSORLP00000024937"
      },
     "ENSTNIP00000007894":{
       "Baseline MG94xREV":0.0691977891447285,
       "Baseline MG94xREV omega ratio":0.1296242369448009,
       "Corrected P-value":1,
       "Full adaptive model":0.07406725022135535,
       "Full adaptive model (non-synonymous subs/site)":0.02499175567117097,
       "Full adaptive model (synonymous subs/site)":0.04907549455018437,
       "LRT":0.08626939899841091,
       "Nucleotide GTR":0.05771547874240143,
       "Rate Distributions":        [
[0, 0.8834896802264814],
        [1.199876355782085, 0.1165103197735186] 
        ],
       "Rate classes":2,
       "Uncorrected P-value":0.4411296152457335,
       "original name":"ENSTNIP00000007894"
      },
     "ENSTRUP00000002233":{
       "Baseline MG94xREV":0.07150724646485038,
       "Baseline MG94xREV omega ratio":0.1543135677409709,
       "Corrected P-value":1,
       "Full adaptive model":0.07354790709825144,
       "Full adaptive model (non-synonymous subs/site)":0.02387059529470861,
       "Full adaptive model (synonymous subs/site)":0.04967731180354282,
       "LRT":0,
       "Nucleotide GTR":0.06446164410918462,
       "Rate Distributions":        [
[0.1319088612221495, 1] 
        ],
       "Rate classes":1,
       "Uncorrected P-value":1,
       "original name":"ENSTRUP00000002233"
      },
     "NODE_3":{
       "Baseline MG94xREV":0,
       "Baseline MG94xREV omega ratio":1,
       "Corrected P-value":1,
       "Full adaptive model":0,
       "Full adaptive model (non-synonymous subs/site)":1e-10,
       "Full adaptive model (synonymous subs/site)":1e-10,
       "LRT":0,
       "Nucleotide GTR":0.005095443818190049,
       "Rate Distributions":        [
[1, 1] 
        ],
       "Rate classes":1,
       "Uncorrected P-value":1
      },
     "NODE_6":{
       "Baseline MG94xREV":0.08788042761341158,
       "Baseline MG94xREV omega ratio":0.05171606808469419,
       "Corrected P-value":1,
       "Full adaptive model":0.08501293388868404,
       "Full adaptive model (non-synonymous subs/site)":0.01110606337098396,
       "Full adaptive model (synonymous subs/site)":0.07390687051770009,
       "LRT":0,
       "Nucleotide GTR":0.05644969465545702,
       "Rate Distributions":        [
[0.04125191765890786, 1] 
        ],
       "Rate classes":1,
       "Uncorrected P-value":1
      },
     "NODE_7":{
       "Baseline MG94xREV":0.002211221847252661,
       "Baseline MG94xREV omega ratio":10000000000,
       "Corrected P-value":1,
       "Full adaptive model":0.001569501900128722,
       "Full adaptive model (non-synonymous subs/site)":0.001569501900128722,
       "Full adaptive model (synonymous subs/site)":1e-10,
       "LRT":0.1134107621364819,
       "Nucleotide GTR":0.006006906269999984,
       "Rate Distributions":        [
[10000000000, 1] 
        ],
       "Rate classes":1,
       "Uncorrected P-value":0.4307205118847326
      }
    },
   "attributes":{
     "Baseline MG94xREV":{
       "attribute type":"branch length",
       "display order":1
      },
     "Baseline MG94xREV omega ratio":{
       "attribute type":"branch label",
       "display order":1
      },
     "Corrected P-value":{
       "attribute type":"branch label",
       "display order":6
      },
     "Full adaptive model":{
       "attribute type":"branch length",
       "display order":2
      },
     "Full adaptive model (non-synonymous subs/site)":{
       "attribute type":"branch label",
       "display order":10
      },
     "Full adaptive model (synonymous subs/site)":{
       "attribute type":"branch label",
       "display order":9
      },
     "LRT":{
       "attribute type":"branch label",
       "display order":4
      },
     "Nucleotide GTR":{
       "attribute type":"branch length",
       "display order":0
      },
     "Rate Distributions":{
       "attribute type":"branch label",
       "display order":3
      },
     "Rate classes":{
       "attribute type":"branch label",
       "display order":2
      },
     "Uncorrected P-value":{
       "attribute type":"branch label",
       "display order":5
      },
     "original name":{
       "attribute type":"node label",
       "display order":-1
      }
    }
  },