{
 "analysis":{
   "authors":"Sergei L Kosakovsky Pond, Ben Murrell, Steven Weaver and Temple iGEM / UCSD viral evolution group",
   "citation":"Less Is More: An Adaptive Branch-Site Random Effects Model for Efficient Detection of Episodic Diversifying Selection (2015). Mol Biol Evol 32 (5): 1342-1353. v2.2 adds support for multiple-hit models",
   "contact":"spond@temple.edu",
   "info":"aBSREL (Adaptive branch-site random effects likelihood)\n                            uses an adaptive random effects branch-site model framework\n                            to test whether each branch has evolved under positive selection,\n                            using a procedure which infers an optimal number of rate categories per branch.",
   "requirements":"in-frame codon alignment and a phylogenetic tree",
   "version":"2.2"
  },
 "branch attributes":{
   "0":{
     "ENSAMEP00000020740":{
       "Baseline MG94xREV":0.04015834054943535,
       "Baseline MG94xREV omega ratio":0.09899201332914932,
       "Corrected P-value":1,
       "Full adaptive model":0.0358759663204573,
       "Full adaptive model (non-synonymous subs/site)":0.009200449836653905,
       "Full adaptive model (synonymous subs/site)":0.02667551648380338,
       "LRT":0,
       "Nucleotide GTR":0.04236320071707386,
       "Rate Distributions":        [
[0.1137177226674901, 1] 
        ],
       "Rate classes":1,
       "Uncorrected P-value":1,
       "original name":"ENSAMEP00000020740"
      },
     "ENSCJAP00000050466":{
       "Baseline MG94xREV":0.06932918869272645,
       "Baseline MG94xREV omega ratio":0.1026340153640477,
       "Corrected P-value":1,
       "Full adaptive model":0.07229337563300514,
       "Full adaptive model (non-synonymous subs/site)":0.02147396853208401,
       "Full adaptive model (synonymous subs/site)":0.05081940710092113,
       "LRT":0.6966268542241778,
       "Nucleotide GTR":0.06201204322317653,
       "Rate Distributions":        [
[0, 0.9518795502202256],
        [2.895242660519386, 0.04812044977977437] 
        ],
       "Rate classes":2,
       "Uncorrected P-value":0.2925471694418892,
       "original name":"ENSCJAP00000050466"
      },
     "ENSLAFP00000027318":{
       "Baseline MG94xREV":0.1851117616830164,
       "Baseline MG94xREV omega ratio":0.07237886892671579,
       "Corrected P-value":1,
       "Full adaptive model":0.1953815559238825,
       "Full adaptive model (non-synonymous subs/site)":0.03245926844128259,
       "Full adaptive model (synonymous subs/site)":0.1629222874826001,
       "LRT":0,
       "Nucleotide GTR":0.110187591708341,
       "Rate Distributions":        [
[0.06568862290386231, 1] 
        ],
       "Rate classes":1,
       "Uncorrected P-value":1,
       "original name":"ENSLAFP00000027318"
      },
     "ENSMLUP00000016778":{
       "Baseline MG94xREV":0.04673612304576263,
       "Baseline MG94xREV omega ratio":0.05483518870656245,
       "Corrected P-value":1,
       "Full adaptive model":0.05341186699059158,
       "Full adaptive model (non-synonymous subs/site)":0.00672778431457077,
       "Full adaptive model (synonymous subs/site)":0.04668408267602085,
       "LRT":0,
       "Nucleotide GTR":0.02192161249419751,
       "Rate Distributions":        [
[0.04751548421981443, 1] 
        ],
       "Rate classes":1,
       "Uncorrected P-value":1,
       "original name":"ENSMLUP00000016778"
      },
     "ENSOCUP00000018747":{
       "Baseline MG94xREV":0.0436764788989051,
       "Baseline MG94xREV omega ratio":0,
       "Corrected P-value":1,
       "Full adaptive model":0.04436175461658943,
       "Full adaptive model (non-synonymous subs/site)":1e-10,
       "Full adaptive model (synonymous subs/site)":0.04436175461658943,
       "LRT":0,
       "Nucleotide GTR":0.03715598868396311,
       "Rate Distributions":        [
[0, 1] 
        ],
       "Rate classes":1,
       "Uncorrected P-value":1,
       "original name":"ENSOCUP00000018747"
      },
     "ENSSHAP00000018093":{
       "Baseline MG94xREV":0.153936084668245,
       "Baseline MG94xREV omega ratio":0.3907321750465562,
       "Corrected P-value":1,
       "Full adaptive model":0.2484838854024701,
       "Full adaptive model (non-synonymous subs/site)":0.1847837758511494,
       "Full adaptive model (synonymous subs/site)":0.06370010955132072,
       "LRT":2.262211388108426,
       "Nucleotide GTR":0.1648052841621084,
       "Rate Distributions":        [
[0, 0.7949963804057678],
        [4.66545556818417, 0.2050036195942322] 
        ],
       "Rate classes":2,
       "Uncorrected P-value":0.1233158119169249,
       "original name":"ENSSHAP00000018093"
      },
     "ENSSSCP00000025236":{
       "Baseline MG94xREV":0.01595252642435477,
       "Baseline MG94xREV omega ratio":19.57370356074759,
       "Corrected P-value":0.8172016070803506,
       "Full adaptive model":0.03367033854298976,
       "Full adaptive model (non-synonymous subs/site)":0.03300301600474131,
       "Full adaptive model (synonymous subs/site)":0.000667322538248454,
       "LRT":3.043286506422191,
       "Nucleotide GTR":0.03261515027575234,
       "Rate Distributions":        [
[0, 0.9621695866726984],
        [431.0311722829878, 0.03783041332730164] 
        ],
       "Rate classes":2,
       "Uncorrected P-value":0.08172016070803506,
       "original name":"ENSSSCP00000025236"
      },
     "NODE_10":{
       "Baseline MG94xREV":0.0779954109899514,
       "Baseline MG94xREV omega ratio":0,
       "Corrected P-value":1,
       "Full adaptive model":0.0779687521653956,
       "Full adaptive model (non-synonymous subs/site)":1e-10,
       "Full adaptive model (synonymous subs/site)":0.0779687521653956,
       "LRT":0,
       "Nucleotide GTR":0.03885238911877838,
       "Rate Distributions":        [
[0, 1] 
        ],
       "Rate classes":1,
       "Uncorrected P-value":1
      },
     "NODE_6":{
       "Baseline MG94xREV":0.02214846823074302,
       "Baseline MG94xREV omega ratio":0.08978112679980875,
       "Corrected P-value":1,
       "Full adaptive model":0.02975303976822387,
       "Full adaptive model (non-synonymous subs/site)":0.004686847374482923,
       "Full adaptive model (synonymous subs/site)":0.02506619239374089,
       "LRT":0,
       "Nucleotide GTR":0.01565344755714287,
       "Rate Distributions":        [
[0.06164876364072316, 1] 
        ],
       "Rate classes":1,
       "Uncorrected P-value":1
      },
     "NODE_8":{
       "Baseline MG94xREV":0.0796877932847715,
       "Baseline MG94xREV omega ratio":0.06159208296458395,
       "Corrected P-value":1,
       "Full adaptive model":0.06930142872383636,
       "Full adaptive model (non-synonymous subs/site)":0.01218845613383638,
       "Full adaptive model (synonymous subs/site)":0.05711297259000001,
       "LRT":0,
       "Nucleotide GTR":0.05655478935981568,
       "Rate Distributions":        [
[0.07036324546839144, 1] 
        ],
       "Rate classes":1,
       "Uncorrected P-value":1
      }
    },
   "attributes":{
     "Baseline MG94xREV":{
       "attribute type":"branch length",
       "display order":1
      },
     "Baseline MG94xREV omega ratio":{
       "attribute type":"branch label",
       "display order":1
      },
     "Corrected P-value":{
       "attribute type":"branch label",
       "display order":6
      },
     "Full adaptive model":{
       "attribute type":"branch length",
       "display order":2
      },
     "Full adaptive model (non-synonymous subs/site)":{
       "attribute type":"branch label",
       "display order":10
      },
     "Full adaptive model (synonymous subs/site)":{
       "attribute type":"branch label",
       "display order":9
      },
     "LRT":{
       "attribute type":"branch label",
       "display order":4
      },
     "Nucleotide GTR":{
       "attribute type":"branch length",
       "display order":0
      },
     "Rate Distributions":{
       "attribute type":"branch label",
       "display order":3
      },