{
 "analysis":{
   "authors":"Sergei L Kosakovsky Pond, Ben Murrell, Steven Weaver and Temple iGEM / UCSD viral evolution group",
   "citation":"Less Is More: An Adaptive Branch-Site Random Effects Model for Efficient Detection of Episodic Diversifying Selection (2015). Mol Biol Evol 32 (5): 1342-1353. v2.2 adds support for multiple-hit models",
   "contact":"spond@temple.edu",
   "info":"aBSREL (Adaptive branch-site random effects likelihood)\n                            uses an adaptive random effects branch-site model framework\n                            to test whether each branch has evolved under positive selection,\n                            using a procedure which infers an optimal number of rate categories per branch.",
   "requirements":"in-frame codon alignment and a phylogenetic tree",
   "version":"2.2"
  },
 "branch attributes":{
   "0":{
     "ENSGACP00000005623":{
       "Baseline MG94xREV":0.09567016738160118,
       "Baseline MG94xREV omega ratio":0.2717790138573611,
       "Corrected P-value":1,
       "Full adaptive model":0.1004184226498961,
       "Full adaptive model (non-synonymous subs/site)":0.0459882201594692,
       "Full adaptive model (synonymous subs/site)":0.05443020249042696,
       "LRT":1.692392783628748,
       "Nucleotide GTR":0.09200612159658504,
       "Rate Distributions":        [
[0.2137243623367051, 0.9874260504976016],
        [8.381369136956005, 0.01257394950239843] 
        ],
       "Rate classes":2,
       "Uncorrected P-value":0.1673702935358638,
       "original name":"ENSGACP00000005623"
      },
     "ENSGMOP00000001372":{
       "Baseline MG94xREV":0.2803806234838526,
       "Baseline MG94xREV omega ratio":0.08890308667862466,
       "Corrected P-value":1,
       "Full adaptive model":0.3309520255556188,
       "Full adaptive model (non-synonymous subs/site)":0.1299365158795797,
       "Full adaptive model (synonymous subs/site)":0.2010155096760391,
       "LRT":2.322368276127236,
       "Nucleotide GTR":0.1682117617664162,
       "Rate Distributions":        [
[0.04924219159931355, 0.9521625384530541],
        [4.080409507534209, 0.0478374615469459] 
        ],
       "Rate classes":2,
       "Uncorrected P-value":0.119439704262568,
       "original name":"ENSGMOP00000001372"
      },
     "ENSLACP00000023099":{
       "Baseline MG94xREV":0.2401973759421674,
       "Baseline MG94xREV omega ratio":0.2126613564702441,
       "Corrected P-value":1,
       "Full adaptive model":0.2767476879058238,
       "Full adaptive model (non-synonymous subs/site)":0.1196643190496001,
       "Full adaptive model (synonymous subs/site)":0.1570833688562237,
       "LRT":0.1721730645404023,
       "Nucleotide GTR":0.2169350961075636,
       "Rate Distributions":        [
[0.05659586792121681, 0.8306211471319498],
        [1.406829792148649, 0.1693788528680502] 
        ],
       "Rate classes":2,
       "Uncorrected P-value":0.4108919926952932,
       "original name":"ENSLACP00000023099"
      },
     "ENSONIP00000010889":{
       "Baseline MG94xREV":0.133448026529647,
       "Baseline MG94xREV omega ratio":0.1069448260897493,
       "Corrected P-value":1,
       "Full adaptive model":0.1350758227277993,
       "Full adaptive model (non-synonymous subs/site)":0.02924039312492781,
       "Full adaptive model (synonymous subs/site)":0.1058354296028714,
       "LRT":0,
       "Nucleotide GTR":0.1064960797761789,
       "Rate Distributions":        [
[0.1034700784590761, 1] 
        ],
       "Rate classes":1,
       "Uncorrected P-value":1,
       "original name":"ENSONIP00000010889"
      },
     "ENSTNIP00000019088":{
       "Baseline MG94xREV":0.07229163938579859,
       "Baseline MG94xREV omega ratio":0.1501077526056297,
       "Corrected P-value":1,
       "Full adaptive model":0.07300607067726077,
       "Full adaptive model (non-synonymous subs/site)":0.02067331754926608,
       "Full adaptive model (synonymous subs/site)":0.05233275312799476,
       "LRT":0,
       "Nucleotide GTR":0.06720143951745142,
       "Rate Distributions":        [
[0.147944641916872, 1] 
        ],
       "Rate classes":1,
       "Uncorrected P-value":1,
       "original name":"ENSTNIP00000019088"
      },
     "ENSTRUP00000043198":{
       "Baseline MG94xREV":0.07286065735745294,
       "Baseline MG94xREV omega ratio":0.1937059376790115,
       "Corrected P-value":1,
       "Full adaptive model":0.07066793591079527,
       "Full adaptive model (non-synonymous subs/site)":0.02300045777888272,
       "Full adaptive model (synonymous subs/site)":0.04766747813191247,
       "LRT":0,
       "Nucleotide GTR":0.0676835697019811,
       "Rate Distributions":        [
[0.1807078222111305, 1] 
        ],
       "Rate classes":1,
       "Uncorrected P-value":1,
       "original name":"ENSTRUP00000043198"
      },
     "F1P1N5_CHICK":{
       "Baseline MG94xREV":0.4267014029231976,
       "Baseline MG94xREV omega ratio":0.08225226096895026,
       "Corrected P-value":1,
       "Full adaptive model":0.791181254111025,
       "Full adaptive model (non-synonymous subs/site)":0.5050135141178484,
       "Full adaptive model (synonymous subs/site)":0.2861677399931764,
       "LRT":1.129611863496393,
       "Nucleotide GTR":0.2097063821699312,
       "Rate Distributions":        [
[0, 0.6906590604809817],
        [0.3080399904000514, 0.2797583842311399],
        [19.42824949676255, 0.02958255528787846] 
        ],
       "Rate classes":3,
       "Uncorrected P-value":0.2281127662882206,
       "original name":"F1P1N5_CHICK"
      },
     "NODE_10":{
       "Baseline MG94xREV":0.03009166197819668,
       "Baseline MG94xREV omega ratio":0.2640805465578874,
       "Corrected P-value":1,
       "Full adaptive model":0.04279020103599899,
       "Full adaptive model (non-synonymous subs/site)":0.01211074569907763,
       "Full adaptive model (synonymous subs/site)":0.0306794553369214,
       "LRT":0,
       "Nucleotide GTR":0.05073696695585837,
       "Rate Distributions":        [
[0.1478379350857681, 1] 
        ],
       "Rate classes":1,
       "Uncorrected P-value":1
      },
     "NODE_12":{
       "Baseline MG94xREV":0.286024987796351,
       "Baseline MG94xREV omega ratio":0.03239493129866338,
       "Corrected P-value":1,
       "Full adaptive model":0.2872936688590694,
       "Full adaptive model (non-synonymous subs/site)":0.03349912552401664,
       "Full adaptive model (synonymous subs/site)":0.2537945433350527,
       "LRT":0,
       "Nucleotide GTR":0.09001384279710579,
       "Rate Distributions":        [
[0, 0.9335078577375653],
        [0.7434358717939283, 0.06649214226243472] 
        ],
       "Rate classes":2,
       "Uncorrected P-value":1
      },
     "NODE_14":{
       "Baseline MG94xREV":0.3727695447183095,
       "Baseline MG94xREV omega ratio":0.07699508295778291,
       "Corrected P-value":0.1205990622701713,
       "Full adaptive model":9.131623047821225,
       "Full adaptive model (non-synonymous subs/site)":8.937112349524831,
       "Full adaptive model (synonymous subs/site)":0.1945106982963929,
       "LRT":7.278596857191587,
       "Nucleotide GTR":0.1404972371930092,
       "Rate Distributions":        [
[0.05704333951544051, 0.9383556688842074],
        [278.2724227966368, 0.06164433111579259] 
        ],
       "Rate classes":2,
       "Uncorrected P-value":0.009276850943859327
      },
     "NODE_6":{
       "Baseline MG94xREV":0.1433455806054857,
       "Baseline MG94xREV omega ratio":0.1483210042521845,
       "Corrected P-value":1,
       "Full adaptive model":0.1502862752889483,
       "Full adaptive model (non-synonymous subs/site)":0.05025906442404486,
       "Full adaptive model (synonymous subs/site)":0.1000272108649034,
       "LRT":0.02144835179205984,
       "Nucleotide GTR":0.1142088291096266,
       "Rate Distributions":        [
[0.02356175997593982, 0.8499457471768317],
        [1.12057781611772, 0.1500542528231683] 
        ],
       "Rate classes":2,