{
 "analysis":{
   "authors":"Sergei L Kosakovsky Pond, Ben Murrell, Steven Weaver and Temple iGEM / UCSD viral evolution group",
   "citation":"Less Is More: An Adaptive Branch-Site Random Effects Model for Efficient Detection of Episodic Diversifying Selection (2015). Mol Biol Evol 32 (5): 1342-1353. v2.2 adds support for multiple-hit models",
   "contact":"spond@temple.edu",
   "info":"aBSREL (Adaptive branch-site random effects likelihood)\n                            uses an adaptive random effects branch-site model framework\n                            to test whether each branch has evolved under positive selection,\n                            using a procedure which infers an optimal number of rate categories per branch.",
   "requirements":"in-frame codon alignment and a phylogenetic tree",
   "version":"2.2"
  },
 "branch attributes":{
   "0":{
     "ENSGACP00000015088":{
       "Baseline MG94xREV":0.0833406288718208,
       "Baseline MG94xREV omega ratio":0.09191865297326789,
       "Corrected P-value":1,
       "Full adaptive model":89.93862811886011,
       "Full adaptive model (non-synonymous subs/site)":89.8784685353821,
       "Full adaptive model (synonymous subs/site)":0.06015958347803033,
       "LRT":2.722120096927028,
       "Nucleotide GTR":0.06630275772648035,
       "Rate Distributions":        [
[0.07155373315016782, 0.9950233074212315],
        [100000, 0.004976692578768538] 
        ],
       "Rate classes":2,
       "Uncorrected P-value":0.09670995148473691,
       "original name":"ENSGACP00000015088"
      },
     "ENSGMOP00000015537":{
       "Baseline MG94xREV":0.1275426156629935,
       "Baseline MG94xREV omega ratio":0.07037018182315871,
       "Corrected P-value":1,
       "Full adaptive model":0.1249593752995632,
       "Full adaptive model (non-synonymous subs/site)":0.02062496125403901,
       "Full adaptive model (synonymous subs/site)":0.1043344140455243,
       "LRT":0,
       "Nucleotide GTR":0.09526388534617061,
       "Rate Distributions":        [
[0.06585938302339732, 1] 
        ],
       "Rate classes":1,
       "Uncorrected P-value":1,
       "original name":"ENSGMOP00000015537"
      },
     "ENSONIP00000002883":{
       "Baseline MG94xREV":0.07947514736590813,
       "Baseline MG94xREV omega ratio":0.0493716292187886,
       "Corrected P-value":1,
       "Full adaptive model":0.08070893554786222,
       "Full adaptive model (non-synonymous subs/site)":0.008068638839412327,
       "Full adaptive model (synonymous subs/site)":0.07264029670844978,
       "LRT":0,
       "Nucleotide GTR":0.06833325055877193,
       "Rate Distributions":        [
[0.03700622328039252, 1] 
        ],
       "Rate classes":1,
       "Uncorrected P-value":1,
       "original name":"ENSONIP00000002883"
      },
     "ENSORLP00000021203":{
       "Baseline MG94xREV":0.1622865028694533,
       "Baseline MG94xREV omega ratio":0.03621626625769213,
       "Corrected P-value":1,
       "Full adaptive model":0.167604035612532,
       "Full adaptive model (non-synonymous subs/site)":0.02105033855662689,
       "Full adaptive model (synonymous subs/site)":0.1465536970559051,
       "LRT":0,
       "Nucleotide GTR":0.1201925683319873,
       "Rate Distributions":        [
[0, 0.9424774499618763],
        [0.8319098638095033, 0.05752255003812368] 
        ],
       "Rate classes":2,
       "Uncorrected P-value":1,
       "original name":"ENSORLP00000021203"
      },
     "ENSTNIP00000000055":{
       "Baseline MG94xREV":0.06448119611170651,
       "Baseline MG94xREV omega ratio":0.05553844498097948,
       "Corrected P-value":1,
       "Full adaptive model":0.064399001925129,
       "Full adaptive model (non-synonymous subs/site)":0.008091639874772514,
       "Full adaptive model (synonymous subs/site)":0.05630736205035655,
       "LRT":0,
       "Nucleotide GTR":0.055662883476143,
       "Rate Distributions":        [
[0.04787661777415766, 1] 
        ],
       "Rate classes":1,
       "Uncorrected P-value":1,
       "original name":"ENSTNIP00000000055"
      },
     "ENSTRUP00000011223":{
       "Baseline MG94xREV":0.03610287349689568,
       "Baseline MG94xREV omega ratio":0.0736168708526579,
       "Corrected P-value":1,
       "Full adaptive model":0.03435595063235111,
       "Full adaptive model (non-synonymous subs/site)":0.00576716404686782,
       "Full adaptive model (synonymous subs/site)":0.02858878658548327,
       "LRT":0,
       "Nucleotide GTR":0.03291534051587128,
       "Rate Distributions":        [
[0.06720764539813069, 1] 
        ],
       "Rate classes":1,
       "Uncorrected P-value":1,
       "original name":"ENSTRUP00000011223"
      },
     "HDGFRP2_DANRE":{
       "Baseline MG94xREV":0.0870538752748044,
       "Baseline MG94xREV omega ratio":0.1713458891505524,
       "Corrected P-value":1,
       "Full adaptive model":0.1068544728633311,
       "Full adaptive model (non-synonymous subs/site)":0.02840625654641378,
       "Full adaptive model (synonymous subs/site)":0.07844821631691726,
       "LRT":0,
       "Nucleotide GTR":0.1085556239603944,
       "Rate Distributions":        [
[0.1206376946605667, 1] 
        ],
       "Rate classes":1,
       "Uncorrected P-value":1,
       "original name":"HDGFRP2_DANRE"
      },
     "HDGFRP2_XENTR":{
       "Baseline MG94xREV":0.5180428246122409,
       "Baseline MG94xREV omega ratio":0.09358905233247837,
       "Corrected P-value":1,
       "Full adaptive model":0.4779585035476139,
       "Full adaptive model (non-synonymous subs/site)":0.1536244856520216,
       "Full adaptive model (synonymous subs/site)":0.3243340178955924,
       "LRT":0,
       "Nucleotide GTR":0.2745382507399258,
       "Rate Distributions":        [
[0.007444130834053601, 0.7502670707206683],
        [0.609529755789972, 0.2497329292793317] 
        ],
       "Rate classes":2,
       "Uncorrected P-value":1,
       "original name":"HDGFRP2_XENTR"
      },
     "NODE_11":{
       "Baseline MG94xREV":0.1578479967910782,
       "Baseline MG94xREV omega ratio":0.03000907492114314,
       "Corrected P-value":1,
       "Full adaptive model":0.1250653411207829,
       "Full adaptive model (non-synonymous subs/site)":0.00940138535383259,
       "Full adaptive model (synonymous subs/site)":0.1156639557669503,
       "LRT":0,
       "Nucleotide GTR":0.05934664553061387,
       "Rate Distributions":        [
[0.0270798285832515, 1] 
        ],
       "Rate classes":1,
       "Uncorrected P-value":1
      },
     "NODE_3":{
       "Baseline MG94xREV":0.003101575712607742,
       "Baseline MG94xREV omega ratio":10000000000,
       "Corrected P-value":1,
       "Full adaptive model":0.003112580204340732,
       "Full adaptive model (non-synonymous subs/site)":0.003112580204340732,
       "Full adaptive model (synonymous subs/site)":1e-10,
       "LRT":0.05073747159349296,
       "Nucleotide GTR":0.01157411125770134,
       "Rate Distributions":        [
[10000000000, 1] 
        ],
       "Rate classes":1,
       "Uncorrected P-value":0.4568420942592051
      },
     "NODE_6":{
       "Baseline MG94xREV":0.09164228467344045,
       "Baseline MG94xREV omega ratio":0.07068188846112404,
       "Corrected P-value":1,
       "Full adaptive model":0.0905269661931577,
       "Full adaptive model (non-synonymous subs/site)":0.01651934511621659,
       "Full adaptive model (synonymous subs/site)":0.0740076210769411,
       "LRT":0.06268115839338861,
       "Nucleotide GTR":0.07095981210467955,
       "Rate Distributions":        [
[0, 0.938856185620762],
        [1.216230672365481, 0.06114381437923799] 
        ],
       "Rate classes":2,
       "Uncorrected P-value":0.4512051080991746
      },
     "NODE_7":{
       "Baseline MG94xREV":0.01194341937651369,
       "Baseline MG94xREV omega ratio":0,
       "Corrected P-value":1,
       "Full adaptive model":0.01289881802429606,
       "Full adaptive model (non-synonymous subs/site)":0.001760767776776024,